call_id,caller_msisdn,callee_msisdn,start_timestamp,duration_sec,call_type,caller_tower_id,caller_tower_lat,caller_tower_lon,callee_tower_id,callee_tower_lat,callee_tower_lon
181A41FE,+91-87890-43244,+91-88200-67048,2025-01-11T13:28:00,29,SMS,BOM-519,19.06663,72.878686,BOM-621,19.135889,72.82943
CADFF03D,+91-70420-77467,+91-75300-16758,2025-01-15T19:23:00,44,SMS,BOM-447,19.044266,72.855475,BOM-103,18.963505,72.834261
D5AA29CF,+91-75300-75970,+91-63990-32402,2025-02-06T08:43:00,924,VOICE,BOM-621,19.135766,72.829127,BOM-244,19.099078,72.848937
D996D61E,+91-75300-28617,+91-80720-52186,2025-01-08T10:53:00,24,SMS,BOM-318,19.119588,72.846304,BOM-447,19.044118,72.855664
67F2D3D6,+91-91761-87836,+91-88200-51168,2025-01-14T15:29:00,420,VOICE,BOM-244,19.098953,72.848663,BOM-318,19.119523,72.846317
F0CD0ECF,+91-93400-10497,+91-80720-11995,2025-02-19T09:17:00,743,VOICE,BOM-318,19.119791,72.847167,BOM-808,19.054931,72.900353
AA8A6E0D,+91-75300-42229,+91-77540-32084,2025-03-14T16:19:00,1221,VOICE,BOM-212,19.04116,72.864009,BOM-447,19.044857,72.855533
AC7E020E,+91-89120-49649,+91-75300-76837,2025-02-19T12:25:00,1050,VOICE,BOM-621,19.13605,72.829543,BOM-519,19.066325,72.878761
2CFE8FF1,+91-77540-22531,+91-87890-47737,2025-03-02T20:51:00,23,SMS,BOM-318,19.119751,72.846475,BOM-103,18.963474,72.834626
A7122396,+91-98400-33333,+91-98400-11111,2025-03-06T07:35:00,19,SMS,BOM-447,19.044616,72.856001,BOM-901,19.029689,72.855609
1A10BDE5,+91-88200-10588,+91-70420-52491,2025-01-11T08:11:00,24,SMS,BOM-702,19.076085,72.87735,BOM-447,19.044047,72.855459
F621C81D,+91-88200-97579,+91-91761-61673,2025-02-27T07:32:00,59,SMS,BOM-808,19.054704,72.900387,BOM-702,19.076332,72.877983
A537B672,+91-77540-97789,+91-88200-60123,2025-03-12T14:46:00,818,VOICE,BOM-447,19.044449,72.855482,BOM-901,19.03006,72.855445
6A5D1172,+91-88200-84273,+91-75300-47802,2025-01-15T07:31:00,970,VOICE,BOM-318,19.119723,72.84659,BOM-103,18.963464,72.834004
7F09D767,+91-87890-33452,+91-70420-48445,2025-02-18T19:43:00,1623,VOICE,BOM-103,18.963413,72.834131,BOM-808,19.05405,72.900789
F9A2B0CC,+91-89120-71749,+91-93400-96562,2025-02-26T16:52:00,1123,VOICE,BOM-244,19.098954,72.84857,BOM-702,19.076275,72.878149
8C96708B,+91-87890-93964,+91-75300-46291,2025-02-03T16:12:00,1074,VOICE,BOM-519,19.0667,72.878705,BOM-244,19.098904,72.84882
260B3883,+91-98400-11111,+91-98400-22222,2025-01-10T08:14:00,1067,VOICE,BOM-447,19.044805,72.85616,BOM-519,19.066078,72.878385
21348DB4,+91-93400-16103,+91-80720-99662,2025-02-20T11:13:00,245,VOICE,BOM-244,19.098503,72.84871,BOM-212,19.04173,72.863214
7E2E434B,+91-91761-91737,+91-93400-11221,2025-01-18T07:08:00,836,VOICE,BOM-244,19.099492,72.848716,BOM-447,19.04413,72.855519
98E4EA06,+91-87890-13578,+91-93400-48019,2025-02-04T17:17:00,1750,VOICE,BOM-244,19.098854,72.84891,BOM-808,19.054029,72.900231
2E5789E3,+91-80720-56488,+91-75300-50629,2025-01-09T20:54:00,484,VOICE,BOM-212,19.04155,72.86401,BOM-901,19.029116,72.855764
38AA8CC9,+91-75300-13904,+91-75300-61023,2025-02-25T10:51:00,18,SMS,BOM-318,19.11939,72.846937,BOM-244,19.099248,72.848567
225755EE,+91-87890-94218,+91-91761-39723,2025-01-30T12:19:00,784,VOICE,BOM-702,19.075469,72.877547,BOM-621,19.136038,72.829683
21BA9147,+91-91761-77330,+91-93400-24535,2025-03-12T07:03:00,899,VOICE,BOM-808,19.05441,72.900738,BOM-318,19.119906,72.846362
6987CFA8,+91-98400-12345,+91-98400-22222,2025-02-13T18:43:00,586,VOICE,BOM-212,19.04151,72.863392,BOM-103,18.963098,72.834641
A482D676,+91-63990-81057,+91-63990-76492,2025-01-15T10:04:00,1618,VOICE,BOM-519,19.066021,72.878326,BOM-447,19.044505,72.85582
5A2D3A40,+91-91761-77287,+91-75300-94241,2025-03-13T23:25:00,1133,VOICE,BOM-621,19.136276,72.830069,BOM-901,19.029496,72.855043
0725FC63,+91-75300-80703,+91-87890-65747,2025-02-24T22:38:00,23,VOICE,BOM-519,19.065806,72.878689,BOM-702,19.075605,72.878101
42795F0A,+91-77540-99076,+91-77540-46312,2025-03-09T19:21:00,53,SMS,BOM-519,19.066279,72.878681,BOM-244,19.098878,72.848877
BBA75EA2,+91-63990-76747,+91-63990-33597,2025-02-03T08:50:00,54,SMS,BOM-212,19.041777,72.863203,BOM-808,19.054409,72.9006
BE7B75C9,+91-87890-21450,+91-75300-10171,2025-02-19T13:11:00,1732,VOICE,BOM-447,19.044214,72.855346,BOM-318,19.119608,72.846817
3C080C08,+91-88200-89791,+91-89120-40270,2025-02-10T14:28:00,629,VOICE,BOM-447,19.044717,72.855968,BOM-244,19.098754,72.848765
A557250A,+91-88200-91619,+91-89120-99319,2025-03-08T09:32:00,1352,VOICE,BOM-447,19.04486,72.856104,BOM-244,19.098883,72.849362
7BB8DD58,+91-91761-54696,+91-63990-70436,2025-03-06T22:04:00,278,VOICE,BOM-519,19.06625,72.878543,BOM-901,19.029158,72.855457
A80E1ED1,+91-77540-39878,+91-91761-65386,2025-02-05T23:38:00,50,SMS,BOM-212,19.041587,72.863884,BOM-447,19.043953,72.855745
082948F3,+91-75300-97342,+91-88200-18849,2025-02-12T07:38:00,29,SMS,BOM-103,18.963441,72.833932,BOM-244,19.099205,72.848513
4087629B,+91-91761-13959,+91-93400-87510,2025-03-10T14:56:00,1396,VOICE,BOM-519,19.066758,72.878202,BOM-244,19.099192,72.848613
1DEC7874,+91-77540-60506,+91-93400-35312,2025-03-09T14:36:00,1158,VOICE,BOM-103,18.963215,72.833806,BOM-244,19.098858,72.848959
7281F174,+91-87890-38369,+91-63990-97223,2025-01-18T17:41:00,560,VOICE,BOM-318,19.119301,72.846815,BOM-103,18.963436,72.834655
723CDD33,+91-91761-36406,+91-70420-75648,2025-03-08T11:53:00,1626,VOICE,BOM-103,18.963674,72.834396,BOM-621,19.135606,72.82952
B969BE98,+91-89120-15902,+91-93400-38100,2025-01-16T12:10:00,484,VOICE,BOM-244,19.098821,72.849057,BOM-901,19.029114,72.85525
34EB7A1C,+91-93400-31950,+91-63990-74763,2025-01-04T10:47:00,836,VOICE,BOM-901,19.029606,72.854913,BOM-808,19.054987,72.900468
DA46B17B,+91-75300-63845,+91-77540-69231,2025-01-08T16:04:00,534,VOICE,BOM-808,19.054005,72.900093,BOM-808,19.054253,72.900809
34F602FD,+91-88200-84873,+91-93400-26493,2025-01-29T23:08:00,476,VOICE,BOM-212,19.041643,72.863917,BOM-621,19.136387,72.829205
1DDD9E38,+91-70420-81939,+91-88200-94498,2025-03-12T09:18:00,528,VOICE,BOM-212,19.041097,72.863781,BOM-702,19.075757,72.877871
C1A732C1,+91-75300-86618,+91-70420-51281,2025-01-16T11:58:00,970,VOICE,BOM-901,19.02927,72.854859,BOM-447,19.044383,72.855589
514C32B6,+91-93400-50017,+91-89120-31940,2025-03-03T19:26:00,1177,VOICE,BOM-103,18.963566,72.834136,BOM-447,19.044855,72.856104
576D956A,+91-70420-57784,+91-93400-61364,2025-02-13T22:09:00,38,SMS,BOM-519,19.06667,72.878846,BOM-447,19.044669,72.856041
CADF97F4,+91-77540-11285,+91-87890-31852,2025-02-16T18:19:00,1099,VOICE,BOM-447,19.044224,72.856274,BOM-808,19.05476,72.900303
0FEA5F90,+91-70420-25930,+91-80720-85454,2025-01-31T09:00:00,1771,VOICE,BOM-103,18.962926,72.834274,BOM-901,19.029407,72.855446
3626452C,+91-70420-48701,+91-88200-99619,2025-01-21T11:01:00,477,VOICE,BOM-244,19.099405,72.849178,BOM-901,19.029577,72.855073
92461398,+91-80720-26357,+91-91761-48672,2025-02-21T10:44:00,28,SMS,BOM-901,19.029637,72.854816,BOM-621,19.135595,72.829988
CB37986F,+91-77540-47634,+91-80720-57147,2025-03-05T22:05:00,1534,VOICE,BOM-244,19.099491,72.849026,BOM-318,19.1199,72.846946
E367B4E0,+91-87890-62915,+91-70420-18253,2025-03-14T10:15:00,531,VOICE,BOM-519,19.066558,72.878568,BOM-103,18.963656,72.834274
0D6CCE23,+91-63990-50233,+91-87890-13930,2025-02-02T21:41:00,1584,VOICE,BOM-318,19.119962,72.846899,BOM-808,19.054406,72.900442
D4AF9BCB,+91-80720-40087,+91-87890-45792,2025-01-07T14:44:00,1794,VOICE,BOM-212,19.041444,72.863744,BOM-212,19.041295,72.863941
214DFD48,+91-91761-10350,+91-89120-44816,2025-01-07T22:25:00,626,VOICE,BOM-212,19.041246,72.86356,BOM-901,19.029567,72.855794
E81A4692,+91-88200-19832,+91-91761-76847,2025-01-04T20:05:00,1000,VOICE,BOM-621,19.136496,72.829493,BOM-808,19.054604,72.900498
93A60D27,+91-80720-42229,+91-63990-54351,2025-01-25T11:37:00,903,VOICE,BOM-103,18.963067,72.83459,BOM-244,19.099498,72.848944
EFC97ECA,+91-91761-33295,+91-63990-89668,2025-01-25T09:09:00,888,VOICE,BOM-519,19.066255,72.878545,BOM-808,19.0541,72.900527
7D310E99,+91-93400-91676,+91-77540-65355,2025-01-23T11:04:00,127,VOICE,BOM-702,19.075467,72.878076,BOM-103,18.963189,72.833732
5AA35F28,+91-91761-39387,+91-80720-28119,2025-02-20T17:12:00,954,VOICE,BOM-519,19.066114,72.878571,BOM-702,19.076209,72.877485
993D7C86,+91-63990-52534,+91-70420-31936,2025-02-05T10:25:00,33,VOICE,BOM-447,19.044481,72.855991,BOM-244,19.098655,72.849271
EEF1C264,+91-89120-76741,+91-93400-37692,2025-01-04T19:30:00,47,SMS,BOM-519,19.065822,72.878305,BOM-212,19.041448,72.863336
71FE2163,+91-70420-32577,+91-70420-50283,2025-01-13T21:39:00,1725,VOICE,BOM-244,19.098564,72.849317,BOM-212,19.041397,72.863999
B1992098,+91-87890-36516,+91-70420-41573,2025-01-10T09:45:00,1752,VOICE,BOM-103,18.9633,72.833728,BOM-621,19.13587,72.829567
FC929967,+91-87890-34780,+91-80720-12888,2025-01-30T23:41:00,858,VOICE,BOM-244,19.098843,72.849146,BOM-702,19.075886,72.877866
62722CCC,+91-98400-77777,+91-88200-94694,2025-03-06T13:48:00,80,VOICE,BOM-519,19.065876,72.878023,BOM-519,19.066674,72.878384
684282E9,+91-88200-14062,+91-63990-95673,2025-01-22T20:10:00,222,VOICE,BOM-702,19.075606,72.87739,BOM-103,18.963522,72.83443
9D5B8BE5,+91-63990-49381,+91-80720-10564,2025-02-19T07:14:00,888,VOICE,BOM-901,19.029451,72.85574,BOM-103,18.962845,72.834189
7BAB1F26,+91-80720-72589,+91-63990-84890,2025-02-19T07:57:00,23,SMS,BOM-702,19.076244,72.877557,BOM-621,19.136228,72.829791
D60CCE33,+91-75300-38004,+91-80720-27565,2025-01-02T16:00:00,599,VOICE,BOM-519,19.066241,72.878551,BOM-808,19.054095,72.900194
342998FC,+91-98400-33333,+91-98400-11111,2025-01-20T22:14:00,1576,VOICE,BOM-447,19.04425,72.855856,BOM-621,19.136074,72.829907
A45CBC89,+91-98400-22222,+91-98400-11111,2025-01-07T16:24:00,1681,VOICE,BOM-212,19.041148,72.864065,BOM-702,19.076334,72.877921
2CE2A0AD,+91-63990-86955,+91-89120-56013,2025-03-04T07:24:00,1013,VOICE,BOM-212,19.041375,72.863744,BOM-212,19.041145,72.864031
E28822A4,+91-93400-94764,+91-93400-32061,2025-02-24T07:47:00,1494,VOICE,BOM-103,18.963177,72.834323,BOM-621,19.135666,72.82952
07C504EC,+91-89120-88644,+91-89120-47345,2025-01-04T16:13:00,1546,VOICE,BOM-808,19.054296,72.900055,BOM-519,19.066295,72.878013
8EDC936F,+91-88200-93634,+91-89120-19307,2025-03-09T07:23:00,285,VOICE,BOM-808,19.054861,72.900568,BOM-702,19.075946,72.877373
CFDA5CBC,+91-91761-49489,+91-87890-20534,2025-01-24T14:54:00,909,VOICE,BOM-212,19.041624,72.863354,BOM-103,18.963646,72.834074
932ED31A,+91-87890-87679,+91-91761-32306,2025-01-11T10:41:00,1347,VOICE,BOM-621,19.13566,72.829683,BOM-244,19.09877,72.848613
E71F6E96,+91-88200-17056,+91-87890-19070,2025-03-03T09:00:00,1429,VOICE,BOM-103,18.963702,72.833792,BOM-212,19.041788,72.863993
6E085063,+91-80720-67259,+91-91761-74232,2025-02-25T13:40:00,25,SMS,BOM-212,19.041057,72.863931,BOM-702,19.075753,72.877291
59915D31,+91-77540-54749,+91-88200-96472,2025-03-06T18:50:00,767,VOICE,BOM-519,19.065942,72.878205,BOM-702,19.076176,72.877581
630CE6EB,+91-63990-96514,+91-89120-58246,2025-03-01T16:22:00,26,SMS,BOM-244,19.098843,72.84907,BOM-702,19.075425,72.877543
D95A841E,+91-88200-28228,+91-93400-82800,2025-02-19T18:53:00,14,SMS,BOM-621,19.136497,72.82977,BOM-318,19.119212,72.846948
28697E5D,+91-87890-21130,+91-80720-19684,2025-03-06T20:01:00,1535,VOICE,BOM-103,18.963405,72.833852,BOM-244,19.099293,72.848694
9EDAF1E4,+91-88200-28706,+91-89120-64002,2025-02-24T16:04:00,41,SMS,BOM-244,19.098896,72.848522,BOM-447,19.044453,72.855895
29662DBD,+91-91761-91143,+91-93400-95434,2025-03-10T22:40:00,50,SMS,BOM-808,19.05491,72.900302,BOM-103,18.963501,72.834596
1B4F62B7,+91-98400-33333,+91-98400-44444,2025-02-07T16:01:00,1256,VOICE,BOM-212,19.041174,72.863766,BOM-901,19.029933,72.855703
BCBB745D,+91-77540-94365,+91-80720-46231,2025-01-30T10:07:00,752,VOICE,BOM-447,19.044446,72.855634,BOM-702,19.07565,72.877945
01F375A7,+91-77540-46842,+91-89120-80617,2025-01-22T17:45:00,607,VOICE,BOM-244,19.098767,72.849358,BOM-212,19.041036,72.86395
DC5C979E,+91-75300-65987,+91-70420-74796,2025-03-12T14:11:00,23,SMS,BOM-103,18.963358,72.834033,BOM-808,19.054354,72.900779
465E7BFD,+91-63990-15977,+91-77540-90160,2025-02-06T09:04:00,1298,VOICE,BOM-244,19.09941,72.849455,BOM-702,19.076281,72.877817
874F1356,+91-77540-35032,+91-63990-59047,2025-01-23T07:12:00,28,SMS,BOM-103,18.962995,72.834286,BOM-702,19.075494,72.877569
17D87AF3,+91-63990-61808,+91-70420-38359,2025-01-19T13:20:00,163,VOICE,BOM-103,18.963596,72.833875,BOM-702,19.075745,72.877819
76E502A3,+91-77540-77021,+91-93400-31152,2025-02-28T18:46:00,373,VOICE,BOM-901,19.030037,72.855721,BOM-702,19.075533,72.877265
AD4F8EEB,+91-93400-42191,+91-93400-31260,2025-02-07T14:25:00,1227,VOICE,BOM-808,19.054132,72.900812,BOM-447,19.044247,72.856047
C983B35A,+91-91761-82128,+91-89120-98601,2025-03-10T07:29:00,1204,VOICE,BOM-244,19.098742,72.848818,BOM-103,18.962906,72.834023
F6DB4658,+91-91761-66102,+91-88200-65082,2025-01-18T18:36:00,1739,VOICE,BOM-808,19.05483,72.900014,BOM-447,19.044145,72.855705
D185C748,+91-75300-17563,+91-63990-65579,2025-02-01T14:30:00,1680,VOICE,BOM-702,19.076031,72.877876,BOM-318,19.119461,72.846755
A99C8435,+91-70420-43359,+91-70420-16106,2025-01-31T23:00:00,594,VOICE,BOM-244,19.099142,72.848679,BOM-519,19.065968,72.87828
2DF37C59,+91-93400-77880,+91-75300-60868,2025-03-02T21:56:00,96,VOICE,BOM-702,19.075503,72.878168,BOM-621,19.136335,72.829363
5D622890,+91-87890-57054,+91-87890-32454,2025-01-21T18:37:00,704,VOICE,BOM-212,19.041096,72.864046,BOM-519,19.066508,72.878642
85E980EB,+91-91761-31436,+91-70420-57279,2025-02-07T11:09:00,784,VOICE,BOM-318,19.119577,72.846621,BOM-621,19.136091,72.829746
4207040F,+91-87890-91512,+91-77540-83400,2025-02-03T17:38:00,1750,VOICE,BOM-318,19.119589,72.847162,BOM-318,19.1192,72.846524
DBDD632C,+91-80720-27248,+91-75300-40483,2025-03-07T08:31:00,1215,VOICE,BOM-212,19.041744,72.864022,BOM-702,19.076303,72.877549
C6983590,+91-75300-28132,+91-89120-56418,2025-01-25T21:47:00,55,SMS,BOM-621,19.136378,72.829969,BOM-519,19.066276,72.878366
984B5BB8,+91-89120-47521,+91-87890-69615,2025-01-29T18:42:00,583,VOICE,BOM-212,19.041894,72.864039,BOM-621,19.136197,72.829721
947408E3,+91-87890-57021,+91-77540-76518,2025-01-01T22:07:00,9,SMS,BOM-621,19.136327,72.829231,BOM-244,19.099492,72.84872
B68649AB,+91-75300-68207,+91-70420-45808,2025-02-27T11:45:00,55,SMS,BOM-621,19.136353,72.829739,BOM-808,19.054076,72.90073
5AD4F334,+91-75300-13734,+91-88200-12993,2025-01-19T19:16:00,900,VOICE,BOM-318,19.12,72.846723,BOM-808,19.05444,72.900717
12AA1911,+91-77540-68316,+91-91761-85637,2025-03-04T17:33:00,1256,VOICE,BOM-103,18.963311,72.834388,BOM-447,19.044137,72.855488
5FB34AA9,+91-75300-95028,+91-75300-64464,2025-01-01T17:55:00,10,SMS,BOM-318,19.120043,72.846895,BOM-103,18.963566,72.834293
4268CDD2,+91-70420-31499,+91-63990-28289,2025-02-28T08:25:00,23,SMS,BOM-103,18.963402,72.833761,BOM-103,18.962979,72.834235
932F68E8,+91-87890-20935,+91-77540-86601,2025-03-06T17:27:00,49,SMS,BOM-621,19.135704,72.829194,BOM-808,19.054329,72.900841
4DA1B1DB,+91-70420-12401,+91-75300-20585,2025-01-05T23:07:00,1425,VOICE,BOM-103,18.963569,72.83441,BOM-318,19.119629,72.846473
CECA8448,+91-89120-38247,+91-87890-99760,2025-02-04T11:04:00,1193,VOICE,BOM-212,19.041201,72.864069,BOM-702,19.076301,72.877386
944A72CF,+91-80720-19225,+91-88200-20303,2025-02-24T08:14:00,18,SMS,BOM-808,19.054314,72.900411,BOM-318,19.1193,72.846879
A41BE306,+91-89120-42377,+91-80720-52909,2025-01-26T23:47:00,1580,VOICE,BOM-244,19.098585,72.849491,BOM-808,19.05401,72.900004
B6983398,+91-98400-55555,+91-98400-44444,2025-02-07T08:14:00,9,SMS,BOM-212,19.041607,72.863903,BOM-519,19.066724,72.878688
59B1DC81,+91-98400-11111,+91-98400-22222,2025-01-23T20:56:00,55,SMS,BOM-447,19.044834,72.855336,BOM-901,19.029286,72.855549
A94C968B,+91-88200-76036,+91-77540-43925,2025-02-08T14:18:00,1145,VOICE,BOM-212,19.041071,72.863246,BOM-519,19.066092,72.87854
E78FCBEF,+91-70420-49650,+91-77540-73321,2025-03-05T08:27:00,45,SMS,BOM-808,19.05483,72.900198,BOM-519,19.066681,72.878658
1438D31C,+91-80720-90134,+91-63990-67750,2025-03-09T20:15:00,1671,VOICE,BOM-447,19.044466,72.855507,BOM-103,18.963618,72.833761
851E8044,+91-98400-77777,+91-88200-19413,2025-01-20T19:12:00,643,VOICE,BOM-447,19.044592,72.855484,BOM-244,19.098712,72.849029
35926579,+91-70420-39841,+91-70420-30458,2025-03-09T21:20:00,22,SMS,BOM-447,19.044258,72.855924,BOM-318,19.119438,72.847136
DFC6B882,+91-87890-69355,+91-91761-28111,2025-02-22T23:19:00,1472,VOICE,BOM-103,18.963433,72.833901,BOM-244,19.099214,72.849187
E0FE570E,+91-89120-30457,+91-63990-92681,2025-02-08T08:28:00,431,VOICE,BOM-447,19.044413,72.855839,BOM-103,18.963441,72.834566
766F0F4F,+91-80720-74440,+91-80720-35226,2025-01-07T11:13:00,202,VOICE,BOM-318,19.119793,72.847131,BOM-519,19.066036,72.877978
3E97B8B3,+91-93400-88551,+91-93400-42838,2025-01-17T22:44:00,1498,VOICE,BOM-103,18.963786,72.834098,BOM-244,19.099465,72.848862
CFC306AE,+91-88200-77576,+91-93400-28565,2025-01-27T18:59:00,800,VOICE,BOM-447,19.044824,72.855879,BOM-621,19.135587,72.829737
73A3D8BD,+91-93400-38108,+91-63990-47219,2025-03-02T21:00:00,208,VOICE,BOM-519,19.066517,72.878505,BOM-244,19.099413,72.849442
95D81BEF,+91-89120-86354,+91-77540-87244,2025-02-25T12:59:00,1164,VOICE,BOM-808,19.054597,72.900874,BOM-519,19.066114,72.877925
33D10754,+91-70420-76993,+91-75300-28446,2025-01-03T19:50:00,433,VOICE,BOM-621,19.136385,72.829176,BOM-103,18.963399,72.834226
6D70DCCE,+91-87890-24486,+91-93400-25985,2025-01-31T17:23:00,1541,VOICE,BOM-901,19.029671,72.854933,BOM-901,19.02986,72.855799
E8E15049,+91-98400-11111,+91-98400-33333,2025-02-25T23:58:00,352,VOICE,BOM-447,19.044731,72.855818,BOM-318,19.119523,72.847009
C71F42A7,+91-77540-19172,+91-88200-17530,2025-02-17T23:00:00,684,VOICE,BOM-808,19.054391,72.90099,BOM-318,19.119736,72.846778
C122C6E3,+91-91761-80466,+91-93400-63427,2025-01-18T15:50:00,714,VOICE,BOM-702,19.075518,72.877609,BOM-103,18.963783,72.834276
F82DF47C,+91-93400-50640,+91-89120-43282,2025-01-09T22:07:00,1432,VOICE,BOM-901,19.029958,72.855114,BOM-901,19.030049,72.855694
0EB45853,+91-63990-90125,+91-63990-86939,2025-01-15T18:22:00,44,SMS,BOM-318,19.120014,72.847006,BOM-621,19.136419,72.82969
DEFF6A44,+91-75300-87925,+91-63990-44581,2025-02-12T23:28:00,29,SMS,BOM-244,19.098759,72.849083,BOM-621,19.136472,72.829845
74E85AE9,+91-93400-10736,+91-77540-82847,2025-02-22T23:16:00,43,VOICE,BOM-318,19.120086,72.846417,BOM-808,19.054393,72.90022
8F478306,+91-91761-16186,+91-93400-42104,2025-03-15T23:01:00,509,VOICE,BOM-103,18.963299,72.834567,BOM-808,19.054144,72.900224
98BE99B7,+91-80720-60986,+91-93400-27030,2025-01-27T16:27:00,15,SMS,BOM-244,19.099075,72.84881,BOM-519,19.066302,72.878585
6BD16067,+91-63990-31734,+91-63990-43144,2025-02-08T23:34:00,42,SMS,BOM-621,19.136234,72.829852,BOM-212,19.041009,72.863773
7D7A5654,+91-93400-52868,+91-87890-61463,2025-01-16T16:28:00,927,VOICE,BOM-244,19.099468,72.849172,BOM-808,19.054205,72.900113
81E2C0E1,+91-63990-27898,+91-89120-89246,2025-03-15T15:56:00,45,SMS,BOM-808,19.054262,72.900906,BOM-447,19.04451,72.855875
4107F3ED,+91-87890-26899,+91-87890-15956,2025-03-14T08:50:00,1531,VOICE,BOM-808,19.054495,72.900532,BOM-103,18.963772,72.833866
69785564,+91-98400-12345,+91-98400-22222,2025-01-23T15:48:00,18,SMS,BOM-447,19.0444,72.8558,BOM-808,19.054411,72.900599
92944447,+91-87890-21211,+91-93400-81146,2025-02-07T17:36:00,7,SMS,BOM-244,19.098774,72.848769,BOM-621,19.136282,72.82991
C405885D,+91-70420-67693,+91-89120-94235,2025-01-16T18:17:00,1662,VOICE,BOM-318,19.119883,72.846508,BOM-318,19.119226,72.846446
992EEA01,+91-87890-38986,+91-93400-74724,2025-02-16T08:17:00,50,SMS,BOM-244,19.098709,72.848696,BOM-808,19.054111,72.900277
2F740E19,+91-63990-28904,+91-77540-99302,2025-02-10T07:39:00,1473,VOICE,BOM-702,19.075987,72.877975,BOM-212,19.041514,72.86373
07A51398,+91-87890-27002,+91-89120-62142,2025-03-03T10:42:00,171,VOICE,BOM-621,19.136438,72.829306,BOM-702,19.076298,72.878059
9A9FE650,+91-77540-55743,+91-77540-59298,2025-02-12T14:53:00,1788,VOICE,BOM-901,19.029759,72.855188,BOM-901,19.029764,72.855061
2DAEC6D0,+91-87890-69171,+91-87890-99415,2025-01-11T09:04:00,48,SMS,BOM-519,19.066788,72.878863,BOM-901,19.029112,72.85551
6D613BFA,+91-75300-21023,+91-75300-45222,2025-02-13T11:57:00,8,SMS,BOM-901,19.029424,72.855368,BOM-244,19.099122,72.848702
50452488,+91-93400-28312,+91-93400-93394,2025-01-12T23:09:00,9,SMS,BOM-808,19.054721,72.900547,BOM-702,19.075861,72.877881
836CDD3E,+91-88200-16973,+91-70420-81200,2025-02-09T11:41:00,529,VOICE,BOM-447,19.044104,72.855746,BOM-621,19.135698,72.829333
8577DFA2,+91-88200-94211,+91-77540-70929,2025-01-14T09:11:00,827,VOICE,BOM-808,19.054199,72.900329,BOM-702,19.075742,72.877804
E6C6CEA8,+91-70420-79634,+91-63990-42588,2025-01-23T09:34:00,273,VOICE,BOM-318,19.119833,72.846731,BOM-621,19.135845,72.829558
098F14F2,+91-91761-14284,+91-91761-48197,2025-02-16T18:42:00,97,VOICE,BOM-318,19.120093,72.84663,BOM-447,19.044896,72.855382
47BADA8D,+91-88200-55434,+91-89120-41774,2025-03-14T18:20:00,47,SMS,BOM-212,19.041849,72.864002,BOM-212,19.04169,72.86329
23F07C97,+91-70420-62550,+91-80720-70960,2025-02-06T16:20:00,1147,VOICE,BOM-901,19.029108,72.855001,BOM-244,19.099285,72.84924
54309BEF,+91-98400-33333,+91-98400-44444,2025-02-24T17:22:00,1492,VOICE,BOM-212,19.041171,72.863451,BOM-519,19.066116,72.878643
B6FD2B19,+91-75300-90061,+91-77540-45769,2025-02-27T16:10:00,1193,VOICE,BOM-103,18.963437,72.834534,BOM-702,19.076016,72.877884
D52E1C0F,+91-98400-33333,+91-98400-11111,2025-01-14T17:08:00,1715,VOICE,BOM-447,19.044252,72.855639,BOM-901,19.030081,72.855279
B23C47C9,+91-70420-88346,+91-88200-66469,2025-01-18T19:13:00,24,SMS,BOM-103,18.963497,72.834005,BOM-519,19.06637,72.878776
58E03DE4,+91-89120-39178,+91-89120-63973,2025-03-10T21:05:00,55,SMS,BOM-901,19.029177,72.854808,BOM-447,19.044542,72.85591
ECCFAB31,+91-77540-67726,+91-91761-89071,2025-01-01T16:30:00,21,SMS,BOM-318,19.119523,72.84684,BOM-244,19.099168,72.848596
32656A7F,+91-91761-73318,+91-88200-24802,2025-02-22T21:02:00,550,VOICE,BOM-702,19.075412,72.878068,BOM-103,18.963568,72.834277
C54A320B,+91-77540-65641,+91-63990-54843,2025-01-17T18:46:00,1146,VOICE,BOM-519,19.066289,72.878167,BOM-901,19.030019,72.854885
C7E11E61,+91-80720-58910,+91-93400-17402,2025-02-02T15:20:00,36,VOICE,BOM-318,19.119206,72.847076,BOM-808,19.054742,72.900521
05D04715,+91-89120-44657,+91-80720-28545,2025-03-06T23:24:00,42,SMS,BOM-212,19.040988,72.863326,BOM-318,19.120157,72.847097
15B845DA,+91-89120-20338,+91-88200-49407,2025-01-27T09:58:00,1385,VOICE,BOM-621,19.135712,72.829741,BOM-519,19.06615,72.878403
8D92065E,+91-77540-26679,+91-89120-58332,2025-01-08T10:17:00,79,VOICE,BOM-318,19.119999,72.846434,BOM-702,19.075955,72.877793
25236F67,+91-75300-35218,+91-89120-80667,2025-01-09T13:29:00,670,VOICE,BOM-621,19.136331,72.829234,BOM-702,19.07639,72.877884
266B9BB0,+91-87890-60747,+91-70420-82737,2025-02-05T14:09:00,819,VOICE,BOM-318,19.119288,72.846682,BOM-244,19.099373,72.849187
ADD7EBF3,+91-63990-60027,+91-88200-81290,2025-01-29T07:23:00,1027,VOICE,BOM-519,19.066259,72.878096,BOM-103,18.963278,72.833986
44BAEF1C,+91-80720-37164,+91-91761-25476,2025-02-28T20:29:00,124,VOICE,BOM-212,19.041506,72.863946,BOM-212,19.041016,72.863583
B7DC516D,+91-98400-12345,+91-98400-22222,2025-02-16T22:40:00,604,VOICE,BOM-212,19.04166,72.863404,BOM-901,19.029981,72.855285
DBC73F79,+91-91761-68117,+91-70420-46113,2025-01-26T23:26:00,1316,VOICE,BOM-447,19.044211,72.855861,BOM-212,19.041241,72.863768
45547722,+91-70420-62857,+91-88200-39249,2025-02-08T22:26:00,10,SMS,BOM-621,19.136329,72.829677,BOM-103,18.963229,72.833842
D7A1E34B,+91-91761-17626,+91-88200-28314,2025-02-21T20:42:00,1236,VOICE,BOM-318,19.119545,72.846855,BOM-212,19.041646,72.863692
82F746DB,+91-63990-85429,+91-77540-52947,2025-01-03T15:20:00,1337,VOICE,BOM-702,19.076182,72.877609,BOM-244,19.099291,72.848729
FF4A97CA,+91-91761-22407,+91-77540-86615,2025-01-16T16:08:00,43,SMS,BOM-519,19.066274,72.878308,BOM-702,19.076048,72.877957
D9B77E30,+91-75300-61445,+91-93400-87280,2025-02-07T11:29:00,827,VOICE,BOM-702,19.075902,72.877863,BOM-244,19.099184,72.849257
A4CB4690,+91-98400-11111,+91-98400-22222,2025-02-11T14:41:00,1344,VOICE,BOM-447,19.044535,72.855764,BOM-808,19.054117,72.900045
995777FE,+91-91761-56501,+91-89120-16675,2025-03-06T15:06:00,1746,VOICE,BOM-901,19.029921,72.855129,BOM-702,19.076321,72.877829
A654EC53,+91-77540-41272,+91-63990-10692,2025-03-08T15:36:00,1023,VOICE,BOM-103,18.963038,72.83413,BOM-244,19.099167,72.848692
DA648561,+91-63990-17860,+91-70420-80366,2025-01-02T10:30:00,35,SMS,BOM-901,19.030092,72.854928,BOM-212,19.041073,72.863796
AF15A735,+91-87890-34987,+91-89120-28070,2025-03-11T15:00:00,592,VOICE,BOM-702,19.076183,72.877604,BOM-808,19.054822,72.900758
3422D55B,+91-89120-32760,+91-91761-23573,2025-02-19T17:32:00,31,SMS,BOM-244,19.099416,72.849262,BOM-621,19.135898,72.829443
BFEB4E37,+91-75300-35297,+91-77540-93481,2025-02-23T07:11:00,825,VOICE,BOM-318,19.119549,72.847088,BOM-447,19.044824,72.855368
B38BCBF7,+91-63990-98737,+91-87890-74517,2025-01-09T23:47:00,739,VOICE,BOM-244,19.098809,72.849227,BOM-244,19.099498,72.849312
55D6C1E4,+91-70420-27124,+91-89120-11399,2025-03-15T07:19:00,17,SMS,BOM-901,19.02948,72.854836,BOM-621,19.136197,72.829436
0A39A61E,+91-88200-12091,+91-89120-87374,2025-02-23T12:23:00,408,VOICE,BOM-103,18.96308,72.83422,BOM-447,19.04439,72.856206
8CB01AC8,+91-89120-66261,+91-70420-26441,2025-02-25T20:28:00,46,SMS,BOM-702,19.076224,72.877654,BOM-318,19.119753,72.846604
573B0BA3,+91-91761-65586,+91-89120-12276,2025-01-24T12:09:00,1170,VOICE,BOM-901,19.029475,72.855137,BOM-447,19.0443,72.855758
9257376C,+91-63990-96977,+91-80720-28672,2025-03-14T20:21:00,1139,VOICE,BOM-318,19.119606,72.847063,BOM-103,18.963477,72.834134
C88A7E12,+91-91761-12380,+91-87890-32115,2025-02-25T12:42:00,160,VOICE,BOM-244,19.099367,72.848996,BOM-318,19.119929,72.84639
E9B44CCD,+91-91761-77597,+91-70420-86853,2025-01-17T16:06:00,749,VOICE,BOM-447,19.044218,72.855318,BOM-244,19.099464,72.848908
6CC52B61,+91-87890-50870,+91-88200-15053,2025-03-06T18:26:00,1187,VOICE,BOM-621,19.136292,72.829907,BOM-808,19.054453,72.900296
E224B2DB,+91-89120-79533,+91-91761-45593,2025-01-30T23:47:00,1363,VOICE,BOM-519,19.066612,72.878597,BOM-212,19.041366,72.863739
F5D4CCDF,+91-88200-23451,+91-75300-61404,2025-03-03T18:26:00,51,SMS,BOM-702,19.0754,72.877539,BOM-103,18.963528,72.834122
D1A4E77B,+91-89120-66328,+91-80720-68017,2025-01-25T21:00:00,1560,VOICE,BOM-808,19.054601,72.900493,BOM-318,19.119529,72.846783
6E47F4E5,+91-63990-74818,+91-93400-66908,2025-02-20T16:33:00,507,VOICE,BOM-318,19.119229,72.846963,BOM-901,19.029573,72.855325
08A420D8,+91-63990-33070,+91-70420-88765,2025-01-24T22:50:00,719,VOICE,BOM-318,19.119919,72.847266,BOM-702,19.076227,72.87806
979F8612,+91-75300-86591,+91-77540-55974,2025-01-15T19:02:00,231,VOICE,BOM-212,19.041475,72.86331,BOM-103,18.963381,72.834542
164AAD06,+91-93400-38627,+91-91761-73660,2025-01-26T22:16:00,702,VOICE,BOM-244,19.098647,72.848554,BOM-244,19.098784,72.849316
8FDDCCD6,+91-87890-84837,+91-80720-92796,2025-01-12T20:51:00,535,VOICE,BOM-519,19.066658,72.87858,BOM-519,19.066743,72.877961
32F5BEF6,+91-75300-83060,+91-63990-64536,2025-01-08T17:55:00,55,SMS,BOM-901,19.029639,72.85508,BOM-318,19.119338,72.847006
FDBF671F,+91-88200-16425,+91-63990-45588,2025-03-11T18:51:00,41,SMS,BOM-808,19.054912,72.900556,BOM-519,19.066431,72.87799
61466D71,+91-93400-84336,+91-75300-59015,2025-01-09T21:10:00,1062,VOICE,BOM-621,19.136087,72.829393,BOM-103,18.963152,72.83373
5B350AC4,+91-75300-46221,+91-77540-11371,2025-01-19T14:12:00,1131,VOICE,BOM-519,19.066556,72.878728,BOM-519,19.066482,72.878522
4A393A41,+91-70420-65270,+91-70420-11908,2025-02-13T13:43:00,466,VOICE,BOM-212,19.041697,72.86403,BOM-318,19.119924,72.846344
E2431206,+91-80720-60394,+91-89120-92283,2025-01-20T14:08:00,17,SMS,BOM-901,19.029842,72.855382,BOM-103,18.963745,72.834277
23CCDAAE,+91-80720-87389,+91-75300-64221,2025-01-11T22:27:00,703,VOICE,BOM-103,18.9634,72.833855,BOM-702,19.075762,72.87733
A726D413,+91-88200-38155,+91-91761-52109,2025-03-01T14:29:00,697,VOICE,BOM-519,19.066478,72.878604,BOM-621,19.136104,72.830033
F5897C5A,+91-70420-44931,+91-63990-19356,2025-03-11T22:11:00,1738,VOICE,BOM-621,19.136317,72.829928,BOM-212,19.041875,72.863915
148DF930,+91-75300-78283,+91-87890-90658,2025-02-20T23:32:00,578,VOICE,BOM-621,19.136088,72.829135,BOM-447,19.044111,72.856119
18180540,+91-87890-97027,+91-63990-40046,2025-03-15T22:42:00,805,VOICE,BOM-212,19.041214,72.863477,BOM-901,19.029145,72.855118
1C78D901,+91-70420-72202,+91-93400-86050,2025-01-23T23:53:00,1393,VOICE,BOM-244,19.099316,72.84943,BOM-901,19.02922,72.854954
AF451988,+91-87890-12524,+91-93400-46057,2025-03-09T15:35:00,401,VOICE,BOM-901,19.029913,72.854834,BOM-808,19.054173,72.900487
4BCA4973,+91-80720-34040,+91-63990-21556,2025-02-03T13:42:00,47,SMS,BOM-519,19.065907,72.878473,BOM-318,19.120061,72.847217
D19B7B2D,+91-88200-21949,+91-91761-37473,2025-01-21T07:13:00,29,SMS,BOM-103,18.963236,72.833993,BOM-901,19.030029,72.855549
FC63514A,+91-93400-65516,+91-77540-34808,2025-02-10T09:26:00,32,SMS,BOM-621,19.135515,72.829344,BOM-519,19.066582,72.878566
161F5349,+91-70420-74668,+91-87890-13611,2025-01-14T14:06:00,220,VOICE,BOM-901,19.029879,72.855741,BOM-212,19.041501,72.863887
FAC9B0BA,+91-87890-61781,+91-88200-97081,2025-01-28T19:13:00,827,VOICE,BOM-519,19.066044,72.878752,BOM-621,19.135887,72.829203
CDCF4764,+91-75300-21624,+91-75300-77618,2025-02-05T23:09:00,29,SMS,BOM-244,19.098623,72.848913,BOM-621,19.136012,72.830091
7C271D37,+91-80720-82980,+91-70420-43183,2025-02-02T20:53:00,1123,VOICE,BOM-212,19.041592,72.8637,BOM-212,19.041157,72.864004
2A079D38,+91-93400-96779,+91-63990-69908,2025-02-11T10:58:00,24,SMS,BOM-621,19.136194,72.829677,BOM-702,19.075591,72.87735
06F60FBC,+91-63990-26970,+91-89120-68456,2025-02-19T09:07:00,29,SMS,BOM-318,19.119969,72.84684,BOM-808,19.054008,72.90019
829DCAE2,+91-87890-47743,+91-88200-60079,2025-01-17T20:54:00,1243,VOICE,BOM-519,19.066795,72.878183,BOM-519,19.066218,72.878309
1D93D28A,+91-93400-91804,+91-75300-41500,2025-02-16T11:47:00,7,SMS,BOM-103,18.963453,72.834682,BOM-519,19.065981,72.878706
AAC3C0D2,+91-77540-16328,+91-91761-99673,2025-01-09T08:37:00,865,VOICE,BOM-901,19.029825,72.855523,BOM-808,19.054499,72.900458
BFA2EFF4,+91-89120-88097,+91-77540-48112,2025-01-05T22:25:00,37,SMS,BOM-244,19.099225,72.849435,BOM-901,19.029332,72.854861
09691E7E,+91-80720-41644,+91-87890-85563,2025-01-26T10:57:00,43,SMS,BOM-808,19.05444,72.900033,BOM-447,19.044265,72.855859
DA34F700,+91-70420-16716,+91-88200-16684,2025-01-14T22:35:00,72,VOICE,BOM-318,19.119212,72.846348,BOM-702,19.076065,72.877765
A9EFB992,+91-87890-15105,+91-75300-60101,2025-03-01T21:54:00,392,VOICE,BOM-702,19.075479,72.877569,BOM-244,19.099237,72.849326
797B8E5A,+91-77540-14433,+91-80720-97584,2025-01-07T07:26:00,1740,VOICE,BOM-519,19.065868,72.878051,BOM-519,19.066306,72.878273
026E7C6C,+91-70420-82465,+91-63990-39427,2025-02-11T14:26:00,570,VOICE,BOM-212,19.041472,72.863319,BOM-447,19.044079,72.856104
01CF7296,+91-87890-31211,+91-70420-50729,2025-02-10T20:55:00,1018,VOICE,BOM-901,19.02944,72.855692,BOM-244,19.098951,72.849453
A155F11A,+91-98400-22222,+91-98400-12345,2025-02-06T21:07:00,1039,VOICE,BOM-212,19.041589,72.8639,BOM-103,18.963294,72.83378
58A0A6B9,+91-88200-89494,+91-88200-40653,2025-02-24T14:55:00,250,VOICE,BOM-103,18.962977,72.834382,BOM-702,19.075808,72.877538
1BA8D362,+91-89120-61327,+91-89120-14244,2025-01-24T17:58:00,1324,VOICE,BOM-244,19.098604,72.848996,BOM-702,19.076145,72.877438
1084AACC,+91-63990-71797,+91-77540-10731,2025-02-19T19:41:00,1373,VOICE,BOM-519,19.066478,72.878244,BOM-103,18.96338,72.834456
E5B0C01B,+91-70420-82536,+91-93400-17970,2025-02-03T15:01:00,1121,VOICE,BOM-447,19.044501,72.85565,BOM-212,19.041407,72.863313
66EBA4D5,+91-87890-22948,+91-91761-28900,2025-02-05T21:01:00,14,SMS,BOM-808,19.054983,72.900866,BOM-244,19.098907,72.848683
5AAC2C37,+91-70420-38758,+91-89120-60911,2025-02-15T12:11:00,1228,VOICE,BOM-702,19.076206,72.877898,BOM-244,19.098528,72.849201
DF7A7390,+91-87890-65490,+91-70420-98201,2025-02-01T10:26:00,468,VOICE,BOM-621,19.135513,72.829587,BOM-244,19.098628,72.849185
4A6679FE,+91-87890-35146,+91-70420-98832,2025-03-10T15:43:00,5,SMS,BOM-808,19.054641,72.900943,BOM-447,19.044754,72.855623
0FD8508E,+91-88200-23573,+91-75300-57436,2025-02-26T13:10:00,34,SMS,BOM-447,19.044019,72.855981,BOM-621,19.136178,72.829196
E22429A7,+91-87890-57422,+91-87890-57627,2025-02-23T22:09:00,27,SMS,BOM-702,19.075789,72.877315,BOM-318,19.119654,72.846799
71394B96,+91-63990-73814,+91-77540-71095,2025-01-06T13:56:00,458,VOICE,BOM-103,18.962912,72.834216,BOM-901,19.029163,72.855592
B57002B7,+91-87890-18833,+91-63990-78440,2025-01-07T19:44:00,1512,VOICE,BOM-519,19.066498,72.878155,BOM-702,19.075801,72.877668
D7E22577,+91-88200-81237,+91-70420-89689,2025-03-05T14:13:00,34,SMS,BOM-808,19.054442,72.900601,BOM-447,19.044145,72.855847
47E2640D,+91-80720-23193,+91-80720-20788,2025-01-02T11:34:00,36,SMS,BOM-212,19.041834,72.863994,BOM-318,19.120192,72.846302
D0433203,+91-75300-84431,+91-63990-69863,2025-01-06T15:15:00,44,SMS,BOM-244,19.099042,72.849283,BOM-447,19.044853,72.855427
8AB9A9AF,+91-91761-95563,+91-63990-97914,2025-01-12T21:55:00,22,SMS,BOM-901,19.029467,72.85492,BOM-212,19.041022,72.863841
00EEF0D5,+91-63990-66654,+91-93400-32764,2025-03-07T11:17:00,20,SMS,BOM-447,19.04474,72.855731,BOM-808,19.054134,72.900852
FA96BDFF,+91-70420-14840,+91-80720-16320,2025-03-10T17:30:00,1197,VOICE,BOM-447,19.044431,72.855534,BOM-702,19.075564,72.877904
C9AE5690,+91-87890-68079,+91-75300-45313,2025-02-23T09:12:00,18,SMS,BOM-808,19.054741,72.900759,BOM-702,19.076221,72.877715
05E0736D,+91-98400-33333,+91-98400-44444,2025-03-01T11:39:00,38,SMS,BOM-447,19.043966,72.855698,BOM-808,19.054769,72.900823
E1A9C984,+91-93400-45280,+91-80720-84727,2025-03-14T08:36:00,7,SMS,BOM-447,19.044215,72.856244,BOM-447,19.044881,72.856052
BD259472,+91-89120-26027,+91-75300-53160,2025-02-19T14:59:00,18,SMS,BOM-318,19.119307,72.846514,BOM-621,19.135939,72.829354
D4396063,+91-91761-57309,+91-91761-95923,2025-01-06T12:05:00,243,VOICE,BOM-212,19.041337,72.863764,BOM-621,19.135666,72.830055
FC5754B0,+91-87890-68592,+91-88200-92258,2025-03-05T22:17:00,1191,VOICE,BOM-318,19.11957,72.847179,BOM-212,19.041026,72.863714
E50280F0,+91-98400-11111,+91-98400-22222,2025-02-25T17:38:00,1581,VOICE,BOM-212,19.040926,72.863429,BOM-621,19.136076,72.829863
ECC7B26D,+91-80720-57131,+91-63990-59508,2025-01-22T22:28:00,37,SMS,BOM-244,19.099235,72.84926,BOM-901,19.02912,72.855181
ECD1E120,+91-63990-21330,+91-89120-43187,2025-01-18T17:59:00,1336,VOICE,BOM-901,19.029551,72.855339,BOM-318,19.12009,72.846643
80FC888B,+91-77540-33863,+91-91761-85568,2025-01-19T14:42:00,560,VOICE,BOM-808,19.05456,72.900137,BOM-447,19.044127,72.855508
E44EFDFE,+91-70420-26899,+91-91761-97225,2025-01-27T07:16:00,486,VOICE,BOM-621,19.135952,72.829974,BOM-901,19.02956,72.854936
3402A271,+91-93400-50039,+91-63990-78922,2025-02-25T10:44:00,18,SMS,BOM-447,19.044375,72.855449,BOM-808,19.054449,72.900653
69AAC2E8,+91-89120-30074,+91-77540-55747,2025-02-22T21:47:00,1659,VOICE,BOM-103,18.963164,72.833743,BOM-212,19.041779,72.864149
D35BEE8C,+91-89120-32367,+91-87890-21071,2025-01-29T22:06:00,20,SMS,BOM-447,19.044771,72.855726,BOM-519,19.066366,72.878729
FB98E81A,+91-88200-31888,+91-88200-94048,2025-02-26T14:59:00,1138,VOICE,BOM-318,19.119765,72.846418,BOM-103,18.963708,72.83383
6DB377C7,+91-77540-12421,+91-89120-62327,2025-02-05T17:51:00,997,VOICE,BOM-621,19.136234,72.829675,BOM-244,19.098975,72.848647
E722D126,+91-91761-41469,+91-63990-81002,2025-03-06T10:02:00,513,VOICE,BOM-103,18.963465,72.834146,BOM-212,19.040948,72.86395
1E806840,+91-91761-17353,+91-89120-45353,2025-02-10T09:45:00,36,SMS,BOM-808,19.054766,72.900445,BOM-808,19.054197,72.90063
400B4FC1,+91-70420-59996,+91-75300-16288,2025-01-30T09:45:00,204,VOICE,BOM-244,19.099195,72.84855,BOM-212,19.041425,72.863455
B076C502,+91-98400-33333,+91-98400-44444,2025-02-01T07:16:00,633,VOICE,BOM-212,19.041136,72.863954,BOM-244,19.099223,72.848511
3297292F,+91-98400-12345,+91-98400-22222,2025-01-26T18:27:00,1373,VOICE,BOM-447,19.044849,72.856221,BOM-212,19.04162,72.8635
CDE2CB77,+91-70420-94360,+91-87890-52469,2025-03-14T08:56:00,1495,VOICE,BOM-318,19.119697,72.847227,BOM-318,19.119352,72.846823
1E60B04A,+91-70420-90525,+91-70420-35198,2025-01-22T19:52:00,11,SMS,BOM-621,19.136093,72.829715,BOM-103,18.962872,72.834313
42CAC009,+91-89120-68935,+91-70420-74595,2025-03-11T20:25:00,943,VOICE,BOM-901,19.0298,72.855203,BOM-901,19.029336,72.855205
6F440ACA,+91-91761-96776,+91-75300-74523,2025-01-17T11:35:00,8,SMS,BOM-519,19.065958,72.877931,BOM-901,19.030013,72.855067
B745295E,+91-70420-28764,+91-75300-27728,2025-01-03T15:21:00,1425,VOICE,BOM-519,19.066567,72.87836,BOM-702,19.075968,72.877896
B4FEBFC4,+91-91761-49438,+91-87890-10845,2025-03-04T13:07:00,15,VOICE,BOM-318,19.119804,72.846421,BOM-212,19.041147,72.863304
B98487BF,+91-89120-96960,+91-63990-96755,2025-01-24T19:04:00,40,SMS,BOM-621,19.136314,72.829437,BOM-702,19.075576,72.877856
1F9551B8,+91-91761-42482,+91-93400-70452,2025-01-08T07:31:00,1535,VOICE,BOM-702,19.075923,72.877209,BOM-447,19.04448,72.856167
059566A7,+91-77540-62118,+91-87890-25933,2025-03-03T19:04:00,1711,VOICE,BOM-447,19.044056,72.855713,BOM-212,19.04159,72.863636
09FADB8A,+91-63990-60457,+91-77540-54555,2025-01-10T13:53:00,406,VOICE,BOM-103,18.963434,72.833803,BOM-103,18.963446,72.834177
BB0FEBC8,+91-91761-71995,+91-70420-33148,2025-02-23T22:08:00,1623,VOICE,BOM-901,19.0294,72.855362,BOM-244,19.098548,72.848599
B95AE971,+91-93400-58382,+91-75300-54544,2025-03-06T07:39:00,9,SMS,BOM-519,19.065938,72.878088,BOM-519,19.066102,72.877993
F307255D,+91-77540-29641,+91-91761-53007,2025-03-08T21:07:00,1483,VOICE,BOM-244,19.098989,72.849399,BOM-901,19.029909,72.855253
77F29C81,+91-80720-67979,+91-80720-85200,2025-02-24T08:02:00,1276,VOICE,BOM-447,19.04407,72.855393,BOM-621,19.135794,72.830045
67308155,+91-93400-27196,+91-91761-67528,2025-03-05T18:54:00,1439,VOICE,BOM-212,19.041144,72.863918,BOM-447,19.044799,72.856059
BD1B752E,+91-89120-63523,+91-93400-21177,2025-03-15T20:59:00,134,VOICE,BOM-702,19.075562,72.877827,BOM-621,19.136209,72.829489
2C414452,+91-80720-12321,+91-88200-58497,2025-02-23T14:13:00,1424,VOICE,BOM-519,19.06671,72.878803,BOM-901,19.029887,72.855355
6697B536,+91-63990-54992,+91-93400-75105,2025-01-09T18:57:00,990,VOICE,BOM-519,19.065911,72.877926,BOM-318,19.119204,72.846868
9CDF1935,+91-77540-78376,+91-63990-81615,2025-01-26T16:20:00,932,VOICE,BOM-519,19.066093,72.878526,BOM-808,19.054435,72.900082
7FAA8847,+91-63990-18236,+91-70420-78648,2025-02-13T22:12:00,1040,VOICE,BOM-808,19.054986,72.900479,BOM-244,19.098793,72.848713
C7380488,+91-75300-81226,+91-88200-48720,2025-01-13T14:07:00,874,VOICE,BOM-901,19.029425,72.855462,BOM-212,19.041076,72.864156
F68CC1E6,+91-93400-81046,+91-77540-58625,2025-01-07T13:18:00,405,VOICE,BOM-808,19.054158,72.900671,BOM-318,19.119233,72.846549
57C3A378,+91-98400-77777,+91-80720-42536,2025-01-20T20:30:00,939,VOICE,BOM-519,19.066044,72.878778,BOM-318,19.119649,72.847216
7BE39C79,+91-88200-21687,+91-91761-87046,2025-02-19T10:20:00,1456,VOICE,BOM-103,18.962983,72.834522,BOM-901,19.029109,72.855457
4C46DBD1,+91-93400-18668,+91-91761-67577,2025-03-04T17:55:00,20,SMS,BOM-808,19.054405,72.900042,BOM-808,19.05472,72.900394
2D45757B,+91-91761-89589,+91-87890-33492,2025-03-01T08:53:00,156,VOICE,BOM-702,19.075459,72.877842,BOM-519,19.066685,72.878731
0E940865,+91-70420-38437,+91-91761-41238,2025-01-16T23:27:00,34,SMS,BOM-244,19.099137,72.849388,BOM-808,19.05464,72.90096
94A9928C,+91-70420-61932,+91-93400-26541,2025-02-15T08:13:00,1733,VOICE,BOM-519,19.066386,72.8784,BOM-621,19.136032,72.830038
3E0ED199,+91-80720-12085,+91-75300-10858,2025-01-18T11:34:00,92,VOICE,BOM-901,19.029875,72.855092,BOM-702,19.075988,72.87737
87568EE4,+91-88200-59718,+91-77540-25101,2025-02-18T07:53:00,718,VOICE,BOM-901,19.029867,72.855608,BOM-901,19.029401,72.855457
8848FC2C,+91-89120-66363,+91-93400-82841,2025-02-20T13:39:00,58,SMS,BOM-447,19.044701,72.855878,BOM-318,19.120139,72.84669
9F6D1044,+91-98400-11111,+91-98400-22222,2025-03-14T15:10:00,371,VOICE,BOM-447,19.0444,72.8558,BOM-212,19.041128,72.863317
C5E286A1,+91-88200-84461,+91-91761-56801,2025-02-14T10:06:00,23,SMS,BOM-519,19.066193,72.878579,BOM-447,19.04456,72.856138
F7BEDA82,+91-80720-43387,+91-88200-85354,2025-02-10T18:16:00,364,VOICE,BOM-244,19.099419,72.849366,BOM-318,19.119493,72.847058
781BF657,+91-75300-93796,+91-75300-63346,2025-01-23T19:23:00,27,SMS,BOM-621,19.135648,72.829773,BOM-901,19.029776,72.855208
2F3AAE9A,+91-93400-28710,+91-75300-68710,2025-01-21T22:15:00,1485,VOICE,BOM-808,19.054922,72.90082,BOM-244,19.099212,72.848974
52D494BE,+91-89120-21584,+91-70420-60631,2025-01-20T21:04:00,1541,VOICE,BOM-519,19.0659,72.878076,BOM-519,19.066054,72.878241
8D8A7EBD,+91-87890-71694,+91-88200-94659,2025-01-18T08:45:00,177,VOICE,BOM-447,19.044195,72.855851,BOM-103,18.96305,72.834442
67691356,+91-70420-41266,+91-77540-58725,2025-03-11T19:43:00,1301,VOICE,BOM-447,19.04456,72.855834,BOM-447,19.044052,72.855622
DD1A4D1A,+91-87890-51149,+91-89120-69637,2025-02-27T15:21:00,447,VOICE,BOM-318,19.119278,72.847282,BOM-621,19.136372,72.829206
6DC289B8,+91-80720-57144,+91-89120-65224,2025-02-06T19:55:00,19,SMS,BOM-103,18.963191,72.834487,BOM-702,19.07578,72.87721
44F483C7,+91-80720-69540,+91-91761-62705,2025-01-20T23:10:00,40,SMS,BOM-318,19.119851,72.84707,BOM-621,19.136342,72.829426
4FE3538C,+91-88200-82109,+91-70420-57932,2025-03-12T09:15:00,696,VOICE,BOM-901,19.029324,72.854916,BOM-808,19.054776,72.900444
E6FFAE64,+91-98400-11111,+91-98400-22222,2025-03-13T23:35:00,229,VOICE,BOM-447,19.0444,72.8558,BOM-318,19.119805,72.846445
070BD570,+91-89120-22984,+91-70420-32380,2025-02-10T19:11:00,1665,VOICE,BOM-103,18.963352,72.834582,BOM-808,19.054477,72.900128
F7B49016,+91-98400-11111,+91-98400-22222,2025-01-13T08:25:00,404,VOICE,BOM-212,19.041701,72.863309,BOM-103,18.963249,72.834122
1549E67E,+91-70420-86698,+91-93400-56784,2025-02-10T18:22:00,7,SMS,BOM-318,19.119237,72.846711,BOM-901,19.029351,72.854995
D619108D,+91-63990-10185,+91-88200-67805,2025-01-22T09:16:00,1301,VOICE,BOM-621,19.136454,72.829797,BOM-808,19.054956,72.900569
3FB4E275,+91-89120-93218,+91-93400-29053,2025-01-31T07:02:00,1438,VOICE,BOM-519,19.066211,72.878339,BOM-103,18.963111,72.834121
CABC5844,+91-63990-42016,+91-75300-51252,2025-01-29T22:12:00,1220,VOICE,BOM-808,19.054975,72.900565,BOM-244,19.098686,72.848964
975A1B05,+91-75300-46724,+91-63990-70630,2025-03-01T11:02:00,147,VOICE,BOM-901,19.029202,72.855261,BOM-447,19.044727,72.855764
B00EF021,+91-91761-13561,+91-70420-49062,2025-02-19T10:20:00,860,VOICE,BOM-702,19.075658,72.878142,BOM-212,19.040952,72.86344
20D57EA5,+91-89120-12097,+91-70420-86225,2025-01-29T22:34:00,551,VOICE,BOM-808,19.05405,72.900489,BOM-808,19.054737,72.900294
79F82506,+91-63990-23441,+91-63990-28289,2025-02-09T20:01:00,5,SMS,BOM-621,19.135949,72.82974,BOM-808,19.054902,72.900406
71BB25C7,+91-98400-22222,+91-98400-33333,2025-01-02T11:17:00,1321,VOICE,BOM-447,19.044874,72.855853,BOM-901,19.029203,72.854812
9544F6B1,+91-98400-12345,+91-98400-22222,2025-02-12T07:07:00,93,VOICE,BOM-212,19.041079,72.864163,BOM-212,19.041497,72.863546
D6BFB937,+91-75300-13676,+91-93400-46989,2025-01-21T10:04:00,1237,VOICE,BOM-447,19.044657,72.855609,BOM-103,18.963002,72.834629
FA27DF01,+91-63990-52525,+91-70420-15597,2025-01-26T11:38:00,1191,VOICE,BOM-447,19.044603,72.855936,BOM-808,19.054301,72.900453
F6E550B6,+91-91761-16125,+91-91761-41234,2025-01-24T07:36:00,529,VOICE,BOM-447,19.043965,72.855917,BOM-519,19.066561,72.878075
9CDE1021,+91-63990-47830,+91-70420-18052,2025-02-05T21:18:00,34,SMS,BOM-244,19.0988,72.849061,BOM-244,19.099316,72.849091
5BB8451F,+91-70420-22301,+91-63990-54116,2025-02-24T20:13:00,1247,VOICE,BOM-519,19.066785,72.878253,BOM-103,18.962956,72.833889
D65636AF,+91-89120-83308,+91-89120-82655,2025-03-05T21:31:00,35,SMS,BOM-901,19.030018,72.855665,BOM-519,19.0663,72.878365
E9365D02,+91-87890-19065,+91-93400-45273,2025-01-02T20:40:00,1701,VOICE,BOM-244,19.098976,72.848985,BOM-244,19.099378,72.848635
1FDB38B6,+91-63990-43597,+91-93400-20840,2025-02-24T22:47:00,1543,VOICE,BOM-244,19.099003,72.848767,BOM-621,19.136494,72.829989
06B77B2C,+91-88200-75015,+91-75300-78439,2025-03-13T18:24:00,1482,VOICE,BOM-901,19.029355,72.854807,BOM-808,19.054106,72.900691
53FC04C8,+91-63990-67480,+91-75300-85909,2025-03-08T13:42:00,342,VOICE,BOM-808,19.054066,72.90087,BOM-702,19.076265,72.877533
38C6166E,+91-80720-72773,+91-93400-89220,2025-01-27T19:58:00,1145,VOICE,BOM-702,19.076176,72.877581,BOM-103,18.963449,72.834008
C89DBC36,+91-88200-96266,+91-89120-26147,2025-02-25T11:40:00,393,VOICE,BOM-318,19.120019,72.846957,BOM-318,19.119712,72.847
C14C212F,+91-80720-45737,+91-91761-30643,2025-02-05T10:00:00,438,VOICE,BOM-103,18.96315,72.834018,BOM-318,19.120143,72.847104
32CC2C69,+91-63990-45797,+91-88200-94106,2025-01-23T15:42:00,23,SMS,BOM-318,19.119787,72.847178,BOM-901,19.029274,72.855241
3F7BDD30,+91-80720-36687,+91-88200-37097,2025-03-15T07:02:00,18,SMS,BOM-212,19.041824,72.863205,BOM-519,19.06646,72.878815
787DDC65,+91-89120-66187,+91-77540-79378,2025-02-16T13:16:00,1092,VOICE,BOM-103,18.963013,72.834503,BOM-447,19.044121,72.855757
9C6D751A,+91-70420-18081,+91-80720-47475,2025-01-11T15:53:00,294,VOICE,BOM-621,19.135892,72.829742,BOM-519,19.066642,72.87807
414C8382,+91-70420-70156,+91-70420-36687,2025-01-30T23:08:00,614,VOICE,BOM-901,19.029656,72.855641,BOM-318,19.119974,72.846493
8D739D24,+91-91761-65956,+91-77540-84473,2025-02-02T13:00:00,349,VOICE,BOM-447,19.044166,72.855783,BOM-212,19.041119,72.864115
5629ECBE,+91-89120-30987,+91-77540-21343,2025-02-11T22:35:00,848,VOICE,BOM-212,19.041697,72.863825,BOM-318,19.119332,72.846369
D4610B94,+91-75300-15905,+91-80720-99765,2025-02-08T19:28:00,1548,VOICE,BOM-244,19.099179,72.848729,BOM-901,19.029243,72.855442
8EA7BF60,+91-87890-29562,+91-80720-58224,2025-01-22T10:00:00,54,SMS,BOM-901,19.029927,72.855294,BOM-519,19.066514,72.878091
2ED26C45,+91-80720-66623,+91-93400-27657,2025-02-10T22:13:00,37,SMS,BOM-519,19.066669,72.878255,BOM-901,19.029466,72.855506
EC68E133,+91-80720-96106,+91-80720-51285,2025-01-24T20:05:00,1538,VOICE,BOM-702,19.075627,72.878017,BOM-901,19.029153,72.85537
9164D4FB,+91-89120-85513,+91-80720-65769,2025-01-18T15:30:00,1774,VOICE,BOM-212,19.041183,72.864077,BOM-808,19.054258,72.900005
736F6022,+91-93400-47987,+91-91761-81191,2025-02-02T07:46:00,317,VOICE,BOM-621,19.135895,72.830043,BOM-901,19.029934,72.85543
6A3FBCB5,+91-88200-31300,+91-70420-17074,2025-01-23T13:39:00,1114,VOICE,BOM-318,19.119825,72.847139,BOM-519,19.065935,72.878846
C0D9DEB6,+91-77540-24526,+91-89120-53361,2025-02-02T13:22:00,235,VOICE,BOM-447,19.04404,72.855924,BOM-244,19.098815,72.848705
A58852D0,+91-93400-83505,+91-70420-30258,2025-01-14T16:24:00,1182,VOICE,BOM-808,19.054854,72.900223,BOM-901,19.029769,72.855149
1303B45F,+91-77540-48365,+91-75300-27853,2025-02-21T20:58:00,566,VOICE,BOM-519,19.066416,72.87879,BOM-808,19.054255,72.900605
1E52954F,+91-89120-39899,+91-91761-54995,2025-01-18T11:56:00,56,SMS,BOM-901,19.030012,72.854975,BOM-244,19.09874,72.849083
95C43258,+91-75300-33794,+91-77540-59654,2025-01-15T13:10:00,1516,VOICE,BOM-244,19.098754,72.849332,BOM-808,19.054679,72.900333
4E3C5346,+91-89120-83890,+91-89120-16912,2025-01-19T08:52:00,1376,VOICE,BOM-103,18.963139,72.833738,BOM-447,19.043959,72.855562
9F6CB79D,+91-75300-98637,+91-89120-16119,2025-02-19T22:48:00,1187,VOICE,BOM-808,19.054204,72.90068,BOM-318,19.119896,72.846994
F16CDB03,+91-75300-78888,+91-89120-29892,2025-03-14T23:33:00,1653,VOICE,BOM-103,18.963163,72.83393,BOM-103,18.962967,72.833859
FC92E9CB,+91-93400-17757,+91-80720-77063,2025-02-24T16:15:00,521,VOICE,BOM-212,19.041714,72.864122,BOM-808,19.054816,72.900097
23BADCA9,+91-63990-19102,+91-91761-92778,2025-02-11T18:36:00,602,VOICE,BOM-808,19.054114,72.900032,BOM-901,19.029702,72.855019
93C3B3BA,+91-91761-55073,+91-87890-71498,2025-03-10T07:44:00,53,SMS,BOM-901,19.0294,72.855566,BOM-621,19.136097,72.829897
601B1354,+91-89120-96887,+91-88200-47002,2025-03-09T12:22:00,114,VOICE,BOM-901,19.029457,72.855224,BOM-621,19.136379,72.829822
88A32D9F,+91-88200-82900,+91-80720-26442,2025-02-06T17:28:00,9,SMS,BOM-519,19.065841,72.878171,BOM-244,19.098802,72.848782
5FAF51D1,+91-87890-57495,+91-89120-80566,2025-03-01T11:40:00,1508,VOICE,BOM-447,19.044462,72.856049,BOM-244,19.099366,72.849203
674CC4D3,+91-70420-75356,+91-89120-96156,2025-02-21T16:46:00,522,VOICE,BOM-212,19.041248,72.863684,BOM-702,19.07591,72.87782
3C3C12F0,+91-89120-74186,+91-88200-39802,2025-02-28T13:38:00,1016,VOICE,BOM-244,19.098816,72.848846,BOM-244,19.099462,72.849316
6D32AD7B,+91-77540-23950,+91-88200-20831,2025-02-14T10:41:00,56,SMS,BOM-447,19.044061,72.855429,BOM-103,18.963184,72.834155
4DFDA0D9,+91-70420-48654,+91-70420-51774,2025-02-03T10:04:00,363,VOICE,BOM-808,19.054161,72.900075,BOM-212,19.041238,72.864185
7A10994B,+91-88200-46861,+91-93400-24858,2025-01-19T21:06:00,292,VOICE,BOM-808,19.054473,72.900477,BOM-447,19.044486,72.856288
E93A6B71,+91-80720-48721,+91-75300-16962,2025-02-14T21:58:00,46,SMS,BOM-808,19.054078,72.900294,BOM-103,18.963352,72.833741
7F22DCA3,+91-75300-40843,+91-87890-10789,2025-02-14T07:43:00,986,VOICE,BOM-519,19.066378,72.878642,BOM-702,19.075996,72.877649
4010D2B8,+91-89120-45728,+91-63990-51691,2025-03-03T21:29:00,903,VOICE,BOM-212,19.041042,72.863815,BOM-103,18.963407,72.834653
4DDBC566,+91-98400-77777,+91-88200-46872,2025-01-16T16:27:00,1745,VOICE,BOM-621,19.135503,72.82927,BOM-212,19.04109,72.863391
BFC878CC,+91-77540-76597,+91-93400-55787,2025-01-24T21:47:00,1097,VOICE,BOM-901,19.029425,72.855738,BOM-447,19.044306,72.856196
274596EB,+91-93400-36382,+91-70420-29865,2025-02-24T18:59:00,1192,VOICE,BOM-244,19.098884,72.849319,BOM-212,19.041458,72.863389
163D8DF8,+91-91761-33235,+91-70420-61327,2025-02-11T09:02:00,1483,VOICE,BOM-621,19.136334,72.82929,BOM-621,19.136377,72.829492
12040427,+91-75300-13862,+91-91761-49695,2025-01-06T19:20:00,150,VOICE,BOM-901,19.029738,72.855632,BOM-901,19.029902,72.855519
30BEE0C3,+91-77540-95695,+91-77540-74900,2025-01-31T08:48:00,1074,VOICE,BOM-103,18.963229,72.833825,BOM-318,19.119531,72.847281
8555BF9F,+91-87890-56429,+91-93400-89043,2025-02-25T08:05:00,8,SMS,BOM-244,19.099334,72.849114,BOM-519,19.065941,72.878532
4ECB7FCE,+91-75300-90897,+91-70420-22292,2025-03-02T21:39:00,685,VOICE,BOM-318,19.119836,72.846576,BOM-808,19.05412,72.900294
7F3F9BB8,+91-89120-81826,+91-87890-28482,2025-02-17T08:54:00,44,SMS,BOM-808,19.054763,72.900618,BOM-901,19.029605,72.855061
437EB213,+91-91761-82262,+91-87890-84694,2025-02-27T19:52:00,526,VOICE,BOM-244,19.098877,72.849261,BOM-447,19.044032,72.856054
97D1780D,+91-89120-68796,+91-91761-24674,2025-01-11T21:01:00,1369,VOICE,BOM-103,18.962831,72.83452,BOM-212,19.041871,72.864128
7A6D581E,+91-89120-37834,+91-93400-34129,2025-03-07T08:54:00,6,SMS,BOM-318,19.119465,72.846304,BOM-519,19.065886,72.878807
B0C9DB55,+91-91761-64658,+91-93400-49388,2025-03-06T23:34:00,415,VOICE,BOM-901,19.029924,72.854949,BOM-621,19.135795,72.829286
95C08BD9,+91-63990-45918,+91-80720-99151,2025-03-08T21:31:00,1074,VOICE,BOM-447,19.044784,72.855525,BOM-621,19.136418,72.829632
AC28B0CD,+91-63990-49278,+91-91761-36220,2025-01-13T19:22:00,1688,VOICE,BOM-621,19.135616,72.829849,BOM-901,19.029279,72.85527
897FA311,+91-88200-50824,+91-91761-35891,2025-02-01T20:11:00,635,VOICE,BOM-621,19.136076,72.830068,BOM-519,19.066072,72.878681
535881B5,+91-77540-44454,+91-80720-57896,2025-02-24T07:34:00,208,VOICE,BOM-519,19.066775,72.87873,BOM-212,19.04145,72.863496
B111B462,+91-91761-21081,+91-88200-56363,2025-02-25T11:30:00,360,VOICE,BOM-103,18.962808,72.833712,BOM-808,19.054967,72.900742
C5F25D16,+91-89120-41808,+91-89120-75933,2025-02-21T20:12:00,1583,VOICE,BOM-808,19.054286,72.900286,BOM-318,19.119877,72.846548
93544DD3,+91-77540-32950,+91-63990-24224,2025-01-11T12:13:00,329,VOICE,BOM-808,19.054108,72.900229,BOM-318,19.119466,72.84682
40F7BC57,+91-75300-31202,+91-93400-84389,2025-01-14T22:49:00,1691,VOICE,BOM-519,19.066527,72.87826,BOM-447,19.044776,72.856057
CC0C8537,+91-63990-57056,+91-77540-52813,2025-03-11T18:24:00,1576,VOICE,BOM-318,19.119412,72.846327,BOM-212,19.041788,72.863979
2D3E1FD9,+91-91761-91793,+91-87890-98784,2025-02-20T11:07:00,1313,VOICE,BOM-702,19.075692,72.877993,BOM-212,19.041255,72.864184
E0E5078A,+91-77540-74116,+91-93400-91074,2025-01-20T12:06:00,828,VOICE,BOM-244,19.0994,72.849287,BOM-901,19.029318,72.855261
CD01DB92,+91-75300-65836,+91-80720-22451,2025-01-06T07:54:00,1373,VOICE,BOM-318,19.119529,72.847195,BOM-244,19.098768,72.849233
AB71BEA2,+91-98400-22222,+91-98400-33333,2025-03-01T14:55:00,118,VOICE,BOM-447,19.044343,72.856161,BOM-103,18.963636,72.834669
22B76C22,+91-70420-46408,+91-89120-20399,2025-03-04T16:57:00,418,VOICE,BOM-808,19.05456,72.900082,BOM-808,19.054238,72.90091
8B6FD165,+91-87890-79209,+91-80720-31996,2025-02-26T09:39:00,104,VOICE,BOM-103,18.963401,72.834667,BOM-621,19.135746,72.829868
4598A6BA,+91-98400-11111,+91-98400-33333,2025-02-16T23:14:00,1633,VOICE,BOM-447,19.044885,72.856092,BOM-901,19.029126,72.855354
468063C2,+91-87890-42591,+91-77540-66063,2025-02-07T08:35:00,107,VOICE,BOM-103,18.962908,72.834125,BOM-212,19.041365,72.86392
03478A0D,+91-77540-60470,+91-70420-48018,2025-01-31T18:26:00,7,SMS,BOM-702,19.076299,72.877428,BOM-519,19.066244,72.878815
05BE7883,+91-77540-35204,+91-80720-86298,2025-01-04T10:13:00,1673,VOICE,BOM-318,19.120093,72.84666,BOM-808,19.054568,72.900864
CC69852A,+91-63990-50289,+91-93400-77964,2025-01-06T12:39:00,1577,VOICE,BOM-519,19.06607,72.878434,BOM-447,19.044541,72.855425
3C522A38,+91-80720-45896,+91-77540-90418,2025-02-24T22:35:00,1153,VOICE,BOM-318,19.119587,72.846575,BOM-519,19.065918,72.878879
C55EAE09,+91-77540-58974,+91-93400-63967,2025-03-13T20:25:00,349,VOICE,BOM-808,19.054828,72.900221,BOM-212,19.041322,72.86344
FF0874FA,+91-91761-73792,+91-63990-27796,2025-01-11T11:41:00,60,SMS,BOM-901,19.029994,72.855495,BOM-808,19.054623,72.900454
E04AD621,+91-91761-52247,+91-63990-33988,2025-01-27T23:42:00,1208,VOICE,BOM-244,19.099412,72.849496,BOM-901,19.029907,72.854867
B5C3E511,+91-75300-35782,+91-91761-80679,2025-02-13T13:34:00,17,SMS,BOM-212,19.040904,72.863832,BOM-702,19.07621,72.87747
A5357412,+91-93400-18271,+91-93400-65864,2025-02-13T19:20:00,1416,VOICE,BOM-244,19.099046,72.848822,BOM-519,19.066564,72.878493
FDE66AFB,+91-93400-45638,+91-63990-67059,2025-03-15T16:16:00,55,SMS,BOM-519,19.066489,72.878869,BOM-103,18.96324,72.834249
8F776954,+91-87890-61060,+91-91761-75223,2025-03-01T19:50:00,935,VOICE,BOM-318,19.120016,72.847045,BOM-808,19.054658,72.900958
B32AC303,+91-63990-45977,+91-91761-86923,2025-02-15T10:32:00,393,VOICE,BOM-702,19.075765,72.877667,BOM-808,19.054774,72.900783
9D748A2E,+91-75300-46721,+91-87890-20015,2025-01-15T23:06:00,189,VOICE,BOM-519,19.066182,72.87835,BOM-103,18.963766,72.834387
16425543,+91-80720-39131,+91-63990-83530,2025-02-05T22:18:00,798,VOICE,BOM-447,19.044893,72.856028,BOM-702,19.076163,72.877915
074E9CDE,+91-88200-88263,+91-63990-69377,2025-01-20T16:26:00,1386,VOICE,BOM-447,19.044228,72.855367,BOM-447,19.044826,72.855871
7B12D8D0,+91-87890-79690,+91-70420-32739,2025-03-09T14:21:00,147,VOICE,BOM-702,19.075944,72.878143,BOM-318,19.119825,72.846351
986A71F3,+91-80720-47737,+91-88200-55453,2025-02-08T19:39:00,865,VOICE,BOM-519,19.06598,72.878518,BOM-808,19.054458,72.900911
06F466D8,+91-70420-46588,+91-91761-37159,2025-01-27T10:00:00,7,SMS,BOM-103,18.963416,72.833777,BOM-901,19.029143,72.855164
20491FA0,+91-88200-32465,+91-89120-89650,2025-01-25T13:40:00,1449,VOICE,BOM-901,19.029992,72.855427,BOM-318,19.1199,72.846555
B1100D72,+91-80720-51035,+91-93400-66202,2025-02-23T13:28:00,59,SMS,BOM-103,18.96283,72.833839,BOM-318,19.119506,72.847038
D7DE4787,+91-80720-84946,+91-63990-13314,2025-01-17T21:40:00,397,VOICE,BOM-519,19.066453,72.878122,BOM-519,19.066335,72.878145
0A862EE2,+91-87890-45098,+91-91761-37808,2025-03-07T20:03:00,107,VOICE,BOM-702,19.076131,72.877741,BOM-103,18.963023,72.834683
E7186C8E,+91-75300-61219,+91-88200-89486,2025-01-29T11:30:00,46,SMS,BOM-318,19.119441,72.846821,BOM-901,19.029873,72.855233
D4C258D8,+91-80720-66521,+91-63990-87438,2025-01-03T20:14:00,274,VOICE,BOM-621,19.136031,72.830045,BOM-212,19.041242,72.863461
6D838532,+91-91761-49093,+91-91761-96196,2025-02-17T13:26:00,1214,VOICE,BOM-212,19.041839,72.863356,BOM-519,19.066259,72.878149
72285D25,+91-63990-59054,+91-75300-88584,2025-02-24T14:58:00,1577,VOICE,BOM-244,19.099087,72.849354,BOM-621,19.13629,72.829428
F5267D1D,+91-87890-84113,+91-88200-53425,2025-01-08T10:47:00,1451,VOICE,BOM-519,19.066316,72.878462,BOM-901,19.029236,72.855695
05F2C9C4,+91-93400-85398,+91-87890-41985,2025-02-12T14:51:00,487,VOICE,BOM-901,19.029415,72.855772,BOM-519,19.066245,72.878858
5C16D491,+91-80720-35521,+91-87890-85561,2025-02-15T12:08:00,1167,VOICE,BOM-621,19.135541,72.829152,BOM-519,19.066278,72.878576
0EE0D3E3,+91-89120-62055,+91-89120-23410,2025-01-01T23:42:00,1164,VOICE,BOM-244,19.099109,72.848798,BOM-212,19.041382,72.863536
7E57AAF9,+91-75300-23340,+91-80720-42279,2025-02-14T07:52:00,412,VOICE,BOM-702,19.076367,72.878144,BOM-318,19.119365,72.846943
7F29E85A,+91-93400-74443,+91-91761-11906,2025-02-15T17:00:00,1574,VOICE,BOM-519,19.065802,72.877921,BOM-103,18.963319,72.833949
9271408A,+91-91761-14541,+91-89120-91156,2025-02-01T16:31:00,40,SMS,BOM-901,19.029161,72.85508,BOM-318,19.119619,72.846943
B81F1AFF,+91-93400-16755,+91-87890-59436,2025-01-06T09:12:00,996,VOICE,BOM-519,19.066669,72.878233,BOM-447,19.044112,72.85549
7382D363,+91-87890-79178,+91-89120-29249,2025-02-21T21:41:00,1129,VOICE,BOM-244,19.099288,72.849152,BOM-702,19.076288,72.877982
20E7FA0B,+91-70420-60793,+91-89120-25681,2025-01-29T08:36:00,55,VOICE,BOM-901,19.030037,72.855445,BOM-621,19.136186,72.829487
933030D9,+91-87890-11676,+91-63990-57004,2025-02-08T22:16:00,56,SMS,BOM-808,19.054693,72.900607,BOM-702,19.075442,72.87778
F6A3A0C1,+91-89120-55090,+91-88200-88355,2025-02-08T22:23:00,1353,VOICE,BOM-808,19.054402,72.900155,BOM-103,18.963573,72.833962
EBC6FC28,+91-77540-61013,+91-91761-66030,2025-03-11T17:11:00,14,SMS,BOM-103,18.963263,72.834079,BOM-447,19.044622,72.85545
2F8340C1,+91-77540-87674,+91-93400-87794,2025-01-23T22:54:00,53,SMS,BOM-519,19.066381,72.878219,BOM-318,19.11942,72.846958
852EDD1B,+91-77540-40944,+91-87890-65686,2025-03-14T17:16:00,1174,VOICE,BOM-702,19.07543,72.877604,BOM-244,19.09918,72.84935
78F99EC2,+91-63990-19694,+91-88200-88372,2025-03-03T19:34:00,39,SMS,BOM-447,19.044691,72.85566,BOM-103,18.963394,72.834614
B021D61D,+91-87890-53214,+91-75300-86561,2025-02-19T17:43:00,47,SMS,BOM-808,19.054652,72.900666,BOM-702,19.076226,72.87766
EED3E3CC,+91-93400-27261,+91-75300-17696,2025-01-30T16:15:00,562,VOICE,BOM-318,19.11966,72.846873,BOM-318,19.119886,72.846543
09AFA4AD,+91-63990-26506,+91-63990-97828,2025-01-01T21:51:00,58,SMS,BOM-447,19.043985,72.85557,BOM-212,19.041233,72.863297
F6F0657A,+91-63990-88258,+91-75300-80198,2025-01-05T18:01:00,668,VOICE,BOM-447,19.044261,72.856021,BOM-244,19.098675,72.848769
06684A93,+91-70420-46822,+91-70420-71824,2025-03-09T18:49:00,341,VOICE,BOM-212,19.041148,72.863441,BOM-103,18.963616,72.834617
F6566E35,+91-91761-87863,+91-87890-79410,2025-03-05T23:27:00,1410,VOICE,BOM-447,19.044546,72.856259,BOM-519,19.065915,72.878795
DBC28124,+91-75300-18322,+91-77540-34233,2025-02-21T07:25:00,9,SMS,BOM-103,18.963637,72.834239,BOM-212,19.041654,72.863407
5E0D120F,+91-87890-74929,+91-91761-78738,2025-02-21T10:30:00,1391,VOICE,BOM-808,19.05489,72.90032,BOM-447,19.044035,72.856082
33AE79A3,+91-98400-77777,+91-89120-25008,2025-01-29T21:35:00,535,VOICE,BOM-244,19.099006,72.849328,BOM-318,19.119221,72.846489
9AEEBE8D,+91-75300-66139,+91-91761-10633,2025-02-10T14:50:00,1473,VOICE,BOM-808,19.054277,72.900359,BOM-702,19.076278,72.877663
F66E1D1F,+91-88200-59479,+91-63990-20518,2025-03-11T11:41:00,257,VOICE,BOM-318,19.120193,72.846693,BOM-318,19.119928,72.846523
BF1D9854,+91-77540-63927,+91-91761-88355,2025-01-01T12:20:00,697,VOICE,BOM-519,19.066307,72.878775,BOM-318,19.119632,72.846534
019E7EEE,+91-98400-44444,+91-98400-55555,2025-02-12T17:42:00,23,SMS,BOM-447,19.044758,72.85563,BOM-808,19.054814,72.90055
93131459,+91-91761-47811,+91-87890-89451,2025-01-14T14:42:00,303,VOICE,BOM-212,19.041107,72.864039,BOM-318,19.119227,72.847203
5499DB62,+91-98400-11111,+91-93400-32665,2025-03-14T22:43:00,1142,VOICE,BOM-447,19.0444,72.8558,BOM-621,19.135989,72.829983
501D2E3B,+91-88200-34948,+91-88200-65695,2025-02-01T08:37:00,34,SMS,BOM-519,19.066381,72.878713,BOM-519,19.066668,72.878746
CF987AD4,+91-77540-66648,+91-91761-69950,2025-02-25T14:54:00,378,VOICE,BOM-103,18.963793,72.833907,BOM-103,18.963409,72.834085
412780D0,+91-91761-65132,+91-63990-72308,2025-03-15T15:49:00,1273,VOICE,BOM-447,19.044671,72.855752,BOM-103,18.963231,72.833918
7B9B476C,+91-77540-64997,+91-80720-64321,2025-01-20T11:36:00,231,VOICE,BOM-244,19.09928,72.849286,BOM-103,18.96368,72.834578
44D48895,+91-77540-74617,+91-89120-90963,2025-01-13T20:09:00,1498,VOICE,BOM-621,19.136407,72.829811,BOM-244,19.099071,72.84888
A7E54261,+91-88200-81947,+91-87890-14730,2025-01-12T08:09:00,55,SMS,BOM-212,19.041305,72.863806,BOM-103,18.963446,72.833904
F7C464D5,+91-89120-72373,+91-87890-67668,2025-02-26T20:22:00,54,SMS,BOM-702,19.075982,72.877237,BOM-447,19.044262,72.855603
06998ED2,+91-77540-83658,+91-89120-51346,2025-01-28T07:12:00,1296,VOICE,BOM-447,19.044361,72.856187,BOM-808,19.054005,72.900713
A1AFABE2,+91-77540-74751,+91-91761-82323,2025-01-25T12:04:00,1542,VOICE,BOM-212,19.041027,72.864134,BOM-519,19.066681,72.878629
51CEF46E,+91-77540-53718,+91-77540-57091,2025-03-09T23:12:00,1601,VOICE,BOM-702,19.076099,72.877911,BOM-901,19.029235,72.855589
87BC7666,+91-77540-17451,+91-63990-27688,2025-01-22T08:30:00,1748,VOICE,BOM-318,19.119442,72.846909,BOM-702,19.075974,72.877479
1CE1CB55,+91-91761-35154,+91-70420-42189,2025-02-09T21:31:00,32,SMS,BOM-447,19.044102,72.855573,BOM-447,19.044158,72.856104
799C2EC0,+91-80720-63864,+91-88200-41789,2025-02-06T21:33:00,437,VOICE,BOM-808,19.054733,72.900536,BOM-103,18.962907,72.834081
AE185DEB,+91-77540-99701,+91-63990-29603,2025-01-13T12:30:00,1620,VOICE,BOM-103,18.963303,72.833818,BOM-901,19.029759,72.855702
B57708CC,+91-75300-93485,+91-80720-84990,2025-01-06T15:57:00,1512,VOICE,BOM-808,19.054172,72.900305,BOM-621,19.135917,72.829283
6F240933,+91-70420-17331,+91-87890-53331,2025-01-28T17:33:00,1460,VOICE,BOM-244,19.09897,72.848561,BOM-318,19.119976,72.846521
D2067A10,+91-75300-44295,+91-87890-66032,2025-01-07T13:52:00,1424,VOICE,BOM-212,19.041375,72.86382,BOM-901,19.029805,72.855352
B4B60207,+91-89120-72471,+91-88200-70929,2025-01-20T20:20:00,29,SMS,BOM-621,19.135525,72.829939,BOM-103,18.963169,72.834442
D14321F2,+91-80720-54742,+91-93400-68598,2025-01-19T11:46:00,1794,VOICE,BOM-702,19.075725,72.877611,BOM-103,18.96348,72.834143
B5ACB6D3,+91-93400-86595,+91-75300-79778,2025-02-28T13:49:00,1479,VOICE,BOM-244,19.098653,72.849273,BOM-519,19.066108,72.878001
D1D17465,+91-75300-24550,+91-70420-78625,2025-02-16T22:14:00,1149,VOICE,BOM-702,19.075749,72.877542,BOM-212,19.04116,72.863957
D5B96DE4,+91-98400-22222,+91-98400-33333,2025-02-28T15:42:00,1402,VOICE,BOM-447,19.044799,72.855765,BOM-103,18.962958,72.834142
92A42173,+91-75300-95066,+91-93400-83017,2025-02-01T07:43:00,34,SMS,BOM-702,19.076275,72.877749,BOM-212,19.041814,72.863586
509B5674,+91-89120-50774,+91-87890-28568,2025-02-22T09:34:00,1757,VOICE,BOM-702,19.075715,72.877639,BOM-702,19.075935,72.877354
57EEB5B0,+91-77540-70633,+91-91761-40356,2025-02-22T14:19:00,258,VOICE,BOM-447,19.044164,72.856159,BOM-901,19.030097,72.855717
908190B5,+91-75300-81163,+91-80720-95263,2025-01-02T17:33:00,237,VOICE,BOM-447,19.044462,72.855942,BOM-808,19.054486,72.900492
47B2A41A,+91-91761-30059,+91-88200-29336,2025-03-03T19:23:00,1664,VOICE,BOM-212,19.041842,72.864017,BOM-212,19.041593,72.863402
F0E056E8,+91-89120-78167,+91-87890-73691,2025-03-02T17:38:00,26,SMS,BOM-702,19.076082,72.877543,BOM-702,19.076217,72.878141
17454B37,+91-70420-24496,+91-88200-61177,2025-01-27T10:48:00,1183,VOICE,BOM-103,18.963662,72.833944,BOM-447,19.044737,72.855663
0739356A,+91-77540-79285,+91-91761-63406,2025-01-06T13:14:00,1273,VOICE,BOM-212,19.040953,72.863867,BOM-901,19.029791,72.854818
34690B5A,+91-87890-75135,+91-63990-32853,2025-02-13T13:38:00,110,VOICE,BOM-212,19.040987,72.864115,BOM-318,19.120017,72.846619
AF6F248C,+91-88200-41476,+91-75300-58804,2025-01-22T23:51:00,50,SMS,BOM-212,19.041018,72.864083,BOM-318,19.119995,72.846492
119E05EE,+91-80720-52821,+91-63990-19673,2025-02-23T09:54:00,17,SMS,BOM-103,18.963058,72.833952,BOM-244,19.099127,72.848582
0317A0D8,+91-87890-22254,+91-77540-60126,2025-03-15T19:22:00,45,SMS,BOM-212,19.041823,72.863417,BOM-103,18.963282,72.834126
4CEF0CCB,+91-87890-42741,+91-63990-95549,2025-02-25T08:42:00,1401,VOICE,BOM-447,19.04453,72.856218,BOM-212,19.041123,72.864111
CD35CCAC,+91-89120-87265,+91-77540-46350,2025-01-29T14:27:00,213,VOICE,BOM-519,19.066753,72.877982,BOM-212,19.041423,72.863285
10371C7D,+91-88200-46934,+91-89120-13774,2025-02-19T12:53:00,41,SMS,BOM-808,19.054015,72.900278,BOM-702,19.075852,72.877439
D4512ECD,+91-91761-29212,+91-80720-23106,2025-02-08T17:28:00,52,SMS,BOM-702,19.07639,72.877457,BOM-901,19.029354,72.855259
F8828CA5,+91-98400-55555,+91-98400-44444,2025-01-08T11:33:00,38,SMS,BOM-447,19.044461,72.856298,BOM-808,19.054314,72.900173
C237403E,+91-63990-77969,+91-93400-35035,2025-02-13T18:44:00,5,SMS,BOM-901,19.029542,72.85554,BOM-318,19.12004,72.846958
31701626,+91-77540-38333,+91-63990-80111,2025-01-02T20:03:00,1785,VOICE,BOM-621,19.135836,72.830078,BOM-318,19.119429,72.846701
BE52C48E,+91-88200-30883,+91-75300-23095,2025-03-02T19:44:00,982,VOICE,BOM-808,19.054831,72.900706,BOM-212,19.041288,72.863518
3C42DB27,+91-70420-89074,+91-80720-59528,2025-02-19T07:07:00,1578,VOICE,BOM-447,19.044032,72.85607,BOM-621,19.135643,72.829727
F4662B1B,+91-75300-11215,+91-63990-48748,2025-01-23T21:10:00,1423,VOICE,BOM-621,19.135711,72.829648,BOM-212,19.041387,72.863919
1A006585,+91-63990-74414,+91-88200-28024,2025-01-21T13:14:00,851,VOICE,BOM-447,19.044825,72.85625,BOM-519,19.066542,72.878888
289D30E4,+91-70420-41114,+91-77540-83328,2025-01-07T20:22:00,425,VOICE,BOM-519,19.066585,72.878242,BOM-901,19.029795,72.855782
090DC3FA,+91-75300-80836,+91-91761-42133,2025-03-10T20:58:00,7,SMS,BOM-447,19.044713,72.856261,BOM-244,19.098789,72.849472
D688E913,+91-87890-21945,+91-77540-60793,2025-01-24T18:56:00,28,SMS,BOM-318,19.119646,72.846563,BOM-901,19.029363,72.855637
C2A484F4,+91-63990-24120,+91-75300-47115,2025-03-12T22:43:00,40,VOICE,BOM-212,19.041044,72.863865,BOM-318,19.120154,72.847255
78C9F53C,+91-93400-43420,+91-91761-69397,2025-02-28T14:03:00,1209,VOICE,BOM-621,19.135554,72.829667,BOM-901,19.030018,72.855145
B5DFAD48,+91-77540-48296,+91-77540-45182,2025-01-17T19:52:00,1598,VOICE,BOM-103,18.963004,72.834693,BOM-519,19.066223,72.878351
AE9B2F58,+91-88200-84261,+91-63990-38837,2025-02-28T14:06:00,76,VOICE,BOM-103,18.963446,72.834431,BOM-901,19.03004,72.855622
D9E07285,+91-70420-99388,+91-87890-62607,2025-01-19T10:31:00,21,SMS,BOM-519,19.066729,72.878505,BOM-519,19.066658,72.878804
0C2A7008,+91-80720-94755,+91-88200-67429,2025-02-06T09:29:00,400,VOICE,BOM-447,19.044202,72.856141,BOM-447,19.044055,72.855837
134CA764,+91-63990-57259,+91-89120-81962,2025-02-08T17:20:00,31,SMS,BOM-808,19.054237,72.9008,BOM-702,19.076388,72.877504
DA054BC6,+91-77540-86399,+91-93400-85454,2025-02-05T07:27:00,745,VOICE,BOM-901,19.029656,72.854964,BOM-212,19.041881,72.863772
64D80FB4,+91-91761-57986,+91-89120-38110,2025-02-23T22:46:00,502,VOICE,BOM-808,19.054447,72.900317,BOM-447,19.04486,72.855566
9F7A21C8,+91-80720-75068,+91-70420-17324,2025-02-13T16:23:00,1153,VOICE,BOM-519,19.06659,72.878253,BOM-244,19.099463,72.849388
5DFE5267,+91-80720-84527,+91-63990-86712,2025-03-15T13:13:00,504,VOICE,BOM-447,19.044113,72.855376,BOM-103,18.963278,72.833917
341AE917,+91-91761-89054,+91-80720-79303,2025-02-04T18:29:00,1203,VOICE,BOM-808,19.054362,72.900599,BOM-702,19.076247,72.877673
F94E64BF,+91-91761-93218,+91-89120-39656,2025-01-20T20:54:00,585,VOICE,BOM-447,19.044859,72.856249,BOM-621,19.13589,72.829622
2C4D09CB,+91-77540-52357,+91-77540-74257,2025-01-04T20:12:00,1620,VOICE,BOM-318,19.119968,72.846847,BOM-318,19.119808,72.846523
01BF0D53,+91-63990-29689,+91-87890-91888,2025-02-06T18:56:00,570,VOICE,BOM-901,19.029762,72.855733,BOM-212,19.041689,72.864062
B700205B,+91-75300-52298,+91-80720-20135,2025-02-24T13:51:00,10,SMS,BOM-621,19.136102,72.830074,BOM-901,19.029434,72.855736
83973A61,+91-89120-49855,+91-89120-44136,2025-01-08T22:37:00,1188,VOICE,BOM-447,19.044556,72.855592,BOM-244,19.098527,72.848985
348647DB,+91-87890-74401,+91-75300-65194,2025-03-15T07:56:00,1313,VOICE,BOM-212,19.041422,72.863326,BOM-244,19.099297,72.848717
3EFF5B60,+91-75300-16151,+91-91761-31231,2025-03-13T15:27:00,26,SMS,BOM-318,19.119648,72.846637,BOM-318,19.119399,72.846433
EC9BC1F8,+91-93400-12958,+91-63990-39099,2025-02-14T22:58:00,1394,VOICE,BOM-519,19.066265,72.878485,BOM-212,19.041568,72.863297
EDC182C6,+91-93400-31831,+91-75300-95631,2025-02-16T14:50:00,670,VOICE,BOM-103,18.96374,72.833967,BOM-212,19.041389,72.863845
1338B97A,+91-80720-36731,+91-87890-40569,2025-02-03T23:45:00,983,VOICE,BOM-212,19.041102,72.863801,BOM-244,19.098932,72.848676
B3D84447,+91-89120-82264,+91-75300-55121,2025-01-21T15:47:00,598,VOICE,BOM-447,19.044287,72.855463,BOM-244,19.09928,72.848714
DF4BFDEB,+91-93400-69092,+91-88200-14326,2025-01-19T10:50:00,5,SMS,BOM-621,19.135941,72.829211,BOM-318,19.119541,72.847
250711F0,+91-89120-36630,+91-70420-53695,2025-01-30T22:32:00,470,VOICE,BOM-519,19.065925,72.878118,BOM-212,19.041774,72.863269
AB1FBBFF,+91-75300-10994,+91-91761-29821,2025-01-06T20:06:00,232,VOICE,BOM-244,19.098739,72.848744,BOM-702,19.076019,72.877689
1FCB2050,+91-91761-86529,+91-93400-69725,2025-01-14T22:46:00,1412,VOICE,BOM-901,19.030087,72.85568,BOM-212,19.041162,72.863279
1674E9E8,+91-88200-69889,+91-88200-56643,2025-02-20T10:39:00,285,VOICE,BOM-212,19.041584,72.863852,BOM-244,19.09859,72.849183
8E75BEE2,+91-88200-93590,+91-77540-38553,2025-02-22T08:37:00,581,VOICE,BOM-244,19.099051,72.849453,BOM-901,19.02928,72.855566
734033A6,+91-89120-92201,+91-63990-18997,2025-02-14T09:08:00,1356,VOICE,BOM-621,19.136447,72.829815,BOM-447,19.044398,72.855729
0FAE5C66,+91-91761-52294,+91-63990-34368,2025-02-15T14:04:00,1360,VOICE,BOM-702,19.075772,72.87798,BOM-212,19.04091,72.863888
66F1F5D4,+91-75300-93208,+91-77540-23936,2025-02-23T22:02:00,908,VOICE,BOM-103,18.963502,72.833767,BOM-212,19.041163,72.864149
26E24397,+91-87890-77392,+91-80720-92468,2025-02-22T14:33:00,1188,VOICE,BOM-519,19.066559,72.878307,BOM-103,18.963668,72.834371
273C0D5D,+91-93400-50078,+91-93400-99641,2025-03-15T19:37:00,582,VOICE,BOM-702,19.076254,72.877939,BOM-244,19.099365,72.849291
11535B35,+91-91761-89211,+91-70420-53157,2025-01-04T12:24:00,29,VOICE,BOM-447,19.044567,72.856084,BOM-212,19.041567,72.86395
4062CCCF,+91-80720-94148,+91-87890-49986,2025-02-20T18:57:00,48,SMS,BOM-901,19.029356,72.85552,BOM-103,18.963703,72.834489
13025795,+91-88200-27836,+91-80720-72760,2025-01-29T16:00:00,640,VOICE,BOM-318,19.11985,72.846946,BOM-621,19.135594,72.829717
5EA85133,+91-63990-99817,+91-77540-62799,2025-01-19T21:11:00,108,VOICE,BOM-901,19.029517,72.855051,BOM-447,19.044345,72.856192
145DC326,+91-87890-96409,+91-91761-12826,2025-03-12T19:21:00,48,SMS,BOM-901,19.03009,72.855558,BOM-808,19.054072,72.900727
A4E79A9F,+91-88200-68973,+91-88200-29527,2025-02-11T09:51:00,29,SMS,BOM-519,19.0667,72.878239,BOM-447,19.044858,72.85619
5012661C,+91-93400-47899,+91-87890-13703,2025-03-14T20:25:00,977,VOICE,BOM-901,19.029997,72.855731,BOM-212,19.041672,72.863327
79993157,+91-89120-41519,+91-89120-61007,2025-03-11T17:24:00,1633,VOICE,BOM-212,19.041401,72.864174,BOM-447,19.043998,72.855532
D68539DC,+91-93400-63834,+91-87890-45591,2025-03-05T08:10:00,17,SMS,BOM-318,19.11969,72.84714,BOM-808,19.054885,72.900765
68550647,+91-89120-69637,+91-89120-81009,2025-03-09T21:30:00,615,VOICE,BOM-621,19.135829,72.829358,BOM-901,19.029858,72.855766
80464A87,+91-91761-32310,+91-77540-55140,2025-02-27T07:19:00,1630,VOICE,BOM-621,19.135542,72.829827,BOM-318,19.119531,72.846638
5410F8EC,+91-88200-24543,+91-89120-31913,2025-03-12T09:30:00,946,VOICE,BOM-621,19.135806,72.829507,BOM-318,19.120025,72.84706
3F2A5777,+91-93400-16470,+91-87890-38917,2025-02-26T20:27:00,511,VOICE,BOM-808,19.054394,72.900534,BOM-447,19.044412,72.856111
978E3772,+91-77540-82553,+91-80720-94839,2025-01-11T16:22:00,45,SMS,BOM-103,18.963308,72.834662,BOM-447,19.044595,72.855741
18B15139,+91-63990-68407,+91-89120-85399,2025-03-06T09:14:00,23,SMS,BOM-808,19.054148,72.900336,BOM-901,19.029671,72.854849
F6E356F0,+91-89120-68920,+91-91761-78349,2025-01-31T14:36:00,324,VOICE,BOM-212,19.041885,72.86386,BOM-901,19.02913,72.85572
368A2E04,+91-77540-48307,+91-88200-91389,2025-02-17T09:12:00,10,SMS,BOM-212,19.041291,72.863379,BOM-212,19.041009,72.863476
6F7F7B74,+91-98400-22222,+91-98400-11111,2025-02-09T19:41:00,1338,VOICE,BOM-212,19.041713,72.86387,BOM-808,19.054508,72.900018
306CD230,+91-80720-63017,+91-89120-82327,2025-01-10T16:57:00,481,VOICE,BOM-621,19.136338,72.829768,BOM-808,19.054699,72.900059
F516A3B6,+91-80720-26299,+91-77540-12135,2025-03-13T10:45:00,27,SMS,BOM-702,19.075929,72.877483,BOM-621,19.136262,72.829498
5510C649,+91-98400-11111,+91-98400-33333,2025-01-10T22:50:00,1759,VOICE,BOM-212,19.041239,72.863893,BOM-702,19.076252,72.878059
9BB6C48F,+91-75300-96624,+91-93400-52917,2025-01-29T22:51:00,222,VOICE,BOM-103,18.963365,72.833807,BOM-808,19.054686,72.900188
CFC30A57,+91-75300-33467,+91-93400-81299,2025-02-21T21:24:00,17,SMS,BOM-103,18.963569,72.834357,BOM-447,19.044834,72.855752
9E90EE16,+91-77540-40794,+91-77540-10250,2025-02-15T12:59:00,58,SMS,BOM-244,19.098671,72.849278,BOM-244,19.098562,72.848951
0BBAF079,+91-98400-22222,+91-98400-11111,2025-01-11T17:38:00,795,VOICE,BOM-447,19.043966,72.855575,BOM-244,19.099031,72.848954
73608C45,+91-77540-45755,+91-89120-96918,2025-01-28T07:33:00,867,VOICE,BOM-212,19.041146,72.863698,BOM-212,19.041787,72.863226
26F46950,+91-87890-43388,+91-87890-95986,2025-01-05T21:27:00,17,SMS,BOM-621,19.136105,72.829289,BOM-519,19.066368,72.878244
BA1C5758,+91-70420-55770,+91-80720-34888,2025-01-06T20:38:00,33,SMS,BOM-318,19.119265,72.846428,BOM-212,19.041218,72.863748
3135D509,+91-98400-11111,+91-98400-22222,2025-03-14T13:07:00,17,SMS,BOM-447,19.0444,72.8558,BOM-212,19.040942,72.864154
14E4F5D0,+91-93400-77589,+91-93400-59556,2025-01-25T23:41:00,833,VOICE,BOM-621,19.135742,72.829773,BOM-318,19.119897,72.846919
34982780,+91-77540-65389,+91-80720-81442,2025-02-21T21:01:00,30,SMS,BOM-519,19.065987,72.877961,BOM-212,19.041302,72.863363
FF95A4F9,+91-88200-33431,+91-88200-60364,2025-02-25T14:16:00,157,VOICE,BOM-702,19.076211,72.87791,BOM-318,19.11952,72.847175
72AC44BC,+91-63990-68349,+91-63990-98716,2025-02-01T18:12:00,36,SMS,BOM-519,19.066168,72.878574,BOM-702,19.076103,72.877794
5545D0FC,+91-88200-95750,+91-70420-41631,2025-02-07T15:51:00,45,SMS,BOM-519,19.06602,72.878612,BOM-808,19.054354,72.900789
111A91A4,+91-63990-75564,+91-93400-51218,2025-02-20T18:08:00,693,VOICE,BOM-808,19.054897,72.900504,BOM-103,18.963607,72.83385
B1D8CBE4,+91-70420-88195,+91-91761-15377,2025-01-16T09:34:00,1787,VOICE,BOM-519,19.065879,72.8781,BOM-318,19.120011,72.846679
15B89A87,+91-70420-57799,+91-63990-48802,2025-02-06T20:35:00,523,VOICE,BOM-447,19.044837,72.855671,BOM-702,19.076211,72.87754
29C662FE,+91-77540-43820,+91-91761-46971,2025-01-28T10:39:00,1198,VOICE,BOM-318,19.119489,72.847155,BOM-103,18.962866,72.833724
BF245260,+91-91761-46511,+91-89120-18304,2025-01-30T16:15:00,520,VOICE,BOM-318,19.119565,72.847042,BOM-318,19.119686,72.8469
1D851B9B,+91-77540-13463,+91-63990-21590,2025-01-18T16:50:00,1203,VOICE,BOM-103,18.963173,72.834321,BOM-244,19.099378,72.848554
45B3CFB3,+91-91761-91685,+91-77540-44671,2025-01-22T17:59:00,43,SMS,BOM-244,19.098569,72.848878,BOM-318,19.119309,72.846502
247C385B,+91-98400-33333,+91-98400-44444,2025-01-31T08:42:00,1428,VOICE,BOM-447,19.044365,72.85546,BOM-212,19.041539,72.864141
1F70E146,+91-77540-55560,+91-70420-54607,2025-02-22T18:40:00,497,VOICE,BOM-519,19.066117,72.878752,BOM-702,19.07545,72.877288
9398D6DE,+91-80720-50254,+91-89120-84878,2025-03-11T12:41:00,1528,VOICE,BOM-447,19.044434,72.855347,BOM-621,19.135885,72.829452
1742F243,+91-80720-27932,+91-77540-20008,2025-02-27T22:21:00,289,VOICE,BOM-519,19.066392,72.878665,BOM-901,19.029607,72.855141
A8EAC292,+91-88200-35652,+91-91761-34854,2025-01-01T07:55:00,1021,VOICE,BOM-808,19.054926,72.90094,BOM-702,19.075784,72.877508
C8B0122C,+91-89120-43442,+91-77540-36659,2025-03-04T21:18:00,1522,VOICE,BOM-318,19.119791,72.847019,BOM-318,19.119736,72.846589
C9418B12,+91-75300-39296,+91-89120-45760,2025-02-25T07:48:00,52,SMS,BOM-621,19.136387,72.829679,BOM-244,19.098522,72.848768
1EC38646,+91-89120-59924,+91-88200-97334,2025-01-30T19:28:00,89,VOICE,BOM-244,19.099176,72.848618,BOM-318,19.119962,72.846758
7EC45C5A,+91-63990-28328,+91-70420-22531,2025-01-06T09:07:00,539,VOICE,BOM-103,18.963107,72.833924,BOM-212,19.041092,72.863842
42757A17,+91-93400-62948,+91-88200-70806,2025-02-06T21:10:00,834,VOICE,BOM-621,19.135503,72.82993,BOM-901,19.029756,72.855483
071967FD,+91-70420-94843,+91-63990-58623,2025-02-08T09:45:00,1456,VOICE,BOM-519,19.066787,72.877902,BOM-901,19.029642,72.854901
1B3A82F3,+91-93400-28141,+91-75300-41278,2025-03-11T10:41:00,52,SMS,BOM-244,19.099371,72.849203,BOM-519,19.06612,72.878798
5794F415,+91-91761-21412,+91-70420-21613,2025-03-06T16:08:00,15,SMS,BOM-318,19.11958,72.847138,BOM-621,19.136415,72.829626
93C21197,+91-87890-99832,+91-80720-83125,2025-02-25T18:11:00,1788,VOICE,BOM-702,19.076255,72.877971,BOM-702,19.076128,72.877414
9EE07108,+91-87890-90402,+91-89120-20775,2025-02-11T14:28:00,518,VOICE,BOM-103,18.962955,72.834693,BOM-447,19.044394,72.856133
1A8F0DBA,+91-75300-46157,+91-88200-58001,2025-03-07T21:53:00,1380,VOICE,BOM-901,19.03001,72.85571,BOM-702,19.075588,72.877787
C8AC52D1,+91-77540-62789,+91-91761-41553,2025-01-07T20:46:00,1615,VOICE,BOM-244,19.099389,72.849173,BOM-447,19.043927,72.856114
090C1E92,+91-88200-59093,+91-63990-31860,2025-02-24T15:56:00,370,VOICE,BOM-808,19.054029,72.900258,BOM-212,19.041411,72.863984
7637995B,+91-63990-51483,+91-88200-42204,2025-01-17T22:20:00,1399,VOICE,BOM-212,19.041687,72.863286,BOM-447,19.04482,72.856169
F5625F8A,+91-63990-58717,+91-70420-23894,2025-01-10T22:53:00,76,VOICE,BOM-318,19.119565,72.846379,BOM-212,19.040912,72.864031
3F5866E9,+91-75300-90699,+91-88200-26884,2025-02-02T13:35:00,12,SMS,BOM-318,19.11981,72.846388,BOM-702,19.075586,72.877917
0F963288,+91-88200-56529,+91-87890-78417,2025-02-10T23:05:00,355,VOICE,BOM-621,19.136211,72.82994,BOM-103,18.963242,72.834395
83472397,+91-75300-81006,+91-91761-99901,2025-02-17T17:47:00,744,VOICE,BOM-702,19.076399,72.877313,BOM-244,19.099269,72.849394
930A3D1B,+91-77540-24714,+91-87890-68645,2025-01-20T13:29:00,735,VOICE,BOM-808,19.054283,72.900466,BOM-519,19.066527,72.878612
6A626031,+91-88200-42065,+91-80720-94902,2025-01-15T08:17:00,48,SMS,BOM-901,19.029376,72.855628,BOM-447,19.044386,72.855615
C48B7535,+91-91761-19996,+91-75300-48806,2025-03-07T10:45:00,1117,VOICE,BOM-318,19.12007,72.846843,BOM-103,18.9633,72.834101
FA3579BC,+91-88200-73787,+91-88200-48114,2025-01-12T11:31:00,803,VOICE,BOM-244,19.098685,72.848575,BOM-103,18.963473,72.834535
E3B9D7C6,+91-87890-71461,+91-63990-86757,2025-01-09T11:41:00,1026,VOICE,BOM-901,19.029702,72.855585,BOM-244,19.099051,72.848502
CC6D9EF6,+91-77540-70079,+91-77540-29523,2025-01-30T09:02:00,1016,VOICE,BOM-447,19.044371,72.856218,BOM-447,19.044143,72.855949
94BD269B,+91-77540-26270,+91-88200-82540,2025-02-17T12:09:00,518,VOICE,BOM-447,19.044225,72.855472,BOM-621,19.136013,72.829121
BCBE54A5,+91-77540-12253,+91-80720-13110,2025-02-08T10:39:00,1790,VOICE,BOM-702,19.075643,72.877277,BOM-702,19.076272,72.877326
4E40C696,+91-91761-30527,+91-70420-33580,2025-03-06T09:22:00,112,VOICE,BOM-103,18.963387,72.834699,BOM-702,19.075539,72.878045
EB756F8D,+91-93400-70542,+91-80720-13830,2025-02-01T07:31:00,985,VOICE,BOM-318,19.11958,72.846772,BOM-318,19.119975,72.847073
35E5D50C,+91-63990-34625,+91-91761-27262,2025-02-03T18:59:00,1061,VOICE,BOM-318,19.119573,72.846907,BOM-212,19.041493,72.863282
BAF3008B,+91-63990-33496,+91-80720-22624,2025-03-09T11:15:00,1284,VOICE,BOM-103,18.963052,72.834054,BOM-808,19.054079,72.900959
8248F70A,+91-89120-86503,+91-75300-85985,2025-02-08T22:26:00,230,VOICE,BOM-212,19.040951,72.864153,BOM-244,19.098973,72.848807
DC6E27D1,+91-88200-26969,+91-87890-15471,2025-01-14T08:31:00,1346,VOICE,BOM-702,19.075832,72.877503,BOM-519,19.065821,72.877955
5F27C339,+91-91761-18600,+91-87890-76426,2025-02-21T11:49:00,370,VOICE,BOM-519,19.066675,72.878101,BOM-447,19.044149,72.855756
41CEAE35,+91-87890-68898,+91-88200-21871,2025-03-09T23:15:00,22,SMS,BOM-519,19.066615,72.878255,BOM-244,19.099319,72.849008
B974A784,+91-88200-56399,+91-88200-75828,2025-02-06T15:27:00,640,VOICE,BOM-212,19.041847,72.863607,BOM-702,19.076245,72.877835
CC357E2A,+91-89120-57281,+91-63990-49669,2025-01-12T11:08:00,405,VOICE,BOM-212,19.041716,72.863896,BOM-519,19.066659,72.878109
0869504C,+91-87890-61131,+91-80720-92656,2025-02-15T22:05:00,52,SMS,BOM-519,19.06594,72.878093,BOM-244,19.098738,72.848889
8E4396FE,+91-93400-48365,+91-88200-70485,2025-03-12T07:18:00,1024,VOICE,BOM-244,19.098964,72.849377,BOM-702,19.075516,72.87772
9CF22268,+91-75300-32005,+91-80720-97821,2025-02-12T21:00:00,444,VOICE,BOM-519,19.066493,72.87825,BOM-212,19.04162,72.863248
5AFBD56F,+91-75300-51101,+91-70420-46974,2025-01-27T11:52:00,54,SMS,BOM-808,19.054297,72.900128,BOM-519,19.066775,72.878157
AD33DCCC,+91-77540-48568,+91-75300-25336,2025-03-07T15:56:00,1436,VOICE,BOM-901,19.030066,72.855363,BOM-519,19.066557,72.878861
B285105A,+91-87890-75361,+91-63990-44023,2025-01-20T22:32:00,59,SMS,BOM-212,19.04122,72.863447,BOM-702,19.075721,72.877965
5B474EDE,+91-93400-31385,+91-70420-36429,2025-01-14T21:35:00,179,VOICE,BOM-212,19.041708,72.863232,BOM-447,19.04411,72.856219
9AC22D96,+91-89120-27203,+91-70420-67236,2025-02-07T10:40:00,1017,VOICE,BOM-103,18.963781,72.834299,BOM-901,19.029624,72.854829
19201773,+91-63990-24938,+91-89120-39712,2025-01-16T14:31:00,711,VOICE,BOM-702,19.076169,72.87797,BOM-103,18.963067,72.833851
99B7C086,+91-63990-41766,+91-77540-31868,2025-01-01T22:07:00,647,VOICE,BOM-103,18.96288,72.834026,BOM-519,19.066023,72.878767
6C1C58C0,+91-75300-25325,+91-88200-87313,2025-02-28T13:27:00,41,SMS,BOM-244,19.099386,72.848549,BOM-447,19.044031,72.856288
DB8B8AC6,+91-63990-74674,+91-70420-82953,2025-02-02T23:48:00,57,SMS,BOM-103,18.963548,72.834114,BOM-702,19.07578,72.877861
8C4A71FE,+91-75300-67363,+91-77540-61352,2025-02-11T11:38:00,200,VOICE,BOM-318,19.119706,72.846542,BOM-447,19.043933,72.855683
2201AE00,+91-88200-69105,+91-89120-34548,2025-02-17T20:00:00,263,VOICE,BOM-519,19.066055,72.878073,BOM-103,18.963748,72.834507
82803354,+91-88200-10854,+91-75300-76787,2025-03-02T22:10:00,149,VOICE,BOM-808,19.054673,72.900095,BOM-901,19.029442,72.855487
2C8D4BF2,+91-63990-39385,+91-91761-71196,2025-01-05T18:26:00,537,VOICE,BOM-808,19.054355,72.900883,BOM-621,19.135678,72.829161
9E1E3727,+91-87890-93520,+91-75300-86778,2025-01-18T09:07:00,1547,VOICE,BOM-901,19.029273,72.855753,BOM-702,19.076361,72.877252
4C98FFC7,+91-75300-63144,+91-93400-35068,2025-01-14T21:08:00,38,VOICE,BOM-519,19.066195,72.878473,BOM-103,18.963646,72.83378
16E779A1,+91-91761-76269,+91-80720-46418,2025-02-02T11:39:00,578,VOICE,BOM-621,19.135514,72.829212,BOM-318,19.12011,72.847039
D3AC3C28,+91-63990-53959,+91-93400-29813,2025-01-19T11:54:00,1599,VOICE,BOM-901,19.029139,72.855477,BOM-212,19.04188,72.863202
28FEFF12,+91-91761-68918,+91-87890-41624,2025-02-01T08:13:00,48,SMS,BOM-318,19.120008,72.847214,BOM-901,19.029167,72.855214
B9D4EAB0,+91-77540-72301,+91-87890-13279,2025-02-03T11:01:00,31,SMS,BOM-901,19.029455,72.855108,BOM-901,19.029451,72.855098
590D11C9,+91-80720-41531,+91-70420-70404,2025-01-24T15:01:00,47,SMS,BOM-103,18.963253,72.833966,BOM-103,18.962884,72.834131
884106F0,+91-98400-22222,+91-98400-11111,2025-01-11T09:27:00,1154,VOICE,BOM-447,19.044645,72.855673,BOM-447,19.044486,72.855862
F4D1E7EB,+91-93400-89505,+91-91761-94560,2025-01-01T16:39:00,135,VOICE,BOM-808,19.054738,72.900885,BOM-103,18.963045,72.833962
2EB0DDA2,+91-70420-40121,+91-63990-17261,2025-03-03T17:18:00,428,VOICE,BOM-447,19.044473,72.855672,BOM-901,19.029242,72.855038
3746C7A8,+91-87890-83632,+91-75300-48408,2025-01-30T11:51:00,31,SMS,BOM-244,19.099055,72.848713,BOM-808,19.054345,72.900595
C08260D4,+91-70420-86065,+91-77540-10110,2025-02-12T22:51:00,849,VOICE,BOM-244,19.098546,72.849454,BOM-447,19.044102,72.85621
7C5E9B3D,+91-63990-33634,+91-88200-13124,2025-01-27T19:36:00,574,VOICE,BOM-244,19.099269,72.849141,BOM-244,19.099282,72.848698
9322D829,+91-89120-93634,+91-80720-25725,2025-01-12T11:24:00,242,VOICE,BOM-318,19.119453,72.846767,BOM-212,19.041539,72.864123
B46D7B17,+91-98400-22222,+91-98400-12345,2025-03-04T11:28:00,34,SMS,BOM-212,19.041245,72.863752,BOM-702,19.07627,72.878181
07D2439D,+91-93400-67544,+91-87890-73802,2025-02-21T21:45:00,28,SMS,BOM-519,19.066263,72.878316,BOM-447,19.044145,72.855446
A38ACE39,+91-80720-77652,+91-91761-36894,2025-01-05T21:24:00,23,VOICE,BOM-621,19.136432,72.829787,BOM-244,19.099372,72.848833
FF794000,+91-89120-65976,+91-91761-88010,2025-01-10T15:22:00,33,SMS,BOM-519,19.066777,72.87831,BOM-447,19.044472,72.856051
91D6CC15,+91-93400-72419,+91-80720-46487,2025-02-28T08:34:00,977,VOICE,BOM-318,19.11984,72.84662,BOM-447,19.044888,72.856074
98AB0131,+91-93400-23113,+91-87890-91201,2025-01-09T13:20:00,33,SMS,BOM-702,19.076016,72.877506,BOM-244,19.098652,72.849067
B7723368,+91-91761-36058,+91-63990-42914,2025-03-05T12:48:00,550,VOICE,BOM-244,19.099104,72.848587,BOM-103,18.963751,72.833797
6C588814,+91-89120-98805,+91-89120-29326,2025-01-16T21:11:00,448,VOICE,BOM-519,19.065926,72.878323,BOM-808,19.054202,72.900823
EF443E36,+91-75300-62719,+91-70420-10489,2025-02-27T19:45:00,346,VOICE,BOM-103,18.963652,72.83382,BOM-318,19.119987,72.846945
4AB9A7E7,+91-88200-81835,+91-80720-89922,2025-01-19T09:54:00,978,VOICE,BOM-621,19.136109,72.82964,BOM-901,19.029405,72.854805
51F75D2E,+91-91761-79810,+91-87890-68852,2025-01-05T17:09:00,511,VOICE,BOM-212,19.04157,72.86404,BOM-318,19.120014,72.84684
D38BBFE3,+91-91761-96606,+91-70420-92683,2025-02-03T10:54:00,496,VOICE,BOM-702,19.076084,72.877951,BOM-244,19.099013,72.849004
A7D2D073,+91-89120-16665,+91-89120-96755,2025-02-08T22:50:00,164,VOICE,BOM-702,19.075925,72.878157,BOM-103,18.962868,72.834205
73A9A8F3,+91-93400-65905,+91-87890-55188,2025-01-31T23:00:00,591,VOICE,BOM-318,19.119265,72.846363,BOM-702,19.076303,72.87726
E742DCEE,+91-88200-61483,+91-77540-20636,2025-01-10T07:57:00,48,SMS,BOM-212,19.041253,72.864013,BOM-244,19.098858,72.848677
FDF3923A,+91-70420-27619,+91-91761-27516,2025-01-29T15:39:00,163,VOICE,BOM-519,19.066525,72.878872,BOM-103,18.963021,72.834121
698775B0,+91-93400-20322,+91-75300-85583,2025-01-24T11:49:00,1369,VOICE,BOM-318,19.119683,72.846358,BOM-702,19.075998,72.87748
C254B930,+91-98400-22222,+91-98400-11111,2025-01-27T13:16:00,335,VOICE,BOM-447,19.044057,72.855474,BOM-447,19.044309,72.855989
17F50599,+91-77540-44608,+91-91761-63522,2025-02-07T17:03:00,1702,VOICE,BOM-702,19.075619,72.878165,BOM-318,19.119456,72.846316
7C872157,+91-70420-93743,+91-88200-39328,2025-03-13T12:30:00,35,SMS,BOM-901,19.03002,72.85575,BOM-212,19.041021,72.86396
E6E3A3D1,+91-70420-45939,+91-91761-95290,2025-01-30T18:57:00,54,SMS,BOM-519,19.065879,72.878514,BOM-702,19.075979,72.877271
D3262298,+91-98400-77777,+91-80720-59941,2025-02-02T17:16:00,29,SMS,BOM-318,19.11957,72.846532,BOM-318,19.120066,72.846519
152E42FB,+91-98400-22222,+91-98400-33333,2025-02-21T18:28:00,58,VOICE,BOM-212,19.041021,72.863425,BOM-244,19.099054,72.849088
42B21F47,+91-91761-11880,+91-80720-21284,2025-01-31T21:55:00,568,VOICE,BOM-447,19.044603,72.85578,BOM-318,19.119415,72.846698
5D58F6A2,+91-70420-93084,+91-63990-17094,2025-02-09T23:02:00,1120,VOICE,BOM-244,19.09865,72.849002,BOM-519,19.065953,72.878574
05EE1F46,+91-91761-23574,+91-63990-85836,2025-01-02T13:37:00,398,VOICE,BOM-447,19.044798,72.856047,BOM-244,19.099295,72.848514
EEE5E011,+91-91761-25807,+91-87890-74336,2025-02-25T16:57:00,750,VOICE,BOM-212,19.041732,72.863713,BOM-901,19.029545,72.855188
C5E9E2E7,+91-70420-72102,+91-91761-23641,2025-03-06T23:29:00,56,SMS,BOM-212,19.041577,72.863624,BOM-244,19.099088,72.848887
4609A957,+91-80720-51150,+91-70420-67098,2025-02-21T20:09:00,35,SMS,BOM-447,19.044234,72.85567,BOM-621,19.135736,72.829979
1FDA2BB2,+91-77540-18789,+91-93400-54342,2025-02-01T22:24:00,335,VOICE,BOM-244,19.09933,72.849447,BOM-519,19.066556,72.87812
49FF1BBE,+91-87890-28377,+91-75300-26812,2025-03-03T23:58:00,17,SMS,BOM-447,19.04468,72.855361,BOM-901,19.030007,72.854946
D3CEDC2D,+91-63990-41764,+91-88200-50568,2025-01-14T11:51:00,1077,VOICE,BOM-901,19.029698,72.8555,BOM-447,19.044286,72.855309
1B13C844,+91-98400-33333,+91-98400-44444,2025-01-29T14:08:00,866,VOICE,BOM-212,19.041053,72.863948,BOM-103,18.963713,72.834457
829C44F8,+91-87890-16907,+91-91761-72992,2025-01-22T20:50:00,1323,VOICE,BOM-318,19.119313,72.846473,BOM-103,18.963191,72.83378
4CAF97E3,+91-77540-46214,+91-70420-42590,2025-03-11T11:11:00,1662,VOICE,BOM-103,18.962824,72.833909,BOM-808,19.054394,72.90016
83993CC4,+91-63990-29623,+91-91761-71573,2025-01-18T23:44:00,977,VOICE,BOM-808,19.054723,72.900444,BOM-447,19.044187,72.855456
2AC5433D,+91-89120-87831,+91-77540-78843,2025-01-05T23:06:00,34,SMS,BOM-447,19.044778,72.855546,BOM-103,18.963196,72.834435
6342B92F,+91-75300-77215,+91-88200-71080,2025-01-13T22:48:00,431,VOICE,BOM-702,19.075713,72.877246,BOM-519,19.066541,72.877916
AE798C02,+91-80720-28580,+91-89120-27540,2025-01-04T18:36:00,324,VOICE,BOM-244,19.098786,72.848571,BOM-808,19.054218,72.900152
F75E831A,+91-77540-83448,+91-91761-18486,2025-03-09T21:02:00,164,VOICE,BOM-447,19.044388,72.855877,BOM-212,19.041889,72.863319
6C609593,+91-87890-85327,+91-89120-55267,2025-01-08T16:15:00,23,SMS,BOM-212,19.041298,72.863552,BOM-103,18.963186,72.834576
A41031B1,+91-88200-86157,+91-63990-33819,2025-02-07T08:56:00,49,SMS,BOM-621,19.136335,72.829476,BOM-103,18.963049,72.833965
4E6C1EE1,+91-89120-88793,+91-89120-27550,2025-01-08T10:09:00,1031,VOICE,BOM-808,19.054198,72.900481,BOM-621,19.136088,72.829378
1EAD73F2,+91-87890-60006,+91-88200-21484,2025-03-03T21:47:00,15,SMS,BOM-244,19.099309,72.849089,BOM-212,19.041887,72.863424
9EDF567B,+91-63990-17249,+91-63990-56348,2025-01-18T21:49:00,54,VOICE,BOM-519,19.066009,72.878617,BOM-621,19.136333,72.829124
40C553D6,+91-87890-71437,+91-70420-67718,2025-03-14T11:25:00,753,VOICE,BOM-212,19.041607,72.863497,BOM-212,19.041586,72.863974
24FCDF97,+91-70420-76757,+91-88200-19905,2025-02-19T22:09:00,260,VOICE,BOM-447,19.044704,72.855554,BOM-621,19.136243,72.829892
4E4CEED2,+91-77540-85659,+91-75300-19310,2025-01-26T16:01:00,1170,VOICE,BOM-244,19.099318,72.84897,BOM-519,19.066334,72.878187
F7217906,+91-63990-82130,+91-77540-62939,2025-03-09T21:41:00,1625,VOICE,BOM-244,19.099077,72.849338,BOM-808,19.054752,72.900523
3E2DE50A,+91-89120-17330,+91-88200-79922,2025-02-17T10:20:00,35,SMS,BOM-519,19.066763,72.878779,BOM-318,19.119563,72.847016
3F97D251,+91-91761-59825,+91-70420-49678,2025-01-11T07:48:00,300,VOICE,BOM-212,19.041684,72.863561,BOM-103,18.963114,72.834657
0362245C,+91-93400-28850,+91-88200-18860,2025-01-27T17:13:00,35,SMS,BOM-808,19.054692,72.900358,BOM-318,19.119418,72.846829
82100FA0,+91-63990-80303,+91-80720-20736,2025-03-15T14:39:00,58,SMS,BOM-103,18.96288,72.834645,BOM-702,19.075976,72.878088
5F2E5E45,+91-91761-56365,+91-63990-10761,2025-02-15T13:07:00,598,VOICE,BOM-447,19.044034,72.855721,BOM-702,19.076301,72.87736
A8825595,+91-70420-32815,+91-75300-24111,2025-02-27T19:08:00,415,VOICE,BOM-621,19.135991,72.829779,BOM-519,19.066001,72.878062
D253F2DE,+91-98400-22222,+91-98400-12345,2025-01-15T12:19:00,30,SMS,BOM-447,19.044479,72.856229,BOM-519,19.065876,72.878591
08BC9C09,+91-70420-55059,+91-91761-21672,2025-01-09T11:48:00,1740,VOICE,BOM-519,19.066593,72.877906,BOM-212,19.041305,72.863474
CD96A180,+91-88200-34037,+91-87890-30529,2025-01-23T22:54:00,1490,VOICE,BOM-244,19.099459,72.848924,BOM-318,19.119819,72.847116
16EC1F67,+91-77540-69238,+91-89120-66607,2025-01-27T13:57:00,823,VOICE,BOM-901,19.029381,72.855227,BOM-808,19.054864,72.900746
D2B7D912,+91-98400-22222,+91-98400-33333,2025-01-05T07:19:00,46,SMS,BOM-447,19.044828,72.855635,BOM-103,18.963324,72.834589
0DD0A7D9,+91-70420-53178,+91-70420-96005,2025-02-27T17:46:00,447,VOICE,BOM-447,19.044702,72.855583,BOM-447,19.044644,72.855847
0E7FFA84,+91-87890-42422,+91-80720-91417,2025-01-17T21:38:00,31,SMS,BOM-212,19.041361,72.863703,BOM-212,19.041252,72.863793
20310404,+91-70420-92504,+91-87890-26575,2025-03-07T22:13:00,1621,VOICE,BOM-901,19.029891,72.855415,BOM-318,19.119709,72.847051
DB5FF74C,+91-89120-75130,+91-63990-89443,2025-03-09T22:40:00,1342,VOICE,BOM-212,19.041099,72.86379,BOM-212,19.041714,72.863582
6008DB5B,+91-63990-70768,+91-88200-69267,2025-01-20T11:47:00,31,SMS,BOM-447,19.044773,72.856088,BOM-808,19.05499,72.900632
85F144FE,+91-75300-18286,+91-80720-45899,2025-01-19T20:10:00,1148,VOICE,BOM-318,19.119639,72.847226,BOM-447,19.044033,72.856091
43C87828,+91-87890-28141,+91-63990-99410,2025-02-16T13:49:00,44,SMS,BOM-519,19.066757,72.878082,BOM-212,19.041479,72.86396
29503C3F,+91-75300-71221,+91-70420-97024,2025-03-05T19:55:00,28,VOICE,BOM-244,19.098761,72.84868,BOM-447,19.044369,72.856181
DCC5E435,+91-87890-54123,+91-91761-82776,2025-02-04T10:13:00,812,VOICE,BOM-244,19.09877,72.848513,BOM-702,19.076314,72.877664
2286553D,+91-87890-27709,+91-70420-81260,2025-01-30T16:32:00,395,VOICE,BOM-621,19.135686,72.829866,BOM-808,19.054292,72.900278
70BE0260,+91-89120-40405,+91-89120-93391,2025-01-05T15:06:00,234,VOICE,BOM-244,19.099031,72.849446,BOM-808,19.054498,72.900524
5359252E,+91-80720-89526,+91-63990-42366,2025-01-06T15:21:00,82,VOICE,BOM-808,19.054609,72.900793,BOM-519,19.066125,72.878445
393FCFEB,+91-63990-56391,+91-77540-36034,2025-02-04T23:12:00,1165,VOICE,BOM-519,19.066461,72.878827,BOM-103,18.963745,72.83433
9E9829A6,+91-70420-20878,+91-63990-51726,2025-01-19T21:26:00,471,VOICE,BOM-808,19.054664,72.900069,BOM-244,19.099399,72.848559
C547D2E2,+91-77540-34469,+91-77540-71830,2025-01-21T07:16:00,30,SMS,BOM-901,19.029535,72.855715,BOM-447,19.044432,72.85584
45AD6B66,+91-88200-73733,+91-93400-10746,2025-02-19T12:49:00,7,SMS,BOM-621,19.135683,72.82944,BOM-244,19.099346,72.848729
4A2022C9,+91-89120-94058,+91-93400-86471,2025-03-09T14:50:00,415,VOICE,BOM-447,19.043984,72.856149,BOM-212,19.041876,72.863594
1EF1CFFC,+91-88200-56485,+91-89120-24303,2025-02-20T07:59:00,525,VOICE,BOM-702,19.07598,72.87812,BOM-519,19.066721,72.878416
73EBE738,+91-93400-19186,+91-91761-49371,2025-03-15T22:46:00,20,SMS,BOM-808,19.054708,72.900461,BOM-318,19.120082,72.846558
4C4962BD,+91-70420-69631,+91-89120-81712,2025-02-07T21:02:00,696,VOICE,BOM-447,19.044307,72.855927,BOM-212,19.041375,72.864078
095401A8,+91-70420-78269,+91-77540-51343,2025-02-11T07:25:00,481,VOICE,BOM-244,19.099143,72.848773,BOM-212,19.04096,72.863917
D321D765,+91-70420-99394,+91-87890-71279,2025-01-23T13:49:00,533,VOICE,BOM-621,19.136375,72.830078,BOM-808,19.054398,72.900046
CF8A459D,+91-88200-18926,+91-89120-12147,2025-01-12T21:45:00,349,VOICE,BOM-318,19.119493,72.847181,BOM-447,19.044339,72.856179
8638B505,+91-89120-97887,+91-80720-85527,2025-02-18T13:37:00,938,VOICE,BOM-103,18.963297,72.834505,BOM-447,19.044377,72.855301
145D495F,+91-89120-39473,+91-91761-70557,2025-01-21T22:11:00,342,VOICE,BOM-244,19.098618,72.848888,BOM-702,19.076052,72.877498
5BD9641E,+91-80720-45113,+91-77540-54858,2025-03-06T10:39:00,5,SMS,BOM-212,19.041265,72.863922,BOM-244,19.098932,72.849109
68D31289,+91-93400-33205,+91-87890-86040,2025-02-23T21:21:00,21,SMS,BOM-702,19.075516,72.8772,BOM-103,18.963081,72.834233
723ABD76,+91-70420-57381,+91-63990-72050,2025-01-28T08:13:00,1568,VOICE,BOM-808,19.05427,72.900636,BOM-212,19.041042,72.863474
299D97BE,+91-93400-46698,+91-91761-44463,2025-03-14T10:08:00,26,SMS,BOM-244,19.099272,72.849092,BOM-621,19.136467,72.829837
CA2D4666,+91-75300-84131,+91-89120-64859,2025-02-27T07:24:00,145,VOICE,BOM-244,19.09884,72.849039,BOM-519,19.065802,72.878158
5F33F00E,+91-75300-61163,+91-89120-99895,2025-01-15T12:09:00,740,VOICE,BOM-212,19.041871,72.863568,BOM-519,19.066655,72.878629
80B84994,+91-77540-71994,+91-91761-62165,2025-01-16T21:48:00,6,SMS,BOM-901,19.029274,72.855016,BOM-103,18.963743,72.834424
AD9C2FB3,+91-75300-95387,+91-87890-71549,2025-03-13T21:48:00,861,VOICE,BOM-103,18.962896,72.834691,BOM-519,19.066718,72.878697
E8E40B2D,+91-80720-60298,+91-87890-14602,2025-01-26T16:13:00,1053,VOICE,BOM-901,19.029306,72.85527,BOM-702,19.076362,72.877422
2274C04E,+91-75300-93635,+91-75300-41025,2025-03-09T10:23:00,1112,VOICE,BOM-318,19.119686,72.84716,BOM-519,19.066565,72.87877
B2F6672C,+91-98400-33333,+91-98400-11111,2025-01-21T22:32:00,199,VOICE,BOM-212,19.041399,72.863509,BOM-808,19.054505,72.900967
EDB6A2E9,+91-77540-59017,+91-77540-16763,2025-01-08T10:46:00,20,SMS,BOM-212,19.041212,72.863782,BOM-702,19.075492,72.877265
6238F369,+91-89120-14346,+91-88200-67202,2025-03-02T12:58:00,798,VOICE,BOM-318,19.119928,72.846851,BOM-519,19.066486,72.878655
752F1BDF,+91-63990-28581,+91-91761-25313,2025-02-11T18:39:00,60,SMS,BOM-901,19.029237,72.855732,BOM-318,19.119384,72.847155
9FA0D773,+91-80720-41079,+91-63990-36208,2025-02-18T14:04:00,42,SMS,BOM-901,19.029154,72.855236,BOM-519,19.066728,72.878355
56EC605D,+91-93400-69630,+91-91761-24401,2025-02-01T12:40:00,152,VOICE,BOM-808,19.054136,72.900287,BOM-103,18.963599,72.834378
A025EEDA,+91-75300-31840,+91-89120-49258,2025-02-16T20:12:00,45,SMS,BOM-212,19.04174,72.863736,BOM-621,19.135765,72.829397
14A978EB,+91-75300-89225,+91-89120-26697,2025-03-07T10:25:00,682,VOICE,BOM-103,18.963449,72.834492,BOM-103,18.963261,72.834291
149DDD1D,+91-80720-80022,+91-87890-63786,2025-02-24T23:39:00,1236,VOICE,BOM-519,19.066619,72.877976,BOM-702,19.076227,72.877612
9425F805,+91-75300-32354,+91-70420-72854,2025-03-01T10:46:00,980,VOICE,BOM-621,19.135558,72.829326,BOM-808,19.054975,72.900579
13DE6E1F,+91-91761-16207,+91-80720-37155,2025-01-02T22:04:00,36,SMS,BOM-702,19.075589,72.877883,BOM-318,19.119315,72.846522
8FC94B39,+91-75300-73175,+91-75300-49669,2025-01-25T21:44:00,20,VOICE,BOM-244,19.09932,72.8494,BOM-212,19.041306,72.864191
38CF859F,+91-88200-39563,+91-75300-87120,2025-03-11T13:49:00,617,VOICE,BOM-901,19.029277,72.855483,BOM-318,19.120162,72.847035
466F2788,+91-70420-30016,+91-75300-42873,2025-01-23T18:29:00,1334,VOICE,BOM-447,19.044291,72.855453,BOM-621,19.136006,72.829325
D8110D7C,+91-98400-33333,+91-98400-44444,2025-01-21T18:22:00,1262,VOICE,BOM-447,19.04457,72.856002,BOM-318,19.119734,72.846545
002202C9,+91-93400-46390,+91-70420-25144,2025-01-18T13:26:00,1430,VOICE,BOM-702,19.076363,72.877635,BOM-901,19.029433,72.855791
E9C72751,+91-80720-83347,+91-77540-90601,2025-01-28T23:19:00,936,VOICE,BOM-103,18.962899,72.834456,BOM-901,19.029532,72.855048
7E17C7FA,+91-75300-84907,+91-70420-73846,2025-02-03T11:38:00,175,VOICE,BOM-621,19.135643,72.829719,BOM-447,19.04419,72.855659
48395263,+91-75300-20759,+91-77540-99385,2025-02-22T20:19:00,35,SMS,BOM-621,19.135596,72.82919,BOM-519,19.066719,72.877976
691973FC,+91-93400-25218,+91-89120-58200,2025-01-17T17:24:00,651,VOICE,BOM-447,19.04449,72.85549,BOM-808,19.05498,72.90032
81F74EB5,+91-89120-62486,+91-93400-98736,2025-02-26T16:13:00,19,SMS,BOM-244,19.099104,72.849115,BOM-244,19.098789,72.848701
EC353960,+91-91761-31108,+91-77540-77672,2025-03-08T17:28:00,709,VOICE,BOM-621,19.13586,72.829956,BOM-808,19.05404,72.900713
79C75162,+91-89120-73292,+91-87890-88737,2025-01-08T13:40:00,549,VOICE,BOM-519,19.066313,72.878001,BOM-901,19.029542,72.855395
3A29D624,+91-98400-11111,+91-98400-22222,2025-01-12T20:53:00,1319,VOICE,BOM-212,19.040944,72.863534,BOM-621,19.135662,72.829542
5DD8ABB6,+91-80720-34425,+91-63990-22941,2025-01-28T18:52:00,1018,VOICE,BOM-621,19.135821,72.829497,BOM-103,18.963546,72.834388
2C52D972,+91-89120-30829,+91-91761-65720,2025-02-25T20:28:00,1182,VOICE,BOM-519,19.066248,72.878297,BOM-808,19.05499,72.900325
8D7EE4D8,+91-91761-81840,+91-80720-37165,2025-02-27T12:07:00,480,VOICE,BOM-519,19.065857,72.878584,BOM-447,19.043952,72.856143
174E7119,+91-98400-33333,+91-98400-44444,2025-01-25T09:02:00,1789,VOICE,BOM-447,19.044673,72.856285,BOM-212,19.04128,72.863653
A6F45CFB,+91-63990-62530,+91-91761-10971,2025-01-13T20:20:00,667,VOICE,BOM-901,19.029784,72.855206,BOM-621,19.135831,72.829766
2584F28D,+91-77540-88059,+91-93400-55919,2025-02-08T16:42:00,1477,VOICE,BOM-808,19.05452,72.900248,BOM-702,19.075916,72.877393
A80F2F7E,+91-88200-48206,+91-63990-17708,2025-02-12T11:52:00,1751,VOICE,BOM-519,19.0665,72.877953,BOM-318,19.120057,72.847027
4A532A42,+91-89120-78358,+91-91761-43905,2025-02-01T21:34:00,568,VOICE,BOM-901,19.029103,72.854839,BOM-244,19.098701,72.848845
B5FD60E8,+91-91761-52477,+91-89120-86116,2025-02-14T19:04:00,75,VOICE,BOM-318,19.119432,72.846965,BOM-901,19.030034,72.855276
484B5CD6,+91-89120-33946,+91-88200-20636,2025-03-14T17:16:00,855,VOICE,BOM-519,19.066317,72.878747,BOM-901,19.029108,72.855777
17F956BE,+91-87890-27563,+91-80720-63018,2025-03-10T11:26:00,326,VOICE,BOM-212,19.041533,72.863699,BOM-808,19.05417,72.900782
1A5B0628,+91-93400-21211,+91-87890-10471,2025-01-07T14:22:00,19,SMS,BOM-447,19.044103,72.856215,BOM-103,18.962951,72.834175
CDCDBCC3,+91-93400-56768,+91-91761-81194,2025-02-26T23:39:00,11,SMS,BOM-702,19.076126,72.877394,BOM-244,19.099149,72.8488
DC6BC8D5,+91-91761-90775,+91-70420-46908,2025-02-12T21:21:00,25,SMS,BOM-244,19.099361,72.848588,BOM-244,19.099237,72.849271
10F12BBB,+91-87890-16158,+91-80720-61337,2025-02-02T23:07:00,550,VOICE,BOM-621,19.136462,72.829744,BOM-103,18.963748,72.834198
5975A8A5,+91-91761-56937,+91-88200-29926,2025-01-29T09:52:00,53,SMS,BOM-519,19.065918,72.877926,BOM-519,19.066462,72.87886
4EEB3C5C,+91-80720-12960,+91-75300-94930,2025-01-14T12:59:00,1071,VOICE,BOM-318,19.119752,72.846631,BOM-808,19.054958,72.900232
0A9BF883,+91-91761-26972,+91-75300-77648,2025-03-15T13:31:00,1634,VOICE,BOM-103,18.963118,72.834224,BOM-808,19.054644,72.900682
E7464D10,+91-91761-19188,+91-93400-35191,2025-02-11T19:35:00,207,VOICE,BOM-901,19.030059,72.855034,BOM-808,19.054881,72.900626
437A0D5B,+91-80720-66112,+91-75300-13328,2025-01-18T07:56:00,102,VOICE,BOM-318,19.120002,72.846673,BOM-519,19.066386,72.878778
C46F9B37,+91-63990-31875,+91-77540-75500,2025-01-17T08:13:00,1243,VOICE,BOM-702,19.076242,72.877316,BOM-808,19.054383,72.9003
DC56FB0E,+91-88200-33818,+91-80720-41395,2025-01-02T21:55:00,294,VOICE,BOM-519,19.066168,72.878617,BOM-212,19.041166,72.863585
751C139D,+91-75300-86100,+91-80720-89494,2025-03-13T09:28:00,1007,VOICE,BOM-519,19.066189,72.878265,BOM-244,19.098941,72.849029
088E6048,+91-70420-90897,+91-89120-92611,2025-01-22T10:28:00,41,SMS,BOM-447,19.04427,72.855448,BOM-808,19.054925,72.900585
F3833B76,+91-93400-58339,+91-80720-28939,2025-03-04T12:17:00,722,VOICE,BOM-519,19.066762,72.87881,BOM-901,19.03005,72.855165
05DF1FD0,+91-80720-77709,+91-91761-76432,2025-01-02T17:04:00,30,SMS,BOM-808,19.054043,72.900542,BOM-212,19.04175,72.863418
87E12BED,+91-88200-59724,+91-70420-11267,2025-03-06T23:17:00,949,VOICE,BOM-621,19.135524,72.829849,BOM-901,19.029921,72.855357
1FCDD573,+91-88200-26135,+91-77540-56626,2025-01-20T09:55:00,790,VOICE,BOM-103,18.96352,72.834347,BOM-702,19.075814,72.878112
873E2C6F,+91-93400-12625,+91-93400-63191,2025-02-07T19:49:00,10,SMS,BOM-244,19.098615,72.849195,BOM-447,19.04413,72.856
1B52E263,+91-88200-25389,+91-91761-53239,2025-02-16T14:21:00,360,VOICE,BOM-901,19.029531,72.855064,BOM-447,19.044276,72.855424
FA43E36D,+91-75300-71785,+91-93400-79794,2025-02-12T22:14:00,40,SMS,BOM-447,19.04459,72.855403,BOM-318,19.119431,72.847167
119FB441,+91-77540-55579,+91-93400-47626,2025-02-22T18:21:00,56,SMS,BOM-244,19.098632,72.849278,BOM-447,19.044144,72.855343
80B38961,+91-88200-96356,+91-75300-54541,2025-01-29T20:27:00,53,SMS,BOM-103,18.9631,72.834287,BOM-244,19.099285,72.849422
CDE99263,+91-87890-90685,+91-77540-80668,2025-02-01T08:23:00,18,SMS,BOM-808,19.054275,72.900689,BOM-318,19.119477,72.846971
ABA28FB3,+91-91761-13771,+91-87890-44314,2025-01-31T21:58:00,772,VOICE,BOM-244,19.099184,72.848958,BOM-447,19.044369,72.856171
1282FA82,+91-98400-22222,+91-98400-12345,2025-01-08T07:13:00,607,VOICE,BOM-212,19.041845,72.863967,BOM-702,19.07552,72.877697
9FDD0314,+91-63990-46506,+91-87890-88349,2025-02-24T13:49:00,1657,VOICE,BOM-621,19.13569,72.829786,BOM-103,18.963353,72.833904
164F3879,+91-93400-61516,+91-89120-91962,2025-01-17T13:50:00,486,VOICE,BOM-621,19.13604,72.82961,BOM-621,19.135949,72.830051
A0222413,+91-77540-54208,+91-87890-80955,2025-02-13T20:23:00,1628,VOICE,BOM-244,19.098788,72.849002,BOM-621,19.136458,72.83001
A109A529,+91-75300-65613,+91-77540-91861,2025-01-07T17:57:00,93,VOICE,BOM-103,18.963474,72.834647,BOM-702,19.076219,72.877407
DFB23BF4,+91-77540-58908,+91-70420-73107,2025-01-09T08:50:00,1166,VOICE,BOM-447,19.043991,72.855874,BOM-447,19.04451,72.856144
7CE2241C,+91-70420-93321,+91-80720-45212,2025-02-23T07:27:00,52,SMS,BOM-244,19.098889,72.849225,BOM-808,19.054809,72.900595
74466990,+91-89120-14398,+91-70420-29549,2025-02-27T22:59:00,1196,VOICE,BOM-212,19.040911,72.863717,BOM-702,19.075441,72.877654
318FA4D2,+91-87890-90896,+91-89120-86494,2025-01-24T19:40:00,27,SMS,BOM-519,19.066519,72.878618,BOM-244,19.098978,72.849331
F2C87CB0,+91-75300-22733,+91-93400-39468,2025-01-03T17:14:00,1267,VOICE,BOM-621,19.136228,72.829709,BOM-901,19.029688,72.855435
24C73B19,+91-70420-49588,+91-80720-63381,2025-03-01T12:57:00,750,VOICE,BOM-519,19.06639,72.8788,BOM-808,19.054604,72.900475
6E2E7F58,+91-75300-32874,+91-77540-71447,2025-03-13T14:21:00,17,SMS,BOM-519,19.066627,72.878726,BOM-212,19.041792,72.863446
DC7C73EE,+91-98400-33333,+91-98400-11111,2025-01-04T13:25:00,734,VOICE,BOM-212,19.041179,72.863269,BOM-103,18.9632,72.834681
8B5C5C48,+91-87890-12654,+91-91761-89311,2025-02-25T19:11:00,921,VOICE,BOM-318,19.119299,72.846595,BOM-318,19.1198,72.847129
EECF6BC6,+91-75300-56344,+91-93400-46054,2025-02-26T15:55:00,1341,VOICE,BOM-447,19.044617,72.85543,BOM-447,19.044675,72.855541
55A7B22D,+91-63990-14850,+91-77540-79142,2025-01-06T17:41:00,157,VOICE,BOM-901,19.029195,72.855603,BOM-621,19.135775,72.829854
70CAED95,+91-93400-22040,+91-75300-56803,2025-02-13T09:26:00,1552,VOICE,BOM-212,19.041392,72.863745,BOM-103,18.963216,72.83449
5511DABE,+91-91761-54840,+91-77540-65591,2025-03-02T21:56:00,595,VOICE,BOM-808,19.05437,72.900413,BOM-901,19.029266,72.855458
3318E2F5,+91-93400-30669,+91-88200-21980,2025-02-13T08:03:00,1335,VOICE,BOM-318,19.119901,72.847091,BOM-318,19.119688,72.846617
2F5EFD0F,+91-77540-93665,+91-88200-98063,2025-02-15T23:19:00,1736,VOICE,BOM-103,18.962981,72.833798,BOM-318,19.119941,72.847025
E7576C11,+91-91761-13666,+91-87890-69910,2025-01-16T19:00:00,84,VOICE,BOM-244,19.098944,72.849408,BOM-702,19.076363,72.877668
FC05043E,+91-89120-62717,+91-63990-35668,2025-01-29T07:38:00,518,VOICE,BOM-702,19.07625,72.8776,BOM-621,19.136469,72.830078
7C96D592,+91-77540-80505,+91-93400-10873,2025-03-04T07:23:00,592,VOICE,BOM-244,19.098927,72.848945,BOM-318,19.120031,72.846595
4E7EA041,+91-77540-88541,+91-89120-53331,2025-01-02T15:29:00,1662,VOICE,BOM-318,19.11921,72.846674,BOM-808,19.054766,72.900684
F6D4CCF9,+91-87890-16559,+91-63990-57154,2025-03-11T14:34:00,14,SMS,BOM-901,19.029729,72.855139,BOM-212,19.04108,72.863517
EB265B39,+91-75300-85371,+91-80720-49801,2025-02-12T08:18:00,16,SMS,BOM-519,19.066191,72.878522,BOM-808,19.054128,72.900178
F241D1C8,+91-89120-18476,+91-75300-59415,2025-02-18T20:51:00,472,VOICE,BOM-621,19.135616,72.829188,BOM-212,19.04124,72.863792
97FB8818,+91-77540-78914,+91-77540-17430,2025-02-25T07:56:00,152,VOICE,BOM-901,19.029436,72.854969,BOM-621,19.135622,72.829321
4073D14B,+91-75300-91353,+91-89120-77645,2025-03-01T18:07:00,28,SMS,BOM-901,19.02989,72.85483,BOM-318,19.119397,72.847119
2B08B9AB,+91-89120-38061,+91-70420-48484,2025-03-15T13:27:00,26,SMS,BOM-519,19.066336,72.87856,BOM-901,19.029751,72.855465
09E5A0BE,+91-91761-81492,+91-75300-55365,2025-02-01T18:43:00,315,VOICE,BOM-447,19.044261,72.855371,BOM-447,19.044308,72.855787
641BF266,+91-75300-30446,+91-80720-25712,2025-01-11T22:39:00,1580,VOICE,BOM-103,18.963758,72.834548,BOM-702,19.076021,72.877692
AA3E7082,+91-88200-97727,+91-91761-13631,2025-01-17T18:04:00,109,VOICE,BOM-212,19.041748,72.863355,BOM-702,19.075526,72.877427
901B9741,+91-87890-36609,+91-80720-88986,2025-01-12T19:21:00,400,VOICE,BOM-447,19.044854,72.855972,BOM-244,19.099137,72.848682
EB059A4E,+91-75300-83899,+91-91761-28548,2025-02-07T23:43:00,1659,VOICE,BOM-244,19.099452,72.848871,BOM-244,19.098751,72.848963
18432242,+91-80720-53946,+91-77540-46133,2025-03-12T17:35:00,717,VOICE,BOM-318,19.12,72.846541,BOM-212,19.041011,72.863856
4568DAE6,+91-87890-74044,+91-88200-70401,2025-01-22T18:10:00,1490,VOICE,BOM-103,18.963288,72.834617,BOM-103,18.96379,72.834657
0C983E41,+91-77540-30672,+91-80720-39360,2025-03-15T23:26:00,576,VOICE,BOM-808,19.054187,72.900714,BOM-447,19.044068,72.856298
02F19AF8,+91-87890-19837,+91-70420-28209,2025-02-16T16:31:00,1464,VOICE,BOM-901,19.029684,72.855397,BOM-244,19.098776,72.849026
7171D49E,+91-63990-44413,+91-80720-62235,2025-03-06T20:49:00,1575,VOICE,BOM-318,19.119681,72.846498,BOM-808,19.054652,72.900196
3FCEE460,+91-93400-91379,+91-93400-81820,2025-01-21T22:24:00,712,VOICE,BOM-519,19.066614,72.878491,BOM-808,19.054567,72.900342
E55E08B3,+91-63990-51158,+91-63990-90425,2025-03-02T20:16:00,37,SMS,BOM-621,19.136089,72.82926,BOM-621,19.136314,72.829678
7DC5FB22,+91-63990-78597,+91-75300-72470,2025-02-23T08:27:00,1633,VOICE,BOM-621,19.136104,72.82928,BOM-447,19.044719,72.85618
5F2579E2,+91-98400-55555,+91-98400-44444,2025-01-12T17:16:00,1361,VOICE,BOM-212,19.041016,72.863973,BOM-103,18.963262,72.833754
6F4BD2B1,+91-87890-80092,+91-88200-65552,2025-03-15T23:16:00,795,VOICE,BOM-901,19.029846,72.855725,BOM-318,19.120108,72.846581
9BD78D85,+91-77540-42450,+91-80720-53786,2025-01-22T12:41:00,1306,VOICE,BOM-447,19.04437,72.856029,BOM-318,19.119369,72.847257
E4C8CEC3,+91-70420-92483,+91-75300-29988,2025-02-26T09:01:00,681,VOICE,BOM-103,18.963458,72.833746,BOM-447,19.044821,72.855784
9109EFA0,+91-91761-23385,+91-75300-60970,2025-01-05T14:32:00,9,SMS,BOM-447,19.044421,72.855345,BOM-702,19.076268,72.87762
53075031,+91-93400-59665,+91-77540-88002,2025-02-18T08:00:00,572,VOICE,BOM-901,19.029533,72.855548,BOM-318,19.119872,72.846936
11B6455C,+91-75300-72924,+91-88200-52054,2025-02-03T18:35:00,1005,VOICE,BOM-318,19.119579,72.847163,BOM-447,19.044225,72.855919
C9B4530B,+91-89120-54295,+91-80720-60087,2025-02-06T20:45:00,1790,VOICE,BOM-519,19.066522,72.878243,BOM-808,19.054132,72.900055
A586C267,+91-93400-86253,+91-63990-91073,2025-03-12T21:19:00,41,SMS,BOM-621,19.136189,72.829967,BOM-702,19.07574,72.877461
D00F9E22,+91-75300-33245,+91-89120-71852,2025-01-30T18:25:00,700,VOICE,BOM-318,19.120197,72.847282,BOM-808,19.054371,72.900333
225C05E4,+91-77540-59055,+91-88200-78012,2025-03-01T12:20:00,1091,VOICE,BOM-901,19.029816,72.855295,BOM-621,19.136081,72.829738
7D3CDAB4,+91-87890-54173,+91-75300-13116,2025-01-08T17:18:00,1053,VOICE,BOM-447,19.044566,72.855886,BOM-103,18.963643,72.834268
A411DB60,+91-77540-99158,+91-63990-46325,2025-01-07T09:23:00,941,VOICE,BOM-901,19.029601,72.85563,BOM-901,19.02981,72.855478
BE5BCA81,+91-77540-14402,+91-87890-11062,2025-01-27T13:58:00,1148,VOICE,BOM-447,19.043972,72.856154,BOM-519,19.066239,72.878142
FDBBE9C3,+91-63990-88880,+91-91761-74445,2025-03-03T16:50:00,174,VOICE,BOM-244,19.098607,72.8485,BOM-447,19.044519,72.856157
D5506B50,+91-77540-28435,+91-91761-27784,2025-01-18T15:02:00,669,VOICE,BOM-519,19.066669,72.878487,BOM-318,19.119865,72.846347
57F4EC31,+91-80720-94800,+91-63990-44862,2025-01-02T10:00:00,1216,VOICE,BOM-447,19.044492,72.856288,BOM-447,19.044705,72.855537
5915F2CF,+91-70420-80432,+91-89120-27733,2025-01-25T14:12:00,436,VOICE,BOM-702,19.076079,72.878183,BOM-621,19.136474,72.82962
702129FB,+91-87890-81786,+91-77540-59006,2025-01-14T08:57:00,1023,VOICE,BOM-318,19.120022,72.847043,BOM-808,19.054107,72.900611
A40AE74B,+91-75300-93706,+91-93400-56743,2025-01-19T16:28:00,244,VOICE,BOM-901,19.029219,72.855381,BOM-244,19.098959,72.84876
D846E91C,+91-93400-11084,+91-87890-28705,2025-03-04T20:13:00,13,SMS,BOM-103,18.963672,72.833963,BOM-621,19.136176,72.829553
95844EAA,+91-77540-85543,+91-75300-14385,2025-01-05T22:45:00,246,VOICE,BOM-244,19.098982,72.84919,BOM-318,19.11993,72.846826
DB8802B9,+91-93400-49882,+91-91761-75614,2025-02-21T16:49:00,1263,VOICE,BOM-901,19.029528,72.854805,BOM-621,19.136084,72.82953
D8A40F1F,+91-88200-24973,+91-70420-75392,2025-01-05T15:17:00,24,SMS,BOM-212,19.04096,72.864055,BOM-808,19.054495,72.900863
46E57F4B,+91-93400-11135,+91-91761-56575,2025-03-07T18:12:00,871,VOICE,BOM-702,19.075935,72.877279,BOM-519,19.066751,72.878836
82DB582C,+91-75300-78559,+91-88200-51914,2025-02-17T11:44:00,743,VOICE,BOM-318,19.11977,72.846404,BOM-212,19.041176,72.863612
8F169D8C,+91-70420-22206,+91-87890-52312,2025-02-17T19:52:00,1568,VOICE,BOM-808,19.054843,72.900065,BOM-901,19.029235,72.855495
639261B0,+91-89120-74486,+91-93400-52027,2025-01-03T11:03:00,395,VOICE,BOM-212,19.041182,72.863325,BOM-901,19.029827,72.855033
613522A7,+91-98400-33333,+91-98400-11111,2025-01-14T16:54:00,726,VOICE,BOM-447,19.044696,72.855866,BOM-103,18.963228,72.834071
B599D04A,+91-77540-68596,+91-75300-61630,2025-01-23T20:57:00,1565,VOICE,BOM-447,19.044734,72.856073,BOM-519,19.066468,72.878849
87BD263C,+91-98400-11111,+91-98400-22222,2025-03-11T08:22:00,1559,VOICE,BOM-447,19.04455,72.856081,BOM-447,19.04485,72.855499
0E314E05,+91-89120-53403,+91-89120-84199,2025-02-12T16:26:00,347,VOICE,BOM-212,19.041354,72.863989,BOM-447,19.044396,72.85622
C655573C,+91-88200-45262,+91-88200-98400,2025-02-12T14:55:00,25,SMS,BOM-244,19.099367,72.849488,BOM-621,19.135754,72.82986
13A7EF72,+91-75300-29575,+91-91761-10349,2025-03-02T11:00:00,1278,VOICE,BOM-901,19.029945,72.85535,BOM-318,19.119745,72.846553
49DDF431,+91-75300-18357,+91-77540-17897,2025-01-09T22:02:00,852,VOICE,BOM-318,19.119969,72.847066,BOM-808,19.054374,72.900891
2F340073,+91-70420-52353,+91-91761-25113,2025-02-07T07:20:00,532,VOICE,BOM-901,19.029231,72.855217,BOM-244,19.098978,72.849409
BE209170,+91-91761-98160,+91-88200-24973,2025-01-11T21:51:00,1278,VOICE,BOM-702,19.076251,72.878156,BOM-621,19.136077,72.829648
E81FDBB9,+91-88200-98735,+91-70420-64850,2025-02-11T07:28:00,11,SMS,BOM-318,19.119369,72.846449,BOM-103,18.963449,72.834356
9F7F97DD,+91-63990-35859,+91-87890-21046,2025-01-05T17:24:00,1080,VOICE,BOM-103,18.963084,72.833793,BOM-103,18.963112,72.834041
A68FDFC4,+91-70420-91689,+91-80720-21689,2025-02-08T09:13:00,1216,VOICE,BOM-519,19.066158,72.878655,BOM-244,19.09914,72.848663
2CBD2499,+91-75300-46655,+91-77540-14264,2025-03-03T23:00:00,485,VOICE,BOM-103,18.963016,72.834429,BOM-702,19.076325,72.87778
6D8AAF22,+91-87890-82161,+91-80720-27606,2025-01-11T16:28:00,486,VOICE,BOM-244,19.098541,72.849012,BOM-702,19.075826,72.877668
C44A7354,+91-91761-53666,+91-89120-50125,2025-02-20T17:28:00,1303,VOICE,BOM-621,19.135878,72.829472,BOM-519,19.065981,72.878586
9B4CAC16,+91-75300-13926,+91-70420-11511,2025-01-04T07:55:00,186,VOICE,BOM-702,19.075565,72.877942,BOM-244,19.098581,72.849188
1295CB1A,+91-70420-61299,+91-87890-74840,2025-02-18T18:49:00,671,VOICE,BOM-447,19.043928,72.855345,BOM-702,19.075749,72.877942
27E8E6B6,+91-88200-47337,+91-89120-90517,2025-02-27T08:20:00,1793,VOICE,BOM-318,19.119306,72.846424,BOM-621,19.136046,72.829509
F58EAB7E,+91-77540-20070,+91-80720-95501,2025-01-08T17:49:00,59,SMS,BOM-447,19.044854,72.85606,BOM-244,19.099112,72.84936
5A7487A1,+91-91761-47780,+91-77540-71636,2025-02-24T12:15:00,1669,VOICE,BOM-519,19.066403,72.877977,BOM-212,19.041169,72.863983
5A657A38,+91-77540-37390,+91-63990-68140,2025-02-25T07:30:00,1489,VOICE,BOM-212,19.04094,72.863787,BOM-244,19.098773,72.849173
B84E33B6,+91-80720-49408,+91-70420-27046,2025-02-12T08:55:00,1118,VOICE,BOM-702,19.076271,72.878199,BOM-808,19.054745,72.900756
557565E3,+91-89120-42412,+91-93400-23745,2025-01-28T11:25:00,979,VOICE,BOM-621,19.135921,72.829257,BOM-519,19.066235,72.878445
AAD15430,+91-91761-52538,+91-75300-86508,2025-03-07T22:37:00,136,VOICE,BOM-808,19.054788,72.900221,BOM-621,19.136316,72.829441
ED116DAB,+91-88200-13081,+91-63990-82093,2025-01-09T08:12:00,442,VOICE,BOM-519,19.066383,72.877907,BOM-212,19.041482,72.863568
9521874A,+91-77540-22006,+91-77540-29950,2025-01-18T14:32:00,43,SMS,BOM-621,19.136468,72.829249,BOM-808,19.054141,72.900531
1D7E9422,+91-91761-59278,+91-63990-22588,2025-01-18T23:28:00,1046,VOICE,BOM-702,19.075868,72.877628,BOM-808,19.054961,72.900461
8BC11499,+91-98400-22222,+91-98400-11111,2025-01-17T17:41:00,277,VOICE,BOM-447,19.04435,72.85598,BOM-103,18.96344,72.833882
9762E435,+91-80720-65803,+91-63990-68868,2025-02-02T08:28:00,41,SMS,BOM-103,18.963536,72.834565,BOM-702,19.075933,72.877647
7EC6308A,+91-91761-33414,+91-75300-63087,2025-01-08T19:11:00,447,VOICE,BOM-702,19.076056,72.8781,BOM-519,19.066633,72.878535
B1C37DC4,+91-70420-33445,+91-88200-87373,2025-01-26T21:05:00,678,VOICE,BOM-318,19.119918,72.846424,BOM-212,19.041606,72.863834
13D31367,+91-91761-70199,+91-89120-86501,2025-01-04T21:29:00,1455,VOICE,BOM-808,19.054185,72.900872,BOM-901,19.029804,72.854801
D674BDE0,+91-70420-51228,+91-88200-36044,2025-01-03T13:27:00,936,VOICE,BOM-244,19.099291,72.849249,BOM-621,19.135896,72.829242
0140022A,+91-77540-45203,+91-75300-28013,2025-02-04T08:12:00,1459,VOICE,BOM-212,19.040963,72.863891,BOM-702,19.075755,72.877518
969A4E1C,+91-80720-23248,+91-89120-74626,2025-01-26T09:33:00,964,VOICE,BOM-519,19.065803,72.878569,BOM-519,19.066107,72.878237
08AA3917,+91-89120-53190,+91-77540-97319,2025-02-22T11:42:00,1166,VOICE,BOM-702,19.0756,72.877849,BOM-212,19.04161,72.863294
1B129063,+91-89120-18645,+91-88200-21144,2025-02-19T08:15:00,1711,VOICE,BOM-519,19.065861,72.878715,BOM-621,19.135781,72.829629
8730E535,+91-93400-93200,+91-80720-77673,2025-01-28T07:27:00,1019,VOICE,BOM-103,18.963411,72.83441,BOM-447,19.044318,72.855563
6259006E,+91-88200-72017,+91-93400-38209,2025-03-14T09:53:00,1249,VOICE,BOM-244,19.099365,72.848721,BOM-212,19.041589,72.86331
5C3E7A63,+91-98400-77777,+91-87890-55220,2025-03-06T11:38:00,52,SMS,BOM-244,19.098786,72.849486,BOM-621,19.135586,72.829773
86396278,+91-75300-61390,+91-91761-97186,2025-02-12T17:29:00,6,SMS,BOM-212,19.041375,72.863551,BOM-901,19.029946,72.855082
1FD95F13,+91-93400-53076,+91-77540-69464,2025-01-18T22:07:00,22,SMS,BOM-519,19.065821,72.878868,BOM-103,18.96376,72.834685
5E75949F,+91-93400-29333,+91-80720-66436,2025-02-14T08:55:00,1414,VOICE,BOM-621,19.135653,72.829311,BOM-103,18.963372,72.834047
27F0DBA0,+91-75300-93441,+91-75300-72958,2025-02-01T17:57:00,16,SMS,BOM-519,19.066754,72.878029,BOM-901,19.0296,72.855514
B4E3303C,+91-93400-34080,+91-80720-46903,2025-03-14T22:55:00,444,VOICE,BOM-318,19.120163,72.84658,BOM-621,19.136164,72.829356
B8F60D6F,+91-93400-23600,+91-88200-38371,2025-03-14T16:48:00,49,SMS,BOM-318,19.119473,72.846795,BOM-318,19.120129,72.846496
87017E0A,+91-98400-55555,+91-98400-44444,2025-02-27T15:48:00,45,SMS,BOM-447,19.04474,72.855577,BOM-519,19.066075,72.877977
43E6044B,+91-70420-62709,+91-75300-11570,2025-02-19T13:29:00,150,VOICE,BOM-621,19.13615,72.829469,BOM-212,19.041785,72.863611
1098EDF9,+91-77540-93757,+91-80720-19991,2025-01-20T10:54:00,505,VOICE,BOM-212,19.041679,72.863994,BOM-621,19.136465,72.829213
2D3F240B,+91-91761-55962,+91-91761-14731,2025-01-11T13:03:00,21,SMS,BOM-808,19.05464,72.900123,BOM-808,19.05481,72.900112
F1166CC4,+91-98400-33333,+91-98400-44444,2025-02-03T08:46:00,10,SMS,BOM-212,19.041436,72.864173,BOM-103,18.963093,72.834329
C91A93FC,+91-70420-35731,+91-75300-88795,2025-02-08T07:36:00,355,VOICE,BOM-244,19.098783,72.849326,BOM-702,19.075965,72.877821
1937584E,+91-91761-33838,+91-63990-56217,2025-02-10T22:27:00,49,SMS,BOM-808,19.054602,72.900637,BOM-318,19.120002,72.846954
9C8D2270,+91-88200-17771,+91-87890-83787,2025-03-12T20:30:00,250,VOICE,BOM-447,19.04488,72.855802,BOM-901,19.029879,72.855031
87722615,+91-98400-22222,+91-98400-11111,2025-02-12T11:08:00,1569,VOICE,BOM-447,19.044187,72.85613,BOM-901,19.029549,72.854805
8DEE7B4A,+91-93400-37664,+91-91761-53583,2025-03-06T15:33:00,38,SMS,BOM-244,19.099112,72.849112,BOM-808,19.05477,72.900731
90972066,+91-88200-58308,+91-63990-50404,2025-01-09T18:28:00,776,VOICE,BOM-621,19.135925,72.829272,BOM-519,19.066051,72.878742
9A8F84A7,+91-93400-23126,+91-75300-53158,2025-02-13T08:43:00,916,VOICE,BOM-447,19.044257,72.855944,BOM-103,18.963278,72.834304
24A30E76,+91-87890-72202,+91-91761-21809,2025-02-28T10:48:00,608,VOICE,BOM-519,19.066168,72.878323,BOM-519,19.066583,72.878635
761545A4,+91-63990-44141,+91-70420-46040,2025-01-11T11:40:00,1322,VOICE,BOM-244,19.099367,72.848611,BOM-244,19.098623,72.848642
35B35C70,+91-88200-30430,+91-87890-87887,2025-01-07T13:08:00,518,VOICE,BOM-621,19.135982,72.829175,BOM-808,19.054792,72.90033
E0F3D8A4,+91-98400-12345,+91-98400-22222,2025-02-08T23:00:00,556,VOICE,BOM-212,19.041832,72.863304,BOM-212,19.04179,72.863942
F9486E44,+91-89120-25507,+91-88200-79355,2025-03-04T09:23:00,774,VOICE,BOM-244,19.098929,72.848863,BOM-212,19.041469,72.864097
D85F4D0D,+91-91761-62062,+91-89120-39591,2025-01-08T13:08:00,47,SMS,BOM-621,19.135845,72.830053,BOM-702,19.076352,72.877423
A9CA3919,+91-88200-41029,+91-87890-13957,2025-01-12T09:16:00,58,SMS,BOM-621,19.135955,72.829429,BOM-901,19.029302,72.855669
E95082E6,+91-87890-34235,+91-87890-63575,2025-01-17T22:06:00,400,VOICE,BOM-244,19.098734,72.849438,BOM-447,19.044675,72.856063
E9917101,+91-89120-39423,+91-70420-13010,2025-03-13T14:58:00,962,VOICE,BOM-519,19.066062,72.878752,BOM-447,19.044301,72.855729
031422E8,+91-87890-85692,+91-63990-87735,2025-01-04T12:32:00,630,VOICE,BOM-244,19.099465,72.849443,BOM-519,19.066751,72.878468
EED4CA73,+91-80720-79785,+91-93400-90350,2025-02-14T17:40:00,58,SMS,BOM-103,18.963621,72.834479,BOM-447,19.044061,72.856262
26C7981F,+91-93400-29163,+91-63990-12314,2025-01-26T09:55:00,793,VOICE,BOM-808,19.054525,72.9007,BOM-519,19.066022,72.878326
D4B1E7E4,+91-87890-82470,+91-91761-52258,2025-01-27T09:05:00,910,VOICE,BOM-447,19.044529,72.855893,BOM-447,19.044518,72.855844
0F3E05EF,+91-87890-36437,+91-70420-28702,2025-02-27T09:52:00,43,SMS,BOM-519,19.066326,72.87881,BOM-901,19.02956,72.855376
FB6B8A9A,+91-75300-72659,+91-87890-31849,2025-01-11T16:11:00,790,VOICE,BOM-519,19.066306,72.878799,BOM-212,19.041061,72.863311
B2C8E77A,+91-91761-69994,+91-75300-96690,2025-03-02T15:50:00,946,VOICE,BOM-621,19.135527,72.829315,BOM-901,19.029366,72.855418
AFA65981,+91-91761-33649,+91-75300-83845,2025-01-11T20:16:00,496,VOICE,BOM-447,19.044841,72.855434,BOM-621,19.135905,72.830017
29CF7AF3,+91-91761-83757,+91-87890-83649,2025-02-03T16:12:00,1531,VOICE,BOM-702,19.075858,72.878034,BOM-808,19.054863,72.900077
0CBB96F2,+91-75300-50388,+91-88200-77035,2025-03-04T19:48:00,976,VOICE,BOM-702,19.075491,72.87769,BOM-702,19.075933,72.877816
1BC95A7C,+91-91761-80151,+91-93400-55252,2025-01-13T11:38:00,1190,VOICE,BOM-318,19.120091,72.847006,BOM-318,19.119707,72.847114
32D2F446,+91-70420-24423,+91-77540-60296,2025-02-01T22:48:00,792,VOICE,BOM-519,19.065866,72.878485,BOM-702,19.076135,72.877843
DD933EF6,+91-87890-82345,+91-63990-63589,2025-03-03T09:33:00,21,SMS,BOM-621,19.135649,72.829533,BOM-621,19.135801,72.830047
715CF8E3,+91-75300-61067,+91-93400-16910,2025-02-01T07:57:00,43,SMS,BOM-808,19.054521,72.900737,BOM-244,19.098546,72.849087
D44BEECF,+91-87890-38208,+91-91761-88924,2025-03-12T13:37:00,583,VOICE,BOM-318,19.119929,72.846722,BOM-103,18.963055,72.834082
1560BEB2,+91-80720-60446,+91-75300-79588,2025-01-05T16:27:00,1444,VOICE,BOM-244,19.099042,72.849294,BOM-212,19.04152,72.863536
67E324A4,+91-87890-99247,+91-63990-47330,2025-03-10T16:18:00,237,VOICE,BOM-212,19.041295,72.864086,BOM-519,19.06675,72.878455
3DF21779,+91-77540-26966,+91-80720-23786,2025-03-14T17:27:00,24,SMS,BOM-808,19.054028,72.900491,BOM-519,19.066436,72.878862
14DA2F08,+91-87890-63515,+91-88200-67799,2025-01-09T10:42:00,55,SMS,BOM-901,19.029465,72.855616,BOM-901,19.029956,72.854942
449A4E84,+91-70420-94120,+91-75300-41578,2025-01-16T11:34:00,37,SMS,BOM-103,18.963461,72.834574,BOM-808,19.054804,72.900568
CC4FA35E,+91-75300-15827,+91-91761-75995,2025-01-04T08:51:00,1379,VOICE,BOM-212,19.041361,72.8641,BOM-447,19.044729,72.855795
3CEF0ACA,+91-98400-12345,+91-98400-22222,2025-02-22T12:10:00,1034,VOICE,BOM-447,19.043979,72.856171,BOM-244,19.098643,72.848961
A51B65F4,+91-80720-72611,+91-93400-51868,2025-03-01T11:07:00,810,VOICE,BOM-318,19.119539,72.846693,BOM-244,19.099057,72.848688
EAD76137,+91-91761-25152,+91-75300-85063,2025-01-20T22:38:00,460,VOICE,BOM-901,19.029537,72.855718,BOM-103,18.962928,72.834603
7597C962,+91-75300-13363,+91-88200-78017,2025-02-03T19:54:00,47,VOICE,BOM-244,19.09882,72.848988,BOM-621,19.136325,72.829324
CCCF08DC,+91-77540-84732,+91-91761-59369,2025-02-18T18:37:00,1073,VOICE,BOM-621,19.135876,72.830007,BOM-103,18.963206,72.834517
D8145543,+91-63990-63589,+91-88200-14806,2025-01-14T17:04:00,669,VOICE,BOM-244,19.099066,72.848519,BOM-808,19.054424,72.90025
FD69D762,+91-77540-43797,+91-80720-74341,2025-03-12T13:51:00,31,SMS,BOM-702,19.07597,72.878082,BOM-702,19.076296,72.878119
0788256F,+91-98400-55555,+91-98400-44444,2025-03-04T21:50:00,642,VOICE,BOM-447,19.043993,72.855522,BOM-244,19.098869,72.849053
D539A6A9,+91-70420-66333,+91-77540-82127,2025-01-24T20:36:00,1009,VOICE,BOM-901,19.029524,72.855361,BOM-318,19.119821,72.847284
CC0D06DA,+91-77540-92829,+91-63990-86022,2025-03-01T15:30:00,51,SMS,BOM-318,19.120153,72.847298,BOM-901,19.029125,72.855485
FD91A124,+91-70420-50437,+91-88200-63714,2025-01-29T12:34:00,1611,VOICE,BOM-212,19.041848,72.863813,BOM-702,19.075529,72.87774
A37689A1,+91-88200-86242,+91-87890-34686,2025-01-19T10:45:00,80,VOICE,BOM-318,19.119471,72.846696,BOM-621,19.135912,72.829628
7189D2B8,+91-93400-61033,+91-70420-64616,2025-01-17T11:53:00,195,VOICE,BOM-212,19.041699,72.864068,BOM-103,18.963182,72.834622
6CAE9552,+91-80720-95830,+91-63990-50549,2025-01-30T14:47:00,922,VOICE,BOM-318,19.119331,72.847139,BOM-447,19.043935,72.855657
EC01202D,+91-87890-63329,+91-70420-13427,2025-02-06T17:11:00,1795,VOICE,BOM-318,19.120131,72.846903,BOM-212,19.041263,72.863295
D2DB6A86,+91-77540-49962,+91-80720-95616,2025-03-13T17:09:00,1366,VOICE,BOM-212,19.04112,72.863585,BOM-808,19.054661,72.900509
27454248,+91-93400-57737,+91-63990-57809,2025-03-13T11:24:00,1066,VOICE,BOM-318,19.120174,72.846643,BOM-808,19.054237,72.900729
1C19DD4A,+91-70420-10070,+91-70420-96563,2025-02-11T13:18:00,22,SMS,BOM-244,19.098601,72.848685,BOM-901,19.029464,72.855104
0AB58873,+91-70420-82034,+91-77540-26009,2025-02-02T22:40:00,421,VOICE,BOM-702,19.076288,72.878064,BOM-519,19.066773,72.878136
FE2E7F11,+91-93400-99495,+91-80720-92871,2025-03-10T23:13:00,766,VOICE,BOM-808,19.054635,72.900968,BOM-318,19.11956,72.846787
71419933,+91-87890-46148,+91-89120-69099,2025-02-06T14:36:00,854,VOICE,BOM-621,19.135517,72.829859,BOM-103,18.962971,72.833925
72AFCC1A,+91-89120-27117,+91-89120-73614,2025-02-13T08:02:00,1297,VOICE,BOM-901,19.029116,72.855729,BOM-318,19.119641,72.846301
ED26C13D,+91-89120-44514,+91-93400-93708,2025-02-09T14:49:00,39,SMS,BOM-901,19.029757,72.854902,BOM-808,19.054801,72.900175
EB6D94E7,+91-87890-62354,+91-75300-97773,2025-02-20T19:37:00,1075,VOICE,BOM-447,19.044637,72.855369,BOM-212,19.04145,72.863926
D45FA17B,+91-89120-17314,+91-77540-33472,2025-02-19T09:42:00,70,VOICE,BOM-519,19.066118,72.87822,BOM-621,19.135681,72.829678
63A6851A,+91-63990-60222,+91-93400-96594,2025-02-26T12:13:00,126,VOICE,BOM-621,19.136255,72.829216,BOM-318,19.119664,72.846776
E11D8206,+91-75300-39651,+91-63990-10580,2025-02-23T11:11:00,39,VOICE,BOM-808,19.054189,72.900417,BOM-519,19.066441,72.878253
572D471E,+91-75300-85781,+91-91761-99564,2025-01-26T15:08:00,40,SMS,BOM-519,19.066101,72.877986,BOM-244,19.099427,72.848961
25AECE71,+91-63990-47524,+91-91761-60377,2025-01-24T16:53:00,677,VOICE,BOM-621,19.135916,72.829263,BOM-318,19.120162,72.847131
9E61CFC4,+91-80720-38051,+91-77540-72221,2025-02-16T12:28:00,385,VOICE,BOM-702,19.076381,72.877624,BOM-103,18.963028,72.833813
331468EE,+91-70420-72128,+91-63990-27013,2025-02-20T16:13:00,36,VOICE,BOM-447,19.044472,72.855528,BOM-318,19.1194,72.846724
1681229A,+91-63990-94040,+91-75300-25611,2025-01-04T20:17:00,1030,VOICE,BOM-447,19.044866,72.855828,BOM-103,18.963481,72.834001
19AC0538,+91-89120-73201,+91-89120-85784,2025-01-02T14:21:00,11,SMS,BOM-901,19.030029,72.854881,BOM-901,19.029799,72.854992
F62314D4,+91-75300-58722,+91-63990-93000,2025-02-25T17:38:00,1168,VOICE,BOM-103,18.963014,72.834466,BOM-621,19.13586,72.829552
AA7D86D8,+91-98400-22222,+91-98400-11111,2025-01-10T13:32:00,515,VOICE,BOM-212,19.041032,72.863549,BOM-702,19.075685,72.877638
AF49B9D7,+91-77540-47477,+91-63990-11673,2025-03-08T10:01:00,14,SMS,BOM-447,19.04457,72.8555,BOM-318,19.120184,72.846983
4C15D427,+91-75300-92635,+91-87890-99660,2025-02-24T10:38:00,1099,VOICE,BOM-621,19.135841,72.829473,BOM-318,19.11957,72.84727
4FA0E47B,+91-75300-81404,+91-87890-95236,2025-01-11T22:17:00,884,VOICE,BOM-212,19.041342,72.863537,BOM-318,19.120098,72.846377
BD64B5C6,+91-80720-61221,+91-88200-92059,2025-03-12T21:01:00,45,SMS,BOM-901,19.029733,72.855004,BOM-519,19.065935,72.878098
2BAD9BB8,+91-93400-26449,+91-77540-62378,2025-03-04T23:21:00,742,VOICE,BOM-447,19.044323,72.856185,BOM-103,18.963736,72.83377
35F3AD65,+91-63990-83887,+91-87890-75454,2025-02-12T21:25:00,1493,VOICE,BOM-702,19.076347,72.87756,BOM-519,19.066237,72.878464
CF692237,+91-75300-51393,+91-89120-62720,2025-01-30T20:15:00,47,SMS,BOM-318,19.119846,72.846472,BOM-244,19.099223,72.849164
7824012D,+91-80720-76031,+91-70420-92027,2025-02-26T13:37:00,48,VOICE,BOM-447,19.044035,72.855829,BOM-702,19.075829,72.877958
8B845407,+91-70420-14370,+91-63990-51062,2025-01-09T11:03:00,8,SMS,BOM-621,19.136111,72.829532,BOM-212,19.041578,72.863759
FC2C8100,+91-87890-60038,+91-63990-10090,2025-02-08T08:13:00,30,SMS,BOM-621,19.135941,72.82956,BOM-244,19.098623,72.849242
B85E9301,+91-70420-65441,+91-89120-99839,2025-01-15T19:54:00,366,VOICE,BOM-901,19.029506,72.854932,BOM-103,18.962833,72.833833
E988B3D0,+91-75300-85511,+91-70420-46014,2025-01-22T19:22:00,958,VOICE,BOM-621,19.135649,72.829534,BOM-808,19.054906,72.900806
C16A72FA,+91-75300-89190,+91-93400-23464,2025-02-17T11:25:00,210,VOICE,BOM-447,19.044381,72.855596,BOM-212,19.041157,72.864155
D556ED53,+91-88200-41041,+91-91761-93008,2025-03-01T22:10:00,54,SMS,BOM-621,19.136036,72.829646,BOM-519,19.066417,72.878456
D70C337A,+91-93400-19653,+91-80720-14762,2025-02-14T13:43:00,32,VOICE,BOM-244,19.098933,72.84943,BOM-244,19.098948,72.849004
FE768EFA,+91-70420-36858,+91-91761-98871,2025-01-14T09:38:00,15,VOICE,BOM-808,19.054113,72.90075,BOM-519,19.066625,72.87888
C1B497DA,+91-89120-56677,+91-70420-49521,2025-01-12T07:32:00,53,SMS,BOM-447,19.044194,72.855379,BOM-212,19.041271,72.86353
21DF4B7B,+91-63990-72735,+91-75300-26013,2025-01-17T17:45:00,1002,VOICE,BOM-244,19.099094,72.848525,BOM-702,19.076241,72.87808
D78A3EC2,+91-80720-65353,+91-91761-72613,2025-01-10T14:24:00,1511,VOICE,BOM-212,19.041003,72.863568,BOM-621,19.135637,72.829873
9EBEA65B,+91-89120-34496,+91-80720-47183,2025-03-15T19:30:00,1690,VOICE,BOM-621,19.135884,72.83007,BOM-103,18.963724,72.834685
1428DA29,+91-89120-41772,+91-63990-97697,2025-02-14T20:07:00,752,VOICE,BOM-808,19.054554,72.900402,BOM-318,19.119901,72.84654
DCB15BEF,+91-88200-43033,+91-63990-50823,2025-02-13T11:02:00,1426,VOICE,BOM-244,19.099099,72.849371,BOM-621,19.13619,72.829855
1D63B4F9,+91-87890-29446,+91-89120-11581,2025-02-03T18:46:00,35,SMS,BOM-244,19.0994,72.849472,BOM-318,19.119787,72.846801
D49EAF9C,+91-75300-11461,+91-77540-82754,2025-01-19T10:02:00,1187,VOICE,BOM-244,19.098894,72.849048,BOM-212,19.041205,72.863948
C648F635,+91-87890-39651,+91-80720-46328,2025-01-10T15:55:00,1668,VOICE,BOM-103,18.963726,72.834185,BOM-519,19.066065,72.878807
CCABA9D0,+91-63990-36293,+91-93400-56032,2025-01-11T17:28:00,1087,VOICE,BOM-621,19.13552,72.829706,BOM-103,18.962859,72.834073
F272BDCA,+91-75300-64388,+91-91761-16764,2025-01-25T20:13:00,637,VOICE,BOM-621,19.135711,72.829695,BOM-808,19.054509,72.900598
7A7715E9,+91-63990-72432,+91-93400-40437,2025-03-11T18:04:00,956,VOICE,BOM-808,19.054287,72.90042,BOM-447,19.044549,72.85536
D4838B26,+91-87890-23145,+91-88200-27770,2025-03-10T11:00:00,31,SMS,BOM-318,19.119392,72.84702,BOM-212,19.041251,72.863993
B3DE4D4C,+91-89120-31862,+91-75300-96970,2025-03-10T12:55:00,1091,VOICE,BOM-318,19.119917,72.847201,BOM-212,19.041427,72.863354
52FC30D8,+91-93400-12798,+91-77540-23096,2025-03-07T13:26:00,344,VOICE,BOM-244,19.099165,72.849134,BOM-901,19.029806,72.85498
0EBB575A,+91-80720-97828,+91-88200-75398,2025-02-24T20:45:00,26,SMS,BOM-447,19.044245,72.855959,BOM-808,19.054067,72.900027
95A6E4B6,+91-91761-63810,+91-77540-97056,2025-02-09T22:17:00,22,SMS,BOM-702,19.075721,72.877655,BOM-318,19.120097,72.846545
56AE4EBD,+91-91761-78186,+91-63990-36274,2025-01-01T10:04:00,1640,VOICE,BOM-318,19.119227,72.847249,BOM-447,19.044791,72.85602
994F8BA2,+91-91761-19853,+91-70420-31165,2025-01-12T22:57:00,224,VOICE,BOM-519,19.066061,72.878831,BOM-808,19.054172,72.900546
EF3CC1D0,+91-91761-85308,+91-70420-92786,2025-03-08T16:26:00,48,SMS,BOM-103,18.963674,72.834422,BOM-702,19.076309,72.877208
9ADE213E,+91-77540-56461,+91-80720-16256,2025-01-16T21:19:00,943,VOICE,BOM-702,19.076383,72.878005,BOM-244,19.099066,72.849394
06968269,+91-98400-11111,+91-98400-22222,2025-01-15T15:49:00,5,SMS,BOM-212,19.041012,72.863635,BOM-621,19.136472,72.829862
A21C0F31,+91-91761-62837,+91-75300-77800,2025-01-21T20:14:00,1469,VOICE,BOM-318,19.119704,72.846931,BOM-808,19.054843,72.900627
943A837B,+91-89120-87908,+91-91761-71150,2025-01-14T17:44:00,8,SMS,BOM-519,19.066011,72.878577,BOM-103,18.963682,72.834377
CCB8D10A,+91-91761-82851,+91-88200-84437,2025-01-18T13:11:00,23,SMS,BOM-103,18.963291,72.834523,BOM-621,19.136335,72.829404
153C7D6D,+91-80720-42976,+91-87890-45553,2025-02-06T23:14:00,678,VOICE,BOM-519,19.066366,72.878249,BOM-621,19.135692,72.829435
D69F2151,+91-77540-66141,+91-70420-42587,2025-02-08T18:24:00,1424,VOICE,BOM-519,19.066654,72.878677,BOM-244,19.098651,72.848801
4D6CCF85,+91-88200-50879,+91-87890-36835,2025-01-28T09:38:00,11,SMS,BOM-212,19.041584,72.863562,BOM-519,19.066619,72.878787
F8A1E827,+91-70420-86893,+91-87890-67512,2025-01-28T10:34:00,720,VOICE,BOM-808,19.05402,72.900341,BOM-621,19.135662,72.829151
04B74ED9,+91-80720-60880,+91-63990-40784,2025-02-18T20:11:00,1088,VOICE,BOM-621,19.135863,72.829418,BOM-212,19.04119,72.863203
120C0999,+91-75300-36555,+91-75300-25303,2025-01-09T21:33:00,1148,VOICE,BOM-447,19.044231,72.856285,BOM-621,19.135836,72.82933
5F99459B,+91-70420-43025,+91-80720-46362,2025-02-05T22:17:00,1512,VOICE,BOM-318,19.120125,72.84716,BOM-212,19.040966,72.864174
2F45C651,+91-93400-30885,+91-88200-36638,2025-01-03T13:48:00,646,VOICE,BOM-103,18.962974,72.834144,BOM-808,19.054207,72.900794
A6B56C38,+91-88200-72477,+91-80720-56256,2025-02-01T07:50:00,355,VOICE,BOM-808,19.054769,72.900164,BOM-621,19.135965,72.829879
E87895EC,+91-75300-20195,+91-70420-27953,2025-03-07T21:27:00,25,SMS,BOM-621,19.136,72.829217,BOM-103,18.963193,72.834474
E1552714,+91-87890-31952,+91-63990-16085,2025-01-30T14:26:00,1647,VOICE,BOM-447,19.044785,72.855441,BOM-702,19.075754,72.877387
79973D80,+91-63990-61364,+91-91761-29770,2025-03-14T09:51:00,257,VOICE,BOM-808,19.054487,72.900501,BOM-702,19.075806,72.878085
8B067165,+91-93400-78963,+91-93400-97982,2025-01-08T07:01:00,611,VOICE,BOM-519,19.066113,72.878515,BOM-244,19.099437,72.849486
D53C5DF5,+91-77540-27672,+91-88200-65050,2025-03-04T22:50:00,388,VOICE,BOM-519,19.066425,72.878218,BOM-621,19.135717,72.829852
04BA4FDD,+91-87890-62197,+91-93400-87614,2025-02-08T21:25:00,677,VOICE,BOM-621,19.136338,72.829849,BOM-318,19.119589,72.847003
EB002731,+91-87890-53457,+91-91761-71037,2025-01-08T17:02:00,1421,VOICE,BOM-447,19.044893,72.855591,BOM-519,19.066716,72.878109
A13C9148,+91-63990-11430,+91-87890-44208,2025-01-27T11:18:00,74,VOICE,BOM-808,19.054079,72.900465,BOM-318,19.119647,72.846682
EC3EA8E0,+91-70420-17887,+91-88200-45822,2025-02-02T19:22:00,1213,VOICE,BOM-103,18.963081,72.833861,BOM-103,18.963363,72.834001
900E43C1,+91-98400-11111,+91-98400-22222,2025-03-13T23:41:00,31,SMS,BOM-447,19.0444,72.8558,BOM-212,19.041084,72.864156
19FF14EB,+91-88200-68809,+91-63990-22190,2025-03-07T20:32:00,47,SMS,BOM-447,19.044181,72.855762,BOM-244,19.098912,72.849171
3144F1B3,+91-63990-20339,+91-89120-89886,2025-01-28T09:16:00,1146,VOICE,BOM-621,19.135689,72.829796,BOM-808,19.054388,72.900085
4A452C7E,+91-93400-84404,+91-87890-99870,2025-02-26T18:53:00,662,VOICE,BOM-702,19.076365,72.877893,BOM-901,19.029825,72.855581
DF52C940,+91-77540-80817,+91-63990-66726,2025-01-06T17:53:00,813,VOICE,BOM-244,19.099422,72.849106,BOM-621,19.135676,72.829602
3DB418EF,+91-98400-33333,+91-98400-44444,2025-01-29T17:49:00,1604,VOICE,BOM-447,19.043976,72.855933,BOM-702,19.075751,72.878158
9F9ADEF8,+91-80720-11951,+91-63990-33888,2025-02-04T09:36:00,932,VOICE,BOM-702,19.076022,72.877997,BOM-244,19.098632,72.848896
6506055B,+91-91761-28630,+91-89120-65280,2025-01-07T16:56:00,456,VOICE,BOM-318,19.120019,72.846789,BOM-212,19.041448,72.863268
8D288110,+91-63990-78315,+91-89120-99644,2025-01-29T21:57:00,46,SMS,BOM-447,19.044193,72.855404,BOM-901,19.030071,72.855337
951E5561,+91-75300-38727,+91-93400-62995,2025-02-17T12:18:00,54,SMS,BOM-621,19.136424,72.829494,BOM-702,19.076067,72.877538
018EE8C3,+91-87890-83757,+91-89120-74679,2025-03-01T09:45:00,40,SMS,BOM-318,19.12001,72.847094,BOM-447,19.043944,72.856018
A9C25DDB,+91-75300-22889,+91-80720-15733,2025-01-24T09:10:00,651,VOICE,BOM-519,19.066457,72.878179,BOM-318,19.119447,72.846329
A517D60C,+91-87890-24553,+91-88200-27600,2025-01-10T17:49:00,57,SMS,BOM-318,19.120074,72.84689,BOM-244,19.0987,72.848588
BCABF6D5,+91-80720-61904,+91-93400-14933,2025-01-11T17:36:00,46,SMS,BOM-318,19.119373,72.846581,BOM-318,19.119724,72.847059
68BCC76C,+91-75300-58806,+91-89120-39207,2025-02-25T17:10:00,1751,VOICE,BOM-519,19.066334,72.878213,BOM-901,19.02993,72.855769
6A6C3D82,+91-89120-48287,+91-77540-89119,2025-01-10T23:22:00,1652,VOICE,BOM-244,19.099456,72.848738,BOM-103,18.963699,72.834609
EF0B258F,+91-70420-87857,+91-75300-72105,2025-01-01T22:55:00,982,VOICE,BOM-212,19.040945,72.863217,BOM-621,19.136335,72.829625
EADF2539,+91-98400-11111,+91-98400-22222,2025-01-14T20:14:00,8,SMS,BOM-447,19.044704,72.855996,BOM-103,18.963049,72.834548
B072F580,+91-88200-49220,+91-75300-75608,2025-02-27T09:46:00,128,VOICE,BOM-901,19.029413,72.854872,BOM-519,19.066517,72.87829
21882855,+91-75300-52215,+91-70420-75409,2025-03-06T19:53:00,43,SMS,BOM-519,19.066173,72.878603,BOM-244,19.099337,72.849183
0CE4774F,+91-91761-95162,+91-93400-67119,2025-03-10T13:05:00,1591,VOICE,BOM-901,19.029248,72.855222,BOM-212,19.041066,72.863352
64A87A24,+91-93400-15881,+91-75300-25068,2025-02-28T10:37:00,14,SMS,BOM-702,19.075464,72.877853,BOM-621,19.135706,72.830043
42BAA834,+91-80720-78969,+91-63990-84956,2025-02-12T22:09:00,1754,VOICE,BOM-447,19.04421,72.856095,BOM-621,19.135991,72.829221
DE67F451,+91-75300-20531,+91-80720-81777,2025-01-14T17:32:00,1548,VOICE,BOM-901,19.029888,72.855077,BOM-808,19.054077,72.90073
BF635F3D,+91-80720-40025,+91-80720-73126,2025-02-17T14:46:00,13,SMS,BOM-808,19.054855,72.900274,BOM-702,19.075551,72.878053
AAF573E5,+91-63990-83426,+91-77540-97697,2025-01-28T16:04:00,466,VOICE,BOM-621,19.135578,72.829193,BOM-212,19.041416,72.863311
83F8F9EC,+91-77540-60789,+91-93400-78690,2025-03-05T11:39:00,675,VOICE,BOM-808,19.054641,72.90011,BOM-103,18.963459,72.833744
CA43DEA6,+91-63990-88918,+91-89120-83172,2025-02-28T18:50:00,1596,VOICE,BOM-244,19.099279,72.849453,BOM-103,18.962985,72.833765
DCEBB82D,+91-70420-66868,+91-63990-87349,2025-01-24T20:04:00,1078,VOICE,BOM-318,19.120131,72.847082,BOM-901,19.029134,72.855568
5033A0E9,+91-75300-73427,+91-89120-88642,2025-03-11T07:10:00,264,VOICE,BOM-519,19.066406,72.878436,BOM-103,18.963312,72.833852
43C3C03D,+91-63990-97343,+91-88200-12611,2025-02-19T21:43:00,150,VOICE,BOM-808,19.05462,72.900118,BOM-244,19.09935,72.849414
E4D13BD7,+91-70420-20374,+91-91761-65232,2025-03-15T08:57:00,544,VOICE,BOM-808,19.054704,72.900366,BOM-244,19.098824,72.849241
2BDF0743,+91-77540-64870,+91-77540-72236,2025-03-15T14:30:00,176,VOICE,BOM-808,19.054903,72.900714,BOM-103,18.963371,72.834217
4693979D,+91-93400-93237,+91-91761-37103,2025-02-19T18:12:00,1018,VOICE,BOM-901,19.030049,72.855237,BOM-621,19.135503,72.829564
7E138C01,+91-98400-12345,+91-98400-22222,2025-02-13T14:34:00,28,SMS,BOM-447,19.0444,72.8558,BOM-447,19.043914,72.856042
9E341B8E,+91-87890-22046,+91-89120-62402,2025-03-14T13:46:00,1496,VOICE,BOM-702,19.076193,72.877373,BOM-244,19.09932,72.848595
5D779977,+91-88200-46294,+91-70420-30750,2025-02-15T23:54:00,729,VOICE,BOM-103,18.963191,72.833763,BOM-318,19.119552,72.847019
877961CA,+91-91761-62953,+91-93400-38564,2025-02-10T18:25:00,524,VOICE,BOM-621,19.136398,72.829479,BOM-901,19.030061,72.855486
3882B588,+91-80720-97680,+91-70420-99517,2025-03-12T11:21:00,1533,VOICE,BOM-702,19.076143,72.877789,BOM-244,19.098872,72.84915
87187EC4,+91-93400-15747,+91-70420-70604,2025-01-10T20:37:00,1408,VOICE,BOM-447,19.043905,72.855784,BOM-212,19.041777,72.863774
D10CF259,+91-88200-96305,+91-89120-76086,2025-01-18T22:00:00,1148,VOICE,BOM-808,19.054839,72.900483,BOM-103,18.963581,72.83461
A57C1C44,+91-93400-33581,+91-88200-12033,2025-01-22T10:26:00,1582,VOICE,BOM-103,18.963511,72.83417,BOM-212,19.041026,72.863234
B2F20190,+91-93400-34673,+91-87890-36112,2025-01-23T16:16:00,21,SMS,BOM-212,19.04139,72.863779,BOM-702,19.076172,72.877723
FD7C1E1D,+91-93400-70485,+91-75300-61574,2025-02-15T23:45:00,17,SMS,BOM-702,19.075982,72.877828,BOM-901,19.030064,72.855355
8C40B1E3,+91-75300-38019,+91-88200-84379,2025-02-11T14:35:00,804,VOICE,BOM-621,19.136102,72.829627,BOM-212,19.041461,72.863916
1E4E1373,+91-75300-97470,+91-77540-56840,2025-01-24T14:40:00,8,SMS,BOM-447,19.044102,72.855578,BOM-621,19.135736,72.829488
59B66DBD,+91-93400-69210,+91-93400-99397,2025-02-02T10:25:00,39,SMS,BOM-212,19.041828,72.864105,BOM-901,19.029767,72.85497
16A08CAF,+91-75300-99952,+91-80720-86326,2025-02-03T09:01:00,419,VOICE,BOM-901,19.029909,72.854892,BOM-702,19.075523,72.878142
245E4762,+91-70420-41203,+91-89120-68160,2025-02-12T11:17:00,1333,VOICE,BOM-447,19.044421,72.856278,BOM-621,19.136251,72.829329
7FA47064,+91-75300-85664,+91-89120-35727,2025-01-02T11:47:00,276,VOICE,BOM-447,19.044534,72.856279,BOM-621,19.136437,72.829796
8AB697AC,+91-89120-23951,+91-63990-95698,2025-02-02T13:52:00,19,SMS,BOM-702,19.075669,72.877782,BOM-808,19.054156,72.900232
3B984705,+91-87890-28673,+91-91761-52533,2025-01-28T14:39:00,289,VOICE,BOM-621,19.135628,72.829985,BOM-901,19.029577,72.85557
E2314935,+91-63990-82741,+91-77540-89338,2025-01-14T07:56:00,45,SMS,BOM-212,19.041471,72.863605,BOM-103,18.962848,72.833988
E8CC75CE,+91-89120-42846,+91-88200-12459,2025-03-05T11:41:00,92,VOICE,BOM-808,19.054266,72.9007,BOM-808,19.054575,72.900515
1EAB091E,+91-75300-61769,+91-75300-67886,2025-01-18T20:30:00,28,SMS,BOM-621,19.13559,72.829698,BOM-318,19.119702,72.846747
45BF8FFB,+91-63990-86577,+91-70420-21141,2025-02-03T21:58:00,180,VOICE,BOM-447,19.044863,72.855515,BOM-103,18.963061,72.834651
F82930BC,+91-75300-47274,+91-88200-31805,2025-01-21T16:11:00,1733,VOICE,BOM-318,19.119361,72.846417,BOM-702,19.075975,72.877641
D73636E6,+91-93400-39347,+91-87890-77027,2025-02-25T16:38:00,7,SMS,BOM-519,19.066514,72.877944,BOM-901,19.029428,72.855311
FC0F1FFB,+91-98400-12345,+91-98400-22222,2025-01-27T13:52:00,582,VOICE,BOM-447,19.044229,72.855448,BOM-318,19.120188,72.84684
9CFDC11E,+91-87890-24509,+91-87890-34054,2025-02-08T21:52:00,1208,VOICE,BOM-808,19.054158,72.90013,BOM-244,19.09858,72.849426
8DA60C2D,+91-77540-84455,+91-70420-11952,2025-02-01T08:04:00,274,VOICE,BOM-901,19.029281,72.854844,BOM-702,19.076002,72.87809
BFA226A0,+91-89120-60002,+91-91761-94138,2025-02-02T17:33:00,5,SMS,BOM-212,19.041079,72.863936,BOM-621,19.136311,72.83003
F80D4FA0,+91-80720-83997,+91-80720-84958,2025-01-05T22:18:00,190,VOICE,BOM-808,19.054301,72.90005,BOM-244,19.099237,72.849264
B7E65BF7,+91-77540-15918,+91-91761-96227,2025-02-25T07:10:00,568,VOICE,BOM-318,19.119851,72.847109,BOM-447,19.044701,72.856269
CBDB1F3D,+91-88200-16056,+91-89120-11385,2025-02-23T22:27:00,1128,VOICE,BOM-519,19.066575,72.878277,BOM-244,19.098873,72.848983
80F27583,+91-87890-11833,+91-88200-19996,2025-01-09T07:43:00,53,SMS,BOM-318,19.119817,72.846675,BOM-318,19.119444,72.846959
34DA0ED4,+91-77540-32185,+91-77540-85570,2025-01-25T19:41:00,1388,VOICE,BOM-318,19.119977,72.846759,BOM-808,19.054516,72.900478
9341EF26,+91-89120-14866,+91-63990-94320,2025-03-01T07:58:00,712,VOICE,BOM-212,19.041073,72.863256,BOM-244,19.099348,72.848753
1C9D9CA6,+91-98400-77777,+91-80720-77120,2025-01-03T10:25:00,22,SMS,BOM-103,18.963618,72.833858,BOM-808,19.054135,72.900058
212D2B48,+91-88200-65785,+91-91761-39220,2025-01-15T13:55:00,1625,VOICE,BOM-808,19.054115,72.900643,BOM-244,19.098759,72.849213
3863070C,+91-75300-48378,+91-89120-13182,2025-02-06T15:12:00,1082,VOICE,BOM-519,19.066447,72.878149,BOM-244,19.098873,72.849415
D16E10DE,+91-80720-99850,+91-89120-59664,2025-02-11T22:41:00,200,VOICE,BOM-519,19.066617,72.878787,BOM-447,19.044657,72.855961
03BD457F,+91-75300-72210,+91-63990-76468,2025-02-01T11:07:00,346,VOICE,BOM-212,19.04147,72.863865,BOM-901,19.02976,72.855346
F69D8C97,+91-88200-35396,+91-89120-81821,2025-01-29T15:57:00,1124,VOICE,BOM-103,18.962995,72.834004,BOM-318,19.119518,72.846528
104261A3,+91-89120-52331,+91-93400-27063,2025-01-17T14:01:00,14,SMS,BOM-621,19.136393,72.830079,BOM-103,18.963717,72.834086
D046D1A3,+91-87890-20282,+91-93400-27974,2025-03-08T14:19:00,266,VOICE,BOM-702,19.076125,72.877988,BOM-447,19.044878,72.855998
02E4B7BF,+91-93400-49953,+91-77540-14643,2025-03-01T22:03:00,27,VOICE,BOM-244,19.09896,72.848798,BOM-212,19.040905,72.86409
40DA8B59,+91-87890-37015,+91-63990-75056,2025-01-21T23:25:00,184,VOICE,BOM-318,19.119926,72.846938,BOM-519,19.066328,72.878242
E5DE6E38,+91-80720-87178,+91-89120-20920,2025-02-21T08:20:00,1262,VOICE,BOM-447,19.044287,72.856212,BOM-244,19.098533,72.849065
650D7D40,+91-80720-14222,+91-63990-90599,2025-01-03T14:13:00,221,VOICE,BOM-244,19.098534,72.849098,BOM-447,19.044145,72.855344
F734D982,+91-91761-34941,+91-77540-51116,2025-03-15T17:59:00,530,VOICE,BOM-519,19.066577,72.878299,BOM-318,19.119441,72.847096
2C127D58,+91-93400-40210,+91-93400-91043,2025-03-15T15:59:00,1736,VOICE,BOM-519,19.065952,72.878454,BOM-702,19.076162,72.877372
13B26417,+91-88200-72688,+91-88200-38065,2025-01-13T12:24:00,314,VOICE,BOM-318,19.120058,72.846445,BOM-212,19.041378,72.86419
0821589B,+91-70420-16540,+91-87890-28051,2025-02-14T16:50:00,191,VOICE,BOM-621,19.135643,72.829833,BOM-808,19.054585,72.900081
4469CF45,+91-77540-83467,+91-80720-92906,2025-01-19T17:15:00,699,VOICE,BOM-212,19.041057,72.863951,BOM-103,18.963628,72.834251
78C99AC3,+91-91761-28919,+91-77540-26662,2025-03-04T21:08:00,1437,VOICE,BOM-519,19.066255,72.877933,BOM-318,19.120144,72.846669
80DFCB9F,+91-89120-15965,+91-70420-43247,2025-03-06T19:19:00,47,SMS,BOM-702,19.075532,72.878092,BOM-447,19.04448,72.85556
4D494738,+91-87890-42421,+91-63990-36006,2025-03-02T10:44:00,401,VOICE,BOM-244,19.099129,72.848649,BOM-212,19.041032,72.863238
51F4CD74,+91-88200-50308,+91-88200-41933,2025-01-28T09:16:00,51,SMS,BOM-103,18.96314,72.833961,BOM-621,19.136365,72.829928
BFF672B5,+91-70420-31068,+91-63990-93345,2025-01-01T09:52:00,980,VOICE,BOM-244,19.098935,72.848564,BOM-519,19.066171,72.878509
D0646336,+91-63990-43853,+91-91761-76285,2025-01-15T11:45:00,1174,VOICE,BOM-103,18.963664,72.834097,BOM-318,19.119252,72.847118
7ED00D63,+91-93400-63191,+91-70420-25927,2025-03-11T19:14:00,748,VOICE,BOM-621,19.135598,72.829308,BOM-103,18.963052,72.833934
DD107F62,+91-98400-44444,+91-98400-55555,2025-01-23T11:24:00,162,VOICE,BOM-447,19.0444,72.856133,BOM-808,19.054862,72.900042
9945BBC5,+91-80720-31895,+91-80720-36920,2025-02-16T12:46:00,1465,VOICE,BOM-901,19.029862,72.855298,BOM-212,19.041054,72.863564
B21245DC,+91-63990-77787,+91-91761-17270,2025-02-08T23:55:00,1616,VOICE,BOM-447,19.044467,72.85621,BOM-447,19.04481,72.855647
E78FE76E,+91-80720-75454,+91-89120-44681,2025-03-14T20:46:00,703,VOICE,BOM-621,19.136104,72.829848,BOM-702,19.076111,72.877554
843E328F,+91-80720-24728,+91-70420-41856,2025-01-19T16:00:00,1435,VOICE,BOM-212,19.041205,72.863671,BOM-702,19.075609,72.877738
FC1C460D,+91-87890-25565,+91-89120-67061,2025-01-17T13:18:00,243,VOICE,BOM-244,19.098641,72.84943,BOM-318,19.119379,72.846493
3DC0759D,+91-93400-58323,+91-70420-45301,2025-01-04T18:48:00,29,SMS,BOM-244,19.098832,72.848957,BOM-447,19.043931,72.855425
E48C291F,+91-88200-28596,+91-89120-51252,2025-02-04T18:42:00,509,VOICE,BOM-103,18.963725,72.833763,BOM-318,19.119535,72.847293
B63C682D,+91-63990-41340,+91-93400-90004,2025-01-10T11:36:00,11,SMS,BOM-447,19.044043,72.85617,BOM-103,18.963668,72.834497
EBFE926A,+91-87890-34530,+91-77540-44452,2025-01-31T15:30:00,764,VOICE,BOM-318,19.119699,72.846511,BOM-702,19.075765,72.877601
C0F30AEF,+91-88200-47683,+91-75300-36367,2025-02-28T10:18:00,20,SMS,BOM-318,19.119244,72.846546,BOM-244,19.098626,72.848782
78B4DEB1,+91-63990-43132,+91-89120-56698,2025-01-21T18:16:00,50,VOICE,BOM-808,19.05466,72.900276,BOM-621,19.136143,72.829188
1AB65794,+91-91761-99589,+91-93400-54766,2025-02-22T09:07:00,41,VOICE,BOM-519,19.066635,72.87844,BOM-808,19.054857,72.900673
CFB13426,+91-63990-17770,+91-87890-95969,2025-01-17T11:15:00,1471,VOICE,BOM-702,19.076228,72.877961,BOM-808,19.054489,72.900577
4046F0F9,+91-91761-63052,+91-75300-29361,2025-02-27T23:10:00,608,VOICE,BOM-808,19.054238,72.900333,BOM-621,19.136171,72.829838
6D658A97,+91-80720-71075,+91-88200-60846,2025-01-13T13:20:00,1329,VOICE,BOM-447,19.044392,72.855835,BOM-808,19.054584,72.900149
6031D694,+91-89120-92396,+91-77540-37215,2025-01-07T12:09:00,1352,VOICE,BOM-702,19.075437,72.878054,BOM-244,19.099338,72.848798
5AC93022,+91-80720-79308,+91-75300-45364,2025-01-16T13:13:00,905,VOICE,BOM-808,19.05436,72.900804,BOM-318,19.119718,72.847281
7A3FC8D1,+91-70420-31473,+91-88200-55443,2025-03-08T23:50:00,356,VOICE,BOM-702,19.075527,72.877981,BOM-621,19.136233,72.829218
88C6B6F5,+91-80720-75054,+91-75300-18140,2025-01-29T20:05:00,107,VOICE,BOM-318,19.119895,72.847133,BOM-244,19.099098,72.848571
CDB5C758,+91-70420-17081,+91-75300-47363,2025-01-27T20:16:00,1278,VOICE,BOM-901,19.029143,72.85554,BOM-103,18.962976,72.834485
DFBAFA07,+91-70420-78070,+91-80720-25271,2025-01-17T20:49:00,101,VOICE,BOM-519,19.066675,72.877955,BOM-519,19.066161,72.878298
D0459182,+91-91761-68566,+91-89120-86318,2025-02-26T07:11:00,916,VOICE,BOM-212,19.041062,72.863531,BOM-244,19.098969,72.849027
598E8E5C,+91-89120-67333,+91-88200-45038,2025-02-21T11:31:00,113,VOICE,BOM-702,19.076149,72.877595,BOM-621,19.136124,72.829163
B77716B6,+91-63990-75519,+91-80720-18871,2025-02-28T21:20:00,1211,VOICE,BOM-103,18.96364,72.834657,BOM-901,19.029265,72.855602
8A7375C6,+91-70420-74961,+91-88200-59146,2025-01-01T16:36:00,1363,VOICE,BOM-244,19.099109,72.849292,BOM-808,19.054198,72.900347
98941689,+91-63990-63421,+91-63990-72181,2025-01-18T17:11:00,652,VOICE,BOM-702,19.075577,72.87763,BOM-621,19.136,72.829285
85788CFC,+91-87890-63895,+91-87890-48089,2025-03-07T23:32:00,1596,VOICE,BOM-519,19.066531,72.878268,BOM-103,18.963497,72.834219
8F60CB7C,+91-91761-27255,+91-80720-64994,2025-01-16T08:28:00,658,VOICE,BOM-212,19.041758,72.863477,BOM-519,19.066455,72.878637
5241C324,+91-98400-12345,+91-98400-22222,2025-02-23T11:56:00,22,SMS,BOM-212,19.041555,72.864034,BOM-447,19.04459,72.855517
6539F54E,+91-98400-77777,+91-89120-11941,2025-02-13T14:19:00,439,VOICE,BOM-103,18.963481,72.833922,BOM-519,19.065902,72.878219
3199A416,+91-93400-22237,+91-80720-88377,2025-02-21T15:09:00,1106,VOICE,BOM-702,19.075797,72.878121,BOM-212,19.041745,72.863936
03E779BF,+91-75300-27739,+91-91761-78731,2025-03-02T07:20:00,16,SMS,BOM-318,19.11967,72.847293,BOM-447,19.044212,72.855488
96C78AFF,+91-91761-87781,+91-70420-76361,2025-02-26T09:32:00,963,VOICE,BOM-621,19.136197,72.829488,BOM-103,18.963454,72.833749
7C7E98AD,+91-63990-35086,+91-80720-42023,2025-03-01T14:29:00,629,VOICE,BOM-702,19.075442,72.878143,BOM-212,19.041813,72.863232
3F919417,+91-87890-21895,+91-77540-37619,2025-02-03T13:29:00,79,VOICE,BOM-212,19.041417,72.863831,BOM-901,19.02924,72.855387
02F71D09,+91-75300-97063,+91-70420-62231,2025-01-13T17:32:00,570,VOICE,BOM-103,18.963762,72.834547,BOM-103,18.963673,72.83467
DBB676D3,+91-93400-88472,+91-93400-35894,2025-01-02T16:46:00,1333,VOICE,BOM-244,19.099498,72.848931,BOM-318,19.119862,72.846337
6E69C9E5,+91-93400-55780,+91-63990-73127,2025-03-02T12:44:00,27,SMS,BOM-244,19.098889,72.84851,BOM-244,19.098699,72.849223
44C812ED,+91-87890-12836,+91-89120-80612,2025-02-17T13:45:00,15,SMS,BOM-447,19.044142,72.855647,BOM-702,19.076316,72.8776
6B842A58,+91-93400-98567,+91-89120-73186,2025-02-18T14:21:00,1274,VOICE,BOM-621,19.135917,72.829412,BOM-808,19.054748,72.900022
35E083EA,+91-87890-70784,+91-91761-31964,2025-02-13T20:40:00,59,SMS,BOM-212,19.040979,72.863544,BOM-702,19.075717,72.877491
CE8426F6,+91-91761-75619,+91-89120-41696,2025-03-06T09:06:00,1098,VOICE,BOM-519,19.066516,72.878864,BOM-318,19.120102,72.846837
6C4B4C0F,+91-63990-82981,+91-77540-31012,2025-02-18T22:11:00,39,VOICE,BOM-901,19.030049,72.855515,BOM-318,19.120024,72.847024
BDE90A45,+91-80720-20895,+91-87890-29952,2025-02-09T13:01:00,74,VOICE,BOM-519,19.066254,72.878237,BOM-519,19.06637,72.878438
A6598ACC,+91-93400-59189,+91-77540-27261,2025-02-18T10:06:00,18,SMS,BOM-519,19.066792,72.878471,BOM-318,19.120065,72.847067
8E9E508F,+91-91761-94320,+91-80720-47156,2025-01-12T08:49:00,378,VOICE,BOM-901,19.029483,72.855329,BOM-212,19.041596,72.863724
5D31AD1E,+91-80720-31271,+91-70420-24165,2025-02-27T16:56:00,326,VOICE,BOM-447,19.044519,72.855806,BOM-621,19.136202,72.829536
371F0FD6,+91-88200-86251,+91-77540-32729,2025-01-16T16:40:00,436,VOICE,BOM-244,19.09929,72.84933,BOM-318,19.120087,72.84711
913B7D5F,+91-75300-15713,+91-70420-89097,2025-01-24T15:17:00,1085,VOICE,BOM-901,19.029661,72.855689,BOM-702,19.076039,72.878192
0C597A1F,+91-93400-86588,+91-63990-21433,2025-01-14T11:40:00,99,VOICE,BOM-244,19.099468,72.849384,BOM-519,19.065993,72.878346
F0D00233,+91-75300-26006,+91-70420-31354,2025-01-11T16:03:00,323,VOICE,BOM-103,18.963045,72.833787,BOM-702,19.075768,72.878152
38809B8B,+91-88200-62620,+91-88200-41051,2025-03-08T23:30:00,649,VOICE,BOM-808,19.054097,72.900215,BOM-519,19.066598,72.878672
32EF3780,+91-98400-44444,+91-98400-55555,2025-01-02T10:04:00,895,VOICE,BOM-447,19.044446,72.856135,BOM-318,19.119242,72.846665
D8EFB0BC,+91-87890-37509,+91-91761-23155,2025-01-14T16:15:00,1074,VOICE,BOM-901,19.029585,72.855391,BOM-318,19.119461,72.846905
A7F4ABF5,+91-80720-68802,+91-80720-17174,2025-02-13T08:33:00,758,VOICE,BOM-621,19.136099,72.829358,BOM-901,19.029407,72.855272
64297866,+91-75300-41030,+91-93400-58740,2025-01-25T18:39:00,25,SMS,BOM-244,19.099171,72.84852,BOM-808,19.054998,72.900156
52749334,+91-87890-93106,+91-70420-45832,2025-01-20T11:57:00,713,VOICE,BOM-808,19.054306,72.900079,BOM-244,19.098656,72.849313
E6DC3F4D,+91-91761-43330,+91-93400-88924,2025-01-21T07:07:00,1334,VOICE,BOM-808,19.054398,72.900586,BOM-212,19.041419,72.863389
5C54A2A3,+91-98400-55555,+91-98400-44444,2025-03-03T13:48:00,1350,VOICE,BOM-212,19.041221,72.863846,BOM-244,19.098732,72.849239
CBFE8FB2,+91-87890-94578,+91-87890-44629,2025-03-10T14:21:00,1403,VOICE,BOM-103,18.963303,72.834326,BOM-212,19.041877,72.864146
7D6A1F14,+91-98400-77777,+91-77540-12382,2025-02-04T20:31:00,1739,VOICE,BOM-702,19.075504,72.87721,BOM-244,19.098876,72.849239
019ABF3F,+91-88200-88694,+91-87890-68190,2025-01-29T20:18:00,17,SMS,BOM-212,19.041795,72.864002,BOM-702,19.075579,72.878199
E229643A,+91-80720-10558,+91-63990-57459,2025-02-27T14:56:00,1758,VOICE,BOM-212,19.04138,72.863538,BOM-621,19.135877,72.829318
91B2CCB7,+91-98400-11111,+91-98400-33333,2025-01-15T07:08:00,47,VOICE,BOM-447,19.044258,72.856088,BOM-318,19.119465,72.846427
D0BD308C,+91-98400-77777,+91-70420-84007,2025-03-06T21:13:00,1034,VOICE,BOM-447,19.044852,72.855801,BOM-212,19.041788,72.86417
BBAA38C4,+91-89120-45579,+91-88200-72472,2025-03-15T18:00:00,411,VOICE,BOM-621,19.135834,72.829232,BOM-318,19.119261,72.846737
49518F82,+91-93400-14212,+91-88200-56482,2025-02-01T19:27:00,11,SMS,BOM-621,19.13642,72.829697,BOM-318,19.119764,72.846979
064A5833,+91-87890-40537,+91-93400-56575,2025-01-04T11:56:00,12,SMS,BOM-808,19.054025,72.900868,BOM-519,19.06618,72.878347
2A64EB2A,+91-93400-32953,+91-93400-24202,2025-01-24T14:18:00,1604,VOICE,BOM-808,19.054404,72.90056,BOM-447,19.044308,72.856
B3B841F6,+91-93400-89993,+91-63990-33388,2025-03-04T10:09:00,18,SMS,BOM-244,19.099143,72.849413,BOM-621,19.135603,72.829173
501D0DA0,+91-77540-94555,+91-93400-26049,2025-01-17T15:48:00,200,VOICE,BOM-318,19.12008,72.846358,BOM-702,19.076151,72.877593
3B7B0D0A,+91-93400-82487,+91-87890-51854,2025-02-01T09:37:00,1625,VOICE,BOM-901,19.029376,72.855583,BOM-103,18.963442,72.833895
AA46231F,+91-89120-42860,+91-80720-75771,2025-02-16T15:21:00,584,VOICE,BOM-212,19.041743,72.863813,BOM-702,19.075939,72.87773
158EEE54,+91-63990-47176,+91-93400-30416,2025-01-03T13:05:00,49,SMS,BOM-318,19.120017,72.846708,BOM-702,19.075546,72.877718
DE951D2F,+91-88200-81511,+91-88200-51027,2025-01-31T17:29:00,37,SMS,BOM-103,18.963659,72.834693,BOM-212,19.041821,72.863626
4339D9DB,+91-98400-11111,+91-88200-97899,2025-03-14T18:17:00,39,SMS,BOM-447,19.0444,72.8558,BOM-447,19.043957,72.856114
CEA47AB9,+91-75300-69177,+91-88200-27499,2025-02-03T12:43:00,1652,VOICE,BOM-621,19.135699,72.829514,BOM-318,19.119593,72.846677
287BB208,+91-98400-55555,+91-98400-44444,2025-03-12T15:52:00,1642,VOICE,BOM-447,19.044029,72.855397,BOM-702,19.075958,72.877566
BBE5D6C2,+91-89120-86707,+91-77540-30868,2025-01-16T17:36:00,44,VOICE,BOM-901,19.029799,72.854923,BOM-318,19.119862,72.846307
F12FDF8B,+91-93400-45989,+91-87890-65858,2025-02-09T18:39:00,21,SMS,BOM-103,18.963341,72.834359,BOM-212,19.041493,72.863303
7D66D9D5,+91-89120-90404,+91-77540-68953,2025-01-01T14:15:00,1465,VOICE,BOM-519,19.066193,72.87887,BOM-244,19.098789,72.848686
3D873D21,+91-98400-11111,+91-98400-22222,2025-03-03T23:58:00,155,VOICE,BOM-447,19.043957,72.855808,BOM-244,19.098568,72.849362
F7B2C76A,+91-91761-27025,+91-75300-17051,2025-01-12T16:50:00,1656,VOICE,BOM-702,19.075859,72.877365,BOM-447,19.044559,72.8555
970F0641,+91-98400-11111,+91-98400-33333,2025-01-26T23:25:00,1661,VOICE,BOM-447,19.043945,72.855437,BOM-901,19.029619,72.854949
AC233911,+91-87890-83417,+91-75300-30278,2025-02-12T09:10:00,692,VOICE,BOM-103,18.963629,72.834119,BOM-244,19.099346,72.848551
6CBB6278,+91-91761-86474,+91-88200-25715,2025-01-17T17:55:00,1557,VOICE,BOM-244,19.099388,72.849466,BOM-808,19.054637,72.900668
F39CE39C,+91-93400-19724,+91-91761-65884,2025-03-04T22:14:00,1649,VOICE,BOM-244,19.099485,72.848685,BOM-901,19.029752,72.855475
24644A89,+91-91761-12725,+91-77540-61265,2025-01-07T09:19:00,55,SMS,BOM-447,19.04422,72.855889,BOM-103,18.963566,72.83398
10262FF9,+91-93400-56404,+91-93400-26934,2025-01-30T20:27:00,1053,VOICE,BOM-702,19.076372,72.87767,BOM-212,19.041807,72.863751
5BD2D28B,+91-91761-46362,+91-75300-86339,2025-02-07T08:32:00,1625,VOICE,BOM-244,19.099133,72.848822,BOM-702,19.07564,72.877357
A0288BBA,+91-63990-65518,+91-63990-20803,2025-03-10T11:17:00,649,VOICE,BOM-212,19.041411,72.863403,BOM-318,19.119736,72.846691
E8787FB7,+91-70420-92249,+91-88200-72801,2025-02-16T10:14:00,891,VOICE,BOM-212,19.040911,72.863951,BOM-318,19.119309,72.84685
162DB96E,+91-93400-81474,+91-87890-12389,2025-01-12T09:10:00,715,VOICE,BOM-318,19.119722,72.84699,BOM-519,19.066279,72.878825
40FF0171,+91-88200-38687,+91-91761-61522,2025-02-07T14:01:00,549,VOICE,BOM-621,19.136078,72.830053,BOM-901,19.029711,72.855525
FC1EA6FB,+91-98400-12345,+91-98400-22222,2025-01-16T16:05:00,1716,VOICE,BOM-447,19.044173,72.856205,BOM-808,19.054092,72.900911
EA1B6746,+91-91761-71889,+91-93400-48691,2025-01-12T09:18:00,10,SMS,BOM-519,19.066049,72.878232,BOM-702,19.075762,72.878049
126742AE,+91-87890-32193,+91-93400-94071,2025-01-20T10:22:00,113,VOICE,BOM-212,19.04161,72.863282,BOM-702,19.075618,72.877251
FA6C20C7,+91-63990-26118,+91-91761-82938,2025-02-05T20:13:00,1411,VOICE,BOM-702,19.076035,72.87818,BOM-901,19.029373,72.855462
B5B1DF65,+91-87890-59687,+91-70420-62577,2025-01-04T19:36:00,1464,VOICE,BOM-519,19.06648,72.877902,BOM-244,19.098844,72.848631
761F51B0,+91-75300-98473,+91-87890-13084,2025-03-11T15:11:00,745,VOICE,BOM-808,19.054018,72.900325,BOM-447,19.044496,72.855657
CD4A1F99,+91-87890-65898,+91-63990-13084,2025-01-07T09:08:00,1084,VOICE,BOM-318,19.119658,72.84633,BOM-318,19.119401,72.847204
CF1AEAF2,+91-63990-62545,+91-63990-14254,2025-02-04T18:14:00,387,VOICE,BOM-519,19.066052,72.878814,BOM-519,19.066798,72.878421
8C5C9D59,+91-88200-38336,+91-89120-70486,2025-01-12T13:48:00,1355,VOICE,BOM-901,19.029272,72.854894,BOM-519,19.066341,72.878281
D91B647E,+91-91761-47259,+91-87890-69843,2025-02-15T20:12:00,1652,VOICE,BOM-212,19.04103,72.863276,BOM-103,18.963499,72.834192
AC9D0965,+91-88200-33578,+91-89120-27188,2025-03-15T14:52:00,1491,VOICE,BOM-621,19.136304,72.829655,BOM-808,19.054196,72.9008
041C0E47,+91-89120-46608,+91-80720-40443,2025-02-08T22:21:00,1170,VOICE,BOM-103,18.963697,72.83428,BOM-808,19.054285,72.900384
49E54A58,+91-75300-23895,+91-80720-52373,2025-03-03T16:09:00,1077,VOICE,BOM-901,19.029904,72.855216,BOM-447,19.044857,72.855932
9C6D5084,+91-88200-48084,+91-70420-52081,2025-01-04T10:15:00,1615,VOICE,BOM-318,19.119223,72.847187,BOM-519,19.066072,72.878699
1C1DDF01,+91-70420-92873,+91-80720-57887,2025-03-10T17:05:00,53,SMS,BOM-621,19.136148,72.829277,BOM-447,19.044868,72.855961
F2032734,+91-70420-32018,+91-89120-66774,2025-02-20T22:01:00,48,SMS,BOM-808,19.054173,72.900215,BOM-318,19.119475,72.846746
0C6CEE2F,+91-63990-46747,+91-93400-43767,2025-03-02T10:42:00,1109,VOICE,BOM-901,19.02919,72.855492,BOM-519,19.066732,72.878666
8FB7C43F,+91-63990-12226,+91-77540-40589,2025-02-10T22:55:00,1510,VOICE,BOM-212,19.041353,72.864158,BOM-808,19.054194,72.900882
A132C48F,+91-98400-22222,+91-98400-11111,2025-03-01T09:09:00,59,SMS,BOM-447,19.04476,72.856024,BOM-103,18.963166,72.834491
09457DDF,+91-70420-76828,+91-63990-94393,2025-01-07T16:07:00,759,VOICE,BOM-621,19.136443,72.829812,BOM-519,19.06612,72.877948
758788D7,+91-98400-12345,+91-98400-22222,2025-03-09T08:42:00,14,SMS,BOM-212,19.041776,72.863818,BOM-318,19.119381,72.846993
FFB07A1F,+91-77540-91538,+91-89120-40154,2025-02-15T16:43:00,52,SMS,BOM-702,19.076277,72.878154,BOM-212,19.040971,72.863361
90E1DEFA,+91-91761-78109,+91-93400-70994,2025-01-18T14:31:00,396,VOICE,BOM-702,19.076151,72.877408,BOM-447,19.044133,72.855529
9D28234D,+91-98400-55555,+91-98400-44444,2025-01-22T09:18:00,1392,VOICE,BOM-212,19.040993,72.864152,BOM-621,19.135725,72.829299
726EF21A,+91-75300-83653,+91-88200-72770,2025-01-11T17:20:00,1231,VOICE,BOM-447,19.044671,72.85621,BOM-318,19.11998,72.846831
AF0D4A8F,+91-75300-33207,+91-63990-39933,2025-02-17T19:02:00,305,VOICE,BOM-244,19.098746,72.849169,BOM-808,19.05468,72.90071
12701151,+91-88200-49677,+91-75300-82273,2025-02-07T14:33:00,668,VOICE,BOM-103,18.963303,72.833754,BOM-808,19.054706,72.900622
03E51272,+91-77540-90962,+91-80720-47054,2025-01-15T10:31:00,1262,VOICE,BOM-519,19.066578,72.878731,BOM-519,19.066158,72.87831
6EC75BC6,+91-88200-67234,+91-91761-20398,2025-02-15T22:45:00,56,SMS,BOM-621,19.136332,72.829839,BOM-621,19.136472,72.829933
E1F203E4,+91-80720-85060,+91-89120-52039,2025-01-15T21:04:00,1725,VOICE,BOM-318,19.120154,72.847172,BOM-244,19.099399,72.849368
A5FC977D,+91-93400-94853,+91-93400-98826,2025-01-27T15:41:00,37,SMS,BOM-447,19.044765,72.856267,BOM-447,19.044374,72.855432
927FF8E4,+91-87890-85796,+91-77540-22002,2025-01-15T23:42:00,1776,VOICE,BOM-808,19.054351,72.900154,BOM-621,19.135681,72.829129
47BAF658,+91-87890-59998,+91-63990-22560,2025-02-22T14:55:00,943,VOICE,BOM-808,19.054464,72.900428,BOM-244,19.099119,72.84884
4998BC57,+91-88200-89910,+91-89120-55530,2025-02-10T14:57:00,370,VOICE,BOM-621,19.136142,72.829311,BOM-212,19.041842,72.863373
6C4760B8,+91-89120-51999,+91-63990-87187,2025-01-06T22:55:00,711,VOICE,BOM-808,19.054181,72.900024,BOM-103,18.963117,72.833957
BB73B498,+91-89120-93061,+91-75300-56663,2025-01-21T12:31:00,29,SMS,BOM-621,19.136312,72.829399,BOM-447,19.043926,72.856227
8795B2C3,+91-87890-12762,+91-89120-14562,2025-01-07T14:16:00,24,SMS,BOM-702,19.076303,72.877885,BOM-103,18.963667,72.834558
D8D6BE36,+91-77540-70132,+91-77540-37876,2025-01-09T07:12:00,552,VOICE,BOM-702,19.076163,72.87759,BOM-702,19.075874,72.878146
CA47C252,+91-63990-59602,+91-89120-17502,2025-02-15T17:51:00,21,VOICE,BOM-901,19.029971,72.855202,BOM-318,19.119226,72.846423
FD475B4E,+91-70420-16880,+91-87890-15646,2025-01-15T08:19:00,555,VOICE,BOM-702,19.076088,72.877992,BOM-808,19.05427,72.90017
4F6C6479,+91-77540-67326,+91-87890-18951,2025-03-01T11:20:00,7,SMS,BOM-212,19.0415,72.86395,BOM-212,19.041675,72.864116
5BDF4F14,+91-91761-24500,+91-70420-71827,2025-03-08T23:12:00,366,VOICE,BOM-901,19.02933,72.855227,BOM-702,19.076162,72.877491
6631B45F,+91-75300-96944,+91-70420-40882,2025-03-05T09:51:00,723,VOICE,BOM-212,19.04185,72.863798,BOM-244,19.099429,72.849388
773A4476,+91-77540-71652,+91-75300-66716,2025-03-02T08:30:00,1318,VOICE,BOM-103,18.96348,72.83382,BOM-318,19.1198,72.846539
57DC1A2F,+91-75300-43436,+91-91761-61270,2025-01-24T16:06:00,39,SMS,BOM-621,19.135684,72.829161,BOM-318,19.119861,72.846873
3DADB328,+91-98400-33333,+91-98400-11111,2025-02-15T14:40:00,1301,VOICE,BOM-447,19.044521,72.855978,BOM-212,19.041803,72.863846
9534D58D,+91-75300-66755,+91-75300-48856,2025-01-11T23:59:00,353,VOICE,BOM-103,18.963481,72.833876,BOM-318,19.119276,72.846471
A660A597,+91-70420-81241,+91-87890-92245,2025-03-11T10:01:00,225,VOICE,BOM-103,18.963097,72.834212,BOM-808,19.054142,72.900912
BA4AA756,+91-88200-29323,+91-89120-47144,2025-01-19T08:38:00,647,VOICE,BOM-103,18.96379,72.833823,BOM-244,19.098978,72.849329
8262F948,+91-91761-60915,+91-87890-31013,2025-02-17T07:27:00,309,VOICE,BOM-447,19.04436,72.856011,BOM-103,18.963652,72.834687
734B57AF,+91-70420-27942,+91-80720-22362,2025-01-01T10:57:00,7,SMS,BOM-901,19.02991,72.855206,BOM-212,19.041164,72.863791
CF18D6A1,+91-98400-33333,+91-98400-44444,2025-02-14T19:08:00,970,VOICE,BOM-212,19.041415,72.863306,BOM-212,19.041167,72.863448
CCB61243,+91-93400-11783,+91-91761-60379,2025-01-10T16:01:00,780,VOICE,BOM-901,19.029913,72.855707,BOM-447,19.044116,72.855688
22E7244E,+91-80720-89987,+91-91761-22128,2025-02-08T18:31:00,1470,VOICE,BOM-621,19.13582,72.82916,BOM-519,19.06584,72.878707
277F83FD,+91-88200-26478,+91-88200-93744,2025-01-13T08:13:00,875,VOICE,BOM-103,18.963574,72.834301,BOM-519,19.066148,72.878852
30D97FCF,+91-91761-27970,+91-63990-78146,2025-01-09T18:54:00,1612,VOICE,BOM-901,19.029994,72.855781,BOM-901,19.029947,72.855672
40861C45,+91-77540-79152,+91-93400-85744,2025-03-03T22:17:00,1597,VOICE,BOM-901,19.029326,72.855064,BOM-621,19.136211,72.829453
3027AD33,+91-89120-64486,+91-80720-35577,2025-01-16T17:53:00,1465,VOICE,BOM-702,19.075772,72.877898,BOM-318,19.119333,72.847093
395C2E55,+91-63990-12844,+91-91761-15845,2025-03-11T07:42:00,1172,VOICE,BOM-318,19.119795,72.846466,BOM-212,19.041804,72.863977
D83A1AFC,+91-87890-32154,+91-87890-98055,2025-02-02T20:10:00,18,SMS,BOM-318,19.119561,72.847065,BOM-621,19.135809,72.829642
4E44E5E5,+91-87890-11157,+91-75300-35146,2025-02-11T20:28:00,1523,VOICE,BOM-901,19.0296,72.855682,BOM-901,19.029811,72.855144
32FFBF47,+91-77540-61109,+91-89120-39146,2025-01-06T14:56:00,807,VOICE,BOM-621,19.136154,72.829896,BOM-621,19.136115,72.829567
B8DBE1E4,+91-98400-77777,+91-63990-67536,2025-02-07T20:56:00,1052,VOICE,BOM-103,18.96366,72.834281,BOM-621,19.136262,72.829637
EDDC236D,+91-91761-25733,+91-89120-62866,2025-01-01T23:31:00,53,SMS,BOM-702,19.076033,72.877704,BOM-103,18.962946,72.834402
0AF0222A,+91-89120-75055,+91-75300-81137,2025-02-15T20:40:00,1517,VOICE,BOM-103,18.963323,72.833792,BOM-901,19.029612,72.854854
110D0AB0,+91-98400-77777,+91-88200-93907,2025-02-28T16:37:00,1192,VOICE,BOM-621,19.135768,72.829711,BOM-212,19.041101,72.863689
A95A0611,+91-93400-72743,+91-70420-15528,2025-01-29T14:09:00,1040,VOICE,BOM-702,19.075723,72.877956,BOM-808,19.054019,72.900766
7AAD4B1B,+91-63990-92543,+91-91761-34430,2025-02-25T19:01:00,935,VOICE,BOM-244,19.09893,72.848504,BOM-519,19.066006,72.878652
E6C445B1,+91-89120-62694,+91-93400-91863,2025-01-12T10:37:00,574,VOICE,BOM-212,19.041466,72.863731,BOM-808,19.05421,72.900796
87E48723,+91-77540-63317,+91-80720-53169,2025-01-12T18:58:00,1608,VOICE,BOM-621,19.135646,72.829898,BOM-621,19.13551,72.829477
14052A5C,+91-70420-74387,+91-80720-52141,2025-03-13T22:39:00,24,SMS,BOM-901,19.030092,72.855571,BOM-447,19.044428,72.855342
27E7B6B9,+91-80720-95512,+91-87890-36658,2025-02-04T16:59:00,187,VOICE,BOM-212,19.041005,72.86354,BOM-244,19.098765,72.849492
F9B52EF1,+91-75300-29686,+91-70420-92042,2025-02-16T14:21:00,1586,VOICE,BOM-212,19.041088,72.863319,BOM-621,19.135871,72.829514
FFC97DF9,+91-77540-92042,+91-70420-45308,2025-03-01T14:28:00,1228,VOICE,BOM-103,18.963601,72.834342,BOM-702,19.076153,72.877887
21F6A700,+91-63990-14440,+91-87890-20498,2025-03-04T22:47:00,58,SMS,BOM-702,19.076117,72.878077,BOM-212,19.041724,72.863898
C649E705,+91-77540-69438,+91-63990-23541,2025-02-13T07:52:00,1064,VOICE,BOM-103,18.963082,72.834439,BOM-702,19.076137,72.87771
2D19DF1F,+91-91761-34555,+91-75300-69666,2025-01-19T07:42:00,32,SMS,BOM-702,19.075421,72.878174,BOM-212,19.041071,72.86396
E089DC11,+91-98400-22222,+91-98400-12345,2025-02-27T17:55:00,45,SMS,BOM-212,19.041051,72.863268,BOM-621,19.136296,72.829691
26BE56E3,+91-77540-11038,+91-89120-53521,2025-02-09T23:05:00,394,VOICE,BOM-808,19.054596,72.900323,BOM-702,19.075976,72.877597
D7235665,+91-87890-42949,+91-63990-56911,2025-01-09T12:18:00,1109,VOICE,BOM-244,19.098741,72.849018,BOM-244,19.099,72.848899
A0B7EC51,+91-87890-22221,+91-91761-23672,2025-03-12T12:02:00,6,SMS,BOM-318,19.119399,72.847211,BOM-808,19.054284,72.900233
4CE070C4,+91-80720-80185,+91-93400-73591,2025-02-13T14:02:00,31,SMS,BOM-103,18.963663,72.8346,BOM-447,19.044082,72.855587
6C55F57C,+91-70420-85757,+91-77540-25444,2025-03-08T07:24:00,1423,VOICE,BOM-702,19.075809,72.877307,BOM-808,19.054652,72.900254
0D965E66,+91-93400-94883,+91-91761-74922,2025-03-09T23:05:00,973,VOICE,BOM-808,19.054079,72.900802,BOM-621,19.135649,72.829228
65338B31,+91-75300-93714,+91-70420-65790,2025-02-25T21:06:00,1122,VOICE,BOM-702,19.075634,72.877422,BOM-519,19.066576,72.8784
54946C36,+91-77540-76982,+91-91761-61140,2025-02-08T20:08:00,28,SMS,BOM-702,19.076202,72.877697,BOM-244,19.098728,72.849386
023FBBCF,+91-93400-42855,+91-91761-96424,2025-02-08T17:45:00,47,SMS,BOM-244,19.09902,72.849077,BOM-621,19.13626,72.829232
258A0379,+91-77540-19205,+91-89120-59787,2025-02-22T16:51:00,338,VOICE,BOM-519,19.065917,72.878472,BOM-244,19.099369,72.848536
9CE5AB3E,+91-80720-75191,+91-70420-23453,2025-02-21T20:02:00,1706,VOICE,BOM-212,19.041692,72.864163,BOM-621,19.13639,72.829662
F202AD8A,+91-75300-25045,+91-93400-13866,2025-02-11T11:14:00,1505,VOICE,BOM-318,19.119468,72.846782,BOM-212,19.041249,72.863751
71410EBC,+91-91761-37494,+91-93400-35644,2025-01-02T18:46:00,1404,VOICE,BOM-318,19.119577,72.847283,BOM-318,19.120126,72.846396
22111436,+91-75300-21789,+91-75300-56752,2025-01-26T11:13:00,1736,VOICE,BOM-212,19.041263,72.864109,BOM-244,19.099405,72.848947
2F225C6E,+91-80720-49965,+91-80720-54249,2025-01-22T07:34:00,91,VOICE,BOM-901,19.029758,72.855222,BOM-103,18.963701,72.833967
6B5A9CAB,+91-80720-60444,+91-87890-89583,2025-01-25T11:55:00,276,VOICE,BOM-901,19.029897,72.855101,BOM-103,18.963787,72.834167
F4862762,+91-98400-22222,+91-98400-12345,2025-02-25T10:50:00,895,VOICE,BOM-447,19.044753,72.855951,BOM-901,19.029988,72.855214
7EEE5679,+91-80720-25720,+91-88200-66657,2025-03-05T15:05:00,585,VOICE,BOM-212,19.041868,72.864004,BOM-519,19.066527,72.878227
EEF76981,+91-75300-83894,+91-63990-96285,2025-01-05T17:44:00,1304,VOICE,BOM-702,19.076269,72.877208,BOM-808,19.054475,72.900337
DEEBF105,+91-80720-77459,+91-75300-24185,2025-03-05T19:36:00,27,SMS,BOM-244,19.098861,72.84908,BOM-702,19.076189,72.877213
664A8373,+91-89120-35197,+91-63990-34386,2025-03-08T19:40:00,52,SMS,BOM-621,19.136207,72.830082,BOM-621,19.135931,72.829465
A450E9C8,+91-87890-36853,+91-87890-63635,2025-01-02T20:52:00,29,SMS,BOM-621,19.136343,72.829289,BOM-901,19.029353,72.85481
6F3D84D9,+91-88200-87217,+91-87890-97216,2025-02-27T09:48:00,453,VOICE,BOM-103,18.962817,72.834029,BOM-621,19.136357,72.829621
29C3B841,+91-89120-58218,+91-63990-13645,2025-03-05T09:16:00,54,SMS,BOM-808,19.054345,72.900826,BOM-901,19.029554,72.855551
C3176001,+91-89120-68106,+91-63990-92179,2025-01-19T08:46:00,466,VOICE,BOM-621,19.13577,72.829996,BOM-901,19.029543,72.855082
337462A2,+91-63990-68198,+91-70420-39418,2025-01-27T19:11:00,39,SMS,BOM-447,19.04456,72.855331,BOM-702,19.076337,72.87811
C8B18280,+91-89120-14261,+91-63990-52611,2025-02-03T08:10:00,1276,VOICE,BOM-244,19.099318,72.84905,BOM-212,19.041599,72.863419
61D3CDC2,+91-93400-25826,+91-63990-38257,2025-02-28T13:45:00,235,VOICE,BOM-808,19.054047,72.900633,BOM-244,19.098623,72.849392
D1FC3808,+91-98400-33333,+91-98400-44444,2025-01-11T23:41:00,38,SMS,BOM-447,19.043939,72.856008,BOM-103,18.96341,72.834064
4FD3D075,+91-75300-44410,+91-89120-38382,2025-01-04T17:46:00,60,SMS,BOM-808,19.054783,72.900929,BOM-447,19.044707,72.855853
AC70B87C,+91-87890-78287,+91-80720-29612,2025-02-06T12:06:00,597,VOICE,BOM-447,19.04469,72.855983,BOM-103,18.962941,72.834037
51437864,+91-63990-36229,+91-80720-32041,2025-03-01T18:53:00,933,VOICE,BOM-318,19.119945,72.847053,BOM-212,19.041319,72.863505
58231976,+91-88200-25162,+91-88200-96853,2025-03-11T14:15:00,364,VOICE,BOM-212,19.041005,72.864193,BOM-447,19.04406,72.856229
E3380993,+91-91761-22813,+91-89120-99370,2025-02-09T07:08:00,965,VOICE,BOM-447,19.044062,72.856233,BOM-103,18.963603,72.833788
C12B3DE5,+91-63990-36518,+91-91761-95196,2025-02-08T12:55:00,206,VOICE,BOM-702,19.07565,72.877572,BOM-318,19.119252,72.846926
BF715046,+91-98400-12345,+91-98400-22222,2025-02-16T19:20:00,1037,VOICE,BOM-212,19.04115,72.863313,BOM-103,18.963187,72.834262
D9551E8D,+91-77540-72283,+91-89120-16831,2025-02-22T07:51:00,1073,VOICE,BOM-103,18.963794,72.834291,BOM-519,19.065976,72.878594
17A0D280,+91-77540-24114,+91-75300-52294,2025-03-13T13:39:00,1124,VOICE,BOM-808,19.054939,72.900121,BOM-519,19.065906,72.878223
0EB78082,+91-98400-12345,+91-98400-22222,2025-02-04T15:08:00,118,VOICE,BOM-447,19.044516,72.855887,BOM-103,18.963026,72.833933
C3288575,+91-98400-44444,+91-98400-55555,2025-01-09T11:47:00,31,SMS,BOM-447,19.043992,72.85583,BOM-901,19.029441,72.85517
E3266EA8,+91-88200-66502,+91-91761-51444,2025-01-25T16:29:00,53,SMS,BOM-808,19.054605,72.900878,BOM-702,19.075595,72.877296
55DBDE4E,+91-70420-76570,+91-89120-48106,2025-02-01T12:49:00,54,SMS,BOM-244,19.099061,72.849157,BOM-621,19.135801,72.829971
2AA1CB05,+91-89120-55216,+91-91761-51018,2025-01-17T18:09:00,943,VOICE,BOM-103,18.963445,72.834201,BOM-212,19.041294,72.863513
CC4D0DE4,+91-63990-92688,+91-77540-51953,2025-02-24T16:08:00,1573,VOICE,BOM-901,19.029939,72.855207,BOM-103,18.963452,72.833702
17D2DF33,+91-88200-67060,+91-63990-26071,2025-03-12T16:59:00,984,VOICE,BOM-447,19.044264,72.855691,BOM-702,19.075466,72.877231
67CCF6C5,+91-98400-22222,+91-98400-11111,2025-01-03T15:13:00,12,SMS,BOM-447,19.044449,72.856027,BOM-621,19.135738,72.829222
86222C6E,+91-87890-69967,+91-87890-34000,2025-02-03T20:13:00,53,VOICE,BOM-621,19.135732,72.829551,BOM-244,19.098916,72.849241
49BFDA6F,+91-93400-75863,+91-80720-39332,2025-01-06T09:18:00,1162,VOICE,BOM-447,19.044063,72.855826,BOM-244,19.098551,72.849045
ED16FB7D,+91-88200-73576,+91-88200-12572,2025-02-27T14:12:00,1181,VOICE,BOM-808,19.054051,72.900008,BOM-808,19.054979,72.900849
5746EE58,+91-98400-33333,+91-98400-44444,2025-02-08T20:44:00,59,SMS,BOM-212,19.041357,72.863502,BOM-901,19.029207,72.855181
575DF208,+91-87890-55643,+91-93400-45274,2025-02-16T15:30:00,360,VOICE,BOM-519,19.066654,72.878545,BOM-244,19.099031,72.848696
B2F6FEB2,+91-75300-44162,+91-63990-69059,2025-01-26T14:04:00,21,SMS,BOM-244,19.098506,72.849446,BOM-702,19.075671,72.877626
94B7F48B,+91-70420-22648,+91-80720-88878,2025-01-27T13:11:00,74,VOICE,BOM-212,19.041046,72.863946,BOM-621,19.136449,72.829448
95334059,+91-80720-61664,+91-75300-87376,2025-01-14T17:09:00,181,VOICE,BOM-901,19.029931,72.85546,BOM-901,19.029728,72.855069
180030F1,+91-98400-11111,+91-98400-33333,2025-03-06T21:17:00,46,SMS,BOM-447,19.044709,72.855631,BOM-621,19.136219,72.829114
F746988A,+91-88200-59958,+91-75300-62342,2025-01-25T19:02:00,528,VOICE,BOM-212,19.041609,72.863336,BOM-901,19.029585,72.854868
DA1EE241,+91-80720-61136,+91-70420-23586,2025-01-11T12:17:00,204,VOICE,BOM-702,19.076311,72.878052,BOM-621,19.136033,72.829617
8BE1678C,+91-80720-16320,+91-75300-59368,2025-01-29T17:41:00,56,SMS,BOM-244,19.09909,72.849135,BOM-212,19.041678,72.8642
E13E7ECC,+91-98400-33333,+91-98400-44444,2025-01-11T08:09:00,572,VOICE,BOM-447,19.044654,72.85535,BOM-901,19.029762,72.855286
BECDD1D3,+91-93400-45077,+91-91761-17144,2025-02-15T14:27:00,45,SMS,BOM-901,19.029725,72.855667,BOM-519,19.066077,72.878473
6216B526,+91-80720-45063,+91-88200-61129,2025-01-21T18:50:00,1324,VOICE,BOM-103,18.962861,72.834616,BOM-808,19.0543,72.900267
B20454F7,+91-87890-48063,+91-70420-25181,2025-01-31T16:57:00,1640,VOICE,BOM-103,18.963785,72.83448,BOM-702,19.075698,72.877677
D2A56C08,+91-70420-67870,+91-75300-83512,2025-03-04T21:31:00,1747,VOICE,BOM-318,19.119324,72.846394,BOM-621,19.135681,72.829268
7508EFCC,+91-80720-33680,+91-89120-33584,2025-01-01T21:51:00,266,VOICE,BOM-447,19.044029,72.855506,BOM-318,19.119288,72.846557
9204B2D0,+91-93400-77981,+91-70420-23884,2025-01-04T09:11:00,1675,VOICE,BOM-702,19.076256,72.877295,BOM-103,18.962893,72.834075
9673338F,+91-88200-40345,+91-70420-47554,2025-02-16T09:38:00,949,VOICE,BOM-901,19.029645,72.855173,BOM-702,19.076126,72.877741
6FC87B15,+91-87890-30232,+91-77540-56709,2025-03-09T07:12:00,68,VOICE,BOM-103,18.963211,72.833955,BOM-212,19.041187,72.863611
8A8283D8,+91-91761-64322,+91-70420-14093,2025-01-15T13:27:00,1423,VOICE,BOM-212,19.040948,72.863471,BOM-621,19.135803,72.830069
F776C350,+91-80720-56445,+91-70420-98681,2025-01-17T07:19:00,62,VOICE,BOM-318,19.120159,72.846394,BOM-519,19.066143,72.878785
5DD8050B,+91-98400-22222,+91-98400-11111,2025-01-04T15:15:00,1224,VOICE,BOM-447,19.04404,72.855402,BOM-808,19.054032,72.900094
F440CE4E,+91-93400-99248,+91-88200-73139,2025-03-11T11:44:00,107,VOICE,BOM-318,19.119297,72.846415,BOM-103,18.962947,72.833793
9A2419A8,+91-98400-77777,+91-77540-35209,2025-02-26T14:38:00,25,SMS,BOM-318,19.119512,72.846474,BOM-901,19.02977,72.854802
BF69D587,+91-91761-38683,+91-93400-50332,2025-02-12T10:04:00,1524,VOICE,BOM-447,19.044471,72.855943,BOM-808,19.054839,72.900046
8D2ED30F,+91-88200-59992,+91-63990-96602,2025-01-04T22:10:00,294,VOICE,BOM-808,19.054797,72.900849,BOM-621,19.13646,72.829244
8EEE1BBB,+91-87890-60176,+91-70420-24034,2025-01-12T17:15:00,764,VOICE,BOM-901,19.029819,72.855599,BOM-519,19.066764,72.878209
5376BF8E,+91-75300-81375,+91-75300-66387,2025-01-12T18:40:00,937,VOICE,BOM-519,19.065886,72.878234,BOM-808,19.05482,72.900239
C744F8A6,+91-75300-92775,+91-75300-79036,2025-01-20T23:43:00,1666,VOICE,BOM-244,19.099278,72.848745,BOM-447,19.044334,72.855572
B070886A,+91-98400-33333,+91-98400-11111,2025-02-15T08:03:00,23,SMS,BOM-212,19.041395,72.864082,BOM-103,18.962808,72.833807
A948DF61,+91-63990-81182,+91-77540-62876,2025-01-12T18:14:00,1373,VOICE,BOM-702,19.075731,72.877494,BOM-244,19.09903,72.849497
56E2211A,+91-63990-13136,+91-91761-19570,2025-01-17T23:55:00,32,SMS,BOM-702,19.075527,72.877897,BOM-519,19.066512,72.878019
59A8A1B6,+91-91761-40493,+91-80720-90112,2025-01-05T18:28:00,13,SMS,BOM-447,19.044169,72.855579,BOM-447,19.043957,72.85599
FE0B0E39,+91-70420-74100,+91-70420-69566,2025-01-17T11:34:00,568,VOICE,BOM-212,19.041867,72.86343,BOM-702,19.07622,72.877953
F9020C18,+91-89120-78387,+91-93400-72368,2025-03-06T07:07:00,53,VOICE,BOM-621,19.136287,72.829345,BOM-244,19.098944,72.849307
890BEAF1,+91-87890-53178,+91-89120-59701,2025-02-26T09:21:00,1426,VOICE,BOM-447,19.044336,72.856272,BOM-808,19.054422,72.900092
C55BD4CB,+91-89120-19658,+91-91761-58867,2025-02-09T22:58:00,291,VOICE,BOM-447,19.044851,72.855486,BOM-103,18.963187,72.833866
9C4A6250,+91-98400-12345,+91-98400-22222,2025-01-14T16:53:00,1241,VOICE,BOM-447,19.044053,72.856063,BOM-702,19.075889,72.877312
88BFEF45,+91-63990-28331,+91-88200-20337,2025-01-28T18:32:00,41,SMS,BOM-519,19.066009,72.878142,BOM-244,19.09856,72.848507
01089DA0,+91-98400-11111,+91-98400-22222,2025-02-03T10:29:00,57,SMS,BOM-212,19.041573,72.863872,BOM-702,19.075508,72.877434
5D6A9A74,+91-77540-98701,+91-88200-60624,2025-01-16T07:35:00,1689,VOICE,BOM-621,19.135689,72.829484,BOM-212,19.041189,72.864117
36852297,+91-89120-17102,+91-88200-89425,2025-03-15T20:23:00,937,VOICE,BOM-103,18.963556,72.834622,BOM-901,19.02943,72.855466
BEACE926,+91-77540-12054,+91-63990-32039,2025-01-06T07:50:00,45,SMS,BOM-519,19.06582,72.878036,BOM-621,19.136285,72.830005
1A33CCFE,+91-91761-80158,+91-75300-85927,2025-02-19T14:09:00,1172,VOICE,BOM-212,19.041194,72.863972,BOM-621,19.136069,72.829892
561E59C3,+91-80720-69302,+91-88200-41524,2025-01-11T07:44:00,18,SMS,BOM-318,19.119558,72.846539,BOM-212,19.040916,72.863869
A8A9C393,+91-77540-96131,+91-75300-66698,2025-01-31T17:08:00,1610,VOICE,BOM-447,19.044358,72.85624,BOM-702,19.075442,72.877354
EAD1ACF3,+91-98400-77777,+91-80720-44741,2025-02-02T21:05:00,26,SMS,BOM-447,19.044748,72.855562,BOM-212,19.04127,72.86363
F06DEABB,+91-93400-53015,+91-75300-62090,2025-02-24T20:56:00,1360,VOICE,BOM-519,19.066608,72.878443,BOM-244,19.098855,72.849385
68E0ABFF,+91-75300-30252,+91-63990-91174,2025-01-07T10:47:00,340,VOICE,BOM-519,19.066633,72.878549,BOM-318,19.119807,72.846898
4556CE16,+91-75300-59982,+91-88200-48799,2025-01-04T17:13:00,13,SMS,BOM-702,19.075491,72.877849,BOM-318,19.119406,72.846373
7CAFD2B5,+91-80720-42536,+91-75300-31802,2025-01-06T19:48:00,1645,VOICE,BOM-808,19.054106,72.900099,BOM-519,19.066311,72.878419
B9A4CD61,+91-77540-62315,+91-63990-73697,2025-01-14T18:20:00,573,VOICE,BOM-808,19.054881,72.900345,BOM-244,19.098654,72.848893
F1324EF9,+91-98400-12345,+91-98400-22222,2025-01-17T11:42:00,18,SMS,BOM-212,19.041847,72.863365,BOM-103,18.963555,72.83439
1F1AFD20,+91-88200-77489,+91-80720-19287,2025-01-31T21:37:00,873,VOICE,BOM-519,19.066547,72.878798,BOM-519,19.066579,72.878226
3E1A0266,+91-91761-92116,+91-75300-37276,2025-02-21T20:56:00,34,SMS,BOM-901,19.029544,72.855188,BOM-702,19.075738,72.877865
20B63408,+91-75300-16896,+91-89120-57357,2025-02-25T13:11:00,992,VOICE,BOM-621,19.136147,72.829119,BOM-519,19.066415,72.87795
BAACA2CD,+91-91761-89582,+91-80720-42463,2025-02-22T19:19:00,1441,VOICE,BOM-621,19.136311,72.829129,BOM-519,19.066259,72.877955
8A265D58,+91-89120-40098,+91-93400-12188,2025-02-17T15:33:00,1518,VOICE,BOM-244,19.099201,72.849468,BOM-808,19.054331,72.900818
A5593D3E,+91-89120-63578,+91-70420-52601,2025-02-01T12:36:00,48,SMS,BOM-212,19.041852,72.863223,BOM-244,19.099384,72.849154
E66C36CF,+91-77540-51777,+91-63990-63511,2025-01-20T16:24:00,1560,VOICE,BOM-103,18.963274,72.834549,BOM-621,19.136358,72.829244
88340274,+91-63990-23644,+91-91761-33644,2025-03-12T19:32:00,1361,VOICE,BOM-318,19.119734,72.8469,BOM-702,19.076302,72.87775
D82B2656,+91-75300-71354,+91-80720-52611,2025-02-16T20:43:00,10,SMS,BOM-808,19.054415,72.900986,BOM-621,19.13648,72.829666
E114B9DF,+91-77540-12348,+91-70420-61764,2025-01-15T07:10:00,34,SMS,BOM-808,19.054869,72.900966,BOM-244,19.099226,72.848803
67623908,+91-91761-66343,+91-77540-63032,2025-02-06T20:16:00,40,SMS,BOM-808,19.054791,72.900908,BOM-103,18.963474,72.833827
03E91782,+91-75300-29344,+91-93400-68288,2025-03-01T21:08:00,30,SMS,BOM-702,19.075807,72.877395,BOM-447,19.044011,72.856211
A850C3DB,+91-80720-47256,+91-70420-21021,2025-01-28T23:23:00,41,SMS,BOM-244,19.09869,72.848621,BOM-318,19.119612,72.846454
1E35E01A,+91-98400-12345,+91-98400-22222,2025-03-06T07:24:00,534,VOICE,BOM-212,19.040944,72.863587,BOM-447,19.044257,72.855368
406C3776,+91-63990-44359,+91-77540-43852,2025-02-21T22:12:00,921,VOICE,BOM-621,19.135631,72.82931,BOM-519,19.066782,72.878882
B792A337,+91-75300-22178,+91-93400-41241,2025-02-28T14:55:00,55,SMS,BOM-808,19.054796,72.900395,BOM-244,19.099271,72.849187
87B2FF0F,+91-93400-62166,+91-77540-92253,2025-01-12T22:10:00,421,VOICE,BOM-212,19.041098,72.863822,BOM-702,19.076109,72.877718
EDAAC01F,+91-89120-40211,+91-87890-26622,2025-02-05T11:18:00,790,VOICE,BOM-808,19.054673,72.900512,BOM-519,19.06607,72.878091
1BBE39EE,+91-63990-28204,+91-87890-85263,2025-02-27T18:15:00,55,SMS,BOM-621,19.136494,72.829797,BOM-702,19.075895,72.877982
A12DB504,+91-93400-30137,+91-75300-35850,2025-02-19T18:45:00,757,VOICE,BOM-702,19.075932,72.877928,BOM-808,19.05449,72.90032
6531DEB3,+91-77540-38972,+91-63990-49387,2025-02-05T08:35:00,1297,VOICE,BOM-808,19.054556,72.900047,BOM-702,19.076342,72.877871
968E04E0,+91-87890-65965,+91-75300-43729,2025-01-21T09:17:00,798,VOICE,BOM-808,19.054333,72.90006,BOM-621,19.135678,72.829169
DC1F80EA,+91-93400-58977,+91-80720-92313,2025-02-10T23:34:00,1560,VOICE,BOM-901,19.030061,72.854812,BOM-702,19.075595,72.877873
4EA396EF,+91-70420-50060,+91-80720-15960,2025-02-06T12:39:00,1104,VOICE,BOM-519,19.066596,72.878013,BOM-901,19.030038,72.855717
3FBB7943,+91-89120-11883,+91-75300-57683,2025-01-03T16:57:00,1043,VOICE,BOM-212,19.041599,72.863849,BOM-901,19.029514,72.855152
A135B608,+91-70420-64856,+91-91761-42839,2025-02-28T17:21:00,321,VOICE,BOM-808,19.054457,72.900139,BOM-447,19.044574,72.855705
19FBD8D9,+91-88200-90973,+91-70420-60882,2025-01-02T17:19:00,1765,VOICE,BOM-103,18.963225,72.8347,BOM-808,19.054245,72.900051
A0B73448,+91-75300-28705,+91-87890-37462,2025-02-20T16:00:00,1686,VOICE,BOM-901,19.029102,72.85487,BOM-808,19.054525,72.900655
26DA66CC,+91-70420-52674,+91-91761-75689,2025-03-15T07:42:00,811,VOICE,BOM-808,19.054345,72.900987,BOM-103,18.962991,72.834242
CDF67C2F,+91-88200-67169,+91-75300-54977,2025-02-02T21:25:00,911,VOICE,BOM-318,19.119644,72.846776,BOM-519,19.066138,72.87821
3684983C,+91-89120-45666,+91-80720-84059,2025-01-28T12:17:00,1614,VOICE,BOM-519,19.06664,72.878543,BOM-447,19.044521,72.856015
46964683,+91-63990-80031,+91-89120-84003,2025-02-21T12:24:00,55,SMS,BOM-447,19.044428,72.85584,BOM-103,18.963355,72.834598
A5FCD1BD,+91-87890-48832,+91-88200-17432,2025-03-10T11:58:00,178,VOICE,BOM-901,19.029851,72.855089,BOM-212,19.041723,72.863772
238CDAD4,+91-91761-73110,+91-91761-92208,2025-02-28T17:29:00,52,SMS,BOM-447,19.044735,72.855599,BOM-702,19.075955,72.877219
0FECAAF7,+91-77540-65816,+91-77540-54017,2025-01-15T12:29:00,28,SMS,BOM-318,19.119753,72.846463,BOM-808,19.054382,72.900845
6A7F29A0,+91-91761-63529,+91-75300-70707,2025-03-08T20:51:00,1406,VOICE,BOM-702,19.075762,72.877673,BOM-621,19.136276,72.829971
6E1675DC,+91-77540-91481,+91-70420-51171,2025-02-18T22:02:00,34,SMS,BOM-447,19.043944,72.855349,BOM-621,19.136386,72.829478
B1B1DCAD,+91-93400-81084,+91-77540-67269,2025-02-13T17:01:00,1463,VOICE,BOM-244,19.099351,72.849197,BOM-244,19.098847,72.8489
204D8733,+91-98400-22222,+91-98400-33333,2025-03-02T22:28:00,12,SMS,BOM-212,19.041084,72.863251,BOM-212,19.041301,72.863274
4C12DAD4,+91-77540-86901,+91-89120-39790,2025-01-01T22:17:00,11,SMS,BOM-212,19.041648,72.863931,BOM-244,19.099104,72.849139
FB58F269,+91-98400-77777,+91-91761-52670,2025-02-15T17:24:00,1155,VOICE,BOM-519,19.065943,72.878845,BOM-318,19.120031,72.846508
0E70271A,+91-88200-58466,+91-91761-44242,2025-01-31T22:11:00,717,VOICE,BOM-212,19.041867,72.863796,BOM-318,19.120038,72.847053
EBA56DAB,+91-93400-72411,+91-88200-48015,2025-02-07T10:37:00,28,SMS,BOM-621,19.135891,72.829798,BOM-212,19.041364,72.864013
4A63F257,+91-89120-70007,+91-89120-58589,2025-02-26T12:35:00,1702,VOICE,BOM-901,19.029429,72.85551,BOM-702,19.076154,72.877326
449A4FE8,+91-89120-86812,+91-93400-74615,2025-03-07T23:24:00,566,VOICE,BOM-447,19.044218,72.855853,BOM-212,19.041384,72.863607
C658F0FA,+91-91761-75409,+91-75300-80167,2025-01-07T15:22:00,1287,VOICE,BOM-318,19.119624,72.847164,BOM-808,19.05462,72.900503
98B93E27,+91-98400-11111,+91-98400-22222,2025-03-14T08:40:00,23,SMS,BOM-447,19.0444,72.8558,BOM-447,19.044885,72.856236
AD21E764,+91-77540-19442,+91-63990-72514,2025-03-09T16:52:00,642,VOICE,BOM-447,19.044389,72.856255,BOM-519,19.065857,72.878343
91FA2D46,+91-80720-26881,+91-93400-89491,2025-03-10T09:34:00,1273,VOICE,BOM-901,19.029743,72.8556,BOM-447,19.044178,72.855777
5A9EEB9C,+91-89120-54590,+91-80720-43208,2025-01-06T19:28:00,1310,VOICE,BOM-447,19.044564,72.855308,BOM-621,19.136131,72.829453
C42DBD8D,+91-80720-37600,+91-91761-62041,2025-01-14T10:04:00,40,SMS,BOM-447,19.043926,72.855697,BOM-212,19.041004,72.863818
B1ABF667,+91-70420-95380,+91-80720-29973,2025-01-30T17:54:00,421,VOICE,BOM-808,19.054536,72.900444,BOM-702,19.076028,72.877594
B84EF604,+91-91761-25849,+91-89120-37856,2025-03-06T20:55:00,999,VOICE,BOM-103,18.96359,72.834463,BOM-318,19.119627,72.847008
C4EB2C04,+91-75300-75237,+91-70420-57732,2025-01-21T18:02:00,39,SMS,BOM-901,19.029989,72.855067,BOM-212,19.041027,72.863391
8873A031,+91-75300-94068,+91-63990-79516,2025-01-17T23:51:00,28,SMS,BOM-519,19.066035,72.878743,BOM-318,19.119624,72.846472
0E58CD27,+91-80720-20188,+91-70420-73472,2025-02-25T08:12:00,82,VOICE,BOM-103,18.963393,72.834169,BOM-621,19.135543,72.829402
3029AC41,+91-77540-89205,+91-80720-16608,2025-02-26T21:53:00,231,VOICE,BOM-244,19.09911,72.849358,BOM-212,19.041724,72.863242
A98888EC,+91-89120-91759,+91-63990-91852,2025-03-15T19:55:00,1715,VOICE,BOM-103,18.963442,72.834459,BOM-901,19.02919,72.855322
7755B6E4,+91-77540-73406,+91-91761-32668,2025-02-15T18:29:00,836,VOICE,BOM-621,19.135604,72.829443,BOM-901,19.029409,72.855194
8ED8A070,+91-91761-71554,+91-93400-54864,2025-03-05T10:09:00,812,VOICE,BOM-901,19.03009,72.855789,BOM-318,19.120053,72.846305
8D863BC0,+91-87890-53749,+91-75300-26217,2025-01-24T13:37:00,489,VOICE,BOM-447,19.044177,72.856141,BOM-103,18.963555,72.834613
C41A902F,+91-88200-85481,+91-93400-52714,2025-02-18T15:52:00,28,SMS,BOM-212,19.041832,72.8634,BOM-103,18.96298,72.834468
A1639D88,+91-91761-35374,+91-80720-40382,2025-01-28T16:32:00,670,VOICE,BOM-103,18.963272,72.834385,BOM-244,19.09871,72.849172
097061DD,+91-75300-89500,+91-70420-78876,2025-01-20T20:34:00,15,VOICE,BOM-244,19.098559,72.848651,BOM-447,19.044461,72.855928
5647162A,+91-87890-72906,+91-70420-16545,2025-01-01T11:26:00,30,SMS,BOM-621,19.135809,72.829765,BOM-808,19.054496,72.900298
40C4649B,+91-98400-11111,+91-98400-33333,2025-02-03T18:48:00,757,VOICE,BOM-212,19.041266,72.863601,BOM-103,18.963089,72.834086
D3DC7B78,+91-77540-18698,+91-75300-65164,2025-03-12T17:29:00,1575,VOICE,BOM-447,19.044541,72.855484,BOM-901,19.029891,72.854936
0F2255CA,+91-98400-55555,+91-98400-44444,2025-01-18T21:42:00,58,SMS,BOM-212,19.04185,72.864091,BOM-103,18.963246,72.833859
8CEBCCAE,+91-63990-87101,+91-77540-78019,2025-02-20T15:37:00,45,SMS,BOM-808,19.054997,72.900689,BOM-901,19.029832,72.855217
1AF11D4D,+91-75300-55392,+91-77540-20361,2025-01-13T17:57:00,21,SMS,BOM-621,19.136218,72.829719,BOM-702,19.075649,72.877866
3A44A857,+91-80720-71674,+91-70420-93151,2025-01-10T22:56:00,1039,VOICE,BOM-212,19.041767,72.863582,BOM-621,19.135913,72.829971
D5271335,+91-98400-55555,+91-98400-44444,2025-02-21T20:46:00,781,VOICE,BOM-447,19.044213,72.855613,BOM-318,19.119887,72.846774
6C7660C8,+91-63990-29445,+91-89120-52159,2025-01-11T23:31:00,43,SMS,BOM-621,19.135567,72.82949,BOM-519,19.066591,72.878176
2BDB94B8,+91-93400-51110,+91-88200-84419,2025-02-22T21:49:00,1437,VOICE,BOM-621,19.13602,72.829122,BOM-447,19.044564,72.856214
C563D601,+91-89120-47683,+91-77540-75888,2025-01-23T09:33:00,1216,VOICE,BOM-808,19.054537,72.900993,BOM-808,19.05426,72.900774
3343023C,+91-70420-68155,+91-91761-88722,2025-02-21T12:39:00,1420,VOICE,BOM-212,19.040917,72.863641,BOM-519,19.066511,72.87859
05938C00,+91-91761-12898,+91-77540-68781,2025-03-13T08:57:00,991,VOICE,BOM-318,19.119264,72.846654,BOM-621,19.13607,72.830047
A07A8B8D,+91-89120-75480,+91-80720-80278,2025-03-14T12:16:00,1243,VOICE,BOM-702,19.076381,72.877896,BOM-318,19.119532,72.846935
54A482CB,+91-77540-22198,+91-89120-88386,2025-02-11T19:00:00,862,VOICE,BOM-808,19.054779,72.900725,BOM-103,18.963705,72.834678
76BDD052,+91-63990-32317,+91-77540-25000,2025-01-10T18:00:00,462,VOICE,BOM-901,19.02939,72.855349,BOM-901,19.029345,72.855787
597BC069,+91-89120-99737,+91-87890-47313,2025-03-10T15:26:00,1762,VOICE,BOM-212,19.041082,72.86349,BOM-901,19.029718,72.855072
2C6918E2,+91-77540-96117,+91-93400-67373,2025-01-18T22:52:00,1738,VOICE,BOM-318,19.119371,72.846318,BOM-212,19.041077,72.863324
B64F4FB0,+91-80720-13838,+91-93400-16269,2025-01-02T11:06:00,1779,VOICE,BOM-808,19.054226,72.900088,BOM-702,19.076216,72.877738
DFBEAB17,+91-75300-97521,+91-87890-90264,2025-01-02T16:28:00,28,SMS,BOM-901,19.0292,72.855628,BOM-103,18.963384,72.834137
7FC6DB1D,+91-77540-87410,+91-75300-37372,2025-01-31T21:24:00,251,VOICE,BOM-103,18.963254,72.834533,BOM-901,19.029565,72.855467
B3E3CD2E,+91-93400-87092,+91-80720-88154,2025-01-21T19:50:00,245,VOICE,BOM-447,19.04475,72.855524,BOM-901,19.029185,72.854973
6F706481,+91-80720-47321,+91-91761-66314,2025-02-09T13:03:00,1282,VOICE,BOM-901,19.029146,72.854877,BOM-901,19.029255,72.85539
AC96D821,+91-88200-87736,+91-88200-50568,2025-01-12T20:52:00,804,VOICE,BOM-702,19.075827,72.878191,BOM-621,19.136358,72.829133
76522882,+91-80720-69347,+91-91761-88830,2025-02-11T19:15:00,598,VOICE,BOM-447,19.044544,72.856156,BOM-447,19.044812,72.855584
68C8DB3B,+91-70420-97679,+91-91761-13809,2025-01-29T13:35:00,151,VOICE,BOM-318,19.119211,72.847213,BOM-244,19.098927,72.849352
DA69F317,+91-98400-22222,+91-98400-33333,2025-02-22T17:25:00,48,SMS,BOM-212,19.041454,72.863392,BOM-318,19.119816,72.846601
420E4989,+91-75300-16691,+91-91761-63462,2025-01-28T17:27:00,1038,VOICE,BOM-901,19.029587,72.855339,BOM-621,19.136423,72.829316
8685B0F6,+91-80720-65886,+91-89120-87748,2025-01-24T09:41:00,667,VOICE,BOM-519,19.066112,72.878368,BOM-447,19.044246,72.856115
3AEA614E,+91-98400-22222,+91-98400-11111,2025-02-22T17:45:00,1142,VOICE,BOM-212,19.041001,72.863971,BOM-318,19.119607,72.847235
43648D96,+91-88200-93047,+91-80720-43355,2025-03-05T22:46:00,610,VOICE,BOM-212,19.041456,72.863914,BOM-244,19.09884,72.848542
81E5D335,+91-89120-79159,+91-77540-51072,2025-02-09T21:41:00,1751,VOICE,BOM-103,18.962906,72.83383,BOM-702,19.075786,72.877652
C073F7AB,+91-93400-42435,+91-89120-96000,2025-03-07T12:18:00,809,VOICE,BOM-808,19.054659,72.900094,BOM-901,19.029435,72.854843
6DDF7377,+91-80720-35518,+91-93400-40359,2025-02-04T15:13:00,47,SMS,BOM-808,19.054833,72.900657,BOM-519,19.066757,72.878174
3966D3B6,+91-80720-91842,+91-88200-65457,2025-01-21T10:12:00,868,VOICE,BOM-212,19.041297,72.863883,BOM-212,19.04122,72.864139
EA409F29,+91-93400-77585,+91-88200-35346,2025-01-27T21:02:00,625,VOICE,BOM-318,19.12001,72.847152,BOM-621,19.135775,72.829549
101E269D,+91-70420-86459,+91-87890-49988,2025-02-27T22:56:00,784,VOICE,BOM-244,19.098523,72.849174,BOM-808,19.054642,72.900353
19B31784,+91-75300-76688,+91-80720-13015,2025-01-17T10:15:00,377,VOICE,BOM-702,19.075465,72.877772,BOM-519,19.066579,72.878764
B123511C,+91-75300-88908,+91-80720-96652,2025-01-30T20:51:00,1490,VOICE,BOM-212,19.041382,72.863679,BOM-519,19.066391,72.878547
EC011F0B,+91-88200-95697,+91-63990-65372,2025-01-07T16:27:00,1534,VOICE,BOM-212,19.041504,72.864002,BOM-901,19.029602,72.855581
B86B7DCF,+91-77540-33029,+91-93400-24033,2025-02-01T15:08:00,28,SMS,BOM-702,19.075842,72.877667,BOM-244,19.09911,72.84861
2A542FD9,+91-70420-29850,+91-70420-14167,2025-02-12T14:25:00,51,SMS,BOM-318,19.11927,72.84666,BOM-808,19.054958,72.900583
5A6FB822,+91-75300-71948,+91-91761-16090,2025-03-09T07:09:00,248,VOICE,BOM-447,19.044693,72.855386,BOM-447,19.044689,72.856035
358EAAE2,+91-88200-25306,+91-93400-24016,2025-03-05T10:37:00,53,SMS,BOM-103,18.963215,72.834481,BOM-212,19.041785,72.863958
A0EADEB8,+91-70420-76505,+91-75300-83985,2025-01-09T16:18:00,47,VOICE,BOM-901,19.030092,72.855383,BOM-318,19.119603,72.846898
14DC4E89,+91-77540-74597,+91-75300-71352,2025-01-17T09:20:00,14,SMS,BOM-621,19.135617,72.829144,BOM-318,19.119699,72.847273
3F6E6274,+91-70420-25022,+91-63990-87429,2025-01-25T15:44:00,1195,VOICE,BOM-318,19.120014,72.84688,BOM-519,19.065932,72.87794
5A0FFA66,+91-63990-38714,+91-89120-56023,2025-02-22T10:14:00,14,SMS,BOM-519,19.066516,72.878793,BOM-103,18.9636,72.834195
D46C1E5B,+91-75300-63740,+91-87890-16925,2025-02-28T12:13:00,585,VOICE,BOM-901,19.030092,72.855303,BOM-103,18.963411,72.834587
338E04D8,+91-75300-37481,+91-70420-67250,2025-03-07T23:21:00,39,SMS,BOM-621,19.136182,72.829932,BOM-901,19.030007,72.855439
5802A1E3,+91-91761-28350,+91-93400-28720,2025-03-12T11:11:00,1153,VOICE,BOM-318,19.119484,72.846836,BOM-901,19.029427,72.854956
BD1CF571,+91-77540-81888,+91-88200-70031,2025-02-08T11:57:00,366,VOICE,BOM-621,19.135727,72.829472,BOM-621,19.13627,72.829147
7ACB9FD6,+91-77540-11098,+91-70420-34225,2025-01-27T07:51:00,1215,VOICE,BOM-212,19.041235,72.863615,BOM-103,18.962928,72.834297
CEDD5607,+91-91761-73983,+91-63990-35124,2025-03-15T08:16:00,7,SMS,BOM-447,19.04442,72.855994,BOM-519,19.0662,72.878277
62CDFE6C,+91-87890-39020,+91-87890-43737,2025-01-10T16:39:00,825,VOICE,BOM-244,19.099428,72.849089,BOM-244,19.098742,72.849206
64606703,+91-93400-92469,+91-63990-27564,2025-03-14T09:28:00,630,VOICE,BOM-103,18.963165,72.83459,BOM-621,19.136398,72.829659
9ECD9EC2,+91-87890-71863,+91-87890-58600,2025-01-19T16:21:00,1713,VOICE,BOM-702,19.07585,72.877625,BOM-808,19.054763,72.900006
7A5B8DD3,+91-89120-52330,+91-77540-46942,2025-02-08T16:09:00,311,VOICE,BOM-318,19.119999,72.84656,BOM-103,18.962949,72.834237
2392A070,+91-80720-25896,+91-77540-67161,2025-03-07T07:47:00,69,VOICE,BOM-244,19.099386,72.849288,BOM-808,19.054838,72.900588
B9EF3D74,+91-70420-49631,+91-77540-78078,2025-02-25T19:46:00,1546,VOICE,BOM-901,19.029308,72.855659,BOM-318,19.119613,72.846604
CABAE817,+91-63990-93928,+91-87890-80088,2025-01-07T08:42:00,1353,VOICE,BOM-447,19.043948,72.855416,BOM-901,19.02948,72.855347
63A8AD29,+91-87890-77488,+91-87890-97966,2025-02-25T22:47:00,439,VOICE,BOM-318,19.119912,72.846924,BOM-212,19.041865,72.863363
AC363C5E,+91-80720-21503,+91-63990-10073,2025-03-12T18:33:00,7,SMS,BOM-212,19.041778,72.863859,BOM-318,19.119382,72.847077
E5471CC7,+91-75300-92869,+91-80720-48922,2025-02-09T23:30:00,15,SMS,BOM-212,19.041833,72.864104,BOM-808,19.054959,72.900562
8D35A3DB,+91-63990-57934,+91-70420-66935,2025-01-23T11:37:00,459,VOICE,BOM-212,19.040916,72.863672,BOM-621,19.135837,72.829122
6D701FB5,+91-70420-70343,+91-75300-85599,2025-03-09T22:41:00,27,SMS,BOM-519,19.066641,72.878836,BOM-244,19.0994,72.849198
A73FF74A,+91-93400-38695,+91-88200-51258,2025-01-20T12:36:00,52,SMS,BOM-621,19.136016,72.829737,BOM-212,19.040909,72.86336
76A6F7B0,+91-89120-95162,+91-70420-37158,2025-01-29T13:28:00,825,VOICE,BOM-519,19.066106,72.878789,BOM-244,19.098657,72.849342
0759D904,+91-70420-53746,+91-93400-97955,2025-01-26T19:10:00,21,SMS,BOM-808,19.05489,72.900437,BOM-318,19.119279,72.846885
A08F005E,+91-91761-41888,+91-80720-37155,2025-01-19T15:27:00,1242,VOICE,BOM-103,18.963651,72.83408,BOM-519,19.065927,72.878379
557B5312,+91-75300-79526,+91-89120-28338,2025-02-12T23:17:00,974,VOICE,BOM-519,19.066644,72.878054,BOM-519,19.065896,72.878644
4C387A19,+91-80720-77070,+91-80720-23276,2025-02-02T14:29:00,555,VOICE,BOM-901,19.02915,72.855613,BOM-447,19.044752,72.85566
357E05C8,+91-80720-63154,+91-88200-65986,2025-03-03T10:32:00,35,SMS,BOM-808,19.05487,72.900125,BOM-103,18.963343,72.834658
3DB2977F,+91-91761-75481,+91-93400-65452,2025-02-27T21:46:00,1332,VOICE,BOM-808,19.05415,72.900006,BOM-702,19.076246,72.878185
713BADB1,+91-89120-69636,+91-63990-16362,2025-03-01T16:02:00,1792,VOICE,BOM-901,19.02956,72.85485,BOM-244,19.099186,72.848752
F4D619CE,+91-88200-39368,+91-89120-13262,2025-02-20T14:28:00,991,VOICE,BOM-244,19.098609,72.848811,BOM-318,19.12001,72.847276
5FF1A885,+91-93400-97862,+91-93400-99837,2025-02-24T10:13:00,46,SMS,BOM-212,19.041647,72.863354,BOM-901,19.029817,72.854838
F947FE91,+91-87890-53721,+91-88200-61563,2025-01-21T07:22:00,742,VOICE,BOM-621,19.135736,72.830078,BOM-103,18.963076,72.833762
4DF05B7A,+91-70420-96574,+91-70420-69984,2025-01-19T23:32:00,1172,VOICE,BOM-318,19.119842,72.846767,BOM-621,19.135589,72.829519
08B01400,+91-75300-99037,+91-91761-78124,2025-01-29T10:25:00,1117,VOICE,BOM-901,19.029416,72.855616,BOM-621,19.136337,72.8296
E2B3FCC2,+91-80720-54890,+91-89120-20767,2025-01-17T16:09:00,41,SMS,BOM-702,19.07587,72.87752,BOM-103,18.963141,72.834407
ABBC0A70,+91-93400-21436,+91-93400-57409,2025-01-01T13:54:00,757,VOICE,BOM-103,18.963274,72.833834,BOM-212,19.04096,72.863549
CD96E13B,+91-93400-93277,+91-87890-35893,2025-02-13T16:39:00,38,SMS,BOM-901,19.029265,72.855774,BOM-808,19.054362,72.90011
8898799F,+91-70420-81557,+91-80720-86385,2025-03-02T15:41:00,81,VOICE,BOM-702,19.075821,72.877401,BOM-447,19.044039,72.855847
A240A04F,+91-98400-22222,+91-98400-33333,2025-01-27T20:39:00,1329,VOICE,BOM-447,19.044398,72.855927,BOM-621,19.135983,72.829905
CED70770,+91-70420-64995,+91-87890-50569,2025-02-27T16:40:00,255,VOICE,BOM-318,19.12016,72.846304,BOM-621,19.135512,72.829598
DC07D1F1,+91-89120-63626,+91-80720-46754,2025-02-27T13:05:00,499,VOICE,BOM-244,19.098619,72.849305,BOM-244,19.099037,72.849129
59CFDD9E,+91-91761-41859,+91-88200-37536,2025-02-03T10:21:00,953,VOICE,BOM-901,19.029853,72.855557,BOM-702,19.075695,72.877645
93BA4D13,+91-98400-55555,+91-98400-44444,2025-02-08T22:52:00,42,SMS,BOM-447,19.044268,72.855974,BOM-621,19.136297,72.829825
775B5358,+91-77540-22260,+91-63990-53970,2025-01-07T20:16:00,17,SMS,BOM-447,19.044582,72.856125,BOM-702,19.076115,72.877795
AA712D94,+91-75300-36097,+91-87890-58280,2025-03-01T23:25:00,1410,VOICE,BOM-447,19.044142,72.855789,BOM-901,19.029278,72.85567
D86CF276,+91-88200-59881,+91-87890-66190,2025-01-25T09:15:00,91,VOICE,BOM-901,19.029402,72.855771,BOM-808,19.054122,72.900578
196F0455,+91-77540-24970,+91-88200-86465,2025-02-21T08:54:00,26,SMS,BOM-901,19.029626,72.855529,BOM-103,18.963456,72.834533
B73F64EB,+91-87890-89349,+91-63990-45553,2025-02-26T18:47:00,31,SMS,BOM-318,19.119384,72.846323,BOM-519,19.066462,72.87884
6FE863E3,+91-63990-79974,+91-63990-32389,2025-02-15T10:08:00,932,VOICE,BOM-519,19.066108,72.878407,BOM-244,19.099391,72.848663
B890F519,+91-98400-33333,+91-98400-11111,2025-01-22T20:31:00,352,VOICE,BOM-212,19.041114,72.863601,BOM-808,19.054002,72.90039
C112E71F,+91-63990-76134,+91-63990-64342,2025-01-17T09:15:00,1677,VOICE,BOM-702,19.076312,72.877558,BOM-244,19.099281,72.848757
88FD0A0A,+91-88200-44329,+91-80720-82526,2025-02-14T20:55:00,44,VOICE,BOM-318,19.120125,72.846747,BOM-702,19.076315,72.877247
C0103306,+91-98400-11111,+91-98400-33333,2025-03-14T18:57:00,144,VOICE,BOM-447,19.0444,72.8558,BOM-318,19.119649,72.846823
2E80BF97,+91-88200-18608,+91-63990-34319,2025-01-13T22:09:00,592,VOICE,BOM-103,18.963324,72.834216,BOM-103,18.962849,72.834
13E9B261,+91-63990-74449,+91-87890-80887,2025-02-26T20:59:00,1275,VOICE,BOM-808,19.054348,72.900852,BOM-621,19.136173,72.829369
2D59AC3D,+91-80720-83914,+91-93400-59047,2025-01-07T07:04:00,694,VOICE,BOM-621,19.135892,72.829575,BOM-103,18.963515,72.834595
946FAC7E,+91-93400-22214,+91-89120-60317,2025-02-05T19:14:00,105,VOICE,BOM-621,19.135512,72.829233,BOM-808,19.054569,72.900418
3972D846,+91-63990-33799,+91-88200-68369,2025-03-11T12:25:00,467,VOICE,BOM-212,19.041883,72.863476,BOM-244,19.098519,72.848738
C507905F,+91-89120-31522,+91-93400-42153,2025-02-14T09:29:00,1758,VOICE,BOM-808,19.054908,72.900434,BOM-621,19.13564,72.829909
7D95D345,+91-75300-34182,+91-93400-83726,2025-01-05T17:22:00,778,VOICE,BOM-901,19.02964,72.854963,BOM-621,19.135621,72.829125
CD077C53,+91-75300-65003,+91-87890-56748,2025-01-11T07:06:00,20,SMS,BOM-244,19.098995,72.849091,BOM-621,19.135604,72.829881
58A5310A,+91-93400-35598,+91-70420-80723,2025-01-26T13:18:00,633,VOICE,BOM-901,19.029977,72.855634,BOM-621,19.136002,72.829619
050B90C3,+91-80720-46609,+91-77540-54217,2025-02-13T12:16:00,1667,VOICE,BOM-901,19.029872,72.855256,BOM-212,19.041568,72.863542
08CF0BD3,+91-88200-54392,+91-80720-72781,2025-01-06T11:43:00,645,VOICE,BOM-447,19.044302,72.856141,BOM-901,19.029457,72.855126
CF1E5ACD,+91-63990-60859,+91-89120-14803,2025-01-16T08:29:00,464,VOICE,BOM-901,19.029879,72.855389,BOM-318,19.119588,72.846907
FE4106F3,+91-80720-83367,+91-70420-22465,2025-01-13T13:03:00,296,VOICE,BOM-519,19.065902,72.878303,BOM-103,18.963568,72.834587
0281837B,+91-63990-28524,+91-88200-24240,2025-03-11T21:19:00,8,SMS,BOM-519,19.066017,72.878452,BOM-318,19.11986,72.847237
7248F765,+91-63990-13568,+91-89120-75472,2025-03-14T22:32:00,701,VOICE,BOM-447,19.044691,72.856054,BOM-621,19.135777,72.829464
1A9530F5,+91-70420-81177,+91-70420-57381,2025-02-20T14:02:00,1198,VOICE,BOM-318,19.119828,72.847294,BOM-103,18.962939,72.834166
E62FF8C4,+91-75300-77932,+91-80720-99535,2025-03-12T22:28:00,573,VOICE,BOM-244,19.099066,72.848811,BOM-103,18.963246,72.833788
1FC48C85,+91-63990-64401,+91-91761-71140,2025-02-10T07:49:00,743,VOICE,BOM-318,19.119606,72.846981,BOM-901,19.029353,72.854971
D9FB7F53,+91-93400-29499,+91-70420-90906,2025-02-15T12:34:00,1088,VOICE,BOM-244,19.099056,72.849284,BOM-702,19.076109,72.877699
B56576B8,+91-80720-72047,+91-75300-54588,2025-01-13T23:35:00,6,SMS,BOM-212,19.041736,72.863694,BOM-244,19.099065,72.848672
8F690330,+91-75300-62601,+91-75300-32551,2025-03-05T09:21:00,1277,VOICE,BOM-103,18.96354,72.834536,BOM-519,19.066117,72.878206
5F4B0C90,+91-87890-34246,+91-88200-75274,2025-03-02T17:50:00,342,VOICE,BOM-702,19.075967,72.877218,BOM-212,19.041786,72.863549
8946CE59,+91-89120-40503,+91-87890-35369,2025-01-01T10:01:00,45,SMS,BOM-212,19.041637,72.863407,BOM-244,19.099499,72.848914
90610F36,+91-89120-11710,+91-70420-62138,2025-03-15T20:58:00,165,VOICE,BOM-103,18.963187,72.834139,BOM-621,19.135544,72.829795
F87D4CC4,+91-88200-83137,+91-87890-16977,2025-02-19T09:13:00,36,SMS,BOM-621,19.136207,72.830089,BOM-702,19.075896,72.877445
96223C3E,+91-80720-13002,+91-63990-23715,2025-02-18T19:44:00,50,VOICE,BOM-447,19.044795,72.856188,BOM-103,18.963436,72.83386
388A7771,+91-80720-23019,+91-77540-32040,2025-02-06T11:11:00,1588,VOICE,BOM-212,19.041054,72.864152,BOM-318,19.119259,72.847261
7EC9DC6C,+91-75300-40425,+91-70420-84740,2025-03-04T20:27:00,1289,VOICE,BOM-621,19.136059,72.82972,BOM-318,19.120115,72.846868
6B9CC33C,+91-75300-21703,+91-89120-11064,2025-03-07T19:54:00,1760,VOICE,BOM-621,19.135562,72.830001,BOM-447,19.043901,72.85586
A4237B36,+91-93400-50211,+91-87890-27001,2025-01-14T08:26:00,150,VOICE,BOM-447,19.044705,72.855594,BOM-808,19.054002,72.900012
7707C36B,+91-63990-37962,+91-88200-89797,2025-03-06T12:37:00,73,VOICE,BOM-702,19.075714,72.877678,BOM-901,19.02976,72.855401
54DDBFAA,+91-80720-41653,+91-77540-82388,2025-01-11T17:33:00,546,VOICE,BOM-621,19.135832,72.829236,BOM-318,19.119244,72.846791
D055B79A,+91-75300-96495,+91-70420-24502,2025-01-16T11:46:00,134,VOICE,BOM-901,19.030095,72.855046,BOM-808,19.054889,72.900044
9297D899,+91-93400-32584,+91-80720-32089,2025-02-06T16:00:00,1208,VOICE,BOM-519,19.066799,72.878337,BOM-621,19.136144,72.829894
2C91C662,+91-91761-34778,+91-63990-32052,2025-01-13T12:04:00,1089,VOICE,BOM-212,19.041422,72.86411,BOM-447,19.044586,72.855866
3F9BB847,+91-77540-14450,+91-75300-62730,2025-03-10T11:56:00,189,VOICE,BOM-901,19.029759,72.855046,BOM-447,19.044349,72.855708
0CD720E2,+91-91761-56478,+91-89120-17227,2025-02-25T22:29:00,1158,VOICE,BOM-702,19.075595,72.877601,BOM-212,19.041375,72.864128
5CBAADA1,+91-75300-27348,+91-88200-74978,2025-03-11T18:24:00,404,VOICE,BOM-519,19.066247,72.878791,BOM-103,18.963097,72.833965
6833AA38,+91-80720-49103,+91-88200-65013,2025-03-09T13:42:00,391,VOICE,BOM-447,19.043992,72.856202,BOM-702,19.076363,72.877497
11DF0630,+91-93400-30355,+91-87890-54951,2025-01-17T21:44:00,864,VOICE,BOM-901,19.02993,72.855382,BOM-702,19.075447,72.878006
B25E23A0,+91-75300-55817,+91-80720-41896,2025-02-24T08:36:00,1428,VOICE,BOM-103,18.963128,72.834235,BOM-212,19.041756,72.863917
8F841081,+91-63990-44055,+91-93400-89605,2025-02-17T19:30:00,605,VOICE,BOM-808,19.054003,72.900561,BOM-447,19.044731,72.85613
9D9D93E3,+91-80720-45518,+91-87890-10297,2025-01-01T08:47:00,89,VOICE,BOM-901,19.02947,72.854845,BOM-519,19.066574,72.878895
535263F4,+91-91761-33414,+91-70420-36486,2025-01-14T22:12:00,80,VOICE,BOM-244,19.099142,72.848889,BOM-901,19.029626,72.855501
CCEBF30E,+91-63990-26896,+91-87890-65649,2025-02-09T22:26:00,1227,VOICE,BOM-519,19.066193,72.878785,BOM-103,18.963084,72.834132
1D954E5A,+91-91761-15164,+91-77540-75058,2025-01-27T22:21:00,20,VOICE,BOM-447,19.044572,72.856207,BOM-244,19.099169,72.848649
EA95E83F,+91-98400-77777,+91-80720-57117,2025-03-04T14:16:00,1776,VOICE,BOM-702,19.07598,72.877284,BOM-808,19.054775,72.900012
99ECF396,+91-98400-44444,+91-98400-55555,2025-02-14T11:18:00,920,VOICE,BOM-447,19.044188,72.856014,BOM-621,19.136247,72.829314
CFA1420E,+91-89120-93588,+91-89120-73334,2025-03-04T07:00:00,5,SMS,BOM-447,19.044429,72.855575,BOM-621,19.135517,72.829913
E395554B,+91-80720-81049,+91-87890-42028,2025-01-01T10:36:00,350,VOICE,BOM-447,19.044503,72.855732,BOM-519,19.066017,72.87875
C2F1190D,+91-77540-68969,+91-70420-34007,2025-03-03T23:59:00,474,VOICE,BOM-901,19.029669,72.855614,BOM-318,19.119312,72.847279
3F85F915,+91-77540-85218,+91-80720-34619,2025-02-20T11:37:00,34,SMS,BOM-447,19.044362,72.855475,BOM-702,19.076322,72.877267
4C3A2354,+91-80720-84211,+91-88200-21555,2025-01-15T09:11:00,395,VOICE,BOM-702,19.075991,72.878166,BOM-318,19.119989,72.846518
AC205F1A,+91-77540-73121,+91-63990-13154,2025-02-10T17:54:00,1743,VOICE,BOM-621,19.136071,72.829239,BOM-212,19.041594,72.863259
C2F1235C,+91-77540-86550,+91-89120-64732,2025-02-07T11:12:00,486,VOICE,BOM-808,19.05457,72.900246,BOM-103,18.963455,72.834385
086B3E38,+91-63990-18205,+91-70420-25307,2025-02-19T23:12:00,181,VOICE,BOM-519,19.066614,72.878235,BOM-447,19.043948,72.855366
7D624FAC,+91-98400-77777,+91-93400-95462,2025-01-29T09:48:00,1600,VOICE,BOM-901,19.029194,72.855224,BOM-621,19.135672,72.830038
BBDABC02,+91-88200-61949,+91-89120-38053,2025-02-21T20:54:00,601,VOICE,BOM-519,19.066411,72.878065,BOM-318,19.119798,72.846893
B7867BA1,+91-80720-59440,+91-70420-66165,2025-02-05T15:08:00,1211,VOICE,BOM-621,19.135506,72.829566,BOM-318,19.11924,72.847229
04890F17,+91-88200-69627,+91-93400-64530,2025-02-13T21:24:00,746,VOICE,BOM-702,19.075699,72.877817,BOM-447,19.044108,72.8562
162ADDF8,+91-91761-60234,+91-91761-52340,2025-01-31T09:17:00,496,VOICE,BOM-447,19.044543,72.855614,BOM-244,19.099257,72.849338
998B0201,+91-98400-44444,+91-98400-55555,2025-01-11T20:38:00,686,VOICE,BOM-447,19.044445,72.855621,BOM-621,19.135806,72.829703
FE5DE97F,+91-75300-51446,+91-87890-45580,2025-02-16T10:34:00,1701,VOICE,BOM-318,19.119213,72.846818,BOM-702,19.076179,72.877612
CD3D7CE3,+91-98400-44444,+91-98400-55555,2025-02-10T22:55:00,480,VOICE,BOM-447,19.044517,72.855535,BOM-212,19.041334,72.863298
F1333E75,+91-63990-11031,+91-63990-43493,2025-02-08T09:59:00,624,VOICE,BOM-519,19.066659,72.87806,BOM-901,19.029731,72.855679
94ACF561,+91-80720-95001,+91-88200-42182,2025-02-18T07:29:00,1342,VOICE,BOM-901,19.029528,72.854984,BOM-447,19.043923,72.855429
92C8F483,+91-75300-50788,+91-89120-80928,2025-01-19T11:30:00,1250,VOICE,BOM-702,19.075691,72.87817,BOM-103,18.963386,72.834378
5DDF295D,+91-91761-12247,+91-93400-94570,2025-03-04T19:14:00,239,VOICE,BOM-621,19.136221,72.829622,BOM-212,19.041172,72.863858
E5951003,+91-89120-45268,+91-91761-99536,2025-01-25T22:47:00,495,VOICE,BOM-519,19.066673,72.878107,BOM-519,19.066635,72.878736
A544CACA,+91-88200-79365,+91-91761-87763,2025-03-13T23:31:00,973,VOICE,BOM-702,19.075699,72.877476,BOM-318,19.119205,72.846377
1D8AC646,+91-87890-87928,+91-77540-85135,2025-03-11T08:34:00,1789,VOICE,BOM-808,19.054462,72.900551,BOM-212,19.041171,72.863643
A62F2953,+91-91761-61659,+91-91761-77390,2025-01-02T14:13:00,24,SMS,BOM-244,19.098549,72.849325,BOM-621,19.136283,72.829767
213D9585,+91-70420-53910,+91-63990-45649,2025-03-09T09:16:00,1031,VOICE,BOM-901,19.029611,72.854855,BOM-244,19.098667,72.848657
B9798313,+91-87890-99125,+91-80720-19387,2025-02-28T20:49:00,1416,VOICE,BOM-621,19.135674,72.829771,BOM-702,19.075586,72.877711
4CB9A447,+91-91761-14618,+91-91761-41701,2025-03-03T19:45:00,32,SMS,BOM-244,19.099164,72.849499,BOM-244,19.098673,72.848668
755A07B6,+91-63990-58318,+91-91761-72784,2025-01-12T22:11:00,16,SMS,BOM-318,19.119389,72.846791,BOM-318,19.119848,72.846321
E1025A28,+91-70420-80660,+91-91761-18089,2025-01-04T15:34:00,872,VOICE,BOM-901,19.02942,72.855467,BOM-318,19.120042,72.84668
98683FFC,+91-91761-14127,+91-80720-36760,2025-02-16T16:53:00,14,SMS,BOM-212,19.041734,72.863359,BOM-808,19.054008,72.900375
C5ACCD0C,+91-87890-20899,+91-91761-10085,2025-01-11T11:11:00,25,SMS,BOM-244,19.098857,72.849462,BOM-447,19.044058,72.855718
5DCDFF2A,+91-80720-87275,+91-87890-84943,2025-01-01T09:41:00,8,SMS,BOM-447,19.044772,72.856295,BOM-901,19.02979,72.855467
219AA98E,+91-89120-56829,+91-93400-22244,2025-03-13T17:00:00,613,VOICE,BOM-318,19.1194,72.846964,BOM-103,18.96294,72.833739
C56F0AC6,+91-89120-78046,+91-88200-53530,2025-02-17T22:37:00,274,VOICE,BOM-318,19.120014,72.84634,BOM-447,19.044818,72.855624
445F1663,+91-98400-22222,+91-98400-11111,2025-01-28T17:13:00,14,SMS,BOM-212,19.041296,72.864115,BOM-621,19.13564,72.829845
E52F54AC,+91-77540-49396,+91-88200-63046,2025-01-07T16:51:00,233,VOICE,BOM-318,19.119755,72.847144,BOM-519,19.066681,72.878149
24311A0C,+91-88200-46435,+91-80720-67367,2025-03-14T20:20:00,861,VOICE,BOM-808,19.054153,72.900619,BOM-519,19.066159,72.878422
CAC5E457,+91-93400-29871,+91-77540-65275,2025-01-30T11:51:00,31,SMS,BOM-808,19.054898,72.900952,BOM-103,18.963595,72.834062
349F33E8,+91-88200-85024,+91-93400-84448,2025-01-14T09:30:00,1007,VOICE,BOM-621,19.136354,72.82911,BOM-519,19.06651,72.878257
7B2B141A,+91-63990-64638,+91-75300-71908,2025-01-21T13:18:00,1381,VOICE,BOM-901,19.029229,72.854999,BOM-244,19.098992,72.849293
27A0355D,+91-80720-37005,+91-88200-54659,2025-01-29T17:33:00,1461,VOICE,BOM-212,19.040923,72.864123,BOM-103,18.963328,72.834567
4A36A0B5,+91-98400-77777,+91-80720-26676,2025-02-26T19:37:00,30,SMS,BOM-318,19.11997,72.846462,BOM-244,19.098855,72.848998
BF3128F9,+91-80720-52992,+91-80720-46246,2025-03-01T21:31:00,22,SMS,BOM-244,19.098589,72.8489,BOM-212,19.041308,72.863552
7363B55C,+91-70420-26109,+91-77540-56323,2025-01-07T23:34:00,1120,VOICE,BOM-901,19.029416,72.85554,BOM-702,19.07615,72.877947
1E28693B,+91-87890-65685,+91-87890-45643,2025-01-26T19:42:00,211,VOICE,BOM-808,19.054472,72.900196,BOM-519,19.066125,72.878758
1C78CDCA,+91-88200-49904,+91-63990-91108,2025-01-15T10:29:00,1480,VOICE,BOM-103,18.963252,72.833833,BOM-318,19.119733,72.846486
2BE183F7,+91-91761-11314,+91-91761-51043,2025-02-01T15:10:00,1114,VOICE,BOM-808,19.054441,72.900039,BOM-901,19.029574,72.85483
1F8B7D8B,+91-80720-92207,+91-87890-55593,2025-02-23T07:35:00,408,VOICE,BOM-212,19.041887,72.864177,BOM-244,19.098862,72.849261
7C075FB1,+91-70420-69516,+91-77540-53017,2025-01-25T10:06:00,1233,VOICE,BOM-212,19.041493,72.864041,BOM-244,19.098626,72.849009
67E50C2A,+91-91761-35787,+91-75300-18242,2025-02-16T23:23:00,160,VOICE,BOM-702,19.076355,72.877881,BOM-212,19.041341,72.863879
FC7B0231,+91-75300-69563,+91-70420-11103,2025-02-07T09:10:00,1595,VOICE,BOM-103,18.96375,72.834252,BOM-702,19.075507,72.877316
9E732E04,+91-63990-14436,+91-70420-78288,2025-02-11T23:53:00,1244,VOICE,BOM-808,19.054879,72.900453,BOM-212,19.041262,72.864049
E76D6BC3,+91-91761-68201,+91-80720-97828,2025-01-11T08:28:00,747,VOICE,BOM-212,19.04103,72.863797,BOM-318,19.119387,72.847093
8D3884F8,+91-91761-74947,+91-80720-62513,2025-01-26T08:56:00,495,VOICE,BOM-702,19.076299,72.878045,BOM-519,19.066181,72.878613
AC673264,+91-88200-48424,+91-87890-81003,2025-03-09T13:39:00,513,VOICE,BOM-901,19.029435,72.855532,BOM-244,19.098993,72.848642
E09FFE07,+91-91761-88833,+91-89120-15670,2025-02-20T22:17:00,879,VOICE,BOM-103,18.963702,72.834101,BOM-702,19.075565,72.87814
EA83266C,+91-88200-86176,+91-63990-16627,2025-01-04T08:36:00,34,VOICE,BOM-244,19.098566,72.849199,BOM-901,19.029328,72.855215
A8673278,+91-70420-71866,+91-77540-29566,2025-02-20T14:14:00,986,VOICE,BOM-519,19.066316,72.878686,BOM-901,19.029823,72.855261
782BEA58,+91-93400-11686,+91-80720-17630,2025-01-08T08:37:00,1092,VOICE,BOM-244,19.099089,72.848566,BOM-901,19.029621,72.855527
D20452EF,+91-89120-92142,+91-70420-84667,2025-01-23T12:32:00,1271,VOICE,BOM-103,18.963254,72.83397,BOM-702,19.076154,72.877551
F9A79687,+91-89120-68278,+91-87890-41398,2025-02-21T07:20:00,1146,VOICE,BOM-702,19.076358,72.878115,BOM-702,19.075992,72.877506
02B6F43E,+91-91761-88829,+91-91761-96841,2025-02-26T14:06:00,40,SMS,BOM-519,19.066511,72.878037,BOM-212,19.041231,72.863568
F6DA22D8,+91-98400-55555,+91-98400-44444,2025-02-14T07:26:00,10,SMS,BOM-447,19.044296,72.855674,BOM-702,19.075625,72.877519
0D53483E,+91-93400-45033,+91-70420-97981,2025-02-04T13:15:00,56,SMS,BOM-447,19.044896,72.855344,BOM-244,19.099335,72.848935
F0885580,+91-98400-22222,+91-98400-33333,2025-01-31T15:21:00,488,VOICE,BOM-212,19.041793,72.863281,BOM-808,19.054694,72.900706
4025E034,+91-77540-88871,+91-80720-14911,2025-02-26T21:39:00,39,SMS,BOM-447,19.044774,72.855442,BOM-621,19.136304,72.829728
61CD3B21,+91-75300-67389,+91-87890-78684,2025-01-31T17:55:00,876,VOICE,BOM-103,18.96286,72.834562,BOM-103,18.963235,72.834445
AE3889CA,+91-87890-71081,+91-88200-86142,2025-02-11T15:04:00,31,SMS,BOM-901,19.029414,72.855003,BOM-103,18.962877,72.834519
44CB9EEC,+91-98400-55555,+91-98400-44444,2025-02-23T15:13:00,38,SMS,BOM-447,19.044245,72.855411,BOM-621,19.135545,72.829495
BD0EB5A8,+91-87890-84418,+91-63990-27443,2025-03-13T15:01:00,56,SMS,BOM-808,19.054677,72.900668,BOM-702,19.075598,72.877254
62CF729D,+91-88200-45851,+91-93400-32099,2025-03-15T12:31:00,280,VOICE,BOM-244,19.098934,72.848929,BOM-808,19.054965,72.900383
804FB785,+91-80720-44106,+91-63990-73020,2025-02-03T08:27:00,38,SMS,BOM-103,18.963523,72.834149,BOM-212,19.041768,72.863538
30B2F843,+91-98400-11111,+91-98400-33333,2025-03-13T19:03:00,40,SMS,BOM-447,19.0444,72.8558,BOM-318,19.119414,72.846852
CDC41CD0,+91-93400-57277,+91-89120-98160,2025-02-23T19:45:00,726,VOICE,BOM-901,19.029952,72.855373,BOM-103,18.962837,72.834099
C755D2CC,+91-98400-11111,+91-98400-12345,2025-03-13T08:25:00,91,VOICE,BOM-447,19.0444,72.8558,BOM-447,19.044609,72.856184
99F1D704,+91-89120-25423,+91-77540-74369,2025-01-23T21:18:00,96,VOICE,BOM-621,19.136101,72.829527,BOM-318,19.120169,72.846377
5355C07F,+91-87890-77037,+91-87890-56020,2025-02-23T21:59:00,9,SMS,BOM-702,19.07623,72.877867,BOM-212,19.041634,72.863665
9508E176,+91-87890-51465,+91-93400-69324,2025-02-15T12:22:00,51,SMS,BOM-621,19.136473,72.829397,BOM-103,18.963332,72.834683
0D48B1DA,+91-77540-73857,+91-91761-81707,2025-02-23T19:00:00,255,VOICE,BOM-808,19.054996,72.90072,BOM-621,19.136022,72.829715
368128EB,+91-75300-65755,+91-91761-95531,2025-01-24T21:07:00,856,VOICE,BOM-447,19.04466,72.856278,BOM-808,19.054788,72.900819
7C9CDAF3,+91-98400-11111,+91-98400-33333,2025-01-20T12:42:00,181,VOICE,BOM-212,19.041743,72.863764,BOM-447,19.044849,72.856071
5D9FA13B,+91-63990-41645,+91-80720-99842,2025-01-05T09:01:00,46,SMS,BOM-702,19.075695,72.877987,BOM-318,19.119522,72.846696
BCC6C593,+91-75300-49470,+91-75300-77873,2025-03-03T10:17:00,317,VOICE,BOM-808,19.054856,72.900659,BOM-318,19.119557,72.846331
60FB12B4,+91-80720-54642,+91-89120-90460,2025-02-20T17:01:00,1619,VOICE,BOM-901,19.029591,72.855156,BOM-808,19.054432,72.90068
6BF5035B,+91-88200-63309,+91-87890-15333,2025-02-18T23:54:00,413,VOICE,BOM-621,19.136279,72.829116,BOM-244,19.099213,72.848652
882709A5,+91-63990-27225,+91-80720-24139,2025-01-03T11:09:00,1039,VOICE,BOM-447,19.044667,72.855537,BOM-702,19.07583,72.877797
69C8BA9D,+91-70420-24390,+91-80720-53650,2025-02-02T21:29:00,1584,VOICE,BOM-621,19.136115,72.829363,BOM-212,19.041719,72.863859
C2D7CBAF,+91-70420-53369,+91-70420-89320,2025-01-30T20:46:00,1054,VOICE,BOM-621,19.136148,72.829398,BOM-244,19.098838,72.849235
96B2C759,+91-87890-39634,+91-88200-61820,2025-02-17T16:23:00,16,SMS,BOM-103,18.963612,72.833809,BOM-901,19.029756,72.855239
2A7EA1E0,+91-88200-99337,+91-88200-86916,2025-01-04T22:07:00,153,VOICE,BOM-808,19.054634,72.900994,BOM-519,19.0666,72.878312
08832DD4,+91-88200-67764,+91-88200-67544,2025-02-17T21:02:00,1181,VOICE,BOM-244,19.099393,72.848906,BOM-808,19.054223,72.900468
62536CDE,+91-63990-88447,+91-77540-32248,2025-01-21T10:00:00,471,VOICE,BOM-212,19.04132,72.863266,BOM-901,19.029564,72.855215
A164F283,+91-87890-94832,+91-89120-59404,2025-01-22T21:12:00,1748,VOICE,BOM-318,19.119585,72.846734,BOM-212,19.040988,72.864169
2848E9D4,+91-93400-89285,+91-88200-49319,2025-02-03T07:32:00,1575,VOICE,BOM-808,19.054487,72.900506,BOM-244,19.099058,72.849492
731CA257,+91-98400-22222,+91-98400-11111,2025-02-23T20:21:00,29,SMS,BOM-212,19.041316,72.863407,BOM-244,19.099446,72.84852
79D00455,+91-88200-33638,+91-75300-11199,2025-03-10T16:43:00,507,VOICE,BOM-318,19.120101,72.846474,BOM-621,19.136012,72.829867
5DB52BC3,+91-70420-30667,+91-93400-57346,2025-03-06T13:29:00,54,SMS,BOM-212,19.041061,72.863746,BOM-103,18.963064,72.834686
3737CF72,+91-80720-69252,+91-93400-84787,2025-01-22T11:08:00,184,VOICE,BOM-901,19.029745,72.855311,BOM-702,19.076306,72.877208
28162CD8,+91-63990-23948,+91-80720-75946,2025-02-25T13:34:00,695,VOICE,BOM-103,18.963351,72.83443,BOM-702,19.075969,72.877664
9AE275B5,+91-91761-94048,+91-63990-84384,2025-02-27T16:35:00,42,SMS,BOM-901,19.029653,72.855326,BOM-244,19.099254,72.849007
0CD2C79E,+91-70420-80895,+91-70420-38408,2025-03-09T23:36:00,600,VOICE,BOM-621,19.136138,72.829161,BOM-447,19.044172,72.855364
FC337574,+91-77540-95657,+91-77540-60442,2025-02-07T18:21:00,288,VOICE,BOM-808,19.05411,72.900119,BOM-901,19.029111,72.855535
6440F4B0,+91-75300-48091,+91-70420-34456,2025-02-21T14:46:00,711,VOICE,BOM-103,18.963483,72.833994,BOM-447,19.044569,72.85577
320F9374,+91-98400-33333,+91-98400-11111,2025-02-23T21:04:00,1309,VOICE,BOM-447,19.044737,72.8558,BOM-103,18.963375,72.834419
83EB86C2,+91-88200-40466,+91-87890-54615,2025-02-01T13:03:00,486,VOICE,BOM-808,19.05431,72.900845,BOM-318,19.119493,72.846776
4DE63760,+91-87890-25666,+91-88200-13518,2025-01-01T17:12:00,9,SMS,BOM-103,18.963742,72.833733,BOM-808,19.054729,72.900398
F96B2637,+91-80720-55557,+91-63990-26784,2025-03-03T22:38:00,48,SMS,BOM-519,19.065829,72.878168,BOM-519,19.06669,72.878683
2994D67C,+91-80720-85674,+91-80720-80371,2025-01-24T18:20:00,952,VOICE,BOM-212,19.041162,72.864063,BOM-103,18.963766,72.834013
6D6FA614,+91-93400-74325,+91-93400-62990,2025-01-06T18:03:00,56,SMS,BOM-244,19.098599,72.84902,BOM-702,19.076312,72.877763
89D231CE,+91-91761-47750,+91-93400-71504,2025-02-14T21:14:00,1218,VOICE,BOM-702,19.076322,72.878053,BOM-901,19.029231,72.855093
163EF0DB,+91-93400-68828,+91-91761-78325,2025-01-23T19:57:00,1250,VOICE,BOM-519,19.066459,72.878592,BOM-447,19.044187,72.856012
3862BCA9,+91-80720-20828,+91-75300-14868,2025-01-13T08:04:00,50,SMS,BOM-318,19.119619,72.846331,BOM-447,19.044035,72.855649
34CECEDE,+91-91761-88484,+91-75300-80806,2025-01-21T11:52:00,1703,VOICE,BOM-808,19.054082,72.900419,BOM-212,19.041891,72.863744
466A5EDC,+91-88200-31951,+91-80720-60032,2025-03-13T23:02:00,1551,VOICE,BOM-702,19.076317,72.877679,BOM-244,19.099358,72.848567
4DB3852A,+91-70420-13277,+91-75300-88682,2025-01-28T12:16:00,1133,VOICE,BOM-519,19.065939,72.878636,BOM-702,19.075587,72.877651
AD24441C,+91-75300-44993,+91-87890-14720,2025-02-27T23:45:00,34,SMS,BOM-901,19.029799,72.855303,BOM-103,18.963338,72.834502
63CDA9A8,+91-88200-36317,+91-91761-77924,2025-01-05T22:30:00,243,VOICE,BOM-519,19.065838,72.878288,BOM-212,19.041663,72.864006
9604D973,+91-70420-53408,+91-77540-94216,2025-01-03T11:58:00,6,SMS,BOM-808,19.054044,72.900552,BOM-318,19.119991,72.847132
C3AB49BF,+91-63990-83612,+91-70420-17092,2025-02-15T17:04:00,825,VOICE,BOM-901,19.029752,72.855061,BOM-621,19.136441,72.829364
43B85268,+91-70420-39710,+91-63990-60512,2025-01-19T18:41:00,477,VOICE,BOM-808,19.054687,72.900715,BOM-212,19.041392,72.864191
EEBF4756,+91-77540-66837,+91-63990-68978,2025-03-10T15:29:00,851,VOICE,BOM-212,19.041358,72.864053,BOM-447,19.044772,72.856167
5B0F6481,+91-70420-70505,+91-93400-67469,2025-02-07T09:52:00,48,SMS,BOM-901,19.029239,72.855103,BOM-621,19.136159,72.829815
C4B60898,+91-93400-26250,+91-77540-52056,2025-02-17T19:31:00,1024,VOICE,BOM-212,19.041335,72.863822,BOM-621,19.135755,72.82981
76364B79,+91-93400-41013,+91-80720-32806,2025-02-19T20:59:00,141,VOICE,BOM-244,19.09875,72.848537,BOM-212,19.041342,72.863574
72A5DC63,+91-70420-31741,+91-91761-38497,2025-02-06T19:04:00,623,VOICE,BOM-808,19.054886,72.900176,BOM-808,19.054205,72.900218
86DF052A,+91-63990-46755,+91-63990-89725,2025-01-22T15:59:00,625,VOICE,BOM-519,19.066158,72.878428,BOM-244,19.09883,72.849497
57594B2D,+91-80720-93814,+91-63990-51015,2025-03-05T12:48:00,17,SMS,BOM-621,19.136356,72.829585,BOM-702,19.076206,72.878096
171F08AE,+91-75300-79734,+91-88200-52293,2025-01-07T13:42:00,33,VOICE,BOM-621,19.136209,72.82969,BOM-244,19.098592,72.848501
7F5F2C89,+91-98400-55555,+91-98400-44444,2025-01-31T18:06:00,139,VOICE,BOM-212,19.041444,72.864178,BOM-808,19.054276,72.900968
80A341BF,+91-88200-72575,+91-75300-95550,2025-02-21T19:10:00,1660,VOICE,BOM-702,19.076047,72.877395,BOM-212,19.041004,72.863563
4421EAA8,+91-75300-49298,+91-63990-23958,2025-01-31T07:51:00,57,SMS,BOM-519,19.066741,72.877908,BOM-244,19.099424,72.848625
84EB29F3,+91-93400-81620,+91-77540-43902,2025-03-12T22:39:00,1438,VOICE,BOM-447,19.044277,72.856206,BOM-103,18.962843,72.83387
5244CD96,+91-75300-69547,+91-80720-29209,2025-02-24T20:05:00,142,VOICE,BOM-808,19.054889,72.900476,BOM-901,19.029178,72.855477
BD34CA0F,+91-88200-94564,+91-70420-40076,2025-02-08T11:21:00,1459,VOICE,BOM-244,19.098951,72.848553,BOM-103,18.962869,72.834563
E8402E64,+91-93400-59208,+91-75300-27427,2025-02-09T08:22:00,470,VOICE,BOM-808,19.054256,72.900754,BOM-103,18.963615,72.83449
569704D7,+91-77540-17338,+91-89120-94972,2025-02-05T09:18:00,1771,VOICE,BOM-702,19.075454,72.877608,BOM-318,19.120063,72.846822
A82B9439,+91-77540-72014,+91-77540-56178,2025-01-12T23:52:00,876,VOICE,BOM-244,19.098546,72.848851,BOM-447,19.044561,72.855682
C16A0ACA,+91-77540-44389,+91-89120-70487,2025-03-02T22:12:00,498,VOICE,BOM-447,19.044327,72.855564,BOM-519,19.066689,72.878347
30E153FF,+91-77540-86406,+91-75300-55544,2025-02-05T14:38:00,946,VOICE,BOM-808,19.054575,72.900261,BOM-808,19.054506,72.900559
68D1435D,+91-87890-74365,+91-63990-11722,2025-03-14T20:52:00,1339,VOICE,BOM-808,19.054886,72.900951,BOM-901,19.029256,72.855428
C12989F7,+91-63990-36224,+91-87890-51120,2025-03-15T09:07:00,526,VOICE,BOM-103,18.963514,72.834468,BOM-318,19.120047,72.846986
9C1BE9A3,+91-91761-83085,+91-88200-80724,2025-01-07T19:26:00,668,VOICE,BOM-621,19.135847,72.829962,BOM-702,19.075914,72.877577
9747C5BF,+91-89120-55595,+91-75300-47486,2025-02-23T18:27:00,421,VOICE,BOM-212,19.04137,72.863714,BOM-519,19.065831,72.87805
EBFAE9B5,+91-93400-17920,+91-63990-62289,2025-03-01T07:00:00,1231,VOICE,BOM-244,19.098781,72.849414,BOM-808,19.054397,72.900605
608B40D4,+91-70420-44632,+91-70420-59429,2025-01-19T10:05:00,15,SMS,BOM-318,19.119714,72.846581,BOM-212,19.041419,72.86322
00B1EC48,+91-87890-59687,+91-75300-43843,2025-01-23T19:32:00,792,VOICE,BOM-103,18.963553,72.834625,BOM-519,19.0663,72.87799
E4D5B1B1,+91-63990-16679,+91-87890-90124,2025-03-09T20:00:00,1032,VOICE,BOM-318,19.1193,72.84703,BOM-103,18.963185,72.834687
A3DC0CC7,+91-88200-70714,+91-70420-46105,2025-01-06T20:29:00,1250,VOICE,BOM-621,19.135865,72.829892,BOM-702,19.075975,72.878146
27B3D45B,+91-63990-94955,+91-91761-53873,2025-02-14T09:23:00,1003,VOICE,BOM-244,19.099373,72.848947,BOM-702,19.075476,72.877785
A760E2FF,+91-88200-48863,+91-80720-49546,2025-03-06T17:45:00,47,SMS,BOM-318,19.119583,72.846462,BOM-318,19.119532,72.847071
ABA3CEC0,+91-93400-81999,+91-93400-84854,2025-02-16T21:04:00,24,SMS,BOM-808,19.054758,72.900669,BOM-318,19.120175,72.847069
E89C074E,+91-91761-32746,+91-93400-46630,2025-01-14T07:15:00,906,VOICE,BOM-244,19.099361,72.84935,BOM-901,19.029313,72.8549
930D6EA2,+91-87890-81010,+91-91761-54909,2025-02-17T15:16:00,1087,VOICE,BOM-808,19.054461,72.900394,BOM-318,19.119553,72.847115
F8184589,+91-91761-64790,+91-77540-84425,2025-01-06T15:44:00,16,SMS,BOM-519,19.066316,72.878634,BOM-621,19.135563,72.829112
279E94F3,+91-87890-81751,+91-87890-84604,2025-02-23T21:57:00,1488,VOICE,BOM-212,19.041336,72.863333,BOM-244,19.098841,72.848922
5E494B91,+91-63990-47961,+91-88200-47740,2025-02-01T21:00:00,1274,VOICE,BOM-621,19.136445,72.829453,BOM-244,19.099199,72.848604
57D02D87,+91-88200-64817,+91-91761-55033,2025-01-29T16:38:00,1631,VOICE,BOM-244,19.099406,72.849078,BOM-103,18.963655,72.833786
A75ADD07,+91-98400-55555,+91-98400-44444,2025-01-29T15:27:00,51,SMS,BOM-212,19.040929,72.863536,BOM-318,19.120041,72.84722
9A47E925,+91-89120-32232,+91-77540-99123,2025-01-29T13:58:00,10,SMS,BOM-901,19.029742,72.855647,BOM-702,19.075781,72.877308
BDB3F4CA,+91-75300-36748,+91-93400-70771,2025-01-12T21:47:00,1108,VOICE,BOM-808,19.054822,72.900308,BOM-621,19.135672,72.829687
1B084BDA,+91-93400-23821,+91-91761-90255,2025-03-02T13:56:00,190,VOICE,BOM-621,19.136017,72.829152,BOM-318,19.119884,72.846754
0D1A7292,+91-88200-43154,+91-75300-69614,2025-03-08T13:20:00,942,VOICE,BOM-244,19.09938,72.8487,BOM-103,18.963256,72.834625
D0729595,+91-75300-90297,+91-89120-40138,2025-02-06T11:15:00,274,VOICE,BOM-212,19.040907,72.863285,BOM-318,19.120121,72.846879
A783E9C6,+91-93400-16019,+91-75300-61167,2025-02-21T10:37:00,1336,VOICE,BOM-519,19.065817,72.878868,BOM-702,19.075787,72.877297
4C1055BC,+91-75300-77411,+91-77540-68400,2025-03-04T08:18:00,671,VOICE,BOM-103,18.962882,72.833796,BOM-103,18.963333,72.834327
B3675005,+91-77540-21839,+91-88200-80894,2025-03-06T11:18:00,796,VOICE,BOM-702,19.076222,72.877763,BOM-808,19.054623,72.900594
E4D96B1E,+91-88200-48702,+91-75300-43788,2025-02-04T11:02:00,600,VOICE,BOM-103,18.963763,72.833982,BOM-621,19.136426,72.829325
2EE32B64,+91-87890-77798,+91-63990-72863,2025-02-04T10:25:00,1020,VOICE,BOM-212,19.04103,72.8636,BOM-212,19.041357,72.863545
79AC74E7,+91-91761-52738,+91-80720-44808,2025-02-13T18:30:00,1733,VOICE,BOM-519,19.066253,72.87803,BOM-901,19.029496,72.854845
ED4702F8,+91-93400-97774,+91-87890-99496,2025-01-19T15:12:00,26,SMS,BOM-519,19.066374,72.878881,BOM-244,19.098642,72.849457
8A31BC1A,+91-80720-51478,+91-70420-46797,2025-01-30T08:15:00,1670,VOICE,BOM-808,19.054742,72.900875,BOM-103,18.963156,72.834252
0E957572,+91-98400-22222,+91-98400-33333,2025-01-24T13:21:00,173,VOICE,BOM-212,19.041092,72.8642,BOM-621,19.136344,72.829201
3566D530,+91-80720-63729,+91-77540-80028,2025-01-03T12:46:00,773,VOICE,BOM-447,19.044043,72.855404,BOM-519,19.065806,72.877903
AA0289BF,+91-80720-12057,+91-91761-71307,2025-01-27T19:42:00,19,SMS,BOM-318,19.119551,72.846691,BOM-901,19.029305,72.855504
60F81DEF,+91-89120-64366,+91-91761-70094,2025-02-25T12:08:00,863,VOICE,BOM-103,18.963036,72.834506,BOM-901,19.02944,72.855706
51FBB8CD,+91-80720-34323,+91-80720-22004,2025-01-01T20:50:00,445,VOICE,BOM-447,19.044617,72.855687,BOM-103,18.962993,72.834518
84AF102C,+91-91761-53061,+91-87890-68351,2025-02-19T08:43:00,359,VOICE,BOM-447,19.044306,72.855921,BOM-519,19.066115,72.87882
B293A7BB,+91-70420-52667,+91-88200-40612,2025-03-04T19:47:00,728,VOICE,BOM-808,19.054939,72.900941,BOM-901,19.030087,72.855657
DFFB30E3,+91-91761-31646,+91-88200-62163,2025-03-06T14:20:00,960,VOICE,BOM-103,18.962847,72.834327,BOM-901,19.030022,72.85512
182E5980,+91-89120-66455,+91-75300-37041,2025-01-12T13:58:00,45,SMS,BOM-212,19.041865,72.864077,BOM-103,18.963699,72.834149
A102879C,+91-75300-50243,+91-88200-67168,2025-03-12T09:55:00,829,VOICE,BOM-103,18.962995,72.83454,BOM-519,19.066576,72.878099
E57F66FA,+91-77540-45245,+91-77540-35726,2025-01-02T14:16:00,962,VOICE,BOM-519,19.066233,72.878766,BOM-621,19.13619,72.829107
E5D331F7,+91-70420-11230,+91-63990-46675,2025-01-29T16:20:00,48,SMS,BOM-519,19.066643,72.878539,BOM-901,19.02986,72.854845
D09035E2,+91-77540-40476,+91-75300-61498,2025-02-14T11:45:00,1249,VOICE,BOM-212,19.041453,72.863753,BOM-901,19.029505,72.855589
1ECCF83D,+91-77540-91364,+91-77540-84700,2025-02-12T19:22:00,862,VOICE,BOM-808,19.054248,72.900972,BOM-621,19.136375,72.830042
2EC2EE73,+91-93400-10643,+91-89120-64471,2025-03-02T09:13:00,10,SMS,BOM-244,19.099467,72.848645,BOM-447,19.044533,72.856032
69DBFAE8,+91-88200-93259,+91-89120-87769,2025-01-06T22:02:00,25,SMS,BOM-702,19.075431,72.877901,BOM-808,19.054753,72.90077
44EE13A5,+91-87890-96585,+91-87890-48980,2025-01-31T10:03:00,41,SMS,BOM-103,18.96364,72.833854,BOM-702,19.075404,72.877288
781B7E91,+91-77540-59166,+91-75300-57317,2025-03-08T10:24:00,27,SMS,BOM-244,19.098678,72.849038,BOM-212,19.041488,72.863511
9A3551C5,+91-63990-27788,+91-88200-34441,2025-03-11T10:26:00,17,SMS,BOM-519,19.066242,72.878285,BOM-318,19.120046,72.846968
82FD400F,+91-63990-91960,+91-75300-44757,2025-02-11T07:50:00,694,VOICE,BOM-447,19.044789,72.855334,BOM-318,19.120114,72.846346
D22F2EEC,+91-75300-37752,+91-63990-94663,2025-03-07T11:10:00,467,VOICE,BOM-244,19.099335,72.848694,BOM-318,19.119871,72.846867
07CC2EE3,+91-63990-82098,+91-63990-56140,2025-01-28T20:57:00,669,VOICE,BOM-702,19.07603,72.877864,BOM-702,19.075902,72.877733
5E8A926F,+91-63990-61544,+91-88200-15318,2025-02-19T14:44:00,14,SMS,BOM-212,19.04147,72.864004,BOM-702,19.075762,72.877503
03BF6108,+91-89120-91109,+91-88200-65627,2025-02-02T17:14:00,1270,VOICE,BOM-808,19.054356,72.900318,BOM-702,19.076179,72.877636
50D92078,+91-70420-49300,+91-91761-73803,2025-03-02T15:39:00,729,VOICE,BOM-621,19.136341,72.82925,BOM-447,19.044007,72.855825
38CFDB65,+91-93400-32686,+91-80720-85260,2025-03-04T10:37:00,25,SMS,BOM-103,18.962898,72.834145,BOM-621,19.136456,72.82917
6EB0AC36,+91-63990-32345,+91-75300-24841,2025-02-13T14:53:00,609,VOICE,BOM-621,19.135983,72.829365,BOM-447,19.044638,72.855869
8808EF0B,+91-75300-63096,+91-75300-13393,2025-02-03T19:55:00,990,VOICE,BOM-447,19.044563,72.855383,BOM-621,19.135611,72.829322
B1E9E6AB,+91-88200-74794,+91-77540-82299,2025-02-13T10:39:00,1625,VOICE,BOM-702,19.075646,72.877737,BOM-808,19.054293,72.900859
22DDD4A5,+91-98400-12345,+91-98400-22222,2025-02-04T22:29:00,1759,VOICE,BOM-212,19.041726,72.863792,BOM-519,19.066631,72.877987
CB9B7633,+91-77540-39482,+91-70420-86919,2025-03-15T22:17:00,1641,VOICE,BOM-244,19.098681,72.848984,BOM-808,19.054298,72.900125
6AD6D732,+91-89120-81201,+91-63990-11936,2025-02-18T09:46:00,810,VOICE,BOM-702,19.07582,72.877441,BOM-901,19.029856,72.855171
46484DCF,+91-93400-57911,+91-93400-83470,2025-02-03T11:20:00,12,SMS,BOM-212,19.041733,72.863309,BOM-702,19.076068,72.877821
89E0E967,+91-98400-55555,+91-98400-44444,2025-02-18T15:59:00,484,VOICE,BOM-447,19.044585,72.856143,BOM-447,19.044705,72.855701
2D34F172,+91-77540-13161,+91-75300-97598,2025-03-09T21:29:00,59,SMS,BOM-901,19.029885,72.854885,BOM-244,19.098964,72.849198
EEE1D20C,+91-91761-75865,+91-80720-71162,2025-03-04T07:51:00,1320,VOICE,BOM-808,19.054424,72.900393,BOM-808,19.054651,72.900939
C242981D,+91-87890-61514,+91-63990-87941,2025-03-06T19:51:00,897,VOICE,BOM-519,19.066706,72.878026,BOM-318,19.119543,72.84667
721923CA,+91-63990-63502,+91-89120-37376,2025-01-25T11:31:00,19,SMS,BOM-519,19.066793,72.87803,BOM-103,18.963744,72.834397
59DBFA0F,+91-80720-47957,+91-87890-16510,2025-03-01T19:09:00,1637,VOICE,BOM-621,19.136241,72.829761,BOM-447,19.044771,72.856031
3B590157,+91-91761-36076,+91-77540-61729,2025-02-24T17:42:00,7,SMS,BOM-808,19.054475,72.900371,BOM-702,19.075964,72.877649
CD1500BA,+91-75300-64723,+91-75300-77735,2025-01-13T10:57:00,901,VOICE,BOM-212,19.041393,72.863832,BOM-702,19.075806,72.877443
DC4DF881,+91-80720-41061,+91-93400-52701,2025-03-15T18:53:00,9,SMS,BOM-808,19.054876,72.900143,BOM-702,19.076007,72.87756
EC0D3B53,+91-70420-20346,+91-75300-24548,2025-02-13T13:55:00,725,VOICE,BOM-244,19.09876,72.849134,BOM-244,19.09884,72.848938
9F478A98,+91-80720-13046,+91-70420-22768,2025-02-02T12:32:00,47,SMS,BOM-808,19.054596,72.900395,BOM-702,19.075486,72.877688
8F5D4021,+91-91761-80544,+91-89120-55496,2025-01-11T15:22:00,17,SMS,BOM-621,19.135537,72.829914,BOM-103,18.963595,72.834209
3B090062,+91-87890-18469,+91-87890-12043,2025-02-28T08:13:00,1705,VOICE,BOM-244,19.098623,72.848988,BOM-447,19.04433,72.85596
F6785123,+91-63990-52274,+91-70420-84984,2025-03-03T22:54:00,399,VOICE,BOM-244,19.098906,72.849493,BOM-901,19.029721,72.855346
61CB1F3D,+91-91761-44965,+91-89120-40072,2025-02-12T14:56:00,39,VOICE,BOM-447,19.044758,72.856163,BOM-212,19.041415,72.863915
05385C46,+91-80720-14655,+91-87890-53553,2025-01-06T11:22:00,19,SMS,BOM-318,19.119269,72.847192,BOM-519,19.066771,72.878684
6655234E,+91-87890-84276,+91-63990-49896,2025-02-18T09:09:00,1175,VOICE,BOM-447,19.044723,72.855441,BOM-702,19.075507,72.877979
E8EB2AC6,+91-80720-63861,+91-63990-84500,2025-02-08T20:01:00,1318,VOICE,BOM-212,19.041061,72.864156,BOM-621,19.136406,72.830063
4C0D2ABC,+91-70420-90188,+91-70420-70482,2025-02-03T08:46:00,19,SMS,BOM-702,19.075487,72.877715,BOM-318,19.119847,72.846572
C6D9471A,+91-91761-62436,+91-88200-20912,2025-02-02T20:44:00,1112,VOICE,BOM-519,19.065871,72.878633,BOM-519,19.066514,72.878464
7D2E471F,+91-93400-60224,+91-63990-82002,2025-03-05T22:34:00,802,VOICE,BOM-212,19.041481,72.863622,BOM-244,19.099277,72.849311
8AC8C324,+91-88200-37018,+91-87890-43898,2025-03-04T11:57:00,250,VOICE,BOM-244,19.09898,72.848695,BOM-808,19.054408,72.900824
EB2CE5C5,+91-91761-87305,+91-91761-65367,2025-02-23T11:20:00,1029,VOICE,BOM-103,18.963695,72.834386,BOM-244,19.098828,72.848552
E645D563,+91-77540-34580,+91-89120-69225,2025-01-11T21:00:00,1552,VOICE,BOM-244,19.099029,72.849416,BOM-621,19.136425,72.829911
A999A8FC,+91-63990-37815,+91-63990-65481,2025-02-02T09:06:00,121,VOICE,BOM-702,19.076331,72.877671,BOM-702,19.076397,72.878139
5E56A361,+91-87890-20487,+91-88200-26517,2025-02-09T10:46:00,715,VOICE,BOM-519,19.066742,72.878298,BOM-212,19.041228,72.863538
DF38F175,+91-89120-11121,+91-70420-71638,2025-01-31T22:37:00,1275,VOICE,BOM-244,19.09948,72.84935,BOM-621,19.136282,72.829413
2B4EC4C6,+91-93400-89102,+91-91761-90372,2025-02-13T21:59:00,55,SMS,BOM-901,19.030044,72.855469,BOM-212,19.041238,72.863566
6713539E,+91-88200-79632,+91-87890-61115,2025-03-15T21:12:00,1410,VOICE,BOM-702,19.0757,72.877994,BOM-621,19.136419,72.830037
A3E5CA5B,+91-91761-99712,+91-70420-39076,2025-02-06T08:15:00,270,VOICE,BOM-447,19.044516,72.856208,BOM-808,19.054957,72.900564
AF44D327,+91-77540-32931,+91-87890-99006,2025-02-14T17:25:00,22,SMS,BOM-621,19.135691,72.82968,BOM-702,19.076234,72.877323
739A7E84,+91-75300-95026,+91-75300-71288,2025-01-28T17:09:00,1777,VOICE,BOM-318,19.119736,72.847267,BOM-702,19.075953,72.878034
B558A158,+91-89120-18079,+91-91761-97486,2025-01-13T09:42:00,1670,VOICE,BOM-103,18.963214,72.834456,BOM-519,19.066354,72.878741
AE6D0B2A,+91-63990-32365,+91-91761-59106,2025-01-24T11:12:00,16,SMS,BOM-103,18.963748,72.834151,BOM-519,19.065986,72.877959
9250DFB7,+91-88200-76216,+91-77540-44330,2025-02-05T13:29:00,826,VOICE,BOM-808,19.054082,72.900752,BOM-702,19.076278,72.877456
2B25CB3C,+91-70420-51793,+91-80720-35745,2025-03-03T10:28:00,989,VOICE,BOM-519,19.0659,72.878489,BOM-244,19.098987,72.849069
6D38BCA3,+91-93400-84800,+91-77540-20091,2025-01-07T21:36:00,236,VOICE,BOM-808,19.05419,72.900133,BOM-621,19.136132,72.829838
B7BF215A,+91-93400-52346,+91-77540-55979,2025-01-29T07:46:00,59,VOICE,BOM-212,19.04175,72.863341,BOM-103,18.963378,72.834301
9E486F67,+91-63990-80731,+91-91761-47672,2025-01-26T12:14:00,1416,VOICE,BOM-519,19.065852,72.878043,BOM-244,19.099089,72.84873
7E454CD6,+91-88200-24747,+91-93400-74268,2025-02-11T11:37:00,282,VOICE,BOM-318,19.119228,72.846975,BOM-212,19.041035,72.863564
1C0FC9C8,+91-75300-40635,+91-93400-80419,2025-02-19T09:36:00,205,VOICE,BOM-212,19.041525,72.863742,BOM-519,19.066409,72.877916
67D5816D,+91-89120-84301,+91-89120-38062,2025-02-22T12:06:00,56,SMS,BOM-702,19.076057,72.877785,BOM-621,19.135736,72.829651
48EAF1B5,+91-87890-24042,+91-63990-88733,2025-01-10T07:20:00,110,VOICE,BOM-318,19.119301,72.847212,BOM-808,19.054476,72.900365
55EAB151,+91-91761-51679,+91-93400-19508,2025-01-25T22:42:00,1756,VOICE,BOM-808,19.054097,72.900052,BOM-901,19.029596,72.855442
359B2C7B,+91-77540-29718,+91-88200-61393,2025-03-03T08:17:00,1220,VOICE,BOM-702,19.075629,72.877318,BOM-212,19.04169,72.863624
B42870B4,+91-77540-56089,+91-87890-95619,2025-02-18T07:37:00,301,VOICE,BOM-212,19.040922,72.864046,BOM-447,19.044368,72.85616
DCC11B21,+91-89120-37385,+91-87890-71436,2025-02-13T21:55:00,466,VOICE,BOM-702,19.075689,72.8777,BOM-519,19.066158,72.878794
F9722514,+91-91761-58343,+91-87890-37413,2025-01-09T23:13:00,1464,VOICE,BOM-103,18.963608,72.833806,BOM-318,19.11939,72.846363
FA58162C,+91-70420-91940,+91-75300-59882,2025-01-13T20:22:00,858,VOICE,BOM-702,19.075456,72.877444,BOM-519,19.066448,72.878493
1CAC58AB,+91-70420-68009,+91-91761-11303,2025-03-08T09:05:00,659,VOICE,BOM-808,19.054982,72.900164,BOM-447,19.044293,72.855337
31772B3A,+91-89120-90807,+91-91761-52432,2025-02-10T07:09:00,14,SMS,BOM-901,19.029964,72.854914,BOM-808,19.054263,72.900722
338C2F87,+91-70420-96383,+91-70420-23744,2025-02-26T08:24:00,41,SMS,BOM-621,19.136075,72.829589,BOM-808,19.054701,72.900178
2F1A27DA,+91-98400-33333,+91-98400-44444,2025-02-07T13:11:00,835,VOICE,BOM-212,19.041727,72.863715,BOM-212,19.041085,72.863341
43EAB92D,+91-88200-26342,+91-91761-61960,2025-01-13T18:41:00,1158,VOICE,BOM-103,18.963432,72.833883,BOM-212,19.041864,72.863693
BD1D23CF,+91-98400-12345,+91-98400-22222,2025-01-01T16:18:00,967,VOICE,BOM-447,19.04433,72.85588,BOM-901,19.029542,72.855014
FBCB5332,+91-98400-11111,+91-91761-85352,2025-03-14T13:15:00,1051,VOICE,BOM-447,19.0444,72.8558,BOM-103,18.963202,72.834011
0D36F9AC,+91-88200-73367,+91-93400-53073,2025-01-12T20:25:00,151,VOICE,BOM-519,19.066016,72.878522,BOM-519,19.066734,72.878353
371B2D36,+91-70420-60432,+91-80720-88346,2025-02-07T10:12:00,45,SMS,BOM-702,19.075436,72.877556,BOM-212,19.041476,72.863872
08BCB69B,+91-98400-11111,+91-98400-33333,2025-02-28T18:05:00,38,SMS,BOM-212,19.041744,72.863443,BOM-212,19.041296,72.86351
50433E8D,+91-88200-78286,+91-87890-87065,2025-02-12T13:04:00,945,VOICE,BOM-519,19.066067,72.878768,BOM-702,19.07593,72.87722
21FA43E7,+91-63990-36035,+91-93400-59873,2025-01-16T09:11:00,348,VOICE,BOM-519,19.06592,72.878389,BOM-244,19.098858,72.849495
AA43E864,+91-63990-70317,+91-63990-90912,2025-01-24T15:10:00,35,SMS,BOM-519,19.066422,72.878609,BOM-519,19.066521,72.878767
6AA54FFB,+91-63990-27634,+91-93400-77478,2025-03-13T22:33:00,51,SMS,BOM-808,19.054348,72.900697,BOM-244,19.099123,72.848738
A189DD95,+91-75300-75732,+91-70420-64259,2025-01-17T21:16:00,830,VOICE,BOM-808,19.054594,72.90022,BOM-244,19.099138,72.849415
2E4FBD1C,+91-87890-68618,+91-91761-82413,2025-02-22T13:37:00,384,VOICE,BOM-447,19.043991,72.856246,BOM-318,19.119446,72.846574
E6558AA0,+91-87890-23070,+91-70420-72113,2025-01-02T21:07:00,20,SMS,BOM-621,19.136061,72.829971,BOM-447,19.044694,72.855971
CE445C2B,+91-98400-11111,+91-98400-33333,2025-03-02T23:41:00,45,SMS,BOM-212,19.041816,72.863381,BOM-901,19.030069,72.85527
81B8388A,+91-89120-20260,+91-80720-24159,2025-02-17T13:11:00,346,VOICE,BOM-808,19.054285,72.900033,BOM-519,19.066486,72.878634
68E374C7,+91-93400-37045,+91-70420-43323,2025-02-17T15:58:00,146,VOICE,BOM-447,19.04429,72.855736,BOM-621,19.13608,72.829104
AEE753C4,+91-63990-63885,+91-91761-35897,2025-01-17T14:27:00,795,VOICE,BOM-808,19.054807,72.900604,BOM-244,19.09947,72.848908
7678CF4E,+91-75300-25769,+91-70420-50216,2025-02-22T11:20:00,861,VOICE,BOM-244,19.09863,72.849067,BOM-702,19.075783,72.878129
75B0F6F7,+91-75300-56186,+91-93400-46258,2025-02-27T08:20:00,49,SMS,BOM-621,19.136269,72.829261,BOM-103,18.963571,72.834247
45A966E3,+91-77540-34086,+91-89120-87465,2025-01-13T11:26:00,713,VOICE,BOM-318,19.119255,72.846607,BOM-212,19.041835,72.864117
50F3DCEB,+91-87890-24264,+91-89120-75944,2025-03-06T22:11:00,18,SMS,BOM-621,19.136186,72.829272,BOM-318,19.119336,72.847014
C851A24B,+91-77540-60873,+91-87890-62989,2025-02-01T14:42:00,491,VOICE,BOM-621,19.13605,72.829193,BOM-702,19.075417,72.877318
FFAF714E,+91-70420-65312,+91-89120-51399,2025-03-12T09:17:00,35,SMS,BOM-212,19.041395,72.864139,BOM-702,19.075848,72.877636
7029739A,+91-77540-41646,+91-70420-91382,2025-02-26T11:12:00,56,SMS,BOM-212,19.040951,72.863743,BOM-244,19.09938,72.848917
D9B9CF13,+91-75300-82680,+91-93400-33401,2025-01-26T07:11:00,222,VOICE,BOM-447,19.044731,72.855437,BOM-212,19.041238,72.86341
E804742E,+91-89120-87526,+91-87890-91082,2025-03-02T08:33:00,767,VOICE,BOM-103,18.96356,72.83413,BOM-103,18.963002,72.834254
F058C90D,+91-98400-55555,+91-98400-44444,2025-01-12T13:41:00,1626,VOICE,BOM-447,19.043951,72.855634,BOM-244,19.098705,72.84933
0804BD42,+91-93400-51963,+91-77540-56802,2025-01-10T11:20:00,1644,VOICE,BOM-103,18.963379,72.833797,BOM-103,18.963508,72.834235
D6DBC5A5,+91-91761-28769,+91-70420-37614,2025-02-25T23:17:00,218,VOICE,BOM-702,19.075685,72.877319,BOM-621,19.135987,72.829324
90D0B17F,+91-88200-23235,+91-80720-65703,2025-02-08T18:27:00,734,VOICE,BOM-244,19.099296,72.849321,BOM-519,19.066797,72.878149
8690EDCB,+91-75300-20493,+91-75300-62044,2025-01-21T13:36:00,1508,VOICE,BOM-447,19.044494,72.855841,BOM-702,19.076302,72.877525
C0256D40,+91-88200-82627,+91-75300-93303,2025-01-22T18:16:00,649,VOICE,BOM-318,19.119323,72.846857,BOM-519,19.066303,72.878779
973C01DD,+91-91761-38257,+91-89120-88900,2025-03-06T11:04:00,939,VOICE,BOM-621,19.135835,72.829518,BOM-212,19.041155,72.863236
521D4BAD,+91-77540-55109,+91-80720-96189,2025-02-07T11:03:00,771,VOICE,BOM-244,19.099316,72.848901,BOM-702,19.075446,72.87788
1E4E4C7B,+91-87890-66719,+91-75300-64690,2025-02-15T22:45:00,1569,VOICE,BOM-808,19.054391,72.900491,BOM-103,18.963432,72.833911
AA4F827B,+91-88200-93215,+91-80720-56545,2025-01-26T21:35:00,395,VOICE,BOM-447,19.044587,72.855646,BOM-702,19.076119,72.877956
6E9168E9,+91-89120-42089,+91-91761-19337,2025-02-09T17:34:00,8,SMS,BOM-318,19.119229,72.847203,BOM-447,19.044006,72.855354
0AF08BF0,+91-87890-30285,+91-63990-93819,2025-01-06T21:10:00,1518,VOICE,BOM-808,19.054019,72.900296,BOM-621,19.135935,72.829838
66DC6BA0,+91-89120-79953,+91-70420-44763,2025-02-07T17:00:00,1372,VOICE,BOM-103,18.963606,72.834576,BOM-702,19.076365,72.877318
A07B27C1,+91-91761-14814,+91-89120-60551,2025-01-20T13:44:00,27,SMS,BOM-621,19.135707,72.8298,BOM-103,18.963352,72.834443
BA522E72,+91-75300-45173,+91-70420-14120,2025-02-24T15:19:00,599,VOICE,BOM-901,19.029439,72.854946,BOM-519,19.066646,72.877977
3070C25E,+91-77540-70293,+91-63990-81688,2025-01-01T18:43:00,8,SMS,BOM-318,19.120171,72.847294,BOM-901,19.029948,72.855601
F4085E1F,+91-87890-33675,+91-80720-20142,2025-03-05T18:58:00,815,VOICE,BOM-212,19.041391,72.863222,BOM-212,19.041387,72.863826
8E6A2A2F,+91-80720-95872,+91-70420-38130,2025-03-14T18:08:00,57,SMS,BOM-447,19.044676,72.855529,BOM-901,19.029219,72.855075
C6B3A172,+91-98400-12345,+91-98400-22222,2025-02-13T07:54:00,1316,VOICE,BOM-212,19.041722,72.863306,BOM-901,19.029807,72.855235
3A929D6E,+91-80720-50654,+91-63990-41278,2025-01-08T14:05:00,12,SMS,BOM-901,19.029712,72.854855,BOM-318,19.119319,72.847008
DC4798F4,+91-87890-60334,+91-89120-38472,2025-03-14T17:15:00,1674,VOICE,BOM-702,19.07573,72.877637,BOM-621,19.136154,72.829296
A5E456F3,+91-75300-54922,+91-93400-36976,2025-03-11T08:58:00,1656,VOICE,BOM-519,19.066408,72.878281,BOM-702,19.075584,72.87783
0107AE88,+91-75300-88818,+91-93400-58269,2025-02-12T23:32:00,1773,VOICE,BOM-447,19.044408,72.856012,BOM-318,19.119647,72.847076
B2B49ABF,+91-75300-78291,+91-63990-79593,2025-01-17T16:43:00,746,VOICE,BOM-212,19.041315,72.863553,BOM-702,19.075507,72.877375
AF49ADC3,+91-93400-48664,+91-91761-78319,2025-01-11T19:51:00,540,VOICE,BOM-212,19.041717,72.863883,BOM-212,19.040935,72.863305
0D042F75,+91-70420-83696,+91-75300-44289,2025-02-10T20:25:00,32,SMS,BOM-808,19.054261,72.900055,BOM-901,19.029828,72.85514
E15E5A2D,+91-89120-18823,+91-75300-48554,2025-01-13T20:13:00,239,VOICE,BOM-212,19.040926,72.863611,BOM-621,19.135843,72.829773
E31B42AD,+91-88200-94521,+91-88200-78857,2025-01-09T23:48:00,18,SMS,BOM-808,19.054746,72.900078,BOM-519,19.06667,72.878226
F15F3B15,+91-77540-48169,+91-63990-74145,2025-02-27T08:14:00,37,SMS,BOM-621,19.135936,72.82971,BOM-447,19.044634,72.855859
179B999C,+91-98400-77777,+91-88200-13028,2025-02-21T08:59:00,24,SMS,BOM-244,19.09929,72.849124,BOM-702,19.075837,72.877548
870488B5,+91-80720-90005,+91-93400-10201,2025-02-07T23:55:00,316,VOICE,BOM-901,19.02956,72.855324,BOM-901,19.029149,72.855016
4F708EAE,+91-70420-28554,+91-87890-28456,2025-01-25T16:43:00,1016,VOICE,BOM-519,19.066688,72.878864,BOM-702,19.076139,72.877683
31C94F24,+91-80720-79341,+91-93400-46432,2025-03-03T12:58:00,114,VOICE,BOM-702,19.076358,72.878013,BOM-103,18.962972,72.834024
3771FF5F,+91-93400-67140,+91-89120-58614,2025-02-26T11:28:00,1372,VOICE,BOM-103,18.963567,72.833889,BOM-519,19.066525,72.877944
54B538FD,+91-80720-83408,+91-88200-61721,2025-01-18T08:33:00,1118,VOICE,BOM-519,19.066599,72.87814,BOM-447,19.044408,72.855907
95E29BE1,+91-77540-24168,+91-80720-36801,2025-02-16T13:55:00,52,SMS,BOM-519,19.066404,72.878265,BOM-318,19.119683,72.846929
34AEBEFC,+91-70420-99944,+91-80720-60378,2025-03-04T16:16:00,433,VOICE,BOM-621,19.136194,72.83007,BOM-702,19.076011,72.87784
E3AFFA77,+91-93400-62579,+91-91761-79229,2025-03-13T20:11:00,414,VOICE,BOM-702,19.075859,72.877483,BOM-621,19.135864,72.829899
20BF8357,+91-93400-66260,+91-80720-22475,2025-01-01T13:30:00,286,VOICE,BOM-244,19.098726,72.84918,BOM-447,19.043908,72.855644
581B9838,+91-98400-77777,+91-77540-15337,2025-01-29T19:13:00,841,VOICE,BOM-621,19.135987,72.829971,BOM-621,19.135863,72.829871
AE0A0A22,+91-91761-44174,+91-80720-99714,2025-02-11T12:34:00,1494,VOICE,BOM-901,19.029278,72.855745,BOM-808,19.054168,72.900575
8D39EF2F,+91-75300-38931,+91-93400-76377,2025-01-04T20:08:00,1770,VOICE,BOM-702,19.075658,72.877604,BOM-808,19.054783,72.900854
95FEF4E8,+91-91761-84262,+91-93400-32597,2025-03-08T23:59:00,1472,VOICE,BOM-244,19.099057,72.848712,BOM-318,19.119321,72.847116
0FCE7CF3,+91-87890-67442,+91-63990-16624,2025-03-09T12:13:00,1195,VOICE,BOM-318,19.120051,72.846844,BOM-318,19.119721,72.847091
4E57ADA4,+91-91761-62699,+91-75300-11161,2025-01-13T20:31:00,188,VOICE,BOM-103,18.963314,72.833854,BOM-212,19.041813,72.863207
F099D1AF,+91-89120-83873,+91-91761-83807,2025-01-25T22:34:00,374,VOICE,BOM-901,19.029138,72.854856,BOM-244,19.098719,72.849026
F3064642,+91-89120-45779,+91-63990-56674,2025-03-02T19:31:00,316,VOICE,BOM-901,19.029208,72.855051,BOM-901,19.029331,72.855742
0D67B16F,+91-89120-10957,+91-80720-45665,2025-01-25T08:38:00,59,SMS,BOM-621,19.135665,72.829735,BOM-244,19.098727,72.848905
A75DCAE2,+91-70420-70992,+91-70420-96144,2025-02-23T17:39:00,1076,VOICE,BOM-447,19.044766,72.856268,BOM-212,19.041279,72.863331
465FE3F1,+91-91761-68487,+91-91761-33480,2025-03-14T11:47:00,27,SMS,BOM-447,19.044119,72.855788,BOM-212,19.041164,72.863434
1890B6FA,+91-63990-96089,+91-87890-49128,2025-02-25T15:49:00,310,VOICE,BOM-519,19.066625,72.877906,BOM-621,19.135573,72.82947
981BE803,+91-63990-29453,+91-75300-61504,2025-03-01T20:06:00,343,VOICE,BOM-702,19.076348,72.877492,BOM-318,19.119405,72.846331
E3F780E6,+91-80720-43138,+91-70420-81299,2025-01-12T21:02:00,1075,VOICE,BOM-621,19.136473,72.829163,BOM-103,18.963271,72.834146
889771EE,+91-88200-60393,+91-70420-31098,2025-03-14T09:49:00,61,VOICE,BOM-808,19.054937,72.900675,BOM-621,19.135567,72.829295
F8DC7488,+91-70420-53911,+91-70420-96154,2025-02-18T16:06:00,1100,VOICE,BOM-519,19.06622,72.878861,BOM-318,19.119912,72.846393
076BD38B,+91-80720-81352,+91-70420-89489,2025-01-26T14:37:00,1307,VOICE,BOM-519,19.066293,72.878035,BOM-702,19.076399,72.877239
904A98B7,+91-98400-22222,+91-98400-33333,2025-02-06T13:44:00,604,VOICE,BOM-212,19.041217,72.863549,BOM-212,19.041473,72.863743
6B514B4C,+91-93400-26782,+91-89120-95046,2025-01-06T23:20:00,696,VOICE,BOM-447,19.044654,72.855572,BOM-103,18.963655,72.834361
C37E991F,+91-91761-28623,+91-80720-20407,2025-02-17T21:05:00,666,VOICE,BOM-318,19.119409,72.847116,BOM-621,19.136239,72.829276
DFC8479C,+91-98400-33333,+91-98400-44444,2025-03-06T09:19:00,172,VOICE,BOM-212,19.041352,72.863257,BOM-212,19.041515,72.863707
3C6FFCDD,+91-77540-85892,+91-93400-87591,2025-02-10T13:59:00,1193,VOICE,BOM-808,19.054575,72.900045,BOM-901,19.029502,72.855495
8DEFCD80,+91-63990-19288,+91-89120-20242,2025-01-17T23:19:00,256,VOICE,BOM-901,19.029331,72.855401,BOM-702,19.075423,72.878021
3C1C2639,+91-88200-61413,+91-91761-11850,2025-01-08T20:36:00,186,VOICE,BOM-244,19.099332,72.84874,BOM-519,19.066723,72.878498
BAE37BD7,+91-91761-26780,+91-80720-50525,2025-01-24T17:29:00,260,VOICE,BOM-808,19.054026,72.900301,BOM-244,19.099192,72.848623
7AF3239B,+91-80720-83516,+91-91761-37221,2025-03-04T14:05:00,840,VOICE,BOM-244,19.099338,72.849023,BOM-244,19.099261,72.848559
4CA26D10,+91-87890-75902,+91-70420-89531,2025-02-04T08:41:00,1329,VOICE,BOM-901,19.029498,72.855796,BOM-621,19.135774,72.829157
2CC81161,+91-77540-65461,+91-80720-56394,2025-02-17T12:33:00,1530,VOICE,BOM-244,19.099209,72.8491,BOM-901,19.030075,72.85546
95F03238,+91-70420-16131,+91-63990-12787,2025-03-09T11:29:00,47,SMS,BOM-447,19.04422,72.855581,BOM-212,19.041823,72.863948
E81E583F,+91-75300-70338,+91-80720-42339,2025-02-09T13:47:00,650,VOICE,BOM-447,19.044279,72.855587,BOM-621,19.13564,72.829416
B0F1ADF3,+91-63990-95726,+91-91761-65798,2025-01-20T16:19:00,48,SMS,BOM-901,19.029135,72.855759,BOM-808,19.05418,72.900398
EFE9E3D2,+91-91761-94455,+91-91761-23874,2025-01-05T08:29:00,1405,VOICE,BOM-447,19.044826,72.855322,BOM-244,19.09881,72.84926
F2AAED6A,+91-75300-62278,+91-89120-11801,2025-01-01T07:44:00,1358,VOICE,BOM-244,19.099139,72.849252,BOM-212,19.041851,72.863576
B9C18B82,+91-70420-17810,+91-88200-78718,2025-02-07T13:26:00,603,VOICE,BOM-318,19.119483,72.846477,BOM-447,19.044373,72.856063
37B93E6E,+91-80720-72438,+91-63990-60709,2025-02-10T10:08:00,266,VOICE,BOM-702,19.07616,72.878194,BOM-447,19.044747,72.855577
D2F1DCB8,+91-77540-50502,+91-63990-14567,2025-01-30T19:12:00,1207,VOICE,BOM-808,19.054712,72.900534,BOM-103,18.963632,72.834573
AAF7F59A,+91-70420-53481,+91-89120-36406,2025-01-17T17:45:00,1658,VOICE,BOM-702,19.07546,72.877348,BOM-318,19.119974,72.847146
B80BC8FE,+91-89120-50919,+91-75300-65725,2025-03-07T07:19:00,954,VOICE,BOM-519,19.0659,72.878869,BOM-244,19.098971,72.848791
459C2033,+91-87890-32789,+91-70420-63004,2025-02-27T14:06:00,11,SMS,BOM-318,19.119321,72.846362,BOM-519,19.065931,72.878724
D2DFF191,+91-88200-43806,+91-89120-46083,2025-01-05T11:09:00,68,VOICE,BOM-519,19.06668,72.878464,BOM-621,19.135807,72.829816
E3364E96,+91-70420-18722,+91-93400-43398,2025-03-05T21:59:00,1061,VOICE,BOM-244,19.09892,72.848766,BOM-808,19.054628,72.90049
AED5054C,+91-89120-88572,+91-77540-45522,2025-02-20T07:48:00,1070,VOICE,BOM-808,19.054687,72.900624,BOM-244,19.099275,72.848887
B0218D2B,+91-70420-50405,+91-88200-57175,2025-02-04T10:08:00,398,VOICE,BOM-808,19.054449,72.900555,BOM-808,19.054103,72.90009
79A63EAD,+91-88200-54240,+91-80720-75596,2025-03-10T21:32:00,1000,VOICE,BOM-244,19.098778,72.848583,BOM-212,19.041253,72.863588
5EF69B3D,+91-89120-10324,+91-80720-70089,2025-02-15T09:50:00,18,SMS,BOM-808,19.054825,72.900495,BOM-702,19.076228,72.877538
AD75775B,+91-87890-27428,+91-87890-16752,2025-02-01T13:34:00,17,VOICE,BOM-702,19.076033,72.878172,BOM-702,19.075483,72.877905
EB92ED5B,+91-89120-39358,+91-75300-78039,2025-03-08T10:27:00,1001,VOICE,BOM-702,19.076064,72.877841,BOM-318,19.120039,72.846858
F0D71486,+91-80720-47761,+91-88200-22756,2025-01-24T19:26:00,11,SMS,BOM-702,19.076291,72.877447,BOM-519,19.066599,72.878477
03F2FC88,+91-75300-29837,+91-63990-96914,2025-02-03T12:03:00,185,VOICE,BOM-808,19.054284,72.900349,BOM-519,19.066241,72.877939
215ACFA6,+91-80720-64702,+91-88200-20013,2025-01-15T11:59:00,997,VOICE,BOM-702,19.075712,72.877563,BOM-901,19.02999,72.855398
EDE12A8D,+91-89120-19336,+91-63990-15089,2025-01-16T19:59:00,412,VOICE,BOM-808,19.054957,72.900771,BOM-702,19.07591,72.877689
0A727A6A,+91-91761-26035,+91-93400-19851,2025-03-03T08:57:00,1287,VOICE,BOM-702,19.07596,72.878164,BOM-519,19.066751,72.878676
2DCCD75B,+91-88200-25216,+91-80720-31552,2025-01-18T11:47:00,912,VOICE,BOM-901,19.029467,72.855499,BOM-447,19.044608,72.856198
7ACB97F1,+91-77540-25857,+91-89120-94815,2025-03-10T07:28:00,57,SMS,BOM-447,19.044193,72.855698,BOM-447,19.044263,72.856017
833D8A70,+91-80720-16426,+91-80720-64651,2025-01-23T12:43:00,1266,VOICE,BOM-244,19.099072,72.849062,BOM-901,19.029849,72.85516
42E80952,+91-77540-37181,+91-75300-34850,2025-02-02T18:41:00,1219,VOICE,BOM-702,19.075822,72.87764,BOM-318,19.119745,72.846547
D0B9C82C,+91-75300-90944,+91-63990-30641,2025-02-23T12:11:00,1534,VOICE,BOM-318,19.119565,72.847225,BOM-318,19.11923,72.846504
3A3906F5,+91-80720-86871,+91-88200-55592,2025-02-08T14:28:00,1424,VOICE,BOM-621,19.136339,72.830064,BOM-621,19.13566,72.829321
37EB25DE,+91-80720-33914,+91-88200-67270,2025-01-21T11:58:00,1687,VOICE,BOM-244,19.099472,72.849203,BOM-621,19.136439,72.8294
1315E678,+91-63990-25615,+91-63990-68997,2025-02-10T19:28:00,7,SMS,BOM-447,19.044077,72.855959,BOM-621,19.136385,72.829264
D972DE8F,+91-75300-86373,+91-89120-98799,2025-02-05T12:26:00,80,VOICE,BOM-901,19.029513,72.855436,BOM-244,19.098823,72.848559
A60C2B5F,+91-91761-88308,+91-93400-31356,2025-03-13T18:01:00,49,SMS,BOM-212,19.0415,72.863284,BOM-244,19.09872,72.849313
95FB49A0,+91-63990-36326,+91-63990-29017,2025-01-16T08:22:00,811,VOICE,BOM-621,19.135556,72.82961,BOM-447,19.044771,72.856139
6B57888A,+91-87890-84675,+91-89120-32938,2025-01-02T07:38:00,30,SMS,BOM-318,19.120031,72.846743,BOM-318,19.11961,72.8463
0DC1985F,+91-70420-74528,+91-80720-68057,2025-01-25T11:29:00,739,VOICE,BOM-244,19.099174,72.849144,BOM-519,19.066466,72.878729
7159AE9A,+91-87890-49860,+91-77540-28119,2025-01-21T10:28:00,1083,VOICE,BOM-103,18.963537,72.833933,BOM-901,19.030073,72.855174
54D20F94,+91-87890-10662,+91-70420-21660,2025-03-04T23:41:00,344,VOICE,BOM-621,19.136217,72.82934,BOM-318,19.120194,72.846372
7A136BA4,+91-75300-70225,+91-91761-46482,2025-02-08T19:04:00,29,SMS,BOM-901,19.029706,72.85498,BOM-103,18.963575,72.834225
FAC995A1,+91-70420-60004,+91-87890-24789,2025-03-01T20:37:00,1468,VOICE,BOM-901,19.029858,72.855025,BOM-212,19.040989,72.863932
43607135,+91-88200-62119,+91-91761-32013,2025-02-26T08:09:00,653,VOICE,BOM-519,19.066751,72.878296,BOM-519,19.066375,72.878219
B5350890,+91-88200-20521,+91-87890-60069,2025-01-18T12:01:00,549,VOICE,BOM-103,18.963044,72.833943,BOM-621,19.136475,72.829999
802CF74A,+91-80720-99210,+91-93400-68879,2025-03-12T14:01:00,1568,VOICE,BOM-702,19.075868,72.878172,BOM-901,19.029974,72.855125
8CC2BBBB,+91-98400-22222,+91-98400-33333,2025-03-07T15:26:00,800,VOICE,BOM-212,19.04188,72.863444,BOM-519,19.066722,72.878408
9596E311,+91-91761-47808,+91-89120-42547,2025-03-03T22:39:00,49,VOICE,BOM-901,19.029162,72.855085,BOM-702,19.076293,72.8778
1E556088,+91-77540-98754,+91-77540-87553,2025-02-12T21:10:00,934,VOICE,BOM-808,19.054172,72.900837,BOM-901,19.029379,72.85506
19F3B41B,+91-91761-53286,+91-89120-92554,2025-03-15T19:24:00,815,VOICE,BOM-212,19.041434,72.863388,BOM-212,19.041229,72.864162
72B9BF8A,+91-70420-85481,+91-87890-21829,2025-01-23T09:52:00,755,VOICE,BOM-318,19.119554,72.846872,BOM-244,19.099068,72.849207
FBCE0B7A,+91-75300-35738,+91-77540-60950,2025-03-15T15:28:00,353,VOICE,BOM-702,19.076274,72.877973,BOM-702,19.076145,72.877579
05F98A1F,+91-75300-72973,+91-75300-75496,2025-02-08T22:20:00,482,VOICE,BOM-244,19.098671,72.849191,BOM-808,19.054465,72.900462
EA84D0A9,+91-87890-70547,+91-88200-13232,2025-01-17T07:58:00,12,SMS,BOM-212,19.041701,72.864042,BOM-519,19.066514,72.878451
AF30B7C7,+91-70420-18967,+91-75300-36667,2025-02-11T14:17:00,31,SMS,BOM-447,19.044346,72.855675,BOM-244,19.099107,72.84875
DAFA9347,+91-91761-73936,+91-77540-82525,2025-02-07T15:31:00,1210,VOICE,BOM-103,18.963182,72.833894,BOM-212,19.041226,72.863674
8E16E9D5,+91-75300-28141,+91-87890-52077,2025-02-27T08:21:00,663,VOICE,BOM-702,19.076122,72.878053,BOM-318,19.119602,72.846835
04DCC9ED,+91-98400-22222,+91-98400-11111,2025-02-26T12:44:00,615,VOICE,BOM-212,19.041803,72.863246,BOM-702,19.075775,72.877346
2A44198B,+91-63990-87217,+91-93400-39133,2025-02-13T23:38:00,224,VOICE,BOM-519,19.06666,72.87884,BOM-212,19.04146,72.863591
70FDFA97,+91-87890-76719,+91-87890-92056,2025-01-06T07:53:00,994,VOICE,BOM-519,19.065801,72.878568,BOM-103,18.963234,72.834091
91D6B064,+91-77540-44472,+91-88200-18758,2025-01-24T20:07:00,490,VOICE,BOM-519,19.065947,72.878033,BOM-808,19.054011,72.90006
2C3493B1,+91-63990-15735,+91-70420-33941,2025-02-19T07:18:00,42,SMS,BOM-447,19.044537,72.855742,BOM-244,19.09916,72.848699
FAF08E7E,+91-91761-64884,+91-75300-47904,2025-01-07T10:25:00,1251,VOICE,BOM-244,19.098847,72.849425,BOM-447,19.044595,72.855975
F521DD9D,+91-91761-15405,+91-80720-22892,2025-02-05T07:52:00,56,SMS,BOM-702,19.075564,72.877628,BOM-621,19.135684,72.829545
BF19512F,+91-80720-81202,+91-70420-35291,2025-02-25T23:38:00,1041,VOICE,BOM-318,19.119556,72.847158,BOM-103,18.963478,72.834286
BDC68458,+91-93400-64741,+91-70420-59554,2025-02-26T22:33:00,12,SMS,BOM-244,19.099372,72.84867,BOM-244,19.098972,72.849429
7D649E14,+91-91761-72039,+91-93400-53711,2025-01-29T14:54:00,21,VOICE,BOM-808,19.054631,72.900057,BOM-212,19.041311,72.863394
6B5BBEE2,+91-91761-59841,+91-63990-92745,2025-01-16T15:50:00,1252,VOICE,BOM-519,19.06647,72.878309,BOM-808,19.054085,72.900264
120B0358,+91-80720-94981,+91-88200-36829,2025-02-04T16:29:00,1442,VOICE,BOM-702,19.075985,72.877434,BOM-212,19.041716,72.863912
6A3E3925,+91-93400-96422,+91-87890-63847,2025-03-12T17:32:00,20,SMS,BOM-244,19.098526,72.849285,BOM-808,19.054731,72.900147
0EF5FDDB,+91-63990-79253,+91-87890-18527,2025-02-12T16:47:00,52,SMS,BOM-519,19.066133,72.878366,BOM-901,19.029304,72.855773
B843420E,+91-77540-55519,+91-63990-99959,2025-01-23T21:07:00,25,SMS,BOM-447,19.043912,72.855511,BOM-244,19.098601,72.848862
6503703E,+91-87890-60206,+91-88200-84976,2025-03-02T08:11:00,840,VOICE,BOM-318,19.119818,72.846981,BOM-808,19.054039,72.90089
ECC112D5,+91-91761-56051,+91-89120-91321,2025-02-24T10:07:00,456,VOICE,BOM-702,19.076304,72.877704,BOM-519,19.065845,72.878842
3CA26DC5,+91-77540-59068,+91-63990-73602,2025-01-22T23:30:00,1006,VOICE,BOM-808,19.054014,72.900947,BOM-702,19.075625,72.877406
8F471E39,+91-77540-10157,+91-63990-78425,2025-02-23T18:55:00,1443,VOICE,BOM-103,18.963229,72.834638,BOM-901,19.02989,72.855181
FEB65F6E,+91-91761-57862,+91-75300-13914,2025-03-03T20:35:00,39,SMS,BOM-808,19.054027,72.90018,BOM-519,19.066522,72.878851
3FE191F0,+91-75300-32966,+91-87890-49746,2025-01-13T12:57:00,349,VOICE,BOM-808,19.054118,72.90091,BOM-808,19.054158,72.900552
5DD89F44,+91-63990-30552,+91-87890-22050,2025-03-08T19:08:00,835,VOICE,BOM-244,19.098556,72.848892,BOM-103,18.963405,72.833777
EE049DB4,+91-80720-97333,+91-89120-84647,2025-01-13T23:04:00,35,SMS,BOM-702,19.07577,72.877353,BOM-621,19.135799,72.829893
0A484E17,+91-89120-79892,+91-93400-80912,2025-02-08T18:42:00,16,SMS,BOM-447,19.044891,72.856122,BOM-318,19.119901,72.846677
BB287B93,+91-98400-12345,+91-98400-22222,2025-03-01T08:39:00,1513,VOICE,BOM-447,19.0444,72.8558,BOM-519,19.065916,72.87869
4EBE520F,+91-93400-85573,+91-87890-65210,2025-03-04T19:26:00,849,VOICE,BOM-318,19.119448,72.847003,BOM-244,19.098876,72.848503
4A0B1581,+91-70420-54428,+91-88200-72363,2025-02-10T07:03:00,1028,VOICE,BOM-519,19.065937,72.878855,BOM-244,19.099466,72.848526
E780E2B2,+91-88200-69311,+91-75300-76699,2025-02-09T16:41:00,31,SMS,BOM-519,19.066594,72.878747,BOM-702,19.075611,72.877661
2FE67666,+91-87890-32396,+91-77540-84897,2025-02-09T20:19:00,57,VOICE,BOM-519,19.066679,72.878656,BOM-318,19.119568,72.847025
F93B62A3,+91-80720-30528,+91-80720-78478,2025-02-05T18:11:00,1236,VOICE,BOM-702,19.07597,72.877972,BOM-318,19.119435,72.846375
2464903B,+91-91761-19903,+91-87890-92132,2025-01-22T17:55:00,1663,VOICE,BOM-808,19.054083,72.900108,BOM-901,19.02989,72.855347
19CC2E28,+91-63990-89989,+91-89120-88750,2025-01-20T14:13:00,1554,VOICE,BOM-103,18.963535,72.834565,BOM-808,19.054556,72.900464
B86F5507,+91-91761-50501,+91-77540-27727,2025-02-25T11:41:00,665,VOICE,BOM-212,19.041457,72.864149,BOM-212,19.041084,72.86404
29C91715,+91-70420-94308,+91-80720-81046,2025-01-11T10:42:00,1783,VOICE,BOM-519,19.066675,72.878515,BOM-244,19.099426,72.848696
74520E83,+91-77540-17882,+91-89120-27253,2025-03-03T07:17:00,280,VOICE,BOM-519,19.066645,72.878427,BOM-702,19.075802,72.87809
1C9177DB,+91-89120-75860,+91-88200-67965,2025-03-09T22:15:00,1081,VOICE,BOM-702,19.076176,72.87816,BOM-808,19.054282,72.90087
C191D388,+91-93400-17145,+91-75300-62796,2025-03-06T21:35:00,949,VOICE,BOM-212,19.041026,72.864058,BOM-808,19.05433,72.900284
B2B50578,+91-91761-85377,+91-88200-73017,2025-02-21T08:07:00,748,VOICE,BOM-103,18.963102,72.834213,BOM-212,19.041649,72.863469
93B3D8F0,+91-91761-88079,+91-75300-86119,2025-03-11T19:28:00,35,SMS,BOM-447,19.044235,72.855598,BOM-244,19.099085,72.84927
AC68D233,+91-70420-76573,+91-87890-62153,2025-03-03T11:42:00,757,VOICE,BOM-621,19.136424,72.829962,BOM-702,19.076137,72.87728
806DF107,+91-80720-28742,+91-70420-65273,2025-01-17T21:56:00,50,SMS,BOM-901,19.029279,72.855745,BOM-702,19.076102,72.877814
78D35C8C,+91-88200-51649,+91-89120-89308,2025-03-07T08:58:00,829,VOICE,BOM-318,19.119916,72.846728,BOM-808,19.054373,72.900285
ED740F86,+91-63990-15478,+91-88200-26893,2025-01-29T09:40:00,251,VOICE,BOM-318,19.120102,72.846789,BOM-318,19.119737,72.846467
D7228B86,+91-77540-25889,+91-75300-20031,2025-01-14T23:49:00,854,VOICE,BOM-901,19.029265,72.855007,BOM-447,19.044362,72.855373
7AA706E8,+91-70420-68541,+91-89120-78543,2025-02-01T14:16:00,1427,VOICE,BOM-519,19.066028,72.878617,BOM-318,19.11924,72.846909
4526DA6C,+91-98400-11111,+91-98400-22222,2025-03-02T15:41:00,1088,VOICE,BOM-447,19.044621,72.855884,BOM-244,19.099275,72.84888
54694CF2,+91-70420-77760,+91-91761-70762,2025-02-27T09:46:00,383,VOICE,BOM-244,19.099438,72.849196,BOM-318,19.119593,72.846623
CB119621,+91-70420-99867,+91-75300-57590,2025-01-11T19:38:00,521,VOICE,BOM-212,19.041388,72.863412,BOM-808,19.054288,72.9005
E239B1C4,+91-91761-27042,+91-87890-20038,2025-02-26T20:54:00,37,SMS,BOM-621,19.13629,72.829393,BOM-901,19.02993,72.855462
3A661DBD,+91-80720-40276,+91-70420-16144,2025-03-13T23:08:00,1102,VOICE,BOM-621,19.136166,72.829475,BOM-244,19.099124,72.849264
43953680,+91-91761-21505,+91-77540-66530,2025-02-26T15:29:00,1787,VOICE,BOM-702,19.075537,72.87745,BOM-212,19.041532,72.863293
808FAE9C,+91-77540-58662,+91-70420-68767,2025-02-21T17:51:00,27,SMS,BOM-244,19.098827,72.848868,BOM-103,18.963386,72.834584
0271CD8C,+91-77540-80882,+91-89120-99848,2025-01-06T21:47:00,962,VOICE,BOM-103,18.962866,72.834283,BOM-702,19.075894,72.877258
199B118B,+91-70420-79963,+91-93400-58903,2025-01-02T17:48:00,51,VOICE,BOM-447,19.044527,72.855549,BOM-702,19.075712,72.877303
238B8B83,+91-89120-53392,+91-93400-26663,2025-02-11T14:45:00,1680,VOICE,BOM-519,19.066289,72.87837,BOM-447,19.044213,72.856181
10197F0C,+91-80720-52038,+91-93400-15110,2025-01-25T08:51:00,622,VOICE,BOM-447,19.04435,72.855833,BOM-212,19.041794,72.863817
3AD9CC05,+91-91761-28004,+91-93400-54914,2025-02-22T21:09:00,1781,VOICE,BOM-318,19.119979,72.846788,BOM-318,19.119513,72.846358
16D882FA,+91-77540-52385,+91-70420-33448,2025-02-12T17:04:00,1718,VOICE,BOM-621,19.136279,72.830025,BOM-621,19.136375,72.829499
4CDBE325,+91-88200-69793,+91-87890-57462,2025-02-27T17:03:00,233,VOICE,BOM-103,18.963326,72.834044,BOM-212,19.041,72.864126
590D3F23,+91-63990-74327,+91-88200-59411,2025-01-21T17:20:00,461,VOICE,BOM-318,19.119833,72.847128,BOM-212,19.041393,72.864185
A26773FB,+91-75300-24378,+91-87890-14087,2025-01-31T20:44:00,45,SMS,BOM-702,19.076112,72.877606,BOM-808,19.054545,72.900662
3B8AA18A,+91-63990-61195,+91-70420-48889,2025-02-10T20:35:00,1196,VOICE,BOM-212,19.041792,72.863602,BOM-621,19.135871,72.829753
5AEC7BF6,+91-80720-40988,+91-91761-94233,2025-01-15T17:55:00,156,VOICE,BOM-519,19.065806,72.87824,BOM-447,19.044422,72.855933
6059F4E6,+91-93400-41486,+91-88200-72497,2025-03-03T14:01:00,218,VOICE,BOM-808,19.054495,72.900557,BOM-212,19.041492,72.863361
A905F5D5,+91-80720-97586,+91-63990-14724,2025-03-09T23:32:00,1338,VOICE,BOM-447,19.04488,72.855333,BOM-702,19.07619,72.877752
19258818,+91-87890-84099,+91-93400-67445,2025-03-11T16:27:00,41,SMS,BOM-447,19.044403,72.85578,BOM-447,19.044554,72.855831
D6147151,+91-77540-74122,+91-93400-87539,2025-03-02T21:17:00,1510,VOICE,BOM-808,19.054736,72.900247,BOM-702,19.075834,72.877422
7EADCCBA,+91-93400-70807,+91-75300-87554,2025-03-05T13:46:00,323,VOICE,BOM-447,19.044832,72.855324,BOM-103,18.963146,72.83454
4CA3B815,+91-75300-43794,+91-80720-93491,2025-01-09T10:37:00,1325,VOICE,BOM-318,19.119228,72.846312,BOM-212,19.041148,72.863602
E97BD9DC,+91-70420-11231,+91-80720-81089,2025-02-13T09:12:00,998,VOICE,BOM-244,19.099392,72.849315,BOM-621,19.135832,72.829255
CFD352DF,+91-80720-24406,+91-89120-95206,2025-02-15T11:36:00,19,SMS,BOM-702,19.075606,72.877895,BOM-244,19.098966,72.848508
AD6D1E75,+91-80720-96789,+91-89120-82783,2025-02-17T15:21:00,1569,VOICE,BOM-244,19.099463,72.848809,BOM-447,19.044089,72.85556
E3BDE97A,+91-63990-96705,+91-63990-10166,2025-01-13T14:32:00,661,VOICE,BOM-447,19.044666,72.855326,BOM-244,19.098839,72.849355
F87C5049,+91-80720-20900,+91-63990-54308,2025-02-14T18:47:00,1187,VOICE,BOM-621,19.135667,72.829723,BOM-901,19.029674,72.854997
F5472B38,+91-80720-99849,+91-88200-56073,2025-01-29T16:16:00,84,VOICE,BOM-447,19.044519,72.855357,BOM-244,19.099157,72.849335
DC56C8A9,+91-80720-35351,+91-63990-31973,2025-01-31T13:47:00,924,VOICE,BOM-447,19.044201,72.855765,BOM-621,19.1359,72.829693
42D041B4,+91-80720-71591,+91-77540-64389,2025-01-08T17:28:00,30,SMS,BOM-901,19.029593,72.855393,BOM-103,18.963353,72.833835
C6BA8B49,+91-93400-19990,+91-70420-75951,2025-01-12T11:16:00,24,SMS,BOM-519,19.066543,72.878435,BOM-808,19.05494,72.900309
5C74F520,+91-70420-87948,+91-93400-26581,2025-01-03T09:08:00,49,SMS,BOM-702,19.075855,72.878163,BOM-103,18.963377,72.834531
C5A4C76F,+91-93400-94221,+91-70420-28519,2025-01-26T07:07:00,1512,VOICE,BOM-318,19.11954,72.846313,BOM-103,18.963191,72.834326
9EBD8F94,+91-98400-12345,+91-98400-22222,2025-01-18T17:59:00,1230,VOICE,BOM-212,19.041063,72.864191,BOM-702,19.075907,72.87771
8080EFF4,+91-91761-62026,+91-77540-66472,2025-03-07T17:03:00,22,SMS,BOM-702,19.075498,72.877849,BOM-808,19.054194,72.900189
3CF53E95,+91-63990-12942,+91-93400-15655,2025-01-17T12:08:00,1187,VOICE,BOM-318,19.119256,72.846558,BOM-318,19.119717,72.846705
6A15D765,+91-93400-78125,+91-63990-58823,2025-02-28T09:37:00,1050,VOICE,BOM-318,19.119837,72.846694,BOM-244,19.099068,72.848935
69B51377,+91-88200-58983,+91-63990-91309,2025-02-07T12:49:00,1654,VOICE,BOM-212,19.040902,72.863498,BOM-447,19.044738,72.85601
8262134F,+91-77540-86095,+91-63990-26683,2025-03-15T17:47:00,330,VOICE,BOM-621,19.135703,72.830011,BOM-808,19.054494,72.900592
00038304,+91-93400-53534,+91-80720-16265,2025-02-06T18:33:00,1022,VOICE,BOM-621,19.135699,72.829501,BOM-212,19.041604,72.863225
6CDC0B1A,+91-88200-16975,+91-93400-29480,2025-01-07T14:11:00,978,VOICE,BOM-621,19.135664,72.829567,BOM-212,19.041895,72.864127
A443CB79,+91-88200-71192,+91-93400-36706,2025-01-10T20:56:00,830,VOICE,BOM-808,19.054929,72.90073,BOM-447,19.044826,72.855743
882FCC40,+91-87890-34167,+91-63990-45210,2025-03-05T09:03:00,39,SMS,BOM-447,19.044768,72.855751,BOM-447,19.044822,72.856106
BEBBC81F,+91-77540-13078,+91-77540-95505,2025-03-11T16:11:00,55,SMS,BOM-901,19.029955,72.854992,BOM-244,19.099107,72.84918
8200A4A2,+91-91761-13069,+91-70420-80770,2025-02-03T14:53:00,1502,VOICE,BOM-808,19.054987,72.90011,BOM-447,19.044742,72.85556
5410CFC0,+91-93400-96117,+91-88200-83067,2025-02-28T19:20:00,422,VOICE,BOM-447,19.043936,72.855488,BOM-244,19.098855,72.849488
BBD1E7C7,+91-98400-33333,+91-98400-11111,2025-02-19T14:54:00,29,SMS,BOM-212,19.040944,72.863945,BOM-318,19.119695,72.846337
0A5DA349,+91-63990-71257,+91-91761-99055,2025-02-19T14:25:00,768,VOICE,BOM-621,19.136382,72.829187,BOM-702,19.076216,72.877947
44B6EA5E,+91-91761-15602,+91-63990-59411,2025-01-10T17:42:00,1291,VOICE,BOM-103,18.962827,72.834369,BOM-702,19.075497,72.877405
77E267F5,+91-91761-72869,+91-88200-77503,2025-03-10T10:25:00,1277,VOICE,BOM-519,19.066711,72.878646,BOM-808,19.054703,72.90075
2515EFC4,+91-87890-19606,+91-93400-84917,2025-02-01T20:57:00,34,SMS,BOM-103,18.963367,72.834154,BOM-447,19.044466,72.855823
D3D75703,+91-63990-85784,+91-93400-42032,2025-01-10T18:16:00,1462,VOICE,BOM-519,19.065812,72.877933,BOM-318,19.119395,72.846485
17AD9FB7,+91-87890-27046,+91-77540-80268,2025-02-22T08:53:00,1306,VOICE,BOM-447,19.044678,72.855637,BOM-901,19.030036,72.855229
4759F806,+91-63990-40807,+91-88200-83050,2025-01-12T22:48:00,643,VOICE,BOM-103,18.96351,72.834638,BOM-808,19.054252,72.90095
18274353,+91-77540-19178,+91-88200-44351,2025-02-11T11:29:00,1632,VOICE,BOM-702,19.076037,72.877393,BOM-621,19.13566,72.830031
E3A53E33,+91-80720-67138,+91-80720-23985,2025-02-16T23:59:00,32,SMS,BOM-103,18.963778,72.833813,BOM-244,19.099071,72.849327
98478E03,+91-75300-67794,+91-89120-84961,2025-01-24T21:57:00,1022,VOICE,BOM-244,19.098844,72.84884,BOM-212,19.041786,72.863269
BE4AD7AE,+91-80720-34419,+91-80720-27038,2025-01-11T09:03:00,1102,VOICE,BOM-901,19.030066,72.854842,BOM-702,19.076383,72.877753
F29C7B29,+91-63990-38814,+91-88200-31481,2025-01-03T13:41:00,19,SMS,BOM-621,19.136274,72.829603,BOM-808,19.054362,72.900483
2C298578,+91-87890-99085,+91-70420-41859,2025-02-21T15:53:00,258,VOICE,BOM-702,19.076274,72.87777,BOM-901,19.029349,72.855169
821C08F2,+91-70420-67997,+91-91761-38720,2025-02-20T19:46:00,1586,VOICE,BOM-621,19.136351,72.829895,BOM-621,19.135604,72.829107
76676BE7,+91-75300-48668,+91-75300-88152,2025-01-24T08:20:00,1169,VOICE,BOM-808,19.054443,72.900445,BOM-244,19.099107,72.849353
BBD1A7C6,+91-98400-44444,+91-98400-55555,2025-02-08T21:04:00,18,SMS,BOM-447,19.044058,72.855716,BOM-702,19.076007,72.877513
82004C49,+91-80720-44899,+91-88200-20947,2025-02-14T07:06:00,352,VOICE,BOM-702,19.075402,72.877927,BOM-519,19.065881,72.877944
DEEA4C96,+91-98400-33333,+91-98400-11111,2025-01-05T10:12:00,49,SMS,BOM-447,19.044341,72.855719,BOM-519,19.06621,72.878675
976A47D4,+91-98400-55555,+91-98400-44444,2025-02-01T21:36:00,387,VOICE,BOM-212,19.041236,72.863694,BOM-901,19.029312,72.855598
D0DAAF73,+91-80720-99709,+91-87890-81176,2025-03-14T08:11:00,47,VOICE,BOM-519,19.066387,72.878652,BOM-808,19.054929,72.900299
896C2312,+91-98400-44444,+91-98400-55555,2025-01-16T14:37:00,549,VOICE,BOM-447,19.044519,72.855719,BOM-519,19.06647,72.878214
4CD18CB3,+91-77540-43072,+91-77540-19088,2025-03-01T07:57:00,845,VOICE,BOM-212,19.040925,72.863254,BOM-901,19.029898,72.854804
3C947B2B,+91-89120-78431,+91-91761-45398,2025-02-21T20:30:00,270,VOICE,BOM-808,19.05437,72.900157,BOM-901,19.029846,72.855622
A94FF4FB,+91-88200-17529,+91-91761-69597,2025-02-10T10:00:00,744,VOICE,BOM-808,19.05455,72.900042,BOM-244,19.098503,72.848962
26FFD8E4,+91-75300-33357,+91-89120-51725,2025-01-15T22:06:00,374,VOICE,BOM-318,19.120105,72.847245,BOM-621,19.13575,72.829658
CA44671A,+91-80720-81720,+91-77540-23076,2025-01-20T23:41:00,59,SMS,BOM-212,19.041411,72.863334,BOM-447,19.044549,72.855788
93C6466F,+91-91761-48424,+91-91761-67133,2025-02-05T12:14:00,24,SMS,BOM-318,19.119721,72.846532,BOM-212,19.041521,72.863773
BED12294,+91-63990-20479,+91-88200-11572,2025-01-12T17:37:00,1444,VOICE,BOM-244,19.099178,72.848566,BOM-621,19.136227,72.829419
0F0267D1,+91-88200-30070,+91-93400-99881,2025-01-02T16:26:00,1371,VOICE,BOM-103,18.96307,72.834306,BOM-318,19.119619,72.847199
153EEFD2,+91-98400-12345,+91-98400-22222,2025-02-12T10:55:00,1494,VOICE,BOM-212,19.041,72.86411,BOM-318,19.11961,72.846955
7B1E5E31,+91-80720-41940,+91-93400-46807,2025-02-18T08:06:00,342,VOICE,BOM-318,19.119203,72.846535,BOM-103,18.962969,72.834496
CC437C51,+91-89120-17876,+91-93400-57396,2025-01-02T08:26:00,1666,VOICE,BOM-103,18.963103,72.834266,BOM-621,19.136474,72.829226
28A25AAC,+91-89120-85397,+91-93400-68429,2025-02-17T19:29:00,721,VOICE,BOM-447,19.044383,72.855595,BOM-212,19.041016,72.864141
3D2089D5,+91-91761-31153,+91-77540-12213,2025-01-14T16:16:00,723,VOICE,BOM-103,18.96379,72.834558,BOM-244,19.098654,72.849316
0197527B,+91-91761-72073,+91-63990-91652,2025-02-03T21:12:00,1065,VOICE,BOM-103,18.962941,72.834651,BOM-519,19.066623,72.878262
DFAB3530,+91-75300-11944,+91-75300-80657,2025-02-27T10:43:00,844,VOICE,BOM-244,19.09865,72.848573,BOM-318,19.119273,72.846871
D34E407B,+91-70420-25036,+91-75300-68414,2025-01-31T14:02:00,796,VOICE,BOM-212,19.041286,72.86374,BOM-621,19.135525,72.829617
98431B1F,+91-88200-51178,+91-89120-80295,2025-01-26T13:59:00,620,VOICE,BOM-447,19.044635,72.855495,BOM-103,18.963082,72.834491
CAF02AF5,+91-63990-43514,+91-63990-14229,2025-03-15T09:40:00,40,SMS,BOM-702,19.075483,72.877948,BOM-103,18.963169,72.833992
84B272C6,+91-75300-34697,+91-91761-62873,2025-01-03T14:14:00,447,VOICE,BOM-447,19.04449,72.855469,BOM-702,19.076111,72.877992
01C54EFA,+91-93400-75673,+91-75300-47030,2025-01-02T14:57:00,852,VOICE,BOM-244,19.099088,72.84884,BOM-103,18.963133,72.834466
E1900D54,+91-98400-55555,+91-98400-44444,2025-01-12T17:42:00,629,VOICE,BOM-212,19.04161,72.86375,BOM-318,19.119912,72.847227
7DCF45A4,+91-80720-89179,+91-93400-55657,2025-03-12T14:29:00,1191,VOICE,BOM-447,19.04436,72.855738,BOM-244,19.098936,72.849453
B205CE9F,+91-75300-68688,+91-80720-29415,2025-01-04T10:21:00,964,VOICE,BOM-212,19.041095,72.863242,BOM-901,19.029202,72.854854
42566CFC,+91-89120-58910,+91-88200-94364,2025-02-15T20:11:00,418,VOICE,BOM-519,19.066377,72.878307,BOM-808,19.05489,72.900791
EDEBE71D,+91-75300-19573,+91-70420-98239,2025-03-05T11:18:00,56,SMS,BOM-318,19.119545,72.846483,BOM-702,19.075689,72.877265
BB56AF30,+91-98400-77777,+91-89120-50511,2025-03-04T15:23:00,1152,VOICE,BOM-447,19.044531,72.855948,BOM-244,19.099284,72.84862
FD67005F,+91-88200-84055,+91-93400-39603,2025-02-08T09:41:00,206,VOICE,BOM-808,19.054379,72.900553,BOM-447,19.044537,72.856003
731DCBDB,+91-98400-77777,+91-88200-30576,2025-02-21T20:32:00,1467,VOICE,BOM-244,19.099464,72.848505,BOM-702,19.07563,72.877849
701228E4,+91-80720-35539,+91-93400-61770,2025-01-28T09:18:00,1230,VOICE,BOM-103,18.962977,72.833868,BOM-447,19.044084,72.855422
2FCD183D,+91-75300-33230,+91-77540-95996,2025-01-26T07:43:00,10,SMS,BOM-702,19.076047,72.878147,BOM-447,19.043999,72.856231
C2247744,+91-89120-34150,+91-75300-83092,2025-01-09T15:53:00,60,SMS,BOM-808,19.054898,72.900905,BOM-212,19.041719,72.864191
69935570,+91-63990-16346,+91-75300-16793,2025-02-20T14:02:00,30,SMS,BOM-519,19.066234,72.877908,BOM-447,19.044029,72.855831
ADFD7012,+91-91761-17008,+91-93400-79305,2025-02-02T14:47:00,26,SMS,BOM-519,19.06623,72.878596,BOM-808,19.054866,72.900532
F9C030A8,+91-75300-82632,+91-75300-32409,2025-01-24T16:10:00,301,VOICE,BOM-702,19.075501,72.877316,BOM-103,18.963128,72.834068
C7BF301D,+91-77540-65517,+91-89120-57925,2025-02-05T19:48:00,861,VOICE,BOM-103,18.963584,72.834182,BOM-702,19.075959,72.877684
DDE8B97F,+91-75300-61703,+91-87890-43510,2025-01-29T08:37:00,145,VOICE,BOM-244,19.099337,72.848893,BOM-808,19.054218,72.900017
CF9163A0,+91-87890-92288,+91-63990-59174,2025-02-27T09:40:00,840,VOICE,BOM-103,18.96355,72.834395,BOM-702,19.075855,72.877688
9EB5EF50,+91-87890-38417,+91-77540-13121,2025-02-09T07:13:00,1777,VOICE,BOM-702,19.075606,72.878147,BOM-808,19.05472,72.900458
F4B89A6E,+91-89120-65895,+91-88200-34549,2025-01-05T10:11:00,1252,VOICE,BOM-447,19.044798,72.856249,BOM-212,19.041563,72.863656
99A5D919,+91-98400-12345,+91-98400-22222,2025-03-02T15:02:00,1788,VOICE,BOM-447,19.044186,72.856162,BOM-702,19.075673,72.877999
1E85EF83,+91-77540-93120,+91-80720-23204,2025-01-12T17:45:00,7,SMS,BOM-519,19.0661,72.878269,BOM-447,19.044543,72.856171
117F06E8,+91-63990-14555,+91-80720-20992,2025-03-06T22:48:00,812,VOICE,BOM-212,19.041362,72.863701,BOM-808,19.054779,72.90072
2FC1259C,+91-80720-50180,+91-93400-63230,2025-02-08T13:34:00,1683,VOICE,BOM-519,19.065824,72.877931,BOM-212,19.041107,72.864028
B64B074F,+91-80720-73656,+91-89120-23066,2025-01-27T19:03:00,678,VOICE,BOM-901,19.029199,72.855502,BOM-212,19.041691,72.863316
130CE627,+91-80720-80101,+91-70420-94072,2025-01-09T08:44:00,747,VOICE,BOM-103,18.962906,72.834487,BOM-621,19.136107,72.829382
62324F4A,+91-63990-57553,+91-75300-64917,2025-01-09T11:08:00,1596,VOICE,BOM-103,18.963347,72.834579,BOM-447,19.044311,72.856051
F7041CD8,+91-63990-64656,+91-80720-62979,2025-03-11T08:47:00,1286,VOICE,BOM-244,19.09854,72.848792,BOM-212,19.041855,72.86397
39BDCF0B,+91-91761-12072,+91-87890-70571,2025-02-12T14:23:00,930,VOICE,BOM-901,19.029156,72.855183,BOM-519,19.066482,72.878078
236AD779,+91-75300-65882,+91-77540-48262,2025-02-03T20:30:00,65,VOICE,BOM-519,19.066619,72.878323,BOM-808,19.054954,72.900814
B99D3A9A,+91-80720-58479,+91-88200-33365,2025-03-11T10:45:00,1471,VOICE,BOM-519,19.066503,72.878792,BOM-212,19.041314,72.863581
AA48731D,+91-91761-18512,+91-88200-89451,2025-02-03T12:41:00,1031,VOICE,BOM-244,19.098724,72.848784,BOM-808,19.054852,72.900665
E6A5E834,+91-91761-66434,+91-63990-83484,2025-02-07T08:13:00,890,VOICE,BOM-519,19.0662,72.878423,BOM-901,19.029415,72.855062
753BDD46,+91-89120-91869,+91-89120-52058,2025-01-22T12:20:00,1274,VOICE,BOM-808,19.054762,72.900258,BOM-103,18.963078,72.834661
82A77056,+91-77540-66987,+91-75300-97996,2025-02-19T16:10:00,622,VOICE,BOM-447,19.04423,72.85627,BOM-318,19.119256,72.846483
8877BE12,+91-63990-68884,+91-80720-29056,2025-02-19T17:51:00,49,SMS,BOM-318,19.119749,72.846367,BOM-318,19.120041,72.846887
1D4F5417,+91-75300-44468,+91-63990-49617,2025-02-21T13:52:00,5,SMS,BOM-212,19.041839,72.863863,BOM-702,19.075761,72.877205
CF87B84B,+91-98400-22222,+91-98400-12345,2025-02-18T22:00:00,39,SMS,BOM-212,19.041199,72.86359,BOM-103,18.9636,72.834598
AD84C329,+91-91761-31757,+91-63990-73317,2025-03-15T08:39:00,47,SMS,BOM-808,19.054412,72.90002,BOM-103,18.96323,72.834611
25DCDF09,+91-70420-85553,+91-75300-27646,2025-01-20T16:24:00,50,VOICE,BOM-244,19.098694,72.849347,BOM-702,19.076122,72.87804
EE3F6277,+91-63990-35032,+91-93400-21900,2025-03-06T18:30:00,1056,VOICE,BOM-212,19.041845,72.863216,BOM-808,19.054803,72.9004
2F9EBB56,+91-98400-11111,+91-98400-22222,2025-02-08T22:07:00,34,SMS,BOM-447,19.044135,72.855838,BOM-702,19.07607,72.877943
103D1831,+91-80720-14998,+91-91761-97093,2025-03-03T22:07:00,671,VOICE,BOM-447,19.044308,72.855983,BOM-212,19.041849,72.864136
C0D1F87F,+91-87890-16899,+91-87890-95283,2025-03-11T13:15:00,865,VOICE,BOM-212,19.041201,72.863517,BOM-621,19.135713,72.82991
85E44356,+91-98400-44444,+91-98400-55555,2025-01-22T21:22:00,1274,VOICE,BOM-212,19.040942,72.86407,BOM-808,19.054275,72.90098
0CD44E9D,+91-70420-90786,+91-80720-50481,2025-01-31T20:48:00,1284,VOICE,BOM-212,19.04096,72.863575,BOM-621,19.135702,72.829476
34282F60,+91-93400-56912,+91-89120-87470,2025-02-08T08:00:00,203,VOICE,BOM-447,19.044626,72.855854,BOM-901,19.029705,72.854916
A19CD4F7,+91-98400-12345,+91-98400-22222,2025-02-08T21:41:00,32,SMS,BOM-447,19.043961,72.855779,BOM-212,19.04139,72.86411
70C8AF33,+91-87890-76144,+91-87890-66742,2025-03-11T17:12:00,30,SMS,BOM-621,19.136125,72.829553,BOM-103,18.962981,72.833719
1272A463,+91-91761-75054,+91-91761-36772,2025-03-08T07:18:00,48,SMS,BOM-103,18.963732,72.834174,BOM-808,19.054444,72.900645
304041BE,+91-93400-40666,+91-87890-68223,2025-02-26T15:47:00,19,SMS,BOM-519,19.066753,72.878477,BOM-318,19.119356,72.847165
816B0948,+91-89120-45826,+91-63990-66615,2025-02-26T11:45:00,210,VOICE,BOM-447,19.044451,72.855567,BOM-447,19.04471,72.856006
4BA1CC53,+91-80720-34525,+91-75300-50144,2025-01-21T21:34:00,1555,VOICE,BOM-447,19.044339,72.855917,BOM-244,19.099076,72.848935
19A2B5CA,+91-87890-63201,+91-91761-80804,2025-01-07T17:21:00,927,VOICE,BOM-901,19.030027,72.855505,BOM-808,19.05436,72.90062
84FC5BF4,+91-98400-44444,+91-98400-55555,2025-03-09T10:47:00,940,VOICE,BOM-447,19.044376,72.856078,BOM-103,18.963022,72.834315
99218305,+91-87890-57263,+91-63990-47083,2025-02-03T15:33:00,907,VOICE,BOM-318,19.119516,72.847295,BOM-318,19.119756,72.847223
589E0100,+91-91761-43265,+91-63990-40480,2025-01-05T09:55:00,50,SMS,BOM-621,19.135675,72.829232,BOM-519,19.066632,72.878549
644F4D5C,+91-88200-69130,+91-89120-41294,2025-02-17T17:41:00,457,VOICE,BOM-103,18.963035,72.834087,BOM-244,19.09909,72.849252
291D1EFB,+91-91761-41034,+91-87890-44208,2025-02-10T19:44:00,666,VOICE,BOM-901,19.029372,72.854875,BOM-519,19.065936,72.87867
CE0C7757,+91-93400-84798,+91-63990-41849,2025-03-05T08:11:00,1378,VOICE,BOM-519,19.066343,72.878536,BOM-103,18.96297,72.834355
F01FCCEA,+91-89120-19879,+91-80720-17156,2025-02-20T20:29:00,893,VOICE,BOM-621,19.13645,72.829604,BOM-244,19.098736,72.849079
E9626C4A,+91-70420-26353,+91-88200-58559,2025-01-25T21:00:00,1536,VOICE,BOM-447,19.044658,72.855981,BOM-702,19.075592,72.878016
4CAB3D2F,+91-91761-35509,+91-93400-88843,2025-01-23T12:01:00,51,SMS,BOM-212,19.041232,72.863294,BOM-808,19.054574,72.900949
1C295C8D,+91-63990-16190,+91-93400-95009,2025-01-07T15:00:00,574,VOICE,BOM-808,19.054685,72.900459,BOM-702,19.075698,72.877269
7DAF5FC1,+91-89120-38091,+91-77540-15318,2025-02-20T12:47:00,133,VOICE,BOM-318,19.11944,72.846812,BOM-244,19.099145,72.849329
CECAF056,+91-88200-48343,+91-77540-37497,2025-01-13T21:12:00,801,VOICE,BOM-808,19.054182,72.90059,BOM-212,19.041272,72.864182
BA76730E,+91-89120-83355,+91-75300-74355,2025-03-11T21:50:00,1136,VOICE,BOM-318,19.119262,72.846494,BOM-318,19.119893,72.846819
A42863B4,+91-77540-74512,+91-88200-36467,2025-02-07T22:31:00,1125,VOICE,BOM-702,19.076209,72.877741,BOM-447,19.044853,72.855332
589BFCF9,+91-77540-89525,+91-93400-52700,2025-02-16T14:57:00,1361,VOICE,BOM-103,18.963557,72.834536,BOM-621,19.136328,72.829997
6B97490B,+91-93400-52879,+91-87890-23170,2025-01-01T17:47:00,35,SMS,BOM-318,19.119554,72.846312,BOM-447,19.044079,72.855988
C68D7FE7,+91-75300-37861,+91-91761-48538,2025-02-09T23:15:00,462,VOICE,BOM-103,18.96371,72.834181,BOM-702,19.076313,72.877513
0CB82D7C,+91-75300-77171,+91-89120-51110,2025-02-17T09:43:00,37,SMS,BOM-901,19.029363,72.855676,BOM-447,19.044521,72.855944
CEA2A01A,+91-93400-61807,+91-91761-31268,2025-01-16T19:37:00,1631,VOICE,BOM-808,19.054602,72.900763,BOM-103,18.963152,72.834156
D10500D3,+91-87890-14898,+91-89120-60010,2025-01-11T08:58:00,727,VOICE,BOM-808,19.054417,72.900868,BOM-519,19.066548,72.878749
5F1A4808,+91-63990-89315,+91-88200-59148,2025-01-05T18:38:00,1025,VOICE,BOM-519,19.066768,72.878674,BOM-519,19.065831,72.878601
0675CC16,+91-89120-26581,+91-63990-54529,2025-01-09T21:13:00,1057,VOICE,BOM-212,19.041742,72.863341,BOM-244,19.098583,72.848554
7EF88F52,+91-70420-12979,+91-87890-70686,2025-03-11T20:34:00,57,SMS,BOM-519,19.066048,72.878246,BOM-621,19.135688,72.829975
FEC922AC,+91-77540-34450,+91-89120-75431,2025-01-28T21:17:00,41,SMS,BOM-447,19.044422,72.855664,BOM-318,19.11944,72.847046
7A65D375,+91-80720-50228,+91-63990-14069,2025-01-26T19:04:00,1072,VOICE,BOM-244,19.098666,72.849249,BOM-447,19.044683,72.855642
ACF282D5,+91-93400-41410,+91-77540-88757,2025-01-24T20:59:00,1065,VOICE,BOM-901,19.029606,72.85569,BOM-103,18.962868,72.834494
EE5391BE,+91-93400-20171,+91-89120-78407,2025-02-05T09:03:00,71,VOICE,BOM-901,19.029422,72.85512,BOM-103,18.963059,72.83402
1A6090E8,+91-98400-11111,+91-98400-33333,2025-01-25T13:47:00,220,VOICE,BOM-212,19.041176,72.86379,BOM-519,19.066096,72.878261
5BD2A21A,+91-88200-53874,+91-63990-95332,2025-01-18T16:20:00,996,VOICE,BOM-702,19.075578,72.877598,BOM-702,19.075691,72.877895
22EC836C,+91-80720-19005,+91-75300-74874,2025-02-15T08:54:00,955,VOICE,BOM-318,19.11925,72.846572,BOM-447,19.044633,72.855488
67E0082A,+91-77540-63068,+91-88200-26758,2025-01-26T13:04:00,555,VOICE,BOM-621,19.136029,72.829594,BOM-901,19.030049,72.855045
253DDC53,+91-89120-78714,+91-93400-41760,2025-01-10T15:49:00,25,SMS,BOM-244,19.09859,72.849172,BOM-808,19.054365,72.90019
2BF33C22,+91-75300-41633,+91-91761-94569,2025-01-07T11:59:00,650,VOICE,BOM-808,19.054081,72.90042,BOM-901,19.029692,72.85509
904950B7,+91-88200-12814,+91-89120-35385,2025-02-03T07:49:00,847,VOICE,BOM-702,19.075433,72.877314,BOM-519,19.066212,72.878593
0A5308A0,+91-88200-15542,+91-91761-47105,2025-02-08T07:14:00,84,VOICE,BOM-621,19.13625,72.829913,BOM-808,19.054655,72.900131
36EF7A10,+91-93400-18038,+91-63990-98304,2025-02-01T12:46:00,903,VOICE,BOM-702,19.075709,72.877214,BOM-103,18.9629,72.834491
371C5B12,+91-89120-97621,+91-88200-37434,2025-01-22T07:50:00,458,VOICE,BOM-212,19.04183,72.863815,BOM-318,19.119365,72.847175
C4BD1550,+91-98400-33333,+91-98400-44444,2025-02-25T23:07:00,1466,VOICE,BOM-212,19.0418,72.86339,BOM-808,19.054002,72.900926
2FA7CD51,+91-87890-61491,+91-77540-53656,2025-02-03T12:46:00,47,SMS,BOM-318,19.11949,72.846339,BOM-447,19.044589,72.856035
EFD389A8,+91-98400-77777,+91-87890-26106,2025-02-16T18:04:00,1193,VOICE,BOM-702,19.075673,72.877333,BOM-702,19.076173,72.878066
266D836B,+91-80720-51561,+91-88200-37223,2025-01-27T08:39:00,1630,VOICE,BOM-447,19.044543,72.855347,BOM-621,19.136238,72.829896
FE6BA060,+91-87890-98414,+91-77540-80621,2025-01-30T14:16:00,982,VOICE,BOM-702,19.075503,72.878157,BOM-103,18.963181,72.834603
AE175F3F,+91-75300-30498,+91-93400-61935,2025-01-22T12:39:00,681,VOICE,BOM-103,18.963781,72.834353,BOM-808,19.05478,72.900269
9ECC5622,+91-91761-94092,+91-91761-18966,2025-03-09T07:39:00,916,VOICE,BOM-702,19.076122,72.877828,BOM-318,19.12012,72.846916
DAA69366,+91-63990-30750,+91-87890-82001,2025-02-05T14:12:00,43,SMS,BOM-901,19.029533,72.855747,BOM-318,19.119687,72.846966
C69F37EB,+91-98400-77777,+91-80720-73506,2025-01-05T23:46:00,497,VOICE,BOM-702,19.075465,72.877963,BOM-621,19.136371,72.829768
6AF96701,+91-77540-94332,+91-87890-75494,2025-03-10T21:01:00,709,VOICE,BOM-447,19.044238,72.856021,BOM-808,19.054118,72.900807
DBCAB35F,+91-70420-46033,+91-75300-25323,2025-02-02T17:21:00,37,SMS,BOM-212,19.041545,72.86399,BOM-519,19.066081,72.878439
E600950E,+91-75300-92323,+91-75300-24466,2025-03-15T07:09:00,638,VOICE,BOM-212,19.041756,72.863852,BOM-212,19.041223,72.863505
ABA4E597,+91-88200-13976,+91-89120-15082,2025-03-10T10:51:00,611,VOICE,BOM-212,19.041249,72.86338,BOM-103,18.962967,72.8338
53590FF5,+91-98400-33333,+91-98400-44444,2025-01-16T20:22:00,1244,VOICE,BOM-212,19.041768,72.863921,BOM-621,19.135852,72.829678
390CAFB5,+91-91761-62413,+91-75300-47118,2025-02-24T19:34:00,725,VOICE,BOM-901,19.02977,72.85577,BOM-447,19.044122,72.855909
E8BC1CC8,+91-87890-82588,+91-80720-27794,2025-02-21T23:07:00,53,SMS,BOM-244,19.09875,72.849228,BOM-103,18.963652,72.834024
9BB79D90,+91-70420-44646,+91-75300-44917,2025-01-17T10:52:00,1409,VOICE,BOM-621,19.135873,72.829933,BOM-447,19.044219,72.85608
97E9D4B3,+91-89120-14764,+91-93400-28287,2025-02-01T21:43:00,34,SMS,BOM-808,19.054853,72.900036,BOM-808,19.054831,72.900842
B325BD90,+91-77540-94495,+91-75300-67503,2025-01-25T07:44:00,27,SMS,BOM-318,19.119451,72.846339,BOM-901,19.029659,72.855343
980AEF78,+91-88200-71756,+91-87890-79807,2025-02-25T21:23:00,247,VOICE,BOM-621,19.135567,72.829999,BOM-621,19.136493,72.829787
6C57E085,+91-91761-88792,+91-70420-39329,2025-02-02T16:45:00,882,VOICE,BOM-808,19.054852,72.900459,BOM-519,19.066267,72.878577
9392C319,+91-91761-13864,+91-75300-64269,2025-02-22T16:28:00,326,VOICE,BOM-519,19.065907,72.878085,BOM-244,19.099117,72.849106
7091A658,+91-63990-52418,+91-75300-70992,2025-01-09T13:59:00,23,SMS,BOM-244,19.099342,72.848977,BOM-621,19.136198,72.829195
3B8E851E,+91-89120-54539,+91-88200-79168,2025-02-25T07:25:00,28,VOICE,BOM-244,19.099328,72.848519,BOM-519,19.066122,72.87805
C0ABD4D1,+91-75300-12149,+91-77540-52857,2025-02-12T12:21:00,15,SMS,BOM-244,19.098977,72.848684,BOM-808,19.054566,72.90085
ACF68D78,+91-89120-87275,+91-77540-66360,2025-02-15T10:22:00,354,VOICE,BOM-702,19.075867,72.877743,BOM-621,19.13646,72.829375
C9F0B6A0,+91-80720-30369,+91-80720-31544,2025-02-27T21:20:00,12,SMS,BOM-103,18.963158,72.83447,BOM-901,19.029408,72.855065
49195976,+91-80720-19193,+91-70420-42180,2025-02-09T18:52:00,9,SMS,BOM-212,19.0415,72.863965,BOM-103,18.963368,72.834436
700AA216,+91-77540-89814,+91-70420-45511,2025-03-05T20:01:00,52,SMS,BOM-103,18.963216,72.833829,BOM-519,19.066115,72.877966
67894004,+91-70420-41471,+91-89120-25734,2025-02-28T08:40:00,877,VOICE,BOM-519,19.066473,72.878782,BOM-621,19.135769,72.829426
2905780F,+91-63990-40065,+91-63990-56593,2025-01-02T17:46:00,530,VOICE,BOM-212,19.041391,72.863697,BOM-318,19.119341,72.846561
69B0A42E,+91-98400-22222,+91-98400-12345,2025-01-26T20:07:00,161,VOICE,BOM-447,19.044548,72.856208,BOM-447,19.044066,72.855608
638CE7E3,+91-80720-46889,+91-70420-83839,2025-03-11T15:05:00,160,VOICE,BOM-808,19.054494,72.900217,BOM-212,19.041894,72.864109
F3B0982F,+91-70420-65418,+91-87890-15288,2025-02-26T22:10:00,38,SMS,BOM-318,19.119376,72.846862,BOM-702,19.076149,72.877506
10624AB0,+91-89120-13988,+91-88200-89632,2025-02-28T22:11:00,52,SMS,BOM-103,18.963607,72.833738,BOM-447,19.044513,72.856013
D31CC298,+91-75300-15946,+91-91761-42636,2025-01-23T07:08:00,302,VOICE,BOM-901,19.029862,72.854861,BOM-519,19.066666,72.878561
E20B574F,+91-70420-71349,+91-88200-22608,2025-03-13T12:15:00,1453,VOICE,BOM-519,19.066739,72.878029,BOM-901,19.029575,72.855443
BD7C0456,+91-89120-40266,+91-89120-40432,2025-01-30T07:22:00,1424,VOICE,BOM-901,19.029234,72.855646,BOM-901,19.029812,72.855174
99AA7559,+91-77540-32730,+91-63990-12338,2025-01-11T21:30:00,55,SMS,BOM-244,19.099253,72.849144,BOM-519,19.066666,72.878647
95BCC435,+91-77540-38519,+91-89120-84807,2025-03-04T15:53:00,542,VOICE,BOM-244,19.099414,72.849006,BOM-447,19.044489,72.85592
954C1A20,+91-63990-66240,+91-80720-78619,2025-01-20T16:48:00,24,SMS,BOM-212,19.041174,72.863689,BOM-702,19.076282,72.877828
A41EB95C,+91-77540-33995,+91-75300-95778,2025-01-12T14:22:00,1539,VOICE,BOM-621,19.13592,72.829987,BOM-702,19.075661,72.877494
9D002E74,+91-70420-43709,+91-70420-30683,2025-02-14T19:50:00,110,VOICE,BOM-621,19.135621,72.83,BOM-808,19.054682,72.900847
FF8E75DE,+91-63990-72072,+91-93400-43105,2025-02-17T17:30:00,24,SMS,BOM-447,19.044871,72.856177,BOM-103,18.962908,72.834126
4978EB56,+91-89120-53016,+91-77540-65067,2025-01-17T22:46:00,1193,VOICE,BOM-103,18.963443,72.834582,BOM-244,19.099358,72.84877
2EF1ED88,+91-88200-63916,+91-75300-21909,2025-01-16T23:27:00,703,VOICE,BOM-808,19.05499,72.900008,BOM-244,19.098785,72.848809
B2203B2B,+91-88200-57455,+91-87890-98291,2025-02-14T20:21:00,14,SMS,BOM-103,18.963365,72.834156,BOM-318,19.119587,72.846877
C1A4C3CD,+91-63990-89777,+91-91761-76652,2025-03-03T12:51:00,694,VOICE,BOM-621,19.136366,72.829757,BOM-103,18.962938,72.834422
EA8F054B,+91-87890-35571,+91-77540-61612,2025-01-13T11:20:00,1755,VOICE,BOM-621,19.135958,72.829264,BOM-318,19.119642,72.846782
033E3E47,+91-91761-81533,+91-87890-30324,2025-02-21T23:03:00,1064,VOICE,BOM-318,19.120094,72.846987,BOM-212,19.041607,72.863956
B0CD139C,+91-63990-87746,+91-77540-73312,2025-01-03T13:24:00,21,VOICE,BOM-447,19.044178,72.85552,BOM-244,19.099421,72.848728
BDA12F62,+91-70420-76773,+91-89120-82649,2025-03-04T22:16:00,54,SMS,BOM-702,19.076013,72.877884,BOM-519,19.066741,72.878739
A0EED433,+91-63990-12142,+91-77540-93888,2025-02-09T08:31:00,1108,VOICE,BOM-103,18.963088,72.833816,BOM-519,19.066726,72.878289
4A9EC66B,+91-80720-68263,+91-88200-39087,2025-03-03T17:36:00,1234,VOICE,BOM-519,19.066609,72.878716,BOM-447,19.044344,72.855403
EE87B01F,+91-87890-83801,+91-89120-65452,2025-01-12T20:51:00,1272,VOICE,BOM-318,19.119634,72.846726,BOM-447,19.044413,72.856273
5A7A4889,+91-88200-19567,+91-70420-86986,2025-01-09T07:16:00,96,VOICE,BOM-447,19.044849,72.855698,BOM-621,19.136129,72.829601
76DA40D7,+91-87890-62602,+91-87890-43368,2025-02-18T09:06:00,138,VOICE,BOM-244,19.098957,72.8493,BOM-318,19.119931,72.846602
37AB29FD,+91-87890-43267,+91-77540-82834,2025-02-13T16:34:00,54,SMS,BOM-702,19.075645,72.877316,BOM-244,19.099132,72.849265
270E441C,+91-91761-25622,+91-63990-66011,2025-02-20T22:51:00,1718,VOICE,BOM-103,18.96286,72.83469,BOM-702,19.075416,72.877637
0ACF3C11,+91-75300-77000,+91-70420-37034,2025-02-12T12:32:00,703,VOICE,BOM-447,19.044826,72.855796,BOM-447,19.044773,72.856016
F7D77605,+91-91761-48626,+91-88200-28892,2025-03-12T20:15:00,1710,VOICE,BOM-519,19.065856,72.878038,BOM-318,19.119577,72.846326
8A7E8EBF,+91-91761-99925,+91-93400-99479,2025-01-23T08:05:00,1396,VOICE,BOM-318,19.11982,72.847186,BOM-702,19.076304,72.877991
C4751FA3,+91-98400-11111,+91-98400-22222,2025-02-28T09:55:00,23,SMS,BOM-212,19.041476,72.863773,BOM-212,19.041305,72.864166
7AF1DB9B,+91-93400-52363,+91-93400-95434,2025-03-09T22:23:00,752,VOICE,BOM-519,19.066654,72.877961,BOM-702,19.07621,72.877461
21950668,+91-75300-32571,+91-87890-13769,2025-01-16T14:08:00,1424,VOICE,BOM-519,19.066107,72.87811,BOM-212,19.041325,72.863963
2CBC34C4,+91-80720-19305,+91-91761-20909,2025-03-08T09:54:00,34,SMS,BOM-244,19.098703,72.84868,BOM-519,19.066165,72.878696
171AF90C,+91-63990-15521,+91-70420-83298,2025-01-17T11:32:00,1351,VOICE,BOM-901,19.029544,72.85508,BOM-901,19.029879,72.855116
E56C4AA9,+91-89120-23887,+91-63990-27576,2025-02-09T15:04:00,867,VOICE,BOM-808,19.054626,72.900546,BOM-621,19.135819,72.829571
41EA54B1,+91-87890-44018,+91-88200-26675,2025-01-30T12:09:00,491,VOICE,BOM-212,19.041555,72.863384,BOM-103,18.963661,72.83428
3775B6EA,+91-77540-33066,+91-70420-73680,2025-01-03T08:55:00,657,VOICE,BOM-244,19.098798,72.848564,BOM-808,19.054897,72.900672
F328F0E2,+91-91761-85533,+91-80720-72113,2025-03-15T19:19:00,250,VOICE,BOM-808,19.054008,72.900195,BOM-318,19.119742,72.846807
ACB17E3C,+91-93400-75446,+91-87890-58871,2025-02-21T08:07:00,6,SMS,BOM-519,19.066408,72.878288,BOM-447,19.043978,72.855648
BEFF11D2,+91-63990-53574,+91-70420-31702,2025-02-16T15:48:00,1029,VOICE,BOM-318,19.119462,72.846916,BOM-808,19.054318,72.900032
DA07B874,+91-63990-80814,+91-70420-14282,2025-03-12T17:45:00,1180,VOICE,BOM-621,19.135881,72.829683,BOM-447,19.044053,72.856105
B96B4C7D,+91-77540-14296,+91-75300-22914,2025-01-07T14:12:00,816,VOICE,BOM-702,19.076123,72.877424,BOM-808,19.054203,72.900238
BAF17536,+91-75300-86021,+91-93400-92616,2025-02-22T15:34:00,15,VOICE,BOM-103,18.963768,72.83466,BOM-519,19.066066,72.8783
C6B553C2,+91-98400-12345,+91-98400-22222,2025-02-18T21:58:00,24,SMS,BOM-212,19.041197,72.863789,BOM-244,19.099121,72.84911
947B57DA,+91-98400-11111,+91-98400-22222,2025-01-20T11:51:00,43,SMS,BOM-212,19.040985,72.863448,BOM-244,19.099291,72.848726
6847A7A1,+91-88200-45256,+91-93400-54567,2025-01-03T18:10:00,1261,VOICE,BOM-621,19.136379,72.830021,BOM-447,19.044149,72.855727
FD50B2C2,+91-87890-15872,+91-91761-18245,2025-02-16T22:08:00,192,VOICE,BOM-318,19.119522,72.846574,BOM-519,19.06614,72.878242
2CFA7104,+91-98400-44444,+91-98400-55555,2025-01-21T13:51:00,60,SMS,BOM-447,19.044773,72.855352,BOM-702,19.075955,72.877303
1BD7C19E,+91-63990-82816,+91-91761-99390,2025-01-13T16:19:00,1758,VOICE,BOM-103,18.963325,72.834083,BOM-244,19.09912,72.849217
3519B9D9,+91-80720-26974,+91-91761-15485,2025-01-16T08:28:00,1495,VOICE,BOM-702,19.076062,72.878126,BOM-901,19.030032,72.854998
64CABD71,+91-91761-77360,+91-70420-21525,2025-02-28T22:05:00,876,VOICE,BOM-318,19.119764,72.846663,BOM-447,19.044034,72.855687
FF02EF53,+91-93400-50189,+91-89120-25725,2025-03-07T09:59:00,1000,VOICE,BOM-244,19.098984,72.848547,BOM-103,18.963633,72.834034
39B8A75A,+91-91761-24314,+91-93400-11739,2025-02-14T16:08:00,1355,VOICE,BOM-318,19.119558,72.846368,BOM-212,19.041866,72.863783
1F1BB104,+91-70420-33077,+91-91761-94340,2025-01-19T22:06:00,1574,VOICE,BOM-212,19.041736,72.86403,BOM-901,19.029526,72.854921
768A81D0,+91-70420-24778,+91-77540-97282,2025-02-04T23:00:00,1676,VOICE,BOM-318,19.11952,72.846544,BOM-901,19.029901,72.854989
DF562A17,+91-88200-85206,+91-77540-26343,2025-01-27T08:58:00,864,VOICE,BOM-702,19.075778,72.877837,BOM-901,19.029196,72.854883
6B31E651,+91-75300-82563,+91-80720-87373,2025-03-12T21:42:00,1051,VOICE,BOM-103,18.963104,72.834195,BOM-702,19.076165,72.877891
A9E3E89B,+91-80720-21851,+91-91761-99922,2025-02-08T08:13:00,318,VOICE,BOM-212,19.041611,72.864168,BOM-808,19.054513,72.900677
FB5D9731,+91-80720-33792,+91-63990-60235,2025-02-07T21:05:00,33,SMS,BOM-447,19.044312,72.856189,BOM-519,19.066018,72.878121
7D14E20A,+91-98400-77777,+91-63990-34032,2025-01-31T19:22:00,608,VOICE,BOM-808,19.054038,72.900141,BOM-318,19.12001,72.846611
7A7EBF79,+91-89120-62254,+91-91761-98894,2025-02-06T15:00:00,18,SMS,BOM-447,19.044682,72.855957,BOM-621,19.135767,72.829699
2A11388B,+91-63990-10025,+91-70420-47287,2025-01-03T23:08:00,28,VOICE,BOM-621,19.136484,72.829315,BOM-702,19.075422,72.878022
9E5F5F8A,+91-63990-93394,+91-75300-16385,2025-02-07T16:33:00,1067,VOICE,BOM-519,19.066566,72.878083,BOM-212,19.041499,72.863367
78CD0DEE,+91-77540-47669,+91-87890-53422,2025-03-12T07:06:00,1507,VOICE,BOM-212,19.04139,72.863499,BOM-244,19.099445,72.84933
9BD4B0EC,+91-88200-87717,+91-88200-16029,2025-02-19T22:15:00,1257,VOICE,BOM-244,19.098875,72.848601,BOM-702,19.075676,72.877569
D242A772,+91-91761-46400,+91-91761-92209,2025-01-15T20:36:00,468,VOICE,BOM-702,19.075624,72.877367,BOM-103,18.963545,72.834613
CEE11825,+91-89120-41334,+91-93400-12597,2025-01-11T10:58:00,1655,VOICE,BOM-103,18.963063,72.833721,BOM-702,19.075652,72.877732
BCE15F9D,+91-89120-71654,+91-89120-93743,2025-01-31T09:26:00,740,VOICE,BOM-519,19.066474,72.8784,BOM-212,19.041294,72.863982
D4DABE98,+91-70420-76296,+91-88200-61211,2025-01-08T10:19:00,35,SMS,BOM-318,19.12002,72.847142,BOM-103,18.96306,72.834313
967048C4,+91-98400-33333,+91-98400-44444,2025-02-09T14:03:00,1513,VOICE,BOM-447,19.044778,72.856247,BOM-901,19.029916,72.855778
CA25A782,+91-89120-16832,+91-91761-56704,2025-03-15T10:44:00,47,VOICE,BOM-621,19.136455,72.830054,BOM-901,19.029268,72.855212
594CB24E,+91-77540-16872,+91-63990-76633,2025-03-09T12:32:00,1409,VOICE,BOM-447,19.044811,72.855399,BOM-318,19.120092,72.847012
A532CFC7,+91-89120-37367,+91-87890-59398,2025-02-01T23:38:00,242,VOICE,BOM-318,19.12004,72.847141,BOM-103,18.963086,72.833995
D5BFEAEC,+91-77540-16290,+91-75300-75957,2025-03-12T13:29:00,45,SMS,BOM-621,19.135735,72.830021,BOM-447,19.044855,72.856151
78006FFF,+91-63990-36626,+91-77540-90779,2025-01-03T12:05:00,1672,VOICE,BOM-901,19.029225,72.855046,BOM-808,19.054221,72.90046
C5B5E5D4,+91-70420-32111,+91-89120-52339,2025-01-07T11:55:00,23,SMS,BOM-103,18.962843,72.834517,BOM-808,19.054275,72.900995
B9917066,+91-87890-42896,+91-93400-31019,2025-03-14T20:37:00,532,VOICE,BOM-318,19.119356,72.84706,BOM-447,19.044532,72.855763
78DC5DE7,+91-63990-37290,+91-75300-57718,2025-03-06T16:56:00,1759,VOICE,BOM-318,19.119648,72.847024,BOM-901,19.029256,72.855204
A8E36A88,+91-87890-16599,+91-77540-39190,2025-03-12T19:25:00,176,VOICE,BOM-901,19.029544,72.855373,BOM-212,19.041757,72.863647
36E35678,+91-93400-52970,+91-89120-81642,2025-02-03T23:52:00,1427,VOICE,BOM-447,19.04404,72.85607,BOM-702,19.076357,72.877561
9AC7F72F,+91-88200-32236,+91-89120-94863,2025-01-01T15:43:00,25,SMS,BOM-519,19.066442,72.878159,BOM-447,19.044137,72.856105
741ADC4A,+91-77540-87915,+91-63990-96975,2025-03-08T16:57:00,363,VOICE,BOM-621,19.13589,72.829836,BOM-103,18.963576,72.833998
8F529939,+91-91761-52768,+91-88200-16161,2025-02-06T16:14:00,964,VOICE,BOM-519,19.065935,72.87874,BOM-808,19.054773,72.900566
9FE80117,+91-80720-23596,+91-63990-11366,2025-02-06T09:49:00,112,VOICE,BOM-621,19.136156,72.830023,BOM-447,19.044051,72.855862
DAD92608,+91-70420-93164,+91-70420-42232,2025-01-18T19:55:00,1394,VOICE,BOM-519,19.066065,72.878051,BOM-318,19.119934,72.846583
18BF1B52,+91-98400-11111,+91-98400-33333,2025-02-04T16:38:00,1050,VOICE,BOM-447,19.044618,72.855504,BOM-901,19.029351,72.855708
CDE13F98,+91-87890-76441,+91-75300-45174,2025-01-04T13:37:00,1261,VOICE,BOM-103,18.963058,72.834385,BOM-103,18.963658,72.834442
A0348F4A,+91-88200-27895,+91-93400-60324,2025-03-13T23:41:00,31,SMS,BOM-901,19.029516,72.85564,BOM-901,19.029267,72.855365
D8DCEF46,+91-77540-71320,+91-77540-37842,2025-02-07T22:25:00,48,SMS,BOM-244,19.098524,72.849451,BOM-901,19.029606,72.855111
98E361E4,+91-91761-26119,+91-93400-67554,2025-02-23T07:15:00,26,SMS,BOM-621,19.136005,72.829185,BOM-702,19.076115,72.877615
E48B2AF5,+91-63990-98250,+91-93400-10544,2025-02-23T08:00:00,329,VOICE,BOM-702,19.076241,72.877719,BOM-244,19.098817,72.84867
DDCD8450,+91-77540-48299,+91-80720-55570,2025-03-13T17:56:00,410,VOICE,BOM-901,19.029813,72.854862,BOM-621,19.135715,72.829999
0689225A,+91-87890-48448,+91-91761-37842,2025-02-08T22:42:00,1253,VOICE,BOM-244,19.099025,72.849389,BOM-447,19.0447,72.855783
DFCDC36A,+91-77540-99505,+91-70420-22761,2025-03-10T18:54:00,44,SMS,BOM-621,19.135835,72.829367,BOM-212,19.041155,72.863784
8DBB7CFE,+91-80720-60246,+91-89120-95603,2025-02-23T20:26:00,1318,VOICE,BOM-447,19.044519,72.855439,BOM-244,19.099003,72.848581
1185F1BD,+91-91761-23424,+91-93400-30257,2025-03-06T14:53:00,1643,VOICE,BOM-103,18.963413,72.834531,BOM-103,18.963646,72.834413
685A70AA,+91-70420-77314,+91-91761-96188,2025-01-17T11:24:00,123,VOICE,BOM-702,19.076108,72.877449,BOM-244,19.098918,72.848958
F785102D,+91-89120-52027,+91-80720-33632,2025-01-28T21:00:00,180,VOICE,BOM-212,19.041782,72.863784,BOM-212,19.041522,72.863999
EF3A6A4A,+91-63990-95456,+91-75300-71693,2025-02-07T07:10:00,106,VOICE,BOM-621,19.13643,72.830012,BOM-447,19.044006,72.855511
1880AD94,+91-93400-27396,+91-91761-99492,2025-02-05T07:10:00,1243,VOICE,BOM-519,19.066194,72.878566,BOM-318,19.119676,72.846402
1655F399,+91-91761-41419,+91-77540-40192,2025-03-06T16:18:00,1568,VOICE,BOM-519,19.066282,72.878293,BOM-621,19.13571,72.829684
0C78DDCC,+91-77540-73323,+91-88200-83536,2025-01-29T15:28:00,1537,VOICE,BOM-447,19.044307,72.855966,BOM-519,19.066624,72.878166
39953E27,+91-75300-55844,+91-80720-31169,2025-03-09T12:29:00,48,SMS,BOM-519,19.066227,72.878135,BOM-212,19.041753,72.863814
A7159718,+91-75300-89575,+91-77540-96445,2025-02-19T23:51:00,1382,VOICE,BOM-808,19.054596,72.900461,BOM-212,19.041206,72.863886
CBBD80F9,+91-80720-33542,+91-63990-65703,2025-02-22T18:25:00,374,VOICE,BOM-519,19.066001,72.877986,BOM-808,19.054968,72.90034
41492449,+91-93400-67565,+91-88200-99699,2025-01-15T23:32:00,53,SMS,BOM-318,19.120046,72.846541,BOM-702,19.075801,72.877334
6298ECB3,+91-88200-13619,+91-88200-15702,2025-02-24T08:01:00,22,SMS,BOM-808,19.054099,72.900278,BOM-519,19.066048,72.878345
57659B67,+91-89120-99848,+91-75300-56346,2025-01-09T11:17:00,709,VOICE,BOM-808,19.054627,72.900842,BOM-244,19.099106,72.848687
1518CC9E,+91-80720-65840,+91-80720-34413,2025-01-23T10:51:00,105,VOICE,BOM-519,19.066527,72.878716,BOM-808,19.054699,72.900979
00234B0B,+91-98400-77777,+91-75300-10868,2025-02-17T19:57:00,1060,VOICE,BOM-621,19.136147,72.829626,BOM-318,19.119897,72.846739
C119E1BF,+91-63990-20222,+91-89120-18320,2025-03-01T22:39:00,29,SMS,BOM-103,18.96295,72.834324,BOM-808,19.054506,72.900719
F62B1003,+91-88200-37903,+91-77540-81646,2025-02-13T12:15:00,51,SMS,BOM-901,19.03007,72.85536,BOM-901,19.029558,72.854857
76740232,+91-80720-85223,+91-80720-39937,2025-03-07T07:02:00,515,VOICE,BOM-447,19.044372,72.855683,BOM-318,19.119379,72.84726
7A80B0B2,+91-70420-89118,+91-80720-86624,2025-01-30T17:06:00,991,VOICE,BOM-621,19.135844,72.829457,BOM-519,19.066489,72.878599
73559389,+91-93400-63396,+91-80720-40493,2025-01-28T22:46:00,5,SMS,BOM-702,19.075587,72.877449,BOM-621,19.135821,72.829611
7A977E79,+91-80720-94531,+91-87890-49466,2025-01-19T21:32:00,20,SMS,BOM-702,19.075718,72.877859,BOM-447,19.044614,72.855584
642EDB10,+91-80720-31790,+91-88200-83690,2025-03-10T23:23:00,543,VOICE,BOM-244,19.099455,72.849082,BOM-244,19.099379,72.848526
A43D688E,+91-77540-26208,+91-91761-73154,2025-02-05T13:38:00,312,VOICE,BOM-702,19.076177,72.878092,BOM-212,19.041338,72.863472
3A9C598A,+91-87890-30298,+91-75300-90766,2025-03-05T11:00:00,1758,VOICE,BOM-702,19.075697,72.878026,BOM-244,19.099017,72.849384
46239056,+91-98400-11111,+91-98400-33333,2025-01-18T09:45:00,100,VOICE,BOM-212,19.040937,72.863402,BOM-702,19.076333,72.877715
28113845,+91-80720-41462,+91-80720-31641,2025-03-15T08:05:00,1149,VOICE,BOM-901,19.029908,72.854811,BOM-808,19.054677,72.900932
91DFC041,+91-91761-46479,+91-89120-25675,2025-01-26T18:31:00,41,SMS,BOM-447,19.04474,72.856146,BOM-103,18.963698,72.834441
FD0A38F8,+91-89120-60084,+91-88200-86855,2025-01-05T16:10:00,1412,VOICE,BOM-901,19.029179,72.855426,BOM-519,19.066684,72.878707
C4A25B42,+91-88200-98092,+91-80720-61952,2025-02-26T23:42:00,259,VOICE,BOM-318,19.119595,72.846995,BOM-212,19.041641,72.864092
CEE707F3,+91-89120-18826,+91-75300-66504,2025-02-10T10:28:00,1380,VOICE,BOM-702,19.076127,72.877749,BOM-244,19.09856,72.848829
358345AA,+91-93400-48035,+91-91761-59005,2025-02-12T20:13:00,42,VOICE,BOM-447,19.044745,72.856055,BOM-103,18.962903,72.834098
A69773A9,+91-93400-96661,+91-77540-99663,2025-01-06T21:10:00,373,VOICE,BOM-212,19.041267,72.863333,BOM-702,19.076352,72.877623
1D7C1692,+91-70420-21637,+91-70420-33467,2025-03-04T20:02:00,56,SMS,BOM-103,18.96291,72.834574,BOM-702,19.075515,72.877499
B522290E,+91-87890-35237,+91-91761-30572,2025-01-30T08:46:00,416,VOICE,BOM-519,19.065998,72.878195,BOM-447,19.044562,72.855526
6AC33681,+91-91761-42576,+91-91761-52815,2025-01-13T07:31:00,763,VOICE,BOM-702,19.075724,72.878059,BOM-447,19.044704,72.856256
DA0DE509,+91-89120-34112,+91-70420-31519,2025-02-02T20:05:00,26,SMS,BOM-318,19.119242,72.84644,BOM-103,18.963404,72.834657
72168CA4,+91-63990-66969,+91-89120-39464,2025-01-22T08:31:00,1183,VOICE,BOM-103,18.963035,72.834205,BOM-244,19.098655,72.849195
AE29FAF3,+91-91761-15397,+91-91761-47621,2025-03-13T14:28:00,561,VOICE,BOM-621,19.135578,72.829596,BOM-519,19.066069,72.878328
05BB238E,+91-63990-23989,+91-93400-36233,2025-03-14T16:53:00,1229,VOICE,BOM-621,19.135861,72.829154,BOM-519,19.066367,72.878784
A038749B,+91-91761-95964,+91-91761-51976,2025-01-19T19:28:00,57,SMS,BOM-212,19.041013,72.863627,BOM-621,19.135645,72.829423
5092E1C3,+91-77540-64450,+91-88200-83912,2025-01-08T21:43:00,1496,VOICE,BOM-447,19.044296,72.856116,BOM-519,19.066378,72.877945
6CCB9949,+91-77540-24570,+91-89120-16729,2025-01-23T11:04:00,52,SMS,BOM-244,19.098963,72.849039,BOM-212,19.04172,72.863499
72D9F0F8,+91-93400-65038,+91-63990-51102,2025-02-27T12:11:00,35,VOICE,BOM-318,19.11986,72.846931,BOM-447,19.044017,72.855643
10C903BF,+91-63990-86850,+91-77540-77435,2025-01-20T08:19:00,1000,VOICE,BOM-244,19.099203,72.849338,BOM-212,19.041174,72.863649
90B89FD8,+91-87890-86002,+91-93400-25327,2025-02-21T19:00:00,891,VOICE,BOM-212,19.040986,72.863835,BOM-808,19.054969,72.900089
4B403169,+91-98400-22222,+91-98400-33333,2025-02-19T20:49:00,149,VOICE,BOM-212,19.041579,72.863252,BOM-702,19.075495,72.877878
6529B978,+91-88200-84421,+91-91761-22178,2025-03-01T10:29:00,1416,VOICE,BOM-901,19.029571,72.855747,BOM-318,19.120061,72.846917
0407655F,+91-80720-57333,+91-87890-42321,2025-03-05T13:29:00,292,VOICE,BOM-621,19.135507,72.829496,BOM-244,19.09888,72.849362
62D800A6,+91-91761-34045,+91-89120-76764,2025-01-11T11:57:00,1230,VOICE,BOM-244,19.09887,72.849149,BOM-808,19.05432,72.900177
8C513A4B,+91-77540-58756,+91-77540-38278,2025-01-05T20:35:00,1414,VOICE,BOM-103,18.963004,72.83456,BOM-103,18.963729,72.834123
33D5DD74,+91-91761-20401,+91-91761-39132,2025-03-06T15:32:00,33,SMS,BOM-702,19.075783,72.878015,BOM-244,19.098581,72.849048
B2543FEE,+91-80720-78657,+91-63990-77065,2025-01-21T19:35:00,7,SMS,BOM-318,19.120112,72.846865,BOM-318,19.119362,72.846445
9CE2CBB7,+91-70420-21878,+91-87890-60607,2025-01-16T17:38:00,54,SMS,BOM-447,19.043941,72.85537,BOM-244,19.099172,72.849466
C770BA31,+91-89120-66270,+91-70420-44818,2025-02-27T23:19:00,147,VOICE,BOM-901,19.029112,72.855361,BOM-212,19.041286,72.86336
1C9F99F8,+91-89120-57520,+91-93400-97151,2025-03-05T20:26:00,1321,VOICE,BOM-212,19.041765,72.86348,BOM-621,19.136405,72.82974
4DF2EA49,+91-87890-85713,+91-75300-62183,2025-01-18T10:47:00,929,VOICE,BOM-318,19.1193,72.846808,BOM-702,19.076201,72.877814
FA82A948,+91-91761-10059,+91-91761-31686,2025-02-07T10:31:00,832,VOICE,BOM-212,19.041283,72.863242,BOM-244,19.098837,72.848753
0D86D42B,+91-89120-97935,+91-70420-88573,2025-01-26T22:06:00,23,SMS,BOM-702,19.076039,72.877759,BOM-447,19.044186,72.856051
693C6226,+91-63990-27627,+91-87890-60997,2025-03-04T10:36:00,47,SMS,BOM-103,18.963485,72.834272,BOM-901,19.029662,72.854956
1D9C4CDF,+91-77540-87158,+91-87890-31891,2025-01-09T08:19:00,948,VOICE,BOM-103,18.963396,72.834038,BOM-318,19.119543,72.847201
C8BA9D71,+91-93400-87428,+91-75300-50316,2025-02-26T15:03:00,21,SMS,BOM-702,19.075614,72.87788,BOM-702,19.076094,72.878188
1F208CBA,+91-63990-41504,+91-89120-30021,2025-02-24T16:58:00,934,VOICE,BOM-103,18.962932,72.834352,BOM-244,19.099041,72.8493
DE9D3E52,+91-91761-84069,+91-88200-10491,2025-02-04T13:48:00,42,SMS,BOM-702,19.075906,72.877793,BOM-212,19.041244,72.864165
AC54E021,+91-89120-41994,+91-77540-84588,2025-02-28T08:04:00,778,VOICE,BOM-447,19.044047,72.856277,BOM-212,19.041282,72.86418
E44340F8,+91-88200-41242,+91-75300-17134,2025-02-12T23:50:00,164,VOICE,BOM-244,19.09912,72.849264,BOM-901,19.029679,72.854886
0ED5C7E5,+91-93400-39048,+91-91761-91341,2025-02-13T16:22:00,470,VOICE,BOM-212,19.041222,72.863738,BOM-318,19.119725,72.846526
36EF7E01,+91-88200-15971,+91-77540-34567,2025-02-19T22:50:00,1580,VOICE,BOM-103,18.963607,72.83453,BOM-519,19.066181,72.877999
D6D6B8DA,+91-77540-63578,+91-77540-19192,2025-03-14T08:02:00,266,VOICE,BOM-702,19.075921,72.877422,BOM-519,19.066173,72.878745
87AB51E4,+91-77540-77304,+91-77540-61249,2025-02-21T18:39:00,1128,VOICE,BOM-212,19.041591,72.863347,BOM-318,19.120139,72.8469
8CCCCE9A,+91-70420-59700,+91-80720-53684,2025-02-15T09:41:00,1077,VOICE,BOM-519,19.066162,72.878098,BOM-318,19.120038,72.846696
5A3F83D4,+91-93400-10593,+91-70420-87583,2025-02-13T15:08:00,18,SMS,BOM-621,19.136486,72.82984,BOM-244,19.099145,72.849167
35763E40,+91-88200-43809,+91-88200-43557,2025-02-26T11:07:00,7,SMS,BOM-702,19.076259,72.877601,BOM-244,19.099417,72.848629
D87307E7,+91-80720-80677,+91-87890-39601,2025-01-30T19:33:00,26,SMS,BOM-447,19.044487,72.856057,BOM-808,19.054195,72.900815
1BE919AA,+91-91761-67191,+91-80720-86899,2025-01-04T14:53:00,316,VOICE,BOM-318,19.119677,72.84716,BOM-318,19.119655,72.846506
C20AF381,+91-91761-25972,+91-70420-91255,2025-01-26T18:40:00,652,VOICE,BOM-519,19.066406,72.878066,BOM-702,19.075433,72.877916
DEC31A0B,+91-91761-95774,+91-87890-47762,2025-02-22T16:02:00,695,VOICE,BOM-447,19.044344,72.856151,BOM-244,19.09943,72.848847
477A9F55,+91-63990-81769,+91-91761-90492,2025-01-03T18:45:00,770,VOICE,BOM-808,19.054343,72.9006,BOM-702,19.075417,72.877842
C2A44106,+91-93400-40491,+91-80720-80414,2025-01-10T11:12:00,774,VOICE,BOM-901,19.02978,72.854889,BOM-447,19.044348,72.85552
2769F17D,+91-87890-50593,+91-87890-24459,2025-01-06T21:25:00,1538,VOICE,BOM-808,19.054135,72.90064,BOM-702,19.075685,72.877432
EECC68E4,+91-89120-16553,+91-80720-69561,2025-01-07T22:18:00,1649,VOICE,BOM-519,19.066398,72.878253,BOM-244,19.099472,72.849117
E487FE7A,+91-93400-38113,+91-88200-63413,2025-01-11T23:21:00,1307,VOICE,BOM-103,18.963713,72.83445,BOM-808,19.054177,72.900455
2CABF9FA,+91-87890-32771,+91-93400-51075,2025-02-14T11:50:00,1325,VOICE,BOM-519,19.066283,72.878575,BOM-901,19.029813,72.855659
71E6735C,+91-98400-12345,+91-98400-22222,2025-02-03T20:57:00,1058,VOICE,BOM-212,19.041262,72.864197,BOM-901,19.029191,72.854847
03F39431,+91-91761-42094,+91-88200-19154,2025-01-01T08:43:00,60,SMS,BOM-103,18.963796,72.834562,BOM-212,19.041683,72.864158
3786B919,+91-87890-63564,+91-89120-51470,2025-01-13T08:00:00,1516,VOICE,BOM-447,19.044357,72.856052,BOM-318,19.119204,72.847117
C845ECA4,+91-89120-59989,+91-80720-62279,2025-02-02T12:15:00,10,SMS,BOM-447,19.044752,72.855463,BOM-808,19.054285,72.900753
3FFBE8DF,+91-87890-72711,+91-89120-43145,2025-01-12T11:51:00,330,VOICE,BOM-702,19.075702,72.877208,BOM-103,18.9637,72.833787
FB6CAD79,+91-80720-76182,+91-77540-93935,2025-02-23T10:13:00,1576,VOICE,BOM-244,19.098745,72.848948,BOM-702,19.07561,72.877507
C641882E,+91-89120-78302,+91-91761-99825,2025-02-18T12:08:00,631,VOICE,BOM-621,19.135993,72.829163,BOM-808,19.054276,72.9003
A5C51797,+91-80720-71561,+91-87890-59560,2025-01-06T12:37:00,259,VOICE,BOM-447,19.044164,72.856142,BOM-103,18.963621,72.833767
8AE6468D,+91-80720-88852,+91-63990-24461,2025-01-16T18:36:00,97,VOICE,BOM-103,18.962953,72.834071,BOM-702,19.075703,72.877686
7C6B0FA6,+91-75300-78678,+91-88200-49248,2025-03-06T18:57:00,942,VOICE,BOM-212,19.041145,72.864,BOM-244,19.099035,72.849459
6B9C68CD,+91-89120-72957,+91-93400-22712,2025-01-04T13:10:00,182,VOICE,BOM-901,19.029944,72.855108,BOM-808,19.054471,72.900895
34146571,+91-91761-39740,+91-70420-47441,2025-02-14T13:08:00,184,VOICE,BOM-808,19.054651,72.900469,BOM-103,18.963568,72.833985
37D6039C,+91-77540-50973,+91-75300-99116,2025-01-13T19:57:00,239,VOICE,BOM-702,19.075978,72.877981,BOM-103,18.963571,72.834623
9AD7BDFE,+91-87890-53649,+91-75300-38594,2025-01-14T12:44:00,21,VOICE,BOM-519,19.066194,72.878558,BOM-212,19.041831,72.863268
6464019B,+91-88200-98511,+91-93400-98065,2025-01-25T23:21:00,656,VOICE,BOM-103,18.962811,72.833708,BOM-212,19.040912,72.863298
8B7C742B,+91-87890-10001,+91-87890-68334,2025-02-18T12:06:00,768,VOICE,BOM-519,19.066446,72.878871,BOM-702,19.075476,72.877617
12B14F05,+91-80720-88769,+91-63990-79712,2025-02-23T13:56:00,21,SMS,BOM-901,19.029127,72.85505,BOM-702,19.075777,72.878177
C45AF1A8,+91-63990-28389,+91-91761-73036,2025-01-21T14:25:00,1338,VOICE,BOM-808,19.054391,72.900193,BOM-702,19.075471,72.878163
992686CE,+91-89120-69103,+91-91761-91555,2025-02-25T21:01:00,66,VOICE,BOM-447,19.044646,72.856092,BOM-621,19.135726,72.829402
8189012C,+91-91761-33667,+91-77540-80247,2025-01-30T07:19:00,53,SMS,BOM-519,19.066757,72.877966,BOM-702,19.075676,72.877931
8D0F3B5E,+91-98400-33333,+91-98400-44444,2025-02-16T19:36:00,776,VOICE,BOM-447,19.044505,72.855979,BOM-901,19.029863,72.855374
4BBA1774,+91-63990-93113,+91-87890-91313,2025-01-13T09:51:00,198,VOICE,BOM-447,19.044516,72.855711,BOM-901,19.02985,72.855424
E2ABC603,+91-70420-95118,+91-93400-50191,2025-02-03T21:27:00,97,VOICE,BOM-621,19.13625,72.82986,BOM-901,19.029759,72.855133
E430D871,+91-88200-83289,+91-75300-30797,2025-01-12T21:37:00,471,VOICE,BOM-808,19.054556,72.900887,BOM-244,19.099182,72.848743
BF98A5CE,+91-88200-23949,+91-70420-88850,2025-01-28T13:34:00,461,VOICE,BOM-447,19.043914,72.855888,BOM-447,19.044566,72.855512
1F9A4ACD,+91-93400-40182,+91-88200-91778,2025-01-28T14:30:00,1668,VOICE,BOM-808,19.054205,72.900184,BOM-447,19.044263,72.855374
5593E2E9,+91-91761-36733,+91-77540-70710,2025-02-14T07:34:00,1585,VOICE,BOM-901,19.029504,72.855506,BOM-901,19.029277,72.854981
C6190DC5,+91-77540-60777,+91-77540-92660,2025-01-07T13:18:00,30,SMS,BOM-621,19.136274,72.829386,BOM-318,19.119622,72.846913
31C2CBC1,+91-70420-89190,+91-91761-75967,2025-01-21T07:25:00,48,SMS,BOM-901,19.029654,72.85563,BOM-244,19.099002,72.849209
E8E98877,+91-63990-79737,+91-70420-89759,2025-03-11T13:32:00,153,VOICE,BOM-244,19.098723,72.848934,BOM-447,19.044077,72.855785
AC6B0164,+91-75300-50745,+91-70420-27788,2025-02-03T12:50:00,9,SMS,BOM-901,19.029931,72.855337,BOM-318,19.1201,72.847102
E207B3DD,+91-70420-76088,+91-75300-80622,2025-03-04T16:36:00,1314,VOICE,BOM-212,19.041634,72.863765,BOM-103,18.963581,72.834232
E38EC124,+91-80720-68523,+91-87890-46692,2025-02-15T21:29:00,16,SMS,BOM-808,19.05489,72.900388,BOM-808,19.054444,72.900313
E0B41A9B,+91-91761-42912,+91-88200-66909,2025-01-01T10:02:00,1590,VOICE,BOM-212,19.041697,72.863714,BOM-447,19.044107,72.856106
C4DE7FA8,+91-80720-90694,+91-75300-56109,2025-01-25T17:27:00,502,VOICE,BOM-519,19.065892,72.87791,BOM-808,19.054747,72.900888
97767362,+91-70420-64732,+91-88200-85112,2025-02-09T21:57:00,1615,VOICE,BOM-808,19.054475,72.90072,BOM-244,19.098633,72.848639
A0EF33E3,+91-89120-50840,+91-91761-36978,2025-03-04T20:56:00,32,SMS,BOM-244,19.099247,72.849316,BOM-244,19.098608,72.848883
EA51661D,+91-80720-46205,+91-91761-40496,2025-01-30T07:46:00,1191,VOICE,BOM-318,19.119696,72.847208,BOM-447,19.044216,72.856138
423DE13F,+91-91761-50862,+91-91761-23473,2025-02-17T21:47:00,1577,VOICE,BOM-447,19.04474,72.856036,BOM-212,19.041073,72.863715
9F244A2F,+91-87890-83445,+91-75300-57973,2025-02-27T10:58:00,9,SMS,BOM-901,19.029519,72.855731,BOM-103,18.963591,72.833867
05A7DEBA,+91-87890-17341,+91-88200-96539,2025-01-04T16:40:00,1127,VOICE,BOM-212,19.04184,72.863742,BOM-103,18.96292,72.833762
803E2E29,+91-80720-85228,+91-63990-99408,2025-02-25T17:52:00,420,VOICE,BOM-519,19.06585,72.878394,BOM-447,19.04489,72.855721
91F3B4BD,+91-91761-11930,+91-88200-38467,2025-02-13T20:19:00,28,SMS,BOM-901,19.029797,72.854832,BOM-212,19.041744,72.864152
91EF8AF8,+91-70420-48989,+91-70420-25738,2025-02-08T11:16:00,56,SMS,BOM-519,19.06592,72.878537,BOM-447,19.04478,72.856232
D15213BA,+91-87890-10622,+91-87890-38304,2025-02-01T18:07:00,6,SMS,BOM-318,19.119596,72.847074,BOM-702,19.075883,72.877641
39C491C0,+91-63990-88563,+91-91761-13149,2025-03-13T18:58:00,22,SMS,BOM-244,19.099215,72.848552,BOM-519,19.065946,72.878522
FDD8ACA8,+91-77540-60351,+91-77540-61150,2025-02-21T15:13:00,22,VOICE,BOM-318,19.119772,72.846892,BOM-447,19.044779,72.856091
B20B4E49,+91-70420-32365,+91-91761-15347,2025-03-15T16:05:00,48,SMS,BOM-702,19.075609,72.878057,BOM-621,19.136445,72.829112
12137081,+91-75300-77177,+91-89120-12299,2025-02-03T12:37:00,314,VOICE,BOM-702,19.075861,72.877893,BOM-702,19.075563,72.877473
B1A6C0DB,+91-87890-49654,+91-87890-19006,2025-03-07T22:59:00,25,VOICE,BOM-318,19.120002,72.847133,BOM-519,19.066329,72.878812
097C8B6C,+91-93400-36347,+91-77540-54411,2025-01-31T11:46:00,958,VOICE,BOM-318,19.120089,72.846967,BOM-702,19.075932,72.877425
9FC4E760,+91-70420-20783,+91-88200-57297,2025-02-08T18:17:00,830,VOICE,BOM-621,19.13603,72.82972,BOM-212,19.040956,72.864088
0301E8D6,+91-93400-18584,+91-77540-69398,2025-01-29T07:42:00,120,VOICE,BOM-901,19.029723,72.855641,BOM-901,19.029549,72.85563
CFDFD88B,+91-98400-12345,+91-98400-22222,2025-01-13T09:50:00,1583,VOICE,BOM-447,19.0444,72.8558,BOM-702,19.076391,72.877907
C5AAA142,+91-75300-86197,+91-63990-42003,2025-03-05T13:04:00,641,VOICE,BOM-244,19.099341,72.848706,BOM-212,19.041798,72.864196
166B8D27,+91-87890-56590,+91-87890-86751,2025-01-11T23:01:00,1531,VOICE,BOM-901,19.02928,72.854982,BOM-808,19.054045,72.900416
6973E685,+91-88200-97472,+91-88200-62363,2025-02-17T22:46:00,29,SMS,BOM-808,19.054861,72.900481,BOM-808,19.054047,72.900353
86B73376,+91-87890-45186,+91-91761-48866,2025-03-12T15:09:00,337,VOICE,BOM-621,19.135745,72.829937,BOM-702,19.075407,72.877801
0081D673,+91-88200-78496,+91-70420-71823,2025-01-18T21:38:00,1479,VOICE,BOM-519,19.066268,72.878845,BOM-212,19.041327,72.863753
FC194937,+91-70420-34263,+91-93400-33033,2025-01-01T07:04:00,34,SMS,BOM-808,19.054379,72.900045,BOM-447,19.044408,72.855931
E689D54C,+91-77540-23068,+91-88200-75976,2025-01-05T16:54:00,18,SMS,BOM-519,19.066577,72.878452,BOM-212,19.041096,72.86367
DFA3F4ED,+91-80720-19882,+91-70420-76476,2025-01-04T19:49:00,90,VOICE,BOM-103,18.963061,72.834594,BOM-103,18.963272,72.834475
8409E6D8,+91-63990-54448,+91-80720-80802,2025-01-16T16:49:00,95,VOICE,BOM-621,19.136293,72.830019,BOM-103,18.96307,72.834362
61A65011,+91-98400-12345,+91-98400-22222,2025-03-08T14:30:00,751,VOICE,BOM-447,19.0444,72.8558,BOM-702,19.076048,72.87748
0EBBD5E7,+91-80720-49351,+91-89120-80411,2025-01-20T12:16:00,34,SMS,BOM-621,19.135954,72.829475,BOM-244,19.098981,72.848833
80D96177,+91-98400-11111,+91-98400-33333,2025-03-13T12:55:00,705,VOICE,BOM-447,19.0444,72.8558,BOM-212,19.041862,72.863299
3E1400A6,+91-89120-82924,+91-87890-82897,2025-01-03T23:28:00,1453,VOICE,BOM-212,19.041371,72.863892,BOM-808,19.054486,72.900898
9A529142,+91-88200-49800,+91-93400-37450,2025-03-13T08:01:00,549,VOICE,BOM-702,19.076077,72.877375,BOM-103,18.962832,72.833764
25F2D1DF,+91-63990-22432,+91-93400-84709,2025-01-15T11:12:00,34,SMS,BOM-621,19.135864,72.829745,BOM-103,18.963765,72.83466
16894A8E,+91-77540-28960,+91-87890-22045,2025-02-21T11:27:00,377,VOICE,BOM-318,19.119341,72.847243,BOM-702,19.075912,72.877274
97E69B33,+91-88200-83088,+91-89120-92306,2025-01-26T22:32:00,1272,VOICE,BOM-702,19.07603,72.877479,BOM-901,19.030092,72.855595
FE36E925,+91-89120-59941,+91-70420-76782,2025-01-22T19:31:00,1443,VOICE,BOM-519,19.066181,72.878752,BOM-621,19.136107,72.829386
6123DA60,+91-89120-29525,+91-89120-10665,2025-02-23T08:02:00,51,SMS,BOM-103,18.962834,72.834231,BOM-901,19.02991,72.855497
1F92E88B,+91-75300-40410,+91-63990-70725,2025-02-17T21:43:00,36,SMS,BOM-901,19.029313,72.855703,BOM-318,19.119588,72.847133
22B8DBC7,+91-77540-70745,+91-93400-13517,2025-01-01T11:16:00,1326,VOICE,BOM-901,19.029224,72.855466,BOM-621,19.135917,72.829592
F6909777,+91-91761-17869,+91-93400-43330,2025-03-02T10:28:00,547,VOICE,BOM-702,19.07576,72.877757,BOM-621,19.135844,72.829512
510804EC,+91-93400-80016,+91-89120-59727,2025-01-03T22:03:00,54,SMS,BOM-808,19.054695,72.90043,BOM-808,19.05455,72.900116
D4D9AFE2,+91-77540-69946,+91-87890-21401,2025-01-09T16:33:00,48,SMS,BOM-318,19.119629,72.846623,BOM-212,19.041739,72.863852
BD77F018,+91-87890-65182,+91-87890-73241,2025-01-17T17:26:00,1706,VOICE,BOM-621,19.135884,72.829567,BOM-103,18.962958,72.834353
691D1C9D,+91-88200-93296,+91-77540-94575,2025-01-23T12:31:00,302,VOICE,BOM-318,19.119515,72.846751,BOM-447,19.044766,72.856252
B82EDED5,+91-77540-93032,+91-80720-50901,2025-01-02T17:58:00,1443,VOICE,BOM-519,19.065957,72.878536,BOM-901,19.029974,72.855469
B59D27D1,+91-91761-17594,+91-93400-82432,2025-03-11T10:44:00,925,VOICE,BOM-808,19.054513,72.90078,BOM-103,18.963579,72.833979
A361D755,+91-98400-12345,+91-98400-22222,2025-01-04T15:01:00,733,VOICE,BOM-447,19.044173,72.856062,BOM-447,19.044081,72.855443
C74A8ACF,+91-87890-11341,+91-91761-92130,2025-02-18T07:54:00,22,SMS,BOM-244,19.098889,72.848918,BOM-103,18.962864,72.834597
970B657B,+91-93400-93573,+91-63990-28159,2025-02-13T12:25:00,302,VOICE,BOM-318,19.119313,72.846871,BOM-447,19.04445,72.85581
C7901F2F,+91-87890-14886,+91-77540-66971,2025-02-16T16:11:00,525,VOICE,BOM-103,18.962977,72.834644,BOM-318,19.119754,72.846644
CFEB7663,+91-93400-23334,+91-87890-56833,2025-01-10T17:07:00,188,VOICE,BOM-447,19.044505,72.855478,BOM-103,18.963135,72.833881
D4EF22FA,+91-80720-39445,+91-91761-71646,2025-02-22T09:41:00,43,SMS,BOM-621,19.13622,72.829124,BOM-318,19.11947,72.846645
5BD84D31,+91-98400-22222,+91-98400-33333,2025-02-03T21:13:00,266,VOICE,BOM-212,19.041594,72.864199,BOM-318,19.120053,72.846752
92F18F1E,+91-77540-80152,+91-87890-26701,2025-01-13T20:13:00,1367,VOICE,BOM-244,19.09856,72.848611,BOM-244,19.09922,72.848784
25BED93F,+91-77540-70378,+91-87890-45003,2025-03-05T08:07:00,17,SMS,BOM-318,19.12007,72.847234,BOM-447,19.044592,72.855711
2AFFFE71,+91-80720-37338,+91-63990-35352,2025-02-20T17:36:00,16,SMS,BOM-901,19.0295,72.855228,BOM-901,19.029576,72.855166
AB055788,+91-70420-64403,+91-63990-23903,2025-03-13T17:42:00,854,VOICE,BOM-447,19.044605,72.855793,BOM-447,19.044895,72.855738
CFF13F26,+91-77540-64519,+91-75300-17641,2025-02-04T23:02:00,1723,VOICE,BOM-621,19.135578,72.829316,BOM-103,18.962897,72.834425
EBF0AE03,+91-77540-96816,+91-75300-93138,2025-02-21T15:26:00,594,VOICE,BOM-244,19.098948,72.848815,BOM-901,19.029746,72.855009
C061C08F,+91-91761-18130,+91-87890-36738,2025-03-11T08:22:00,11,SMS,BOM-244,19.099368,72.849239,BOM-519,19.066542,72.878461
D0D1A522,+91-80720-49093,+91-89120-60637,2025-01-12T08:24:00,15,SMS,BOM-103,18.963614,72.834086,BOM-103,18.963495,72.834656
03E7E2B2,+91-93400-72822,+91-87890-25570,2025-02-23T22:35:00,56,SMS,BOM-318,19.119525,72.847064,BOM-808,19.054502,72.900924
3B5EBD1D,+91-77540-47733,+91-88200-38510,2025-03-08T18:28:00,43,SMS,BOM-901,19.029985,72.855387,BOM-103,18.963741,72.83385
D68B2908,+91-80720-54111,+91-75300-87561,2025-01-06T14:03:00,1192,VOICE,BOM-808,19.054728,72.900852,BOM-244,19.098828,72.848803
D8545885,+91-75300-76951,+91-77540-86216,2025-02-14T13:24:00,1360,VOICE,BOM-318,19.119581,72.847298,BOM-212,19.041855,72.864159
DD88674C,+91-80720-62436,+91-93400-68412,2025-01-06T17:43:00,82,VOICE,BOM-621,19.136083,72.829309,BOM-808,19.054835,72.900184
3B919284,+91-63990-21232,+91-89120-48715,2025-02-01T09:05:00,330,VOICE,BOM-808,19.054712,72.900634,BOM-808,19.054317,72.900107
29F58AD3,+91-89120-31654,+91-75300-37001,2025-01-13T20:58:00,1284,VOICE,BOM-103,18.962978,72.834459,BOM-519,19.066317,72.878544
7F6497A9,+91-87890-41220,+91-89120-14269,2025-02-05T15:34:00,1212,VOICE,BOM-519,19.065973,72.878057,BOM-519,19.066047,72.878073
E3BBC94E,+91-77540-24557,+91-89120-71601,2025-01-20T11:57:00,1401,VOICE,BOM-244,19.099379,72.849088,BOM-808,19.054251,72.90049
F0A5A9A8,+91-77540-87317,+91-89120-28708,2025-02-03T19:53:00,595,VOICE,BOM-901,19.029122,72.855655,BOM-212,19.041005,72.864135
3B07C096,+91-87890-75790,+91-75300-49631,2025-03-12T15:56:00,137,VOICE,BOM-519,19.066119,72.877975,BOM-447,19.044595,72.855865
FEC042A2,+91-80720-84207,+91-91761-42383,2025-02-22T18:14:00,847,VOICE,BOM-447,19.044652,72.855343,BOM-702,19.076181,72.877228
9AD75B69,+91-63990-30547,+91-91761-54148,2025-01-20T21:49:00,1309,VOICE,BOM-808,19.054056,72.900166,BOM-519,19.065837,72.878124
7E3C47F1,+91-75300-41139,+91-70420-72287,2025-02-04T18:01:00,1689,VOICE,BOM-621,19.135811,72.829943,BOM-212,19.041872,72.863428
153DDE07,+91-89120-32204,+91-87890-42844,2025-02-02T07:48:00,1408,VOICE,BOM-244,19.09886,72.84902,BOM-808,19.054622,72.900324
8584817D,+91-63990-58170,+91-88200-51552,2025-02-04T19:01:00,919,VOICE,BOM-519,19.066066,72.877976,BOM-212,19.041195,72.863702
5BC3B0CE,+91-63990-13136,+91-93400-50739,2025-03-08T12:49:00,892,VOICE,BOM-901,19.029643,72.855709,BOM-103,18.96351,72.833895
2FD92493,+91-63990-38563,+91-88200-83472,2025-03-06T09:05:00,1091,VOICE,BOM-244,19.099148,72.849387,BOM-447,19.044292,72.856278
9BFCDD41,+91-89120-19531,+91-91761-92078,2025-01-09T18:05:00,51,SMS,BOM-621,19.135572,72.829666,BOM-702,19.07573,72.877472
2488DEDC,+91-88200-98595,+91-88200-36948,2025-01-24T20:00:00,37,SMS,BOM-702,19.075806,72.877752,BOM-103,18.963667,72.834387
260594C1,+91-98400-22222,+91-98400-33333,2025-02-24T07:39:00,1087,VOICE,BOM-212,19.041141,72.863617,BOM-702,19.075468,72.877726
9D5DCAD4,+91-93400-30669,+91-80720-11045,2025-03-15T21:08:00,1430,VOICE,BOM-318,19.119315,72.846779,BOM-447,19.044379,72.855601
578E31AD,+91-63990-45471,+91-70420-97335,2025-02-05T08:17:00,26,SMS,BOM-702,19.075499,72.877363,BOM-808,19.054231,72.900079
97CE5C22,+91-98400-22222,+91-98400-33333,2025-02-26T08:37:00,684,VOICE,BOM-212,19.041632,72.86329,BOM-808,19.054176,72.900132
03C40F9F,+91-87890-35916,+91-75300-62913,2025-02-28T07:08:00,36,SMS,BOM-318,19.119711,72.846761,BOM-702,19.076326,72.877566
531273EB,+91-93400-59628,+91-80720-26187,2025-01-23T23:46:00,1220,VOICE,BOM-901,19.029196,72.855149,BOM-244,19.099365,72.849052
22C656DE,+91-70420-86668,+91-75300-60499,2025-02-20T16:45:00,1053,VOICE,BOM-318,19.120147,72.846785,BOM-519,19.066251,72.878669
17789317,+91-63990-93750,+91-88200-34790,2025-02-16T10:35:00,1511,VOICE,BOM-212,19.04139,72.863697,BOM-103,18.963249,72.83468
97827F7B,+91-98400-11111,+91-98400-22222,2025-01-31T12:19:00,960,VOICE,BOM-447,19.044452,72.855393,BOM-212,19.041548,72.863354
E7794904,+91-75300-42195,+91-63990-73483,2025-02-04T21:34:00,314,VOICE,BOM-621,19.136106,72.829353,BOM-808,19.054813,72.900984
2C1BDE88,+91-80720-25627,+91-91761-79942,2025-02-28T16:20:00,1007,VOICE,BOM-212,19.041673,72.863808,BOM-808,19.054476,72.90051
AD388E90,+91-70420-21302,+91-80720-88770,2025-02-22T11:09:00,54,SMS,BOM-318,19.120156,72.847269,BOM-808,19.0548,72.900472
B79C4633,+91-91761-43873,+91-75300-41914,2025-02-10T11:28:00,214,VOICE,BOM-212,19.040991,72.864163,BOM-103,18.963172,72.834393
171B803B,+91-93400-87085,+91-88200-44704,2025-02-17T07:28:00,1050,VOICE,BOM-103,18.963235,72.834516,BOM-808,19.054748,72.900994
895F6620,+91-91761-88410,+91-87890-81940,2025-03-04T15:30:00,247,VOICE,BOM-318,19.119759,72.846703,BOM-244,19.098697,72.849246
84678AE1,+91-63990-67742,+91-88200-76211,2025-02-06T23:57:00,1740,VOICE,BOM-808,19.054345,72.900172,BOM-621,19.135754,72.82977
73137F23,+91-87890-17746,+91-80720-44315,2025-01-18T09:23:00,49,SMS,BOM-519,19.066055,72.878589,BOM-702,19.075577,72.878074
4D43876A,+91-98400-11111,+91-98400-44444,2025-03-14T14:37:00,68,VOICE,BOM-447,19.0444,72.8558,BOM-447,19.044095,72.85531
CBC16354,+91-75300-73813,+91-88200-89195,2025-01-01T23:56:00,915,VOICE,BOM-318,19.11943,72.846815,BOM-621,19.135712,72.829287
65698F31,+91-98400-11111,+91-98400-55555,2025-03-14T09:21:00,1002,VOICE,BOM-447,19.0444,72.8558,BOM-318,19.119865,72.846477
FBD69A4B,+91-91761-70816,+91-89120-44710,2025-01-30T14:48:00,44,SMS,BOM-702,19.075588,72.877997,BOM-212,19.041012,72.863439
13AB6BD6,+91-80720-80481,+91-88200-53389,2025-01-13T08:39:00,43,SMS,BOM-318,19.119267,72.846936,BOM-519,19.066145,72.877914
C71D5B26,+91-77540-88943,+91-75300-56170,2025-03-10T21:58:00,6,SMS,BOM-447,19.044559,72.855723,BOM-318,19.119439,72.846915
C84A60F9,+91-98400-12345,+91-98400-22222,2025-01-17T22:15:00,1364,VOICE,BOM-212,19.041707,72.86339,BOM-808,19.054354,72.900411
6D5D1F2A,+91-88200-89358,+91-91761-71500,2025-02-06T08:28:00,1054,VOICE,BOM-447,19.04398,72.856274,BOM-621,19.135644,72.829642
0546B3F3,+91-98400-11111,+91-98400-33333,2025-03-14T09:33:00,1560,VOICE,BOM-447,19.0444,72.8558,BOM-318,19.120174,72.846383
4E868A87,+91-80720-49263,+91-89120-62852,2025-01-12T09:59:00,1061,VOICE,BOM-901,19.029774,72.85539,BOM-318,19.1198,72.846723
92E4BF13,+91-93400-72419,+91-91761-88823,2025-02-15T16:23:00,1046,VOICE,BOM-519,19.066142,72.878321,BOM-519,19.06648,72.878817
304ABB6D,+91-91761-95208,+91-91761-76046,2025-03-11T17:45:00,1573,VOICE,BOM-702,19.075962,72.877783,BOM-808,19.054674,72.900894
E36AFC0F,+91-91761-32091,+91-75300-12087,2025-01-15T13:37:00,1051,VOICE,BOM-103,18.963096,72.83426,BOM-318,19.119598,72.846996
0A7FE5E1,+91-89120-24669,+91-80720-71742,2025-02-27T11:52:00,42,SMS,BOM-244,19.099094,72.849113,BOM-244,19.099191,72.848597
7F2D5B62,+91-98400-77777,+91-87890-45670,2025-02-22T19:44:00,1389,VOICE,BOM-244,19.098535,72.848541,BOM-447,19.04416,72.855512
A8FE8A3F,+91-80720-90226,+91-75300-34833,2025-02-27T22:16:00,828,VOICE,BOM-808,19.054635,72.900209,BOM-244,19.099241,72.848914
F6C2F200,+91-93400-56846,+91-93400-20637,2025-03-03T17:57:00,1415,VOICE,BOM-702,19.076,72.877359,BOM-103,18.9635,72.834189
FE965190,+91-63990-23294,+91-91761-23217,2025-01-21T09:42:00,689,VOICE,BOM-244,19.098788,72.849433,BOM-519,19.066051,72.877904
B238882E,+91-87890-80989,+91-75300-69517,2025-01-01T23:24:00,53,VOICE,BOM-244,19.099357,72.849276,BOM-519,19.066121,72.877963
929718EA,+91-98400-11111,+91-98400-22222,2025-01-10T19:23:00,7,SMS,BOM-447,19.044853,72.855443,BOM-318,19.119267,72.847079
4BA7C27B,+91-77540-74797,+91-77540-90336,2025-01-05T13:47:00,1321,VOICE,BOM-702,19.07628,72.87737,BOM-702,19.075903,72.877653
02BEB701,+91-80720-37145,+91-93400-75303,2025-02-22T23:28:00,699,VOICE,BOM-103,18.963579,72.833712,BOM-244,19.098566,72.848545
BCEF77EA,+91-70420-65103,+91-91761-40876,2025-01-18T21:46:00,465,VOICE,BOM-901,19.029219,72.855425,BOM-244,19.098527,72.848652
21FF216A,+91-93400-54025,+91-88200-13317,2025-02-26T09:53:00,1247,VOICE,BOM-103,18.963088,72.833861,BOM-103,18.963764,72.833757
ED0ADF0B,+91-63990-40957,+91-63990-81401,2025-03-09T18:01:00,1507,VOICE,BOM-808,19.054879,72.900782,BOM-318,19.11966,72.846702
E2721692,+91-75300-67034,+91-91761-26125,2025-02-24T13:13:00,1641,VOICE,BOM-901,19.029799,72.855661,BOM-808,19.054415,72.900054
141F0859,+91-88200-81212,+91-88200-35729,2025-01-02T16:52:00,16,SMS,BOM-702,19.076084,72.877513,BOM-212,19.041345,72.863506
3D6F6067,+91-80720-54272,+91-87890-65381,2025-02-21T07:11:00,1492,VOICE,BOM-212,19.041737,72.863633,BOM-212,19.041694,72.863771
EE516500,+91-70420-64698,+91-80720-83621,2025-01-11T11:49:00,771,VOICE,BOM-621,19.135893,72.829565,BOM-702,19.075703,72.877735
28DF5EDA,+91-63990-41324,+91-63990-42883,2025-02-22T07:21:00,657,VOICE,BOM-212,19.041596,72.863317,BOM-212,19.041119,72.863787
0230905C,+91-63990-97696,+91-70420-38316,2025-03-14T12:01:00,217,VOICE,BOM-621,19.136421,72.829902,BOM-901,19.029949,72.855054
48DF4622,+91-77540-87695,+91-89120-11562,2025-02-12T23:02:00,563,VOICE,BOM-447,19.044093,72.855583,BOM-447,19.04424,72.855333
38A5EA1F,+91-93400-45275,+91-70420-21273,2025-02-16T13:25:00,195,VOICE,BOM-702,19.075694,72.877308,BOM-702,19.075602,72.877417
7E2BFF2C,+91-89120-65305,+91-87890-52828,2025-01-27T17:38:00,1734,VOICE,BOM-901,19.029505,72.854845,BOM-901,19.029225,72.855349
356F78B6,+91-80720-81950,+91-89120-81573,2025-02-08T16:06:00,53,SMS,BOM-447,19.044212,72.856178,BOM-212,19.041558,72.863469
F0343621,+91-77540-21538,+91-89120-99931,2025-02-27T13:23:00,1629,VOICE,BOM-621,19.136412,72.829458,BOM-621,19.136204,72.829573
44BFC8AD,+91-91761-14823,+91-80720-17700,2025-01-16T11:06:00,13,SMS,BOM-318,19.119923,72.846582,BOM-702,19.076088,72.877779
A2436B09,+91-89120-23899,+91-77540-93566,2025-02-11T14:42:00,51,SMS,BOM-318,19.119233,72.847201,BOM-621,19.136101,72.829867
18D5C0F3,+91-63990-77760,+91-80720-39684,2025-02-11T12:58:00,45,SMS,BOM-808,19.054947,72.900546,BOM-244,19.099163,72.849117
DBD80726,+91-63990-61369,+91-91761-88134,2025-02-27T18:19:00,1689,VOICE,BOM-519,19.066513,72.878571,BOM-103,18.962879,72.834623
0229DB6D,+91-88200-18880,+91-75300-53444,2025-01-25T16:59:00,37,VOICE,BOM-212,19.041046,72.863911,BOM-621,19.13556,72.82961
4D94E881,+91-98400-33333,+91-98400-44444,2025-02-05T15:35:00,1489,VOICE,BOM-447,19.044417,72.855491,BOM-808,19.054489,72.900758
D35B5AC1,+91-89120-93085,+91-87890-72296,2025-02-26T16:09:00,315,VOICE,BOM-244,19.098792,72.848884,BOM-519,19.065828,72.878112
3F3F281E,+91-88200-56153,+91-91761-72953,2025-01-01T21:07:00,932,VOICE,BOM-244,19.099493,72.849235,BOM-901,19.029203,72.85523
8906EA2B,+91-77540-97295,+91-93400-16857,2025-02-28T13:41:00,1434,VOICE,BOM-103,18.962808,72.834459,BOM-318,19.119348,72.847158
F6658747,+91-88200-79798,+91-93400-59781,2025-02-19T22:16:00,1101,VOICE,BOM-808,19.054012,72.900927,BOM-901,19.029482,72.855116
6CA1AA24,+91-91761-33442,+91-89120-46768,2025-01-12T12:59:00,300,VOICE,BOM-103,18.963554,72.833701,BOM-808,19.054185,72.900241
F9B364B5,+91-93400-71805,+91-88200-33817,2025-02-28T07:54:00,1130,VOICE,BOM-244,19.098922,72.849266,BOM-808,19.05441,72.900343
ACE5EFA4,+91-75300-38829,+91-70420-77112,2025-02-05T13:30:00,44,SMS,BOM-244,19.098661,72.849113,BOM-808,19.054296,72.900301
8DB6AA38,+91-91761-22108,+91-93400-29367,2025-02-16T08:33:00,16,SMS,BOM-103,18.963208,72.834236,BOM-808,19.054292,72.900625
3B272C36,+91-70420-11818,+91-93400-99504,2025-03-02T07:53:00,930,VOICE,BOM-447,19.044711,72.855787,BOM-447,19.044428,72.855812
8B60D017,+91-77540-62244,+91-75300-52962,2025-02-15T22:22:00,367,VOICE,BOM-621,19.13597,72.829375,BOM-447,19.043952,72.855824
5BBB89A3,+91-75300-53802,+91-89120-65426,2025-02-27T15:14:00,492,VOICE,BOM-103,18.963103,72.834265,BOM-808,19.054985,72.900926
84E14316,+91-93400-65258,+91-80720-41729,2025-01-10T22:39:00,563,VOICE,BOM-244,19.098537,72.849348,BOM-621,19.136189,72.829935
5E932697,+91-88200-73232,+91-87890-47391,2025-02-05T19:16:00,84,VOICE,BOM-621,19.135927,72.829907,BOM-447,19.044335,72.855687
12C57CD3,+91-88200-40715,+91-77540-38477,2025-01-08T11:32:00,494,VOICE,BOM-244,19.098819,72.849098,BOM-702,19.075637,72.878076
CC871341,+91-63990-50049,+91-93400-98424,2025-01-23T08:23:00,41,SMS,BOM-244,19.098939,72.848658,BOM-621,19.136411,72.82972
DEDF5A56,+91-70420-89448,+91-80720-64466,2025-02-20T14:07:00,58,SMS,BOM-808,19.054612,72.900836,BOM-901,19.029827,72.855106
C911844E,+91-89120-22019,+91-77540-15380,2025-01-08T13:34:00,1692,VOICE,BOM-621,19.136366,72.829289,BOM-318,19.119904,72.847282
87E6A05B,+91-98400-11111,+91-98400-22222,2025-02-03T19:20:00,22,SMS,BOM-447,19.044355,72.855638,BOM-808,19.054252,72.900082
E5F9A51E,+91-80720-50407,+91-75300-14145,2025-02-04T20:05:00,20,SMS,BOM-702,19.075852,72.878151,BOM-519,19.066325,72.878075
83417930,+91-91761-98999,+91-93400-88223,2025-02-15T20:48:00,13,SMS,BOM-212,19.041389,72.863995,BOM-212,19.041611,72.864001
71F7C15A,+91-93400-42158,+91-93400-67718,2025-01-28T11:00:00,514,VOICE,BOM-447,19.044758,72.855783,BOM-901,19.029515,72.855351
540BC27A,+91-93400-83205,+91-75300-16862,2025-01-31T19:51:00,701,VOICE,BOM-244,19.098813,72.849124,BOM-621,19.135635,72.829388
2CBACBDF,+91-88200-76463,+91-80720-32714,2025-02-27T13:46:00,1024,VOICE,BOM-621,19.136181,72.829963,BOM-318,19.119639,72.846406
E30ED207,+91-80720-60507,+91-87890-55881,2025-03-03T17:53:00,1014,VOICE,BOM-702,19.075689,72.877379,BOM-103,18.963512,72.834367
1BCE1CC8,+91-88200-35365,+91-91761-67732,2025-03-08T13:38:00,54,SMS,BOM-244,19.098687,72.849325,BOM-702,19.07552,72.877212
F807601D,+91-75300-80969,+91-63990-72338,2025-03-13T07:21:00,669,VOICE,BOM-702,19.076223,72.877352,BOM-901,19.029311,72.855498
CD34390B,+91-75300-55829,+91-77540-93558,2025-01-28T07:40:00,1428,VOICE,BOM-621,19.135754,72.829168,BOM-621,19.136007,72.829424
24FFB2DE,+91-80720-98154,+91-87890-30922,2025-01-08T11:56:00,1098,VOICE,BOM-621,19.13569,72.830048,BOM-447,19.044388,72.855669
EEDB51BD,+91-77540-95326,+91-89120-75823,2025-03-12T09:01:00,1665,VOICE,BOM-702,19.075929,72.877351,BOM-702,19.075884,72.877492
EFBE877E,+91-88200-93964,+91-80720-85930,2025-01-01T18:25:00,1019,VOICE,BOM-621,19.136339,72.829947,BOM-244,19.098908,72.848978
0D31999B,+91-87890-82569,+91-77540-82918,2025-03-15T11:06:00,957,VOICE,BOM-702,19.075556,72.877465,BOM-244,19.09875,72.848756
9769E027,+91-87890-53150,+91-77540-64232,2025-03-09T13:44:00,1268,VOICE,BOM-447,19.044009,72.85603,BOM-103,18.963787,72.834184
19BC2DE6,+91-93400-15789,+91-88200-46317,2025-03-11T12:42:00,1739,VOICE,BOM-901,19.029917,72.855016,BOM-808,19.054887,72.9001
9B704666,+91-77540-90104,+91-75300-38393,2025-02-28T22:03:00,342,VOICE,BOM-621,19.136075,72.829979,BOM-212,19.041331,72.863466
844D5B1A,+91-75300-58809,+91-89120-17315,2025-02-18T22:00:00,65,VOICE,BOM-244,19.099156,72.849072,BOM-318,19.119499,72.847271
07DF2798,+91-98400-44444,+91-98400-55555,2025-02-21T21:57:00,28,SMS,BOM-212,19.041239,72.863387,BOM-103,18.963067,72.833783
C390A2C0,+91-75300-59498,+91-88200-49210,2025-03-07T07:36:00,1035,VOICE,BOM-519,19.066373,72.878577,BOM-702,19.075984,72.877828
D661DB46,+91-98400-11111,+91-98400-22222,2025-01-06T14:30:00,1486,VOICE,BOM-447,19.044355,72.856186,BOM-808,19.054494,72.900244
BEB8CFC7,+91-70420-28460,+91-88200-17053,2025-02-24T10:23:00,996,VOICE,BOM-519,19.066358,72.878178,BOM-318,19.119799,72.846362
C1B3DC08,+91-89120-71439,+91-77540-38533,2025-01-28T09:44:00,61,VOICE,BOM-519,19.065965,72.878494,BOM-702,19.076158,72.878024
7450A557,+91-80720-63547,+91-88200-68002,2025-01-20T19:54:00,6,SMS,BOM-103,18.963565,72.833905,BOM-901,19.029537,72.855675
8617CF62,+91-70420-99816,+91-88200-62244,2025-01-11T11:15:00,48,SMS,BOM-212,19.04108,72.864136,BOM-244,19.098528,72.84935
8FDBF81E,+91-87890-36305,+91-89120-45557,2025-01-07T21:41:00,151,VOICE,BOM-808,19.05466,72.900663,BOM-702,19.076264,72.877219
1D0E9A32,+91-77540-88895,+91-70420-26688,2025-03-11T18:04:00,1797,VOICE,BOM-702,19.076328,72.877858,BOM-519,19.066103,72.878324
D364D3C1,+91-87890-71216,+91-88200-67155,2025-03-07T19:59:00,527,VOICE,BOM-318,19.119398,72.847146,BOM-621,19.136462,72.829203
81F89C26,+91-91761-34476,+91-80720-32925,2025-01-20T16:11:00,32,SMS,BOM-901,19.029794,72.855274,BOM-808,19.054134,72.900316
2814877E,+91-91761-57681,+91-70420-72094,2025-02-01T14:40:00,685,VOICE,BOM-702,19.076225,72.877683,BOM-318,19.119984,72.847257
647777B0,+91-93400-26294,+91-70420-10495,2025-02-20T16:15:00,1394,VOICE,BOM-318,19.119384,72.847058,BOM-318,19.120114,72.846793
88660E61,+91-77540-33979,+91-88200-79248,2025-01-01T11:01:00,1588,VOICE,BOM-103,18.96322,72.834041,BOM-901,19.029293,72.854908
0AA9DB6C,+91-70420-34638,+91-75300-89391,2025-02-03T16:06:00,1543,VOICE,BOM-318,19.120116,72.846526,BOM-103,18.963281,72.833926
41D9E5ED,+91-88200-65004,+91-91761-64266,2025-03-05T19:22:00,11,SMS,BOM-901,19.029889,72.855378,BOM-519,19.065963,72.877974
1200246F,+91-75300-54778,+91-93400-70266,2025-02-12T07:58:00,1338,VOICE,BOM-447,19.044509,72.855304,BOM-447,19.044573,72.855713
FE293344,+91-87890-31645,+91-63990-96549,2025-01-18T07:13:00,8,SMS,BOM-103,18.963261,72.834604,BOM-318,19.119306,72.846711
55715D51,+91-70420-98307,+91-77540-58016,2025-02-15T21:55:00,45,VOICE,BOM-318,19.119851,72.846969,BOM-621,19.135694,72.829868
EC1C045A,+91-88200-86483,+91-70420-51853,2025-02-28T10:36:00,1568,VOICE,BOM-103,18.963437,72.834232,BOM-808,19.054964,72.900937
C27FCF43,+91-93400-33660,+91-63990-15039,2025-01-02T18:45:00,1653,VOICE,BOM-244,19.098873,72.848503,BOM-901,19.029872,72.855769
ED265415,+91-63990-72461,+91-88200-52194,2025-01-18T16:00:00,529,VOICE,BOM-103,18.963468,72.833909,BOM-244,19.099094,72.848567
7C4CADBC,+91-75300-50737,+91-80720-92050,2025-01-13T07:30:00,56,SMS,BOM-447,19.044493,72.855926,BOM-702,19.076241,72.877447
310CDD2A,+91-87890-34580,+91-91761-34353,2025-03-14T23:55:00,32,SMS,BOM-808,19.05471,72.900205,BOM-901,19.029772,72.855492
51608269,+91-93400-72781,+91-77540-45003,2025-01-17T13:42:00,1182,VOICE,BOM-621,19.135807,72.829799,BOM-702,19.076262,72.877221
8E4423C0,+91-88200-73805,+91-91761-19835,2025-01-06T21:41:00,380,VOICE,BOM-621,19.136343,72.829152,BOM-519,19.066633,72.878599
3609D6F5,+91-89120-46802,+91-88200-38018,2025-03-05T22:36:00,13,SMS,BOM-808,19.054675,72.900505,BOM-244,19.098879,72.849331
63E17D24,+91-88200-39679,+91-80720-27703,2025-01-20T08:52:00,29,SMS,BOM-901,19.029535,72.85577,BOM-621,19.136156,72.829424
9AC5DC63,+91-88200-63220,+91-80720-57621,2025-01-04T08:06:00,182,VOICE,BOM-519,19.06641,72.878234,BOM-103,18.963767,72.834008
C145F8C5,+91-91761-80771,+91-88200-84168,2025-03-09T22:10:00,17,SMS,BOM-212,19.041152,72.863358,BOM-621,19.136067,72.829897
15863BDE,+91-75300-69178,+91-88200-13875,2025-01-20T12:39:00,1171,VOICE,BOM-808,19.054415,72.900765,BOM-621,19.136056,72.829591
40774486,+91-80720-67549,+91-80720-41056,2025-01-27T18:55:00,15,SMS,BOM-244,19.098639,72.848707,BOM-519,19.066605,72.87847
01283835,+91-63990-43013,+91-63990-23485,2025-01-19T07:56:00,12,SMS,BOM-901,19.029909,72.855029,BOM-447,19.044471,72.855458
6F3AFEA5,+91-63990-13918,+91-70420-75198,2025-02-25T21:26:00,42,VOICE,BOM-244,19.099397,72.849157,BOM-621,19.13621,72.829819
6864FEB0,+91-80720-34193,+91-88200-32149,2025-03-11T13:58:00,5,SMS,BOM-519,19.065802,72.878382,BOM-808,19.05492,72.900469
5A7AB148,+91-63990-86118,+91-93400-66319,2025-02-12T19:56:00,1149,VOICE,BOM-519,19.065995,72.878222,BOM-244,19.098995,72.849127
17616D7B,+91-80720-17113,+91-91761-43018,2025-03-13T09:36:00,544,VOICE,BOM-808,19.054388,72.90063,BOM-808,19.054316,72.90039
47395D9D,+91-75300-54921,+91-91761-24920,2025-02-21T19:29:00,1726,VOICE,BOM-808,19.05469,72.900478,BOM-808,19.054649,72.900797
E2E362A3,+91-91761-18481,+91-75300-36094,2025-02-13T13:38:00,12,SMS,BOM-519,19.066638,72.878625,BOM-621,19.136265,72.829866
452AE36E,+91-75300-35471,+91-77540-43779,2025-02-10T10:25:00,1667,VOICE,BOM-318,19.120006,72.84639,BOM-244,19.098955,72.848966
34D2260E,+91-70420-93927,+91-88200-48995,2025-01-07T11:57:00,22,SMS,BOM-447,19.044575,72.856169,BOM-901,19.029882,72.855167
80224426,+91-70420-16170,+91-88200-77270,2025-03-11T20:31:00,1071,VOICE,BOM-901,19.029425,72.855483,BOM-702,19.076349,72.877205
999A8500,+91-77540-42656,+91-77540-12559,2025-02-18T18:30:00,27,SMS,BOM-244,19.099002,72.848888,BOM-318,19.119226,72.846897
4626BDA2,+91-77540-46369,+91-80720-34905,2025-01-09T11:33:00,139,VOICE,BOM-519,19.066028,72.878486,BOM-244,19.098977,72.848598
6D6314BB,+91-70420-23055,+91-70420-18942,2025-03-05T07:11:00,43,SMS,BOM-702,19.075553,72.877822,BOM-212,19.04166,72.863861
CEE2E956,+91-93400-12440,+91-87890-82623,2025-01-13T14:48:00,638,VOICE,BOM-244,19.098907,72.848584,BOM-103,18.963003,72.834668
CF481480,+91-70420-79922,+91-93400-16516,2025-02-21T21:56:00,226,VOICE,BOM-621,19.135847,72.829384,BOM-103,18.963004,72.834161
7ABE0DD3,+91-88200-66807,+91-77540-14739,2025-03-12T23:04:00,1704,VOICE,BOM-808,19.05433,72.900714,BOM-621,19.135644,72.829862
F3AC8313,+91-87890-94661,+91-80720-31707,2025-01-04T16:35:00,1333,VOICE,BOM-103,18.962885,72.834655,BOM-103,18.963377,72.833753
4E933FB1,+91-63990-13141,+91-88200-37171,2025-02-08T16:50:00,59,SMS,BOM-901,19.029809,72.855189,BOM-212,19.041245,72.863832
9F9EC42D,+91-88200-23973,+91-63990-31545,2025-01-08T16:10:00,248,VOICE,BOM-621,19.135768,72.829652,BOM-244,19.099053,72.848532
D4DF3EC2,+91-63990-66484,+91-63990-59451,2025-02-09T14:27:00,1407,VOICE,BOM-244,19.099134,72.84871,BOM-808,19.054506,72.900879
83520186,+91-75300-96681,+91-70420-57999,2025-02-09T12:50:00,51,SMS,BOM-447,19.044453,72.855339,BOM-901,19.029153,72.855008
15606123,+91-77540-41529,+91-91761-72259,2025-01-03T08:03:00,840,VOICE,BOM-808,19.054426,72.900311,BOM-702,19.076027,72.877225
CF0D4CAB,+91-88200-31651,+91-70420-16702,2025-02-28T13:17:00,1567,VOICE,BOM-244,19.099258,72.849067,BOM-901,19.029547,72.855715
90672D3A,+91-70420-11762,+91-75300-90931,2025-01-10T11:37:00,45,SMS,BOM-702,19.076186,72.877306,BOM-212,19.040956,72.863339
111A2C97,+91-75300-28284,+91-63990-95812,2025-03-15T08:45:00,1686,VOICE,BOM-103,18.963165,72.833804,BOM-212,19.041719,72.863515
D249ECEF,+91-91761-13336,+91-88200-48745,2025-02-03T20:25:00,52,SMS,BOM-447,19.044483,72.856295,BOM-519,19.066143,72.878613
87426C61,+91-91761-30964,+91-70420-20063,2025-02-19T13:06:00,384,VOICE,BOM-447,19.043906,72.855453,BOM-244,19.098599,72.848652
CCC2FAA4,+91-91761-12026,+91-75300-10295,2025-02-18T11:05:00,384,VOICE,BOM-519,19.066429,72.878228,BOM-318,19.119286,72.846693
6803B93D,+91-70420-66928,+91-88200-47940,2025-02-06T22:05:00,20,SMS,BOM-244,19.098652,72.849011,BOM-519,19.066081,72.878015
6C720C5B,+91-89120-41991,+91-80720-69276,2025-01-03T19:36:00,751,VOICE,BOM-808,19.05402,72.900436,BOM-901,19.030009,72.854889
E6E2C6C8,+91-93400-84108,+91-77540-85292,2025-03-12T20:34:00,1750,VOICE,BOM-103,18.963598,72.834307,BOM-103,18.96332,72.834017
33F29F35,+91-77540-40044,+91-70420-39071,2025-02-27T14:25:00,895,VOICE,BOM-447,19.044859,72.856102,BOM-621,19.136035,72.829999
FFFF1E1F,+91-63990-30565,+91-91761-88265,2025-02-17T11:07:00,44,SMS,BOM-901,19.029152,72.855499,BOM-808,19.054012,72.90097
307C4F50,+91-93400-13728,+91-80720-46335,2025-03-05T09:38:00,1205,VOICE,BOM-901,19.029666,72.855668,BOM-901,19.030074,72.855618
0E07C7DF,+91-88200-54676,+91-75300-17113,2025-01-29T21:21:00,50,SMS,BOM-702,19.076116,72.877314,BOM-519,19.065802,72.878255
FC922FC5,+91-87890-48291,+91-87890-30876,2025-01-11T11:38:00,23,SMS,BOM-901,19.029622,72.855568,BOM-318,19.119376,72.847063
4FB49154,+91-75300-10676,+91-63990-35507,2025-02-12T09:56:00,1525,VOICE,BOM-519,19.066778,72.878324,BOM-212,19.041817,72.863397
815B785F,+91-75300-33184,+91-75300-70428,2025-01-28T21:35:00,49,SMS,BOM-621,19.135969,72.829647,BOM-103,18.963061,72.834142
1B5B83CB,+91-63990-69299,+91-88200-26136,2025-02-18T20:26:00,9,SMS,BOM-447,19.04404,72.855613,BOM-808,19.054915,72.900278
F895F1B6,+91-88200-38474,+91-80720-23168,2025-01-18T10:37:00,27,SMS,BOM-808,19.054315,72.90014,BOM-621,19.136145,72.829348
FAEC06FC,+91-75300-47182,+91-75300-99515,2025-01-05T14:54:00,42,SMS,BOM-103,18.963613,72.834509,BOM-621,19.136195,72.829308
D7CCBB12,+91-87890-67067,+91-63990-51766,2025-01-09T13:54:00,22,SMS,BOM-621,19.136146,72.829356,BOM-244,19.098736,72.848738
09E88C7F,+91-88200-22879,+91-88200-80651,2025-02-17T08:50:00,1487,VOICE,BOM-318,19.120188,72.846613,BOM-212,19.041695,72.863704
3628840A,+91-89120-22657,+91-70420-78011,2025-01-03T16:51:00,1460,VOICE,BOM-901,19.030066,72.855114,BOM-244,19.099139,72.84939
441600FE,+91-63990-55400,+91-91761-76603,2025-01-22T11:45:00,11,SMS,BOM-244,19.099156,72.849157,BOM-244,19.099166,72.848524
8C9C0441,+91-80720-23080,+91-87890-53944,2025-02-22T22:50:00,34,SMS,BOM-901,19.029516,72.854871,BOM-702,19.075529,72.877764
5370EBCC,+91-87890-12181,+91-87890-67730,2025-02-15T08:02:00,1800,VOICE,BOM-621,19.135836,72.829401,BOM-103,18.963387,72.83383
96FDAF0A,+91-80720-45959,+91-70420-83326,2025-02-23T13:15:00,457,VOICE,BOM-621,19.135715,72.829131,BOM-808,19.054338,72.900535
70B58F8B,+91-75300-19506,+91-75300-96787,2025-02-20T10:21:00,675,VOICE,BOM-318,19.120176,72.847032,BOM-808,19.054792,72.900961
159BEAF9,+91-98400-22222,+91-98400-12345,2025-01-22T21:02:00,44,SMS,BOM-212,19.041264,72.86392,BOM-621,19.136252,72.829884
55AD76C8,+91-98400-11111,+91-98400-22222,2025-01-20T14:08:00,967,VOICE,BOM-212,19.041569,72.863764,BOM-621,19.136267,72.829268
5C9AAB97,+91-91761-62059,+91-93400-29956,2025-03-10T07:58:00,559,VOICE,BOM-103,18.963174,72.834088,BOM-519,19.066554,72.878156
9221142E,+91-80720-65464,+91-88200-22306,2025-02-10T20:03:00,1093,VOICE,BOM-901,19.029672,72.855173,BOM-318,19.119456,72.846375
B8E9BC37,+91-93400-86247,+91-77540-43857,2025-03-04T12:15:00,458,VOICE,BOM-621,19.136217,72.830051,BOM-318,19.119247,72.84684
384F4D7C,+91-87890-27268,+91-91761-57257,2025-01-19T09:41:00,5,SMS,BOM-318,19.119542,72.846515,BOM-244,19.09877,72.848582
857913BD,+91-91761-64331,+91-91761-14302,2025-01-30T08:24:00,165,VOICE,BOM-808,19.054318,72.900674,BOM-318,19.11931,72.846854
1CBD5691,+91-91761-87362,+91-75300-61967,2025-02-14T09:34:00,10,SMS,BOM-212,19.041742,72.863508,BOM-808,19.054039,72.900873
D6157DAF,+91-77540-48353,+91-80720-63855,2025-02-18T10:09:00,1008,VOICE,BOM-621,19.136453,72.829585,BOM-244,19.098766,72.848733
AC98358B,+91-91761-10226,+91-77540-11648,2025-01-01T17:24:00,71,VOICE,BOM-244,19.099063,72.849359,BOM-318,19.119388,72.846921
7C484545,+91-98400-22222,+91-98400-33333,2025-02-02T11:21:00,650,VOICE,BOM-447,19.044483,72.855441,BOM-808,19.054129,72.900709
A14EB5C6,+91-91761-35150,+91-87890-63581,2025-02-26T10:55:00,178,VOICE,BOM-621,19.135586,72.829225,BOM-212,19.041242,72.863786
9510A300,+91-88200-21108,+91-89120-18099,2025-01-01T08:41:00,391,VOICE,BOM-244,19.099148,72.84893,BOM-808,19.054146,72.900842
245E4798,+91-89120-46009,+91-88200-33969,2025-03-07T15:25:00,1551,VOICE,BOM-244,19.098628,72.849026,BOM-808,19.054478,72.900541
7084973A,+91-77540-57423,+91-70420-64284,2025-01-22T21:50:00,1336,VOICE,BOM-103,18.963232,72.834386,BOM-447,19.043962,72.8561
FEE989D5,+91-77540-22520,+91-77540-12452,2025-02-01T20:19:00,1479,VOICE,BOM-212,19.041578,72.864118,BOM-318,19.119268,72.846453
A8CFD502,+91-87890-31992,+91-63990-60062,2025-01-18T11:23:00,1231,VOICE,BOM-318,19.120123,72.846521,BOM-244,19.098731,72.849095
1C5C9E92,+91-75300-24147,+91-80720-30663,2025-01-09T13:16:00,889,VOICE,BOM-519,19.06665,72.878434,BOM-212,19.041786,72.863797
18C37A59,+91-75300-72410,+91-88200-80855,2025-02-04T21:08:00,1225,VOICE,BOM-244,19.098957,72.849249,BOM-244,19.098935,72.84914
AC814250,+91-75300-80126,+91-75300-24637,2025-01-23T20:34:00,60,SMS,BOM-212,19.04105,72.863537,BOM-244,19.098758,72.849015
150AE24C,+91-80720-75714,+91-89120-26271,2025-01-14T11:46:00,1749,VOICE,BOM-808,19.054956,72.900677,BOM-318,19.120088,72.847026
E3E21E7C,+91-80720-59241,+91-91761-11785,2025-01-21T23:47:00,355,VOICE,BOM-519,19.066238,72.878872,BOM-447,19.044786,72.855795
2FE8F241,+91-70420-81399,+91-87890-34454,2025-03-15T07:53:00,43,SMS,BOM-808,19.054566,72.900049,BOM-621,19.135859,72.829253
82B60AF8,+91-75300-26202,+91-88200-24459,2025-03-08T11:31:00,1458,VOICE,BOM-621,19.136057,72.829141,BOM-702,19.075894,72.877585
8B896BD6,+91-63990-91129,+91-63990-65775,2025-01-02T20:13:00,644,VOICE,BOM-901,19.030007,72.855193,BOM-901,19.029427,72.854882
856518CB,+91-89120-47642,+91-63990-89802,2025-02-10T15:33:00,280,VOICE,BOM-244,19.099063,72.84902,BOM-901,19.029593,72.85498
509567F9,+91-93400-89901,+91-63990-22332,2025-01-05T13:49:00,58,VOICE,BOM-702,19.07587,72.878109,BOM-808,19.054541,72.900849
809F4E43,+91-98400-33333,+91-98400-44444,2025-03-08T16:54:00,271,VOICE,BOM-447,19.044151,72.855935,BOM-621,19.136114,72.829193
2B8EE867,+91-91761-50014,+91-63990-66595,2025-01-26T08:15:00,1653,VOICE,BOM-212,19.041157,72.863256,BOM-212,19.041444,72.86339
7D7265EE,+91-63990-57432,+91-80720-56135,2025-03-13T23:04:00,1353,VOICE,BOM-901,19.029705,72.855249,BOM-808,19.05423,72.900828
1208474C,+91-70420-24920,+91-75300-54742,2025-02-20T07:53:00,412,VOICE,BOM-702,19.076234,72.878122,BOM-901,19.030016,72.855597
FC67192C,+91-91761-44009,+91-93400-55838,2025-03-13T20:05:00,31,SMS,BOM-103,18.962969,72.83464,BOM-212,19.041649,72.863326
3418067F,+91-70420-51902,+91-87890-55964,2025-01-15T21:14:00,25,SMS,BOM-103,18.963164,72.833732,BOM-244,19.098567,72.848724
4A1B339C,+91-88200-51906,+91-75300-76281,2025-01-07T13:02:00,226,VOICE,BOM-808,19.054516,72.900318,BOM-621,19.135947,72.829587
150E3F02,+91-75300-99074,+91-89120-36077,2025-03-15T12:49:00,742,VOICE,BOM-702,19.076073,72.877687,BOM-901,19.02999,72.855181
C6522F4F,+91-80720-85356,+91-93400-42192,2025-02-17T13:34:00,290,VOICE,BOM-318,19.119498,72.846764,BOM-212,19.04185,72.863422
490C4A66,+91-75300-62222,+91-75300-76353,2025-01-20T14:47:00,1494,VOICE,BOM-621,19.135843,72.829625,BOM-702,19.076055,72.877623
FD8E9990,+91-98400-11111,+91-98400-55555,2025-03-13T18:55:00,46,SMS,BOM-447,19.0444,72.8558,BOM-212,19.041744,72.86409
5420B85B,+91-70420-75553,+91-75300-93985,2025-01-18T20:19:00,671,VOICE,BOM-318,19.119271,72.846664,BOM-621,19.136073,72.829637
77DC2D5D,+91-89120-88372,+91-80720-28827,2025-01-27T16:30:00,150,VOICE,BOM-244,19.099256,72.848588,BOM-808,19.054639,72.900273
71D02B66,+91-98400-11111,+91-98400-33333,2025-01-23T20:01:00,56,SMS,BOM-447,19.044637,72.855632,BOM-519,19.066067,72.878687
EBCC9F4E,+91-93400-26254,+91-80720-34667,2025-01-24T17:48:00,347,VOICE,BOM-808,19.054635,72.900592,BOM-244,19.098912,72.849141
021EE320,+91-89120-77300,+91-93400-62455,2025-01-25T09:17:00,15,SMS,BOM-621,19.136451,72.829677,BOM-212,19.041047,72.864076
D44FC2EE,+91-98400-55555,+91-98400-44444,2025-02-06T20:44:00,1201,VOICE,BOM-212,19.041055,72.863497,BOM-103,18.962861,72.834014
29C2A7EE,+91-63990-67765,+91-93400-98696,2025-01-13T12:48:00,589,VOICE,BOM-519,19.066628,72.878431,BOM-103,18.963331,72.833738
31D99C86,+91-80720-28970,+91-70420-30780,2025-01-16T09:22:00,1601,VOICE,BOM-702,19.075886,72.877578,BOM-621,19.136063,72.829556
99E49A4A,+91-70420-11686,+91-93400-64832,2025-01-02T21:08:00,507,VOICE,BOM-702,19.075438,72.877946,BOM-103,18.963031,72.834405
517D88B6,+91-91761-51049,+91-80720-41270,2025-02-09T10:11:00,1435,VOICE,BOM-318,19.119711,72.846718,BOM-318,19.119775,72.846723
0392E67E,+91-93400-93438,+91-93400-84631,2025-01-07T20:10:00,44,SMS,BOM-103,18.963772,72.834344,BOM-702,19.075904,72.878092
576CA45C,+91-80720-83783,+91-87890-85257,2025-01-01T17:15:00,663,VOICE,BOM-318,19.119242,72.846911,BOM-103,18.962838,72.83429
C203CB06,+91-91761-18299,+91-88200-38189,2025-01-26T21:50:00,1171,VOICE,BOM-244,19.099467,72.849457,BOM-447,19.044226,72.855473
58D5791A,+91-77540-39878,+91-89120-15385,2025-02-25T11:16:00,35,SMS,BOM-318,19.120191,72.847053,BOM-901,19.029702,72.854868
967C6CF1,+91-93400-57301,+91-77540-65724,2025-01-10T13:53:00,197,VOICE,BOM-901,19.029357,72.855396,BOM-244,19.098846,72.849274
7480B53C,+91-89120-61352,+91-91761-82803,2025-01-21T12:11:00,32,VOICE,BOM-212,19.041433,72.863553,BOM-808,19.054168,72.900883
A5001588,+91-70420-23494,+91-63990-95261,2025-02-02T11:57:00,687,VOICE,BOM-447,19.0441,72.855749,BOM-447,19.044014,72.855354
8C5850A4,+91-88200-90099,+91-70420-32679,2025-02-05T07:53:00,1019,VOICE,BOM-702,19.075619,72.877833,BOM-519,19.066466,72.878008
26FC29F7,+91-98400-11111,+91-98400-22222,2025-01-21T20:21:00,224,VOICE,BOM-212,19.041055,72.864157,BOM-212,19.04128,72.863559
821BB53D,+91-89120-53348,+91-89120-53959,2025-01-16T16:51:00,1231,VOICE,BOM-702,19.075655,72.877813,BOM-808,19.054428,72.900329
0CBFCA3C,+91-63990-68059,+91-93400-14392,2025-01-26T21:47:00,1082,VOICE,BOM-519,19.066273,72.878581,BOM-621,19.136436,72.829259
E55F8F6B,+91-70420-72200,+91-77540-22270,2025-01-08T22:11:00,1351,VOICE,BOM-244,19.098798,72.848961,BOM-808,19.054268,72.900726
559B1163,+91-70420-51561,+91-70420-19494,2025-02-07T10:49:00,11,SMS,BOM-808,19.05433,72.900551,BOM-519,19.066372,72.878853
52C56C43,+91-63990-81767,+91-70420-25754,2025-01-21T20:38:00,15,SMS,BOM-702,19.076365,72.878051,BOM-447,19.044377,72.855528
682C3A1B,+91-77540-56251,+91-89120-81529,2025-03-07T10:37:00,46,VOICE,BOM-808,19.054612,72.900373,BOM-244,19.098696,72.84887
71CBEDA5,+91-89120-11617,+91-80720-50225,2025-03-14T17:53:00,1750,VOICE,BOM-318,19.119644,72.846317,BOM-447,19.044366,72.856266
D583805B,+91-87890-94005,+91-93400-71686,2025-02-28T17:02:00,51,SMS,BOM-808,19.054921,72.900927,BOM-702,19.075859,72.877424
D244DE99,+91-89120-17152,+91-70420-94331,2025-01-21T23:54:00,59,SMS,BOM-901,19.029969,72.854875,BOM-901,19.029421,72.855131
5BE8665B,+91-75300-98079,+91-75300-32179,2025-02-16T23:00:00,31,SMS,BOM-447,19.043965,72.856125,BOM-103,18.962948,72.833967
98C3ECDA,+91-80720-58993,+91-88200-48326,2025-01-26T11:22:00,249,VOICE,BOM-621,19.136197,72.829688,BOM-103,18.963317,72.83429
3D15CF0A,+91-70420-71660,+91-63990-52120,2025-01-10T09:50:00,45,SMS,BOM-447,19.044877,72.855988,BOM-702,19.07549,72.877895
8A909043,+91-87890-34338,+91-93400-93092,2025-01-18T15:50:00,58,SMS,BOM-519,19.066666,72.878095,BOM-244,19.099435,72.84884
E0E81D23,+91-93400-66892,+91-77540-49938,2025-01-14T07:04:00,332,VOICE,BOM-103,18.963591,72.833901,BOM-519,19.066517,72.878052
43DA3CA8,+91-70420-81824,+91-93400-32710,2025-01-05T08:16:00,43,SMS,BOM-901,19.029619,72.855306,BOM-244,19.098938,72.849184
C2A645E3,+91-88200-26796,+91-77540-41374,2025-02-15T09:47:00,35,SMS,BOM-519,19.06644,72.87872,BOM-702,19.076129,72.877326
F6AF3721,+91-98400-77777,+91-77540-83524,2025-01-14T14:57:00,485,VOICE,BOM-103,18.963094,72.834303,BOM-318,19.11975,72.846665
6248259A,+91-63990-32079,+91-80720-98000,2025-01-02T15:09:00,27,SMS,BOM-318,19.119417,72.846334,BOM-103,18.963016,72.834397
1138ECD9,+91-77540-76524,+91-93400-70845,2025-01-27T15:03:00,245,VOICE,BOM-318,19.119885,72.847269,BOM-901,19.029598,72.85496
B4314E46,+91-77540-23607,+91-89120-10529,2025-02-02T12:47:00,1415,VOICE,BOM-702,19.075889,72.877525,BOM-702,19.075948,72.877595
6CD4E173,+91-88200-73595,+91-80720-11246,2025-01-08T15:48:00,1377,VOICE,BOM-244,19.099289,72.848542,BOM-519,19.066322,72.877907
53B7457A,+91-70420-52799,+91-77540-72534,2025-02-17T11:20:00,40,SMS,BOM-447,19.044529,72.855946,BOM-808,19.054178,72.900613
9E7D4532,+91-91761-87994,+91-87890-51910,2025-01-09T09:24:00,40,SMS,BOM-702,19.076257,72.87772,BOM-447,19.044687,72.855923
3A76EA2B,+91-88200-34874,+91-89120-34461,2025-03-11T18:20:00,22,SMS,BOM-244,19.099414,72.849055,BOM-212,19.041431,72.863649
6DD654B6,+91-88200-72670,+91-63990-62941,2025-01-09T14:00:00,49,SMS,BOM-901,19.029221,72.855335,BOM-702,19.075733,72.877503
A428ADD9,+91-80720-25267,+91-70420-68580,2025-03-04T21:07:00,91,VOICE,BOM-447,19.044649,72.855563,BOM-519,19.066344,72.878841
562337C6,+91-70420-23513,+91-77540-96374,2025-02-09T07:36:00,1323,VOICE,BOM-519,19.066121,72.878093,BOM-621,19.136032,72.829873
ED22BCFE,+91-88200-24930,+91-70420-57052,2025-01-18T23:43:00,36,SMS,BOM-447,19.044342,72.855592,BOM-244,19.09924,72.84934
14675562,+91-63990-40299,+91-63990-76655,2025-01-13T17:31:00,396,VOICE,BOM-519,19.066301,72.878358,BOM-447,19.04394,72.856222
9D67B6F8,+91-93400-99506,+91-88200-90295,2025-02-02T18:40:00,35,SMS,BOM-318,19.119654,72.847179,BOM-519,19.065944,72.878537
59E17EB3,+91-77540-11386,+91-93400-19734,2025-02-21T19:19:00,60,SMS,BOM-244,19.099338,72.849136,BOM-318,19.119666,72.846824
CDF889C8,+91-91761-59068,+91-87890-27208,2025-01-20T09:32:00,1465,VOICE,BOM-621,19.136128,72.829775,BOM-103,18.963591,72.834291
BFB169E8,+91-89120-59300,+91-91761-12048,2025-03-04T09:00:00,382,VOICE,BOM-212,19.041607,72.863794,BOM-621,19.135916,72.829907
26FA9815,+91-80720-50920,+91-77540-38618,2025-02-20T21:19:00,35,SMS,BOM-901,19.029356,72.855259,BOM-519,19.066203,72.878311
A9FC8645,+91-93400-26376,+91-63990-91165,2025-03-05T11:46:00,1519,VOICE,BOM-808,19.054443,72.900364,BOM-621,19.136446,72.829325
7CE2EB44,+91-87890-40025,+91-87890-60452,2025-02-19T08:58:00,1721,VOICE,BOM-621,19.135972,72.82915,BOM-447,19.044317,72.856096
DEEBD8CA,+91-80720-45183,+91-70420-23140,2025-02-12T11:29:00,237,VOICE,BOM-212,19.041652,72.863384,BOM-318,19.119596,72.847211
CBA2DD16,+91-88200-71558,+91-80720-91139,2025-02-24T10:43:00,11,SMS,BOM-808,19.054365,72.90061,BOM-702,19.076172,72.877603
D3E12F67,+91-63990-13142,+91-77540-15509,2025-01-05T10:02:00,597,VOICE,BOM-808,19.054733,72.90085,BOM-519,19.0664,72.878386
CC21E7C5,+91-63990-82593,+91-93400-23156,2025-02-27T19:17:00,1016,VOICE,BOM-318,19.119624,72.846343,BOM-447,19.044417,72.856112
EF759C25,+91-75300-50381,+91-88200-83535,2025-01-12T13:46:00,52,SMS,BOM-808,19.054804,72.900289,BOM-808,19.054729,72.900414
8B847D1B,+91-75300-60367,+91-87890-95503,2025-03-03T14:30:00,458,VOICE,BOM-212,19.041387,72.863507,BOM-519,19.06633,72.878676
F331C9D7,+91-77540-46630,+91-93400-58290,2025-02-27T22:32:00,47,SMS,BOM-519,19.065803,72.878538,BOM-702,19.075417,72.87756
84FA3F22,+91-93400-40753,+91-91761-32148,2025-01-20T21:14:00,1084,VOICE,BOM-244,19.099108,72.848501,BOM-702,19.076253,72.877891
E42F50CD,+91-87890-30474,+91-77540-59241,2025-03-05T18:21:00,1026,VOICE,BOM-447,19.044687,72.855802,BOM-901,19.029862,72.855399
76ACCD87,+91-75300-69469,+91-89120-59592,2025-01-20T12:57:00,170,VOICE,BOM-212,19.041534,72.863711,BOM-103,18.963227,72.833736
363C63F3,+91-93400-54820,+91-91761-36251,2025-01-17T20:27:00,1307,VOICE,BOM-447,19.044762,72.855337,BOM-901,19.029129,72.8558
FD24306C,+91-98400-11111,+91-98400-44444,2025-03-13T09:26:00,173,VOICE,BOM-447,19.0444,72.8558,BOM-447,19.043965,72.855829
A974F9AE,+91-75300-42854,+91-63990-91655,2025-01-22T11:42:00,1181,VOICE,BOM-621,19.135504,72.829937,BOM-212,19.041651,72.863446
41C7C100,+91-87890-72935,+91-91761-76469,2025-01-10T14:10:00,59,SMS,BOM-702,19.075982,72.87748,BOM-447,19.044092,72.856277
A6333EE2,+91-77540-57799,+91-91761-25588,2025-03-04T17:21:00,1671,VOICE,BOM-244,19.099023,72.849206,BOM-212,19.041817,72.864171
58A48188,+91-88200-87068,+91-70420-51486,2025-02-18T19:20:00,1670,VOICE,BOM-901,19.0292,72.855475,BOM-702,19.075897,72.878011
D4323906,+91-70420-82704,+91-80720-28664,2025-02-07T21:12:00,104,VOICE,BOM-447,19.044099,72.855584,BOM-519,19.066685,72.878619
D8591DB2,+91-93400-96439,+91-93400-20225,2025-01-10T22:03:00,41,VOICE,BOM-519,19.066268,72.878285,BOM-901,19.029205,72.855009
264D790D,+91-70420-11274,+91-63990-47728,2025-01-28T16:49:00,431,VOICE,BOM-244,19.098619,72.848777,BOM-318,19.120138,72.847178
213DEF9B,+91-89120-84511,+91-63990-29137,2025-01-04T23:12:00,1031,VOICE,BOM-244,19.0993,72.849208,BOM-447,19.043911,72.855869
AAE4CB36,+91-63990-62513,+91-89120-96006,2025-03-08T16:45:00,1599,VOICE,BOM-318,19.11984,72.846739,BOM-519,19.066651,72.878831
3F698082,+91-88200-46075,+91-91761-84923,2025-01-03T19:42:00,320,VOICE,BOM-318,19.119362,72.847151,BOM-808,19.054605,72.900821
B366281B,+91-87890-56998,+91-77540-23680,2025-01-29T07:35:00,1378,VOICE,BOM-447,19.04423,72.855605,BOM-103,18.963351,72.834319
CE9F763C,+91-98400-33333,+91-98400-11111,2025-02-01T09:33:00,141,VOICE,BOM-212,19.041428,72.863562,BOM-103,18.963703,72.833902
C6A6943E,+91-80720-58188,+91-88200-97253,2025-03-11T14:29:00,906,VOICE,BOM-621,19.13553,72.829306,BOM-318,19.119829,72.84675
7A03476F,+91-93400-69489,+91-93400-21689,2025-01-17T17:22:00,429,VOICE,BOM-702,19.076316,72.877601,BOM-901,19.029645,72.854879
B1CDDBBF,+91-93400-13105,+91-88200-61472,2025-02-04T16:53:00,710,VOICE,BOM-103,18.963032,72.834028,BOM-447,19.043984,72.856203
1352EBE1,+91-75300-50038,+91-88200-82308,2025-01-14T12:41:00,1738,VOICE,BOM-621,19.136359,72.82924,BOM-103,18.962996,72.834434
25AD0A10,+91-93400-71221,+91-63990-80120,2025-01-10T10:43:00,50,SMS,BOM-318,19.119421,72.846515,BOM-702,19.075497,72.877456
7F84E604,+91-87890-23534,+91-75300-72235,2025-01-11T12:41:00,60,SMS,BOM-808,19.054951,72.900745,BOM-103,18.963731,72.834024
640EFC7B,+91-93400-66771,+91-88200-80105,2025-02-22T12:40:00,1653,VOICE,BOM-447,19.044386,72.855849,BOM-103,18.963256,72.833745
59B344F1,+91-80720-14307,+91-80720-61069,2025-01-14T12:22:00,247,VOICE,BOM-808,19.054776,72.900247,BOM-244,19.098772,72.849085
8EE24A10,+91-87890-99915,+91-88200-43411,2025-03-13T18:43:00,845,VOICE,BOM-621,19.135575,72.829609,BOM-244,19.099302,72.849347
05DD998F,+91-93400-55564,+91-87890-88159,2025-02-06T07:06:00,1045,VOICE,BOM-244,19.098977,72.848805,BOM-519,19.06597,72.878581
558363EE,+91-70420-21090,+91-80720-76341,2025-02-08T18:34:00,881,VOICE,BOM-447,19.044148,72.855346,BOM-103,18.963705,72.833993
FDE8E891,+91-89120-56972,+91-89120-21668,2025-01-01T14:33:00,394,VOICE,BOM-621,19.135647,72.82957,BOM-318,19.119353,72.846625
10E01B76,+91-70420-42032,+91-63990-53758,2025-03-02T22:16:00,1700,VOICE,BOM-244,19.09862,72.849225,BOM-808,19.054917,72.900882
292C49E2,+91-77540-89291,+91-91761-65009,2025-01-20T17:50:00,29,SMS,BOM-447,19.044864,72.855547,BOM-621,19.135625,72.82921
69B9FFFA,+91-98400-12345,+91-98400-22222,2025-02-16T23:32:00,56,SMS,BOM-212,19.04173,72.863457,BOM-621,19.136247,72.829439
018147AA,+91-91761-89128,+91-88200-37879,2025-01-18T13:36:00,23,SMS,BOM-621,19.13554,72.829969,BOM-318,19.119522,72.847063
76E87479,+91-91761-35368,+91-91761-68648,2025-02-06T22:43:00,938,VOICE,BOM-901,19.030001,72.855198,BOM-519,19.066043,72.878193
C649339E,+91-89120-19269,+91-93400-49389,2025-01-16T07:13:00,25,SMS,BOM-318,19.120101,72.847144,BOM-901,19.029232,72.855391
9E17B9B6,+91-87890-59379,+91-89120-39343,2025-01-15T21:10:00,1617,VOICE,BOM-901,19.029533,72.855042,BOM-103,18.962805,72.833922
70B80C8C,+91-93400-48284,+91-70420-46025,2025-01-29T16:10:00,41,SMS,BOM-901,19.02965,72.854913,BOM-212,19.041168,72.863743
51CF6BA7,+91-75300-87840,+91-70420-49953,2025-01-22T18:39:00,44,SMS,BOM-318,19.11964,72.847224,BOM-519,19.066,72.878274
E3E49A69,+91-91761-14132,+91-77540-35819,2025-01-10T19:33:00,1497,VOICE,BOM-808,19.054222,72.900841,BOM-519,19.066337,72.878577
F6A86858,+91-88200-52379,+91-93400-53877,2025-03-10T16:26:00,102,VOICE,BOM-702,19.076363,72.877237,BOM-103,18.963347,72.833835
E3259ABD,+91-77540-78740,+91-77540-83042,2025-01-13T13:02:00,1651,VOICE,BOM-808,19.054656,72.900386,BOM-519,19.066355,72.878014
B4D1EE1A,+91-98400-77777,+91-80720-88248,2025-01-29T23:33:00,412,VOICE,BOM-212,19.04101,72.863476,BOM-519,19.066363,72.878444
4874EF79,+91-93400-67126,+91-89120-12810,2025-02-20T10:20:00,82,VOICE,BOM-318,19.119593,72.846365,BOM-621,19.13553,72.829724
17B3C4ED,+91-75300-65182,+91-88200-91376,2025-02-26T12:15:00,1647,VOICE,BOM-447,19.04396,72.855612,BOM-808,19.054513,72.900652
14FFF6F0,+91-98400-11111,+91-98400-33333,2025-01-31T10:09:00,377,VOICE,BOM-212,19.041097,72.863802,BOM-901,19.029564,72.855364
6CE3BD69,+91-88200-20102,+91-89120-17618,2025-02-10T11:53:00,399,VOICE,BOM-103,18.963755,72.834154,BOM-212,19.041815,72.863324
F9FDC998,+91-88200-83488,+91-89120-84136,2025-02-18T23:55:00,7,SMS,BOM-244,19.098608,72.849338,BOM-212,19.041476,72.863317
D099C390,+91-63990-82358,+91-88200-60425,2025-02-15T14:11:00,43,SMS,BOM-447,19.044478,72.856147,BOM-519,19.066512,72.878169
77B6AFCC,+91-80720-18784,+91-87890-69323,2025-01-16T20:22:00,5,SMS,BOM-244,19.0988,72.848888,BOM-519,19.066104,72.878519
5BDB26D7,+91-80720-75393,+91-80720-69612,2025-02-10T12:59:00,345,VOICE,BOM-212,19.04118,72.863563,BOM-212,19.040971,72.863911
FA174E3D,+91-80720-39233,+91-77540-15301,2025-01-06T15:36:00,1457,VOICE,BOM-318,19.119264,72.846942,BOM-318,19.120051,72.846394
1BE23E71,+91-87890-28407,+91-63990-26183,2025-01-20T13:28:00,1391,VOICE,BOM-621,19.136261,72.829111,BOM-212,19.041421,72.863724
C55C3BB5,+91-91761-39884,+91-88200-99038,2025-03-15T08:02:00,25,SMS,BOM-621,19.136373,72.829814,BOM-901,19.029156,72.855689
06627B8B,+91-75300-94664,+91-87890-43181,2025-02-17T14:16:00,1498,VOICE,BOM-212,19.041181,72.863855,BOM-103,18.963775,72.834363
5550F567,+91-75300-77699,+91-77540-11274,2025-02-03T14:18:00,832,VOICE,BOM-702,19.075476,72.878131,BOM-901,19.029414,72.855019
3CEF7763,+91-80720-89821,+91-70420-53487,2025-01-31T13:59:00,915,VOICE,BOM-447,19.044159,72.855607,BOM-808,19.054304,72.900289
078A4B3B,+91-87890-88764,+91-63990-18456,2025-02-25T14:54:00,385,VOICE,BOM-702,19.075879,72.877677,BOM-901,19.029378,72.855239
5255D698,+91-88200-60546,+91-80720-95281,2025-01-06T20:48:00,1705,VOICE,BOM-244,19.098667,72.849135,BOM-103,18.963323,72.834556
0A1C4845,+91-70420-37132,+91-89120-70447,2025-02-28T14:43:00,20,SMS,BOM-318,19.120173,72.8468,BOM-212,19.041704,72.864038
7ED77C44,+91-63990-16146,+91-88200-71970,2025-01-01T08:18:00,1218,VOICE,BOM-519,19.066692,72.878701,BOM-621,19.135819,72.829412
411265F2,+91-77540-94018,+91-80720-61199,2025-02-09T21:03:00,114,VOICE,BOM-808,19.054767,72.900929,BOM-702,19.076309,72.8774
ADFF19EB,+91-63990-43940,+91-77540-70629,2025-01-14T22:41:00,25,SMS,BOM-621,19.135914,72.829722,BOM-244,19.099436,72.848683
8018BE62,+91-89120-36725,+91-70420-14331,2025-02-16T11:11:00,1397,VOICE,BOM-621,19.135765,72.829747,BOM-808,19.054784,72.900438
48BEF452,+91-77540-21498,+91-89120-71400,2025-01-25T09:49:00,57,SMS,BOM-621,19.135966,72.829989,BOM-318,19.11985,72.846373
DBD3D906,+91-77540-66588,+91-75300-94807,2025-02-12T07:43:00,1716,VOICE,BOM-318,19.119368,72.847041,BOM-212,19.041189,72.863353
3F631527,+91-63990-83882,+91-89120-26883,2025-01-02T19:26:00,9,SMS,BOM-901,19.030049,72.855369,BOM-808,19.054177,72.900893
61C88BB8,+91-91761-10378,+91-89120-28551,2025-01-17T18:31:00,1469,VOICE,BOM-244,19.098518,72.849234,BOM-212,19.041532,72.86342
79276D58,+91-98400-22222,+91-98400-33333,2025-02-20T11:42:00,34,VOICE,BOM-212,19.041357,72.864129,BOM-901,19.029721,72.855363
C8DB0F62,+91-98400-22222,+91-98400-12345,2025-03-10T07:58:00,1331,VOICE,BOM-212,19.041492,72.863863,BOM-808,19.054136,72.900462
2E888A5C,+91-77540-36224,+91-89120-42165,2025-02-09T08:33:00,770,VOICE,BOM-621,19.136133,72.830026,BOM-318,19.119875,72.846774
5AB74C5B,+91-63990-42779,+91-88200-89377,2025-01-03T16:53:00,716,VOICE,BOM-901,19.029324,72.855461,BOM-447,19.044281,72.855913
CC13B6D1,+91-80720-27368,+91-70420-30892,2025-01-14T20:58:00,56,SMS,BOM-244,19.099178,72.848681,BOM-808,19.054779,72.900611
4E48FAF0,+91-80720-32832,+91-87890-27502,2025-03-13T18:15:00,1391,VOICE,BOM-621,19.135583,72.829499,BOM-447,19.043985,72.855904
BAF02A12,+91-98400-55555,+91-98400-44444,2025-03-12T08:28:00,141,VOICE,BOM-447,19.044222,72.855776,BOM-901,19.029204,72.855699
CC31D233,+91-70420-23629,+91-89120-24383,2025-03-09T17:16:00,812,VOICE,BOM-621,19.136489,72.82985,BOM-447,19.043943,72.855688
AAB8484D,+91-87890-26476,+91-80720-95410,2025-02-26T13:24:00,1110,VOICE,BOM-702,19.076058,72.878075,BOM-244,19.098825,72.849179
4CE2D71F,+91-80720-31764,+91-88200-58130,2025-01-11T22:03:00,518,VOICE,BOM-621,19.135742,72.829859,BOM-621,19.135698,72.829943
9A09A5B0,+91-70420-22639,+91-88200-15113,2025-03-14T11:50:00,936,VOICE,BOM-808,19.054306,72.900075,BOM-901,19.02997,72.855267
675248D7,+91-87890-44382,+91-89120-26947,2025-03-03T12:32:00,1273,VOICE,BOM-447,19.044089,72.856167,BOM-103,18.963669,72.834206
1B57F7DE,+91-75300-80127,+91-70420-71455,2025-02-28T23:57:00,41,SMS,BOM-702,19.075821,72.878161,BOM-621,19.135789,72.829135
38840306,+91-87890-71894,+91-80720-64187,2025-01-12T23:59:00,986,VOICE,BOM-519,19.066605,72.878711,BOM-212,19.041113,72.863971
719866F0,+91-88200-17552,+91-77540-64090,2025-02-23T23:08:00,20,SMS,BOM-621,19.135703,72.829747,BOM-901,19.029947,72.854892
7542453E,+91-91761-79459,+91-93400-42244,2025-01-28T13:36:00,1508,VOICE,BOM-244,19.098863,72.848963,BOM-808,19.054375,72.900307
6B16DE20,+91-93400-91758,+91-70420-70116,2025-01-03T18:44:00,994,VOICE,BOM-519,19.066221,72.878662,BOM-702,19.075893,72.877841
E130AD91,+91-89120-67028,+91-91761-55735,2025-03-10T23:43:00,930,VOICE,BOM-808,19.054703,72.900596,BOM-901,19.02913,72.85492
9A25C212,+91-93400-61348,+91-75300-89920,2025-02-14T11:56:00,171,VOICE,BOM-621,19.136104,72.829909,BOM-103,18.963439,72.834275
46304F89,+91-91761-32283,+91-93400-47366,2025-03-06T21:17:00,1240,VOICE,BOM-212,19.041326,72.863591,BOM-212,19.04148,72.863233
88B9CD2B,+91-75300-45335,+91-88200-79219,2025-01-27T17:01:00,1384,VOICE,BOM-318,19.11961,72.846486,BOM-901,19.029129,72.855203
DD21D6A6,+91-88200-29055,+91-88200-51971,2025-01-20T07:47:00,1340,VOICE,BOM-621,19.135974,72.82939,BOM-244,19.099167,72.8493
0D64E099,+91-75300-65826,+91-63990-89234,2025-02-06T23:36:00,134,VOICE,BOM-447,19.044269,72.855891,BOM-702,19.075833,72.877548
94D1A94B,+91-70420-93864,+91-93400-31782,2025-02-04T11:29:00,788,VOICE,BOM-212,19.041565,72.863947,BOM-808,19.054773,72.900715
210F1F93,+91-77540-47487,+91-93400-14405,2025-03-07T23:44:00,1274,VOICE,BOM-318,19.119874,72.84666,BOM-447,19.044876,72.855387
7B8A3FAF,+91-80720-67124,+91-88200-17774,2025-02-09T17:02:00,1491,VOICE,BOM-244,19.099322,72.84904,BOM-318,19.120114,72.847004
E56A4914,+91-75300-32833,+91-77540-90440,2025-02-15T14:42:00,789,VOICE,BOM-621,19.136234,72.829395,BOM-318,19.119929,72.847249
51E131A8,+91-98400-22222,+91-98400-11111,2025-02-18T08:54:00,27,SMS,BOM-212,19.041122,72.864017,BOM-621,19.136321,72.829971
6291B79D,+91-75300-14901,+91-93400-22137,2025-02-26T23:01:00,37,SMS,BOM-318,19.11939,72.847224,BOM-103,18.96311,72.834027
6DED65D0,+91-63990-20455,+91-77540-51048,2025-03-05T08:25:00,1441,VOICE,BOM-901,19.029593,72.855441,BOM-212,19.041743,72.864138
16636A95,+91-91761-84529,+91-80720-61583,2025-01-06T14:56:00,575,VOICE,BOM-103,18.963092,72.834616,BOM-519,19.066709,72.878311
A75C7E69,+91-87890-44795,+91-75300-83872,2025-02-05T22:51:00,12,SMS,BOM-318,19.119308,72.846864,BOM-244,19.098593,72.849135
CD71EF36,+91-91761-55656,+91-87890-54966,2025-02-28T13:33:00,27,SMS,BOM-901,19.029198,72.855522,BOM-901,19.029419,72.8551
70F99B07,+91-77540-66477,+91-93400-23643,2025-02-09T15:05:00,60,SMS,BOM-447,19.044722,72.855592,BOM-808,19.054157,72.900946
480DD996,+91-87890-16433,+91-75300-38930,2025-01-10T07:59:00,1357,VOICE,BOM-901,19.030028,72.855632,BOM-901,19.029901,72.854861
F5141824,+91-75300-20240,+91-88200-49131,2025-01-19T12:18:00,557,VOICE,BOM-519,19.065972,72.878,BOM-103,18.963628,72.833752
9D026A7E,+91-63990-58953,+91-91761-69996,2025-01-25T18:17:00,702,VOICE,BOM-318,19.119232,72.846869,BOM-621,19.135637,72.829952
C2167E29,+91-63990-60122,+91-75300-83147,2025-03-13T13:51:00,1279,VOICE,BOM-103,18.96324,72.833974,BOM-212,19.041143,72.863525
9AA28F2F,+91-77540-92479,+91-88200-66175,2025-01-16T10:09:00,1567,VOICE,BOM-244,19.099254,72.848612,BOM-318,19.119566,72.846957
556843DC,+91-91761-42070,+91-75300-18812,2025-01-06T11:51:00,1350,VOICE,BOM-702,19.075744,72.878173,BOM-212,19.041518,72.863929
89D5F5D2,+91-75300-39411,+91-87890-50901,2025-02-18T08:56:00,1356,VOICE,BOM-318,19.120094,72.847278,BOM-808,19.054988,72.900852
51E2FBBF,+91-80720-62021,+91-91761-40938,2025-01-15T23:59:00,1083,VOICE,BOM-244,19.09945,72.849432,BOM-621,19.135996,72.82919
DF4EAA25,+91-91761-22923,+91-77540-76301,2025-02-16T20:47:00,31,SMS,BOM-244,19.098831,72.848581,BOM-318,19.119823,72.847248
8766B051,+91-75300-45635,+91-93400-50317,2025-01-07T16:46:00,52,SMS,BOM-808,19.054548,72.900947,BOM-318,19.119287,72.847091
220AD3F3,+91-93400-76967,+91-87890-97096,2025-01-07T19:24:00,55,SMS,BOM-702,19.076366,72.877254,BOM-621,19.135703,72.829969
94D9C683,+91-75300-87526,+91-89120-90822,2025-01-14T08:04:00,934,VOICE,BOM-808,19.054631,72.900741,BOM-808,19.054289,72.900477
F54FF478,+91-88200-66035,+91-77540-64527,2025-01-12T12:31:00,609,VOICE,BOM-318,19.119316,72.846416,BOM-447,19.044673,72.855919
1B4E4343,+91-70420-69080,+91-93400-78033,2025-03-06T17:16:00,33,SMS,BOM-519,19.066431,72.878628,BOM-621,19.135744,72.829502
E050DCE6,+91-75300-81046,+91-70420-67850,2025-03-11T13:27:00,1522,VOICE,BOM-519,19.066098,72.878899,BOM-901,19.029363,72.855662
7EAA7E40,+91-87890-62862,+91-88200-41361,2025-01-15T07:00:00,263,VOICE,BOM-621,19.135619,72.829898,BOM-447,19.04448,72.856156
CFEE3C5E,+91-80720-19814,+91-77540-91134,2025-02-13T16:46:00,53,SMS,BOM-519,19.066334,72.878054,BOM-318,19.119392,72.84685
E68F8965,+91-88200-33544,+91-70420-25380,2025-03-07T17:37:00,14,SMS,BOM-808,19.054245,72.900119,BOM-808,19.054489,72.900688
7722E355,+91-93400-77708,+91-87890-46720,2025-02-03T08:19:00,1057,VOICE,BOM-103,18.963009,72.834672,BOM-621,19.135564,72.829988
94EA0566,+91-98400-11111,+91-98400-22222,2025-02-15T13:43:00,44,SMS,BOM-447,19.044567,72.855654,BOM-318,19.120126,72.846537
31D7DA87,+91-80720-55955,+91-88200-64124,2025-02-20T07:23:00,1054,VOICE,BOM-621,19.135768,72.829759,BOM-621,19.136338,72.829895
431A4865,+91-91761-74131,+91-91761-14024,2025-01-25T19:43:00,1693,VOICE,BOM-212,19.041798,72.863554,BOM-447,19.044555,72.855361
700E19D7,+91-77540-53953,+91-87890-69436,2025-03-07T09:45:00,93,VOICE,BOM-808,19.0541,72.900705,BOM-103,18.963118,72.834541
8A993A90,+91-75300-34288,+91-77540-75034,2025-01-25T13:36:00,37,SMS,BOM-702,19.075756,72.8781,BOM-318,19.120002,72.846739
E9718DA0,+91-77540-88982,+91-80720-87560,2025-02-08T18:05:00,48,SMS,BOM-702,19.076025,72.877267,BOM-244,19.098776,72.849336
AE258E78,+91-77540-88926,+91-87890-49318,2025-01-06T19:22:00,1796,VOICE,BOM-702,19.076228,72.878179,BOM-702,19.075971,72.878131
6AC00C9F,+91-77540-50587,+91-75300-73131,2025-03-11T14:51:00,919,VOICE,BOM-621,19.135866,72.82936,BOM-621,19.135511,72.829623
D3512F80,+91-98400-33333,+91-98400-11111,2025-03-10T14:19:00,34,SMS,BOM-212,19.041804,72.863394,BOM-621,19.136278,72.829603
8A54FEF8,+91-70420-88069,+91-75300-39771,2025-03-06T17:40:00,1001,VOICE,BOM-621,19.135674,72.829491,BOM-621,19.135734,72.82988
07EC92C1,+91-70420-29557,+91-89120-31951,2025-02-14T07:05:00,422,VOICE,BOM-901,19.029377,72.855668,BOM-103,18.962993,72.834312
8BDA2047,+91-89120-93574,+91-70420-96736,2025-02-06T09:13:00,43,SMS,BOM-901,19.029967,72.854971,BOM-808,19.054601,72.900795
B7EA0C7C,+91-80720-75517,+91-63990-94529,2025-02-12T10:57:00,485,VOICE,BOM-519,19.066701,72.878592,BOM-244,19.098976,72.848547
8C44AF76,+91-88200-26632,+91-93400-28754,2025-02-04T23:28:00,20,SMS,BOM-318,19.119811,72.846338,BOM-318,19.119917,72.846912
EE0B47AD,+91-98400-11111,+91-98400-33333,2025-01-09T15:49:00,1695,VOICE,BOM-212,19.04124,72.863988,BOM-447,19.044183,72.855599
BAE76F9F,+91-80720-69596,+91-63990-54221,2025-01-31T22:02:00,649,VOICE,BOM-103,18.963577,72.834555,BOM-519,19.066414,72.877995
9DFBDD13,+91-98400-11111,+91-91761-88126,2025-03-14T19:11:00,539,VOICE,BOM-447,19.0444,72.8558,BOM-447,19.044012,72.855893
ACA9212E,+91-63990-55278,+91-75300-20577,2025-01-04T11:21:00,826,VOICE,BOM-808,19.054434,72.900912,BOM-103,18.963205,72.834371
6ABCF8A6,+91-75300-40312,+91-80720-85297,2025-01-24T19:02:00,1291,VOICE,BOM-103,18.96323,72.833833,BOM-901,19.029449,72.855615
BDED8666,+91-88200-52548,+91-91761-30682,2025-03-03T12:39:00,1167,VOICE,BOM-808,19.054328,72.900162,BOM-244,19.098897,72.848755
8C39F0EE,+91-70420-47146,+91-75300-17994,2025-01-18T16:13:00,18,SMS,BOM-808,19.05407,72.900343,BOM-103,18.963296,72.834079
B3F2DE1E,+91-87890-70940,+91-77540-20254,2025-03-08T09:15:00,45,SMS,BOM-212,19.041584,72.863739,BOM-244,19.098812,72.848553
78A1CF36,+91-63990-59121,+91-91761-85938,2025-01-05T19:40:00,1641,VOICE,BOM-519,19.06678,72.877914,BOM-447,19.044735,72.855538
017964E8,+91-63990-92709,+91-89120-40764,2025-02-14T22:33:00,629,VOICE,BOM-519,19.066675,72.878568,BOM-901,19.029897,72.855192
3BD066F0,+91-89120-44888,+91-93400-18630,2025-03-10T10:17:00,1285,VOICE,BOM-808,19.054392,72.900101,BOM-621,19.135995,72.829271
3BC32739,+91-70420-49348,+91-91761-43853,2025-02-18T11:17:00,1755,VOICE,BOM-808,19.054981,72.900975,BOM-702,19.075475,72.877508
6E1217F4,+91-98400-22222,+91-98400-11111,2025-01-20T12:50:00,38,SMS,BOM-212,19.041496,72.863585,BOM-621,19.136471,72.829961
