call_id,caller_msisdn,callee_msisdn,start_timestamp,duration_sec,call_type,caller_tower_id,caller_tower_lat,caller_tower_lon,callee_tower_id,callee_tower_lat,callee_tower_lon
D7421E5A,+91-77540-69754,+91-93400-61930,2025-04-25T09:08:00,1196,VOICE,BOM-318,19.119944,72.84687,BOM-318,19.119945,72.846586
10A7297B,+91-88200-48938,+91-93400-15242,2025-05-06T17:32:00,1499,VOICE,BOM-212,19.041841,72.863475,BOM-519,19.066201,72.878011
23854954,+91-63990-47325,+91-70420-89586,2025-04-24T22:26:00,1129,VOICE,BOM-901,19.029572,72.855008,BOM-702,19.076323,72.877423
76D2E634,+91-96200-11111,+91-96200-22222,2025-05-04T21:38:00,1696,VOICE,BOM-901,19.02977,72.855209,BOM-621,19.13615,72.829446
F795E4AE,+91-77540-53654,+91-75300-93290,2025-05-20T15:59:00,46,SMS,BOM-702,19.076388,72.877717,BOM-702,19.075505,72.877762
C436B0E9,+91-87890-46078,+91-77540-25956,2025-05-09T08:42:00,10,SMS,BOM-901,19.029265,72.85488,BOM-808,19.054409,72.900588
ABDA43C2,+91-80720-49164,+91-63990-60193,2025-05-20T14:01:00,536,VOICE,BOM-901,19.029746,72.85563,BOM-808,19.054354,72.900416
30928B9B,+91-91761-23304,+91-70420-20807,2025-04-26T13:46:00,8,SMS,BOM-318,19.120098,72.847254,BOM-244,19.099174,72.849367
A0553AEF,+91-93400-38446,+91-77540-13507,2025-04-27T12:16:00,1502,VOICE,BOM-318,19.119542,72.847295,BOM-808,19.054391,72.900761
3E14B2CA,+91-87890-48651,+91-87890-63091,2025-04-23T22:16:00,449,VOICE,BOM-244,19.098986,72.848804,BOM-808,19.054614,72.900786
DF929D5F,+91-75300-30396,+91-75300-25323,2025-04-16T15:02:00,1769,VOICE,BOM-447,19.044322,72.856187,BOM-103,18.962973,72.833781
B0EA1EB3,+91-91761-59269,+91-89120-60235,2025-04-20T10:53:00,411,VOICE,BOM-103,18.962813,72.833746,BOM-519,19.066023,72.877917
7D1FDC5D,+91-75300-92865,+91-88200-64318,2025-04-25T16:43:00,1340,VOICE,BOM-808,19.054718,72.900207,BOM-808,19.054941,72.900315
D69B7875,+91-80720-89130,+91-77540-73277,2025-05-03T07:25:00,226,VOICE,BOM-702,19.075533,72.877698,BOM-519,19.066551,72.878786
018DA08B,+91-63990-15670,+91-87890-59673,2025-05-14T14:11:00,855,VOICE,BOM-901,19.02912,72.855744,BOM-808,19.054714,72.900108
B2D6AAB3,+91-93400-33569,+91-91761-13772,2025-04-27T12:58:00,623,VOICE,BOM-621,19.135538,72.829918,BOM-519,19.066293,72.878066
0F06298D,+91-87890-31101,+91-80720-61154,2025-05-07T13:06:00,1302,VOICE,BOM-519,19.066396,72.877919,BOM-447,19.04474,72.855967
6A950BC8,+91-80720-43415,+91-75300-39977,2025-05-06T08:23:00,1592,VOICE,BOM-447,19.044176,72.855579,BOM-808,19.05408,72.900982
6C122D59,+91-70420-54174,+91-87890-96502,2025-05-09T22:02:00,1112,VOICE,BOM-901,19.029103,72.855236,BOM-103,18.963315,72.834607
26C8F34E,+91-91761-37030,+91-80720-58039,2025-05-09T23:54:00,24,SMS,BOM-318,19.119402,72.847135,BOM-103,18.962914,72.834223
6B5AFE30,+91-89120-32882,+91-89120-69326,2025-04-16T12:41:00,848,VOICE,BOM-103,18.962835,72.834668,BOM-808,19.054772,72.900213
4EEF40E5,+91-70420-45740,+91-75300-16198,2025-05-10T22:14:00,17,SMS,BOM-318,19.120054,72.847023,BOM-621,19.136212,72.830066
8E09E456,+91-96200-11111,+91-96200-22222,2025-04-15T19:28:00,1064,VOICE,BOM-318,19.120185,72.846469,BOM-621,19.136282,72.82999
C492A090,+91-80720-99233,+91-93400-60018,2025-04-18T11:38:00,1619,VOICE,BOM-244,19.098923,72.848924,BOM-103,18.963123,72.834087
248F7A32,+91-89120-43676,+91-93400-83150,2025-05-07T12:09:00,978,VOICE,BOM-519,19.066676,72.87798,BOM-808,19.054953,72.90055
BB6DC11B,+91-77540-93020,+91-75300-16963,2025-04-26T19:46:00,1527,VOICE,BOM-808,19.054399,72.90068,BOM-519,19.066768,72.878723
E3486737,+91-80720-88223,+91-63990-92475,2025-05-02T17:12:00,25,SMS,BOM-901,19.029301,72.855616,BOM-621,19.135637,72.829478
A16B4869,+91-91761-77882,+91-75300-83868,2025-05-05T10:16:00,44,SMS,BOM-103,18.962805,72.834507,BOM-519,19.065947,72.878013
498225EA,+91-88200-34390,+91-77540-89287,2025-05-19T22:55:00,732,VOICE,BOM-212,19.041757,72.863821,BOM-901,19.029371,72.855006
5477FE5E,+91-89120-43837,+91-91761-62570,2025-04-24T08:41:00,56,SMS,BOM-212,19.041471,72.86407,BOM-519,19.066063,72.878888
0246EADB,+91-77540-88422,+91-70420-58451,2025-04-24T08:51:00,39,SMS,BOM-212,19.041522,72.864151,BOM-212,19.04178,72.863399
F86E69D2,+91-80720-42446,+91-75300-75988,2025-05-19T22:56:00,1649,VOICE,BOM-621,19.135706,72.829936,BOM-447,19.044795,72.855319
F785B3F4,+91-77540-36761,+91-63990-72301,2025-05-03T20:43:00,511,VOICE,BOM-447,19.044146,72.856174,BOM-621,19.135887,72.82987
0D9080FE,+91-80720-61714,+91-89120-60280,2025-05-15T20:29:00,985,VOICE,BOM-808,19.054456,72.900607,BOM-244,19.099327,72.849419
3381E476,+91-70420-14261,+91-89120-19203,2025-05-01T10:30:00,16,SMS,BOM-702,19.075833,72.87818,BOM-318,19.119203,72.846887
A829C4C5,+91-75300-86452,+91-63990-96090,2025-05-14T08:27:00,657,VOICE,BOM-318,19.119769,72.846807,BOM-901,19.029311,72.854959
9979C9C6,+91-88200-63996,+91-80720-35860,2025-05-18T19:51:00,1675,VOICE,BOM-808,19.05402,72.900499,BOM-621,19.135663,72.82914
1EC249DB,+91-77540-43814,+91-88200-63689,2025-05-16T13:38:00,12,SMS,BOM-808,19.054292,72.90062,BOM-244,19.098509,72.848993
B2D69B69,+91-70420-74469,+91-89120-63970,2025-04-29T23:20:00,1113,VOICE,BOM-244,19.09906,72.848688,BOM-519,19.066095,72.878565
DD508BBD,+91-80720-86092,+91-89120-87731,2025-04-30T10:39:00,56,SMS,BOM-621,19.135559,72.829483,BOM-212,19.041219,72.86324
82CBBBD5,+91-70420-37232,+91-80720-16642,2025-05-20T12:28:00,20,SMS,BOM-212,19.041287,72.864086,BOM-244,19.099364,72.848828
C04344EA,+91-63990-32383,+91-93400-95527,2025-04-18T19:30:00,468,VOICE,BOM-702,19.07603,72.878104,BOM-808,19.054174,72.900209
DC0147E2,+91-88200-59776,+91-88200-51046,2025-04-17T19:58:00,588,VOICE,BOM-621,19.135967,72.829684,BOM-621,19.135798,72.829595
3838E6BA,+91-80720-75642,+91-88200-98747,2025-05-08T15:24:00,867,VOICE,BOM-212,19.041115,72.863349,BOM-808,19.054794,72.900181
8A88592E,+91-88200-37978,+91-70420-45733,2025-04-21T16:27:00,1434,VOICE,BOM-244,19.099107,72.848755,BOM-447,19.043994,72.855933
10FB5B34,+91-88200-19840,+91-88200-20215,2025-04-21T12:15:00,19,SMS,BOM-212,19.04143,72.863323,BOM-212,19.041821,72.863218
01EC0864,+91-96200-22222,+91-96200-33333,2025-05-03T10:27:00,90,VOICE,BOM-519,19.065912,72.878755,BOM-212,19.041229,72.863666
26726F86,+91-91761-48718,+91-75300-81586,2025-05-12T10:12:00,954,VOICE,BOM-808,19.054074,72.900314,BOM-447,19.043901,72.856292
6E6173AE,+91-91761-46444,+91-91761-70552,2025-04-28T10:25:00,20,SMS,BOM-318,19.120082,72.846385,BOM-103,18.962819,72.834214
FCADFC31,+91-80720-70192,+91-87890-90135,2025-04-19T21:01:00,47,SMS,BOM-519,19.065941,72.878165,BOM-244,19.09904,72.848671
88060529,+91-63990-36629,+91-93400-73840,2025-04-18T19:41:00,44,SMS,BOM-212,19.040929,72.863335,BOM-702,19.076333,72.878009
F206F013,+91-70420-23231,+91-87890-92089,2025-05-05T12:59:00,1573,VOICE,BOM-621,19.135795,72.829816,BOM-318,19.119536,72.847219
728087E3,+91-88200-26523,+91-80720-14972,2025-04-21T14:39:00,526,VOICE,BOM-103,18.963476,72.834562,BOM-621,19.136279,72.829606
534A0698,+91-88200-31901,+91-63990-40203,2025-04-30T11:49:00,1125,VOICE,BOM-318,19.119684,72.84642,BOM-702,19.075923,72.877594
7F03BBEB,+91-87890-49363,+91-88200-85533,2025-05-11T20:22:00,8,SMS,BOM-519,19.066114,72.87867,BOM-103,18.963613,72.834309
62E5B782,+91-93400-46053,+91-80720-68073,2025-04-26T10:38:00,700,VOICE,BOM-103,18.963242,72.834307,BOM-447,19.043914,72.855854
61A23879,+91-88200-65680,+91-63990-42202,2025-04-21T12:35:00,63,VOICE,BOM-808,19.054746,72.900876,BOM-621,19.135703,72.829987
EEB75856,+91-75300-62034,+91-91761-26254,2025-05-08T07:43:00,985,VOICE,BOM-519,19.066009,72.877927,BOM-212,19.041271,72.863574
07495B5A,+91-63990-85551,+91-80720-47285,2025-05-20T15:50:00,739,VOICE,BOM-621,19.135513,72.829549,BOM-621,19.135527,72.829723
6A864E05,+91-77540-13732,+91-63990-29202,2025-04-28T15:27:00,56,SMS,BOM-212,19.041521,72.863549,BOM-808,19.054071,72.90016
3EF27CFC,+91-89120-37297,+91-89120-20568,2025-05-12T10:31:00,11,SMS,BOM-447,19.044317,72.85555,BOM-702,19.075704,72.877283
988AC6EA,+91-89120-74793,+91-77540-19909,2025-05-10T18:28:00,916,VOICE,BOM-519,19.066453,72.878024,BOM-621,19.13609,72.829529
4141030D,+91-89120-49728,+91-80720-79189,2025-05-15T18:27:00,409,VOICE,BOM-244,19.098544,72.848532,BOM-901,19.030041,72.85526
74F82EAA,+91-63990-22543,+91-88200-47646,2025-05-10T20:30:00,1685,VOICE,BOM-808,19.054015,72.900694,BOM-808,19.054586,72.900405
9AE043A2,+91-80720-87892,+91-89120-36619,2025-05-07T22:56:00,1660,VOICE,BOM-702,19.075813,72.877443,BOM-447,19.043944,72.855451
95B51E88,+91-77540-77183,+91-75300-14511,2025-04-21T20:11:00,9,SMS,BOM-621,19.136294,72.829612,BOM-702,19.075535,72.87732
FF205DC7,+91-63990-26812,+91-75300-42024,2025-05-19T15:18:00,902,VOICE,BOM-808,19.054331,72.900147,BOM-447,19.044154,72.855305
EB09F288,+91-91761-92359,+91-63990-43110,2025-05-08T19:11:00,1563,VOICE,BOM-212,19.041898,72.863338,BOM-447,19.044293,72.855917
D057F52D,+91-77540-20250,+91-93400-43306,2025-04-19T07:20:00,6,SMS,BOM-103,18.963328,72.833871,BOM-808,19.054185,72.900777
A24FA99B,+91-75300-80507,+91-77540-39540,2025-05-13T20:13:00,54,SMS,BOM-901,19.029263,72.855491,BOM-702,19.075612,72.877686
76D150E3,+91-63990-56441,+91-80720-23244,2025-04-20T22:04:00,1138,VOICE,BOM-212,19.041072,72.863799,BOM-901,19.029168,72.855402
34B77630,+91-93400-39086,+91-63990-68038,2025-05-12T09:07:00,42,SMS,BOM-808,19.054116,72.900706,BOM-901,19.02953,72.855275
D0AE4EDC,+91-87890-65867,+91-87890-34921,2025-05-16T14:33:00,844,VOICE,BOM-901,19.030091,72.855294,BOM-621,19.135663,72.829482
A7B4F44F,+91-93400-56190,+91-88200-33797,2025-04-23T17:28:00,310,VOICE,BOM-519,19.066191,72.878265,BOM-103,18.963674,72.83372
437A8780,+91-96200-44444,+91-96200-11111,2025-04-27T09:36:00,416,VOICE,BOM-808,19.054379,72.900144,BOM-447,19.044139,72.856152
4000E6DF,+91-80720-60963,+91-75300-78975,2025-05-14T10:09:00,739,VOICE,BOM-447,19.04401,72.855447,BOM-519,19.06668,72.878383
6E1970BA,+91-93400-41534,+91-80720-68177,2025-05-03T14:02:00,1014,VOICE,BOM-212,19.041707,72.864024,BOM-244,19.09936,72.84857
F0797654,+91-91761-81400,+91-91761-18894,2025-04-21T08:22:00,412,VOICE,BOM-318,19.119858,72.8469,BOM-103,18.96309,72.83453
ABB69198,+91-88200-96929,+91-93400-16753,2025-04-16T12:08:00,126,VOICE,BOM-901,19.029541,72.85528,BOM-808,19.054328,72.900369
71D7BA3E,+91-75300-46952,+91-70420-68880,2025-05-13T19:04:00,654,VOICE,BOM-621,19.1361,72.82931,BOM-447,19.044092,72.855469
114A3D5B,+91-80720-20465,+91-70420-89857,2025-05-04T13:30:00,1473,VOICE,BOM-318,19.120145,72.847263,BOM-702,19.075559,72.877329
6F1B0CB2,+91-80720-77753,+91-63990-69023,2025-05-09T19:56:00,24,SMS,BOM-244,19.099136,72.848611,BOM-621,19.13625,72.82966
78244C6B,+91-88200-17102,+91-88200-20534,2025-04-24T20:07:00,366,VOICE,BOM-103,18.963585,72.83406,BOM-447,19.044216,72.856219
0C2059BD,+91-70420-16958,+91-75300-42921,2025-04-15T12:21:00,50,VOICE,BOM-621,19.135856,72.82968,BOM-901,19.029758,72.855433
647B3932,+91-91761-28466,+91-89120-59285,2025-05-15T09:24:00,25,SMS,BOM-244,19.098538,72.84939,BOM-103,18.963776,72.83419
B0EF97DC,+91-63990-87745,+91-88200-63208,2025-05-13T17:46:00,1299,VOICE,BOM-103,18.963048,72.833796,BOM-447,19.044432,72.855405
F70151CB,+91-77540-74390,+91-70420-65742,2025-04-25T07:27:00,1108,VOICE,BOM-901,19.030039,72.855513,BOM-901,19.029292,72.855635
B158ECC1,+91-63990-94633,+91-93400-83829,2025-04-18T19:29:00,32,SMS,BOM-318,19.119678,72.846457,BOM-318,19.119598,72.846998
053CCAF7,+91-80720-46575,+91-89120-19697,2025-04-30T17:37:00,1310,VOICE,BOM-621,19.135846,72.829984,BOM-212,19.041537,72.864002
9151CCC5,+91-88200-86353,+91-93400-58012,2025-05-10T16:32:00,477,VOICE,BOM-621,19.136236,72.829708,BOM-318,19.119621,72.846633
1B3AEE32,+91-89120-26107,+91-87890-77919,2025-04-29T23:14:00,301,VOICE,BOM-621,19.136113,72.829873,BOM-901,19.029312,72.855209
46AF9192,+91-88200-57160,+91-70420-15175,2025-05-07T20:57:00,56,SMS,BOM-808,19.054639,72.90049,BOM-621,19.136097,72.83005
A121845F,+91-88200-26613,+91-89120-38187,2025-05-05T19:28:00,39,SMS,BOM-621,19.135543,72.829842,BOM-901,19.029181,72.854883
9BA2831C,+91-80720-26024,+91-70420-53420,2025-04-15T20:59:00,764,VOICE,BOM-103,18.963491,72.834195,BOM-808,19.054194,72.900106
028DDC77,+91-77540-35148,+91-63990-33800,2025-04-18T15:26:00,1546,VOICE,BOM-103,18.9628,72.83467,BOM-318,19.120093,72.847116
7E6CE4E0,+91-80720-49071,+91-63990-55567,2025-05-18T12:43:00,60,SMS,BOM-244,19.099293,72.848738,BOM-901,19.029578,72.855497
AE890117,+91-80720-44162,+91-70420-91584,2025-04-27T08:13:00,801,VOICE,BOM-447,19.044302,72.855695,BOM-447,19.044809,72.855535
BE048F62,+91-77540-48220,+91-89120-50243,2025-05-06T13:50:00,1330,VOICE,BOM-318,19.119827,72.846707,BOM-212,19.040933,72.864197
1D27E4A6,+91-80720-79889,+91-91761-82552,2025-05-08T17:34:00,37,SMS,BOM-244,19.099122,72.849084,BOM-621,19.136468,72.829912
69F8708B,+91-70420-86534,+91-89120-60130,2025-05-02T20:45:00,627,VOICE,BOM-244,19.098888,72.848673,BOM-519,19.065888,72.878368
F53531DC,+91-88200-41475,+91-93400-72537,2025-04-24T11:15:00,683,VOICE,BOM-212,19.041675,72.863733,BOM-621,19.136366,72.829991
7A1AADE4,+91-88200-79770,+91-77540-74948,2025-04-17T20:49:00,55,SMS,BOM-447,19.044671,72.855304,BOM-244,19.098732,72.848929
7FEA2885,+91-75300-83283,+91-75300-83601,2025-05-05T09:38:00,43,VOICE,BOM-519,19.066674,72.878851,BOM-901,19.029929,72.855601
20572C7D,+91-93400-94123,+91-80720-46107,2025-04-26T19:22:00,939,VOICE,BOM-808,19.054984,72.900149,BOM-702,19.07548,72.877895
040BDE85,+91-77540-44084,+91-75300-61725,2025-04-24T09:05:00,645,VOICE,BOM-808,19.054114,72.90099,BOM-702,19.075665,72.877214
BF01A16C,+91-80720-62001,+91-87890-85449,2025-04-30T20:37:00,1192,VOICE,BOM-318,19.119988,72.846696,BOM-702,19.076398,72.877854
5FB56B3C,+91-93400-54516,+91-77540-82199,2025-04-20T20:26:00,1291,VOICE,BOM-103,18.962889,72.833995,BOM-447,19.044392,72.85629
4AF59834,+91-80720-50835,+91-80720-10539,2025-05-03T19:34:00,11,SMS,BOM-702,19.076167,72.877615,BOM-318,19.119386,72.847169
5EBB764D,+91-87890-50498,+91-91761-47630,2025-04-20T23:16:00,19,SMS,BOM-808,19.054908,72.900476,BOM-702,19.075811,72.878043
8B3424C9,+91-75300-98811,+91-80720-50730,2025-05-09T08:46:00,10,SMS,BOM-702,19.076068,72.878122,BOM-519,19.066766,72.878623
075F3D40,+91-91761-62555,+91-77540-12390,2025-04-29T14:52:00,1315,VOICE,BOM-901,19.029856,72.85552,BOM-702,19.075444,72.878079
85DD54C9,+91-93400-28293,+91-87890-87984,2025-04-22T14:46:00,1270,VOICE,BOM-901,19.030016,72.855101,BOM-244,19.098968,72.848544
147F5B38,+91-77540-79553,+91-63990-34847,2025-04-27T13:49:00,1323,VOICE,BOM-901,19.029765,72.855592,BOM-621,19.135953,72.829992
6872750C,+91-77540-58656,+91-91761-66518,2025-04-15T12:13:00,1428,VOICE,BOM-447,19.04437,72.856028,BOM-318,19.119804,72.846679
2896FF08,+91-70420-44597,+91-87890-20938,2025-04-17T15:55:00,371,VOICE,BOM-621,19.136417,72.829246,BOM-103,18.963095,72.833818
863DC0BE,+91-91761-45956,+91-70420-13353,2025-05-06T22:53:00,1449,VOICE,BOM-702,19.07589,72.87792,BOM-901,19.029669,72.854929
1B71E4E3,+91-87890-89533,+91-63990-66879,2025-04-18T11:06:00,1425,VOICE,BOM-901,19.029884,72.85553,BOM-702,19.075866,72.87796
C0899ED8,+91-87890-32120,+91-87890-25449,2025-05-09T13:41:00,1322,VOICE,BOM-519,19.066079,72.87835,BOM-901,19.029869,72.855693
20564B18,+91-91761-23161,+91-91761-46052,2025-04-16T18:24:00,1334,VOICE,BOM-808,19.054825,72.900662,BOM-519,19.066048,72.878406
CA2C5EB6,+91-87890-32576,+91-91761-72100,2025-04-25T15:16:00,175,VOICE,BOM-244,19.099058,72.84888,BOM-519,19.066794,72.878404
1662836F,+91-88200-45665,+91-91761-43570,2025-05-05T08:20:00,55,SMS,BOM-621,19.135563,72.829868,BOM-702,19.075455,72.878069
F160D488,+91-77540-90438,+91-88200-30616,2025-05-20T23:56:00,53,SMS,BOM-103,18.963489,72.83387,BOM-519,19.066677,72.878616
6B15BE8A,+91-96200-11111,+91-96200-33333,2025-04-24T15:28:00,583,VOICE,BOM-519,19.065897,72.878045,BOM-447,19.04403,72.855373
B2F3A540,+91-75300-53343,+91-75300-17664,2025-05-06T15:19:00,631,VOICE,BOM-244,19.099087,72.848648,BOM-702,19.075979,72.877587
4049C5F1,+91-96200-11111,+91-80720-91591,2025-05-19T22:15:00,1455,VOICE,BOM-244,19.099229,72.849468,BOM-702,19.076153,72.878186
AAB6E9C7,+91-77540-90947,+91-63990-71750,2025-04-21T15:09:00,642,VOICE,BOM-901,19.029152,72.855736,BOM-808,19.054931,72.900384
024B24B1,+91-77540-93522,+91-77540-23282,2025-05-06T17:28:00,138,VOICE,BOM-519,19.065994,72.878049,BOM-447,19.044864,72.856217
7EBB8884,+91-63990-10160,+91-63990-88014,2025-04-24T11:02:00,993,VOICE,BOM-318,19.120047,72.846505,BOM-447,19.044731,72.855504
96309B04,+91-91761-76859,+91-63990-44971,2025-05-08T18:05:00,598,VOICE,BOM-519,19.066492,72.878096,BOM-318,19.11997,72.846456
A4F35407,+91-80720-84023,+91-63990-55381,2025-05-12T23:20:00,1688,VOICE,BOM-808,19.054733,72.900199,BOM-621,19.136362,72.829614
E381DA4B,+91-91761-80425,+91-89120-46803,2025-04-17T20:01:00,269,VOICE,BOM-702,19.075708,72.877284,BOM-519,19.066758,72.87823
E80F0FFE,+91-89120-41093,+91-87890-77751,2025-05-18T11:30:00,1052,VOICE,BOM-621,19.135906,72.829595,BOM-901,19.029964,72.854945
C27F7B42,+91-89120-27605,+91-88200-61755,2025-04-26T13:14:00,43,SMS,BOM-244,19.098848,72.84903,BOM-103,18.963408,72.834234
85E5D19E,+91-80720-40792,+91-80720-55529,2025-04-22T21:27:00,37,SMS,BOM-103,18.962949,72.834475,BOM-702,19.075478,72.877556
C4B98081,+91-63990-41290,+91-75300-39148,2025-04-20T08:58:00,803,VOICE,BOM-702,19.076163,72.877445,BOM-621,19.135641,72.829624
81C3B0B0,+91-89120-41710,+91-91761-81410,2025-05-06T18:16:00,882,VOICE,BOM-244,19.099447,72.849251,BOM-318,19.120019,72.846995
AA25E5E0,+91-89120-64703,+91-89120-61493,2025-05-09T15:35:00,392,VOICE,BOM-702,19.075827,72.877388,BOM-244,19.098566,72.849106
EE239BE4,+91-80720-78482,+91-89120-15554,2025-04-18T07:37:00,516,VOICE,BOM-318,19.119573,72.846491,BOM-212,19.041049,72.863788
C9EA562D,+91-70420-23699,+91-93400-58637,2025-04-29T16:45:00,1392,VOICE,BOM-318,19.119804,72.846916,BOM-702,19.075966,72.877255
3A2D2BE7,+91-70420-40434,+91-75300-66319,2025-05-15T11:05:00,390,VOICE,BOM-621,19.135523,72.829994,BOM-103,18.963035,72.834057
9A1D90A4,+91-89120-68858,+91-89120-93125,2025-04-29T19:32:00,15,SMS,BOM-103,18.96326,72.834231,BOM-103,18.963627,72.833969
11C79946,+91-96200-11111,+91-96200-33333,2025-05-02T19:21:00,23,SMS,BOM-244,19.099115,72.849213,BOM-212,19.041319,72.863491
12C725D4,+91-91761-67482,+91-80720-25670,2025-05-08T13:35:00,28,SMS,BOM-901,19.03,72.854881,BOM-447,19.044398,72.855439
CB37ACC3,+91-70420-17531,+91-75300-33756,2025-05-02T22:18:00,557,VOICE,BOM-212,19.04143,72.863275,BOM-901,19.029644,72.854975
C5768515,+91-75300-17917,+91-91761-79511,2025-05-20T21:00:00,430,VOICE,BOM-901,19.029318,72.855003,BOM-702,19.075545,72.877925
4D7AAF86,+91-70420-80274,+91-91761-96908,2025-04-27T15:23:00,1417,VOICE,BOM-519,19.06667,72.878729,BOM-212,19.040983,72.863551
8A110D05,+91-77540-68853,+91-80720-17811,2025-04-22T12:40:00,51,SMS,BOM-901,19.029498,72.855685,BOM-103,18.962916,72.834695
549A5940,+91-88200-16096,+91-89120-54551,2025-04-26T20:13:00,54,SMS,BOM-318,19.119643,72.846477,BOM-702,19.075962,72.877416
7E9AD5C2,+91-89120-18987,+91-70420-14633,2025-05-06T21:38:00,23,SMS,BOM-103,18.96303,72.83396,BOM-621,19.135571,72.82985
7F4C69AA,+91-70420-84348,+91-91761-74332,2025-04-18T17:07:00,1704,VOICE,BOM-212,19.041621,72.863967,BOM-212,19.041328,72.86393
4BB5AC0C,+91-63990-16857,+91-91761-34495,2025-05-10T09:13:00,53,SMS,BOM-212,19.041053,72.863307,BOM-212,19.041284,72.86351
A8B3663E,+91-89120-35678,+91-77540-35874,2025-05-08T08:39:00,439,VOICE,BOM-103,18.96297,72.834588,BOM-103,18.963536,72.83387
9F4B8F2E,+91-70420-76571,+91-87890-28951,2025-04-17T17:53:00,822,VOICE,BOM-447,19.044176,72.855834,BOM-103,18.962804,72.834648
363EFE09,+91-89120-34495,+91-93400-96185,2025-05-18T09:55:00,1234,VOICE,BOM-447,19.044163,72.856033,BOM-621,19.136214,72.830038
417670D8,+91-89120-28588,+91-93400-79366,2025-05-05T18:56:00,384,VOICE,BOM-103,18.963487,72.834492,BOM-318,19.119703,72.846555
403DFE43,+91-87890-66321,+91-75300-66738,2025-05-06T16:34:00,813,VOICE,BOM-901,19.029685,72.855706,BOM-447,19.044445,72.856023
17667B31,+91-70420-62790,+91-87890-68902,2025-05-06T13:09:00,1410,VOICE,BOM-702,19.076238,72.877661,BOM-103,18.962931,72.83372
21C68BA7,+91-77540-68090,+91-88200-64076,2025-05-19T17:45:00,8,SMS,BOM-212,19.041866,72.863767,BOM-212,19.041603,72.863547
E907D6B5,+91-91761-39981,+91-75300-49223,2025-05-03T14:11:00,37,VOICE,BOM-103,18.963489,72.833944,BOM-103,18.963,72.834134
6A0F08AB,+91-96200-33333,+91-96200-11111,2025-05-03T09:52:00,1726,VOICE,BOM-103,18.962913,72.834539,BOM-519,19.066548,72.878411
265207A9,+91-87890-93565,+91-93400-96889,2025-04-24T07:37:00,153,VOICE,BOM-901,19.029317,72.855516,BOM-447,19.044035,72.855428
8E46C1FF,+91-75300-23286,+91-77540-89881,2025-04-20T17:46:00,54,SMS,BOM-244,19.098667,72.849339,BOM-244,19.098738,72.848976
02DD0D33,+91-80720-61470,+91-75300-65783,2025-05-07T14:19:00,552,VOICE,BOM-447,19.044483,72.856086,BOM-447,19.044776,72.856075
C16A31A2,+91-80720-68897,+91-80720-99918,2025-05-16T21:59:00,1401,VOICE,BOM-103,18.962885,72.83413,BOM-519,19.066136,72.878796
641FFEE8,+91-77540-25179,+91-77540-74312,2025-05-10T14:10:00,1352,VOICE,BOM-212,19.041756,72.863725,BOM-212,19.041758,72.863932
B141CE70,+91-89120-18967,+91-91761-17346,2025-04-17T08:40:00,335,VOICE,BOM-808,19.054397,72.900665,BOM-901,19.02951,72.855387
5E77F30C,+91-87890-30268,+91-63990-45868,2025-05-15T08:23:00,37,SMS,BOM-447,19.04429,72.855581,BOM-447,19.04394,72.856115
6D0EBBE5,+91-91761-34816,+91-87890-13362,2025-05-19T11:25:00,1626,VOICE,BOM-103,18.963338,72.834459,BOM-621,19.135822,72.829223
96FB1FA1,+91-87890-21630,+91-87890-55570,2025-05-07T16:03:00,1486,VOICE,BOM-212,19.041073,72.863373,BOM-519,19.066365,72.878507
F00DF8FE,+91-70420-80717,+91-63990-71935,2025-04-24T16:01:00,51,VOICE,BOM-702,19.076091,72.87785,BOM-808,19.054361,72.900548
9D67E46F,+91-77540-41064,+91-75300-77903,2025-05-12T22:30:00,1779,VOICE,BOM-244,19.098998,72.848748,BOM-447,19.044489,72.85559
25E77D46,+91-96200-11111,+91-96200-22222,2025-05-17T10:16:00,1517,VOICE,BOM-244,19.098917,72.848903,BOM-621,19.135681,72.829663
C000B2A0,+91-70420-82405,+91-91761-73937,2025-05-09T20:08:00,1562,VOICE,BOM-621,19.135556,72.829834,BOM-103,18.96344,72.834492
75028385,+91-70420-39645,+91-87890-86270,2025-05-17T17:50:00,96,VOICE,BOM-702,19.075861,72.878107,BOM-621,19.136484,72.829572
FB00BC91,+91-93400-99892,+91-88200-54257,2025-04-30T09:58:00,1796,VOICE,BOM-808,19.054696,72.900663,BOM-103,18.962874,72.834602
FD7B3914,+91-75300-47957,+91-77540-71242,2025-05-17T19:43:00,1296,VOICE,BOM-808,19.054342,72.9008,BOM-212,19.041546,72.863983
D2058CE4,+91-88200-46393,+91-63990-48958,2025-04-15T11:12:00,740,VOICE,BOM-702,19.076047,72.877894,BOM-318,19.119314,72.846609
48C58CE5,+91-91761-27539,+91-87890-96344,2025-04-23T08:07:00,1182,VOICE,BOM-901,19.029418,72.855651,BOM-519,19.06621,72.877953
CB650473,+91-80720-16779,+91-91761-29260,2025-04-30T16:29:00,392,VOICE,BOM-808,19.054103,72.900997,BOM-808,19.054934,72.900219
90632A4D,+91-70420-57481,+91-87890-98175,2025-04-26T14:46:00,458,VOICE,BOM-901,19.029785,72.855066,BOM-519,19.066601,72.878873
45544C50,+91-63990-49593,+91-75300-73852,2025-05-13T19:47:00,493,VOICE,BOM-447,19.044271,72.855356,BOM-447,19.044232,72.856292
B2DBEAF0,+91-88200-60115,+91-89120-94124,2025-04-24T21:07:00,535,VOICE,BOM-621,19.135557,72.829212,BOM-318,19.11966,72.846387
7E645637,+91-89120-35445,+91-89120-32395,2025-04-25T08:37:00,476,VOICE,BOM-318,19.120048,72.846362,BOM-447,19.044352,72.855985
92724AC5,+91-80720-27140,+91-63990-94944,2025-05-18T10:07:00,1353,VOICE,BOM-621,19.136074,72.829824,BOM-318,19.11975,72.847179
9829A853,+91-89120-96038,+91-80720-75340,2025-04-18T16:03:00,1008,VOICE,BOM-318,19.120081,72.8472,BOM-447,19.044391,72.856096
8B54C3F6,+91-63990-98993,+91-91761-18242,2025-04-20T12:27:00,128,VOICE,BOM-244,19.098523,72.848965,BOM-808,19.054011,72.900973
ED147434,+91-89120-37865,+91-91761-31221,2025-04-30T16:39:00,879,VOICE,BOM-103,18.963788,72.834488,BOM-318,19.119358,72.847097
4C982CBA,+91-63990-62248,+91-80720-87654,2025-05-17T23:16:00,43,SMS,BOM-103,18.962877,72.834679,BOM-447,19.044393,72.855704
EF4DEF4D,+91-70420-69664,+91-93400-73175,2025-05-06T15:29:00,56,SMS,BOM-447,19.044579,72.855832,BOM-447,19.044157,72.855695
F8F732FF,+91-63990-55461,+91-93400-91764,2025-04-17T14:38:00,679,VOICE,BOM-244,19.098829,72.848905,BOM-447,19.044539,72.856063
2640130B,+91-89120-36678,+91-75300-25868,2025-05-12T23:23:00,82,VOICE,BOM-447,19.044217,72.85607,BOM-621,19.135873,72.829477
BF2051A8,+91-89120-23932,+91-75300-75061,2025-05-05T10:16:00,1750,VOICE,BOM-621,19.135754,72.829872,BOM-519,19.066292,72.877961
01F88307,+91-93400-83595,+91-80720-53273,2025-04-22T23:49:00,1466,VOICE,BOM-621,19.136089,72.830019,BOM-808,19.054216,72.900481
9D21CFFB,+91-63990-66286,+91-63990-46592,2025-04-20T20:13:00,299,VOICE,BOM-519,19.065832,72.878501,BOM-103,18.962922,72.833815
C401B496,+91-88200-10664,+91-89120-25993,2025-05-08T13:04:00,23,SMS,BOM-244,19.099139,72.849224,BOM-103,18.96286,72.834058
2F40341C,+91-75300-31227,+91-70420-97481,2025-04-17T15:25:00,36,SMS,BOM-212,19.041624,72.86343,BOM-103,18.963787,72.834561
11D6821A,+91-80720-46183,+91-80720-94208,2025-04-19T21:28:00,655,VOICE,BOM-244,19.098566,72.848739,BOM-808,19.054122,72.900547
13906479,+91-80720-45292,+91-75300-47362,2025-05-11T07:27:00,969,VOICE,BOM-808,19.054265,72.900903,BOM-244,19.098525,72.849203
523CF325,+91-80720-56152,+91-89120-23907,2025-05-09T20:26:00,1421,VOICE,BOM-318,19.119735,72.846966,BOM-447,19.044061,72.85559
D625B62D,+91-93400-22742,+91-87890-83732,2025-04-15T13:26:00,1792,VOICE,BOM-212,19.041399,72.864083,BOM-519,19.065909,72.878084
F1582608,+91-88200-19768,+91-91761-61750,2025-05-01T14:02:00,1448,VOICE,BOM-702,19.075427,72.877841,BOM-519,19.066069,72.878008
EE527897,+91-70420-65551,+91-91761-12056,2025-05-03T12:59:00,193,VOICE,BOM-901,19.02939,72.855069,BOM-808,19.054836,72.900422
79D6575A,+91-70420-40931,+91-70420-25387,2025-05-19T08:12:00,32,SMS,BOM-212,19.041778,72.863644,BOM-212,19.04152,72.863821
DC659BE5,+91-91761-69377,+91-80720-80093,2025-05-07T10:44:00,49,SMS,BOM-212,19.041491,72.863575,BOM-901,19.030076,72.855756
B1BC6D53,+91-88200-54034,+91-91761-22144,2025-04-15T23:11:00,1222,VOICE,BOM-212,19.041804,72.863482,BOM-103,18.963441,72.833875
0D7CDE18,+91-93400-83060,+91-75300-88565,2025-04-29T10:17:00,88,VOICE,BOM-901,19.029433,72.855601,BOM-244,19.098532,72.848702
09232DCF,+91-63990-78559,+91-63990-55340,2025-05-11T21:48:00,108,VOICE,BOM-621,19.136366,72.829232,BOM-702,19.076109,72.877408
2BB83DC5,+91-96200-33333,+91-96200-44444,2025-05-14T20:05:00,961,VOICE,BOM-621,19.136497,72.829902,BOM-702,19.075727,72.877308
2173B413,+91-87890-53246,+91-75300-37868,2025-04-28T15:23:00,593,VOICE,BOM-519,19.066017,72.878367,BOM-212,19.041778,72.863568
516D0875,+91-89120-97843,+91-80720-57057,2025-05-06T14:21:00,502,VOICE,BOM-244,19.099231,72.848768,BOM-621,19.136161,72.829398
EE30FCED,+91-93400-30933,+91-75300-52146,2025-05-14T16:18:00,701,VOICE,BOM-808,19.05458,72.900371,BOM-519,19.066174,72.877978
EC632891,+91-87890-85608,+91-75300-29788,2025-05-16T19:05:00,27,SMS,BOM-702,19.075646,72.877936,BOM-318,19.119833,72.846704
F41441E7,+91-91761-73149,+91-88200-63393,2025-04-25T22:03:00,29,SMS,BOM-901,19.029572,72.855098,BOM-808,19.054516,72.900899
7E3EA97C,+91-77540-47555,+91-87890-58278,2025-05-13T14:42:00,634,VOICE,BOM-621,19.1365,72.829266,BOM-519,19.066517,72.878381
3FCD0270,+91-89120-10399,+91-93400-69658,2025-05-20T15:49:00,1635,VOICE,BOM-212,19.041714,72.863621,BOM-212,19.041141,72.86362
CD2BB07E,+91-80720-44239,+91-80720-82502,2025-04-27T15:25:00,41,SMS,BOM-702,19.076189,72.877223,BOM-621,19.135609,72.829406
39C50CD9,+91-96200-11111,+91-96200-22222,2025-04-22T18:19:00,664,VOICE,BOM-808,19.05417,72.900564,BOM-702,19.075991,72.877301
AE8D95A3,+91-89120-38827,+91-88200-82290,2025-04-25T17:57:00,1098,VOICE,BOM-621,19.136144,72.829958,BOM-447,19.044675,72.855565
AC21AD64,+91-96200-33333,+91-96200-44444,2025-04-23T20:02:00,1045,VOICE,BOM-103,18.963561,72.83453,BOM-103,18.963652,72.833817
CB04B8AB,+91-89120-48301,+91-93400-18650,2025-04-16T19:52:00,578,VOICE,BOM-103,18.963202,72.833894,BOM-702,19.075884,72.877439
C123ADA0,+91-77540-31147,+91-88200-57313,2025-05-11T09:54:00,762,VOICE,BOM-212,19.041502,72.863224,BOM-244,19.098734,72.848966
E970021E,+91-87890-69635,+91-75300-21307,2025-05-09T10:32:00,929,VOICE,BOM-103,18.963658,72.83402,BOM-519,19.065926,72.878206
13887FBD,+91-91761-46392,+91-87890-94510,2025-04-21T20:30:00,1223,VOICE,BOM-103,18.963488,72.833927,BOM-244,19.098769,72.849415
D0B7F1ED,+91-77540-47747,+91-88200-95116,2025-05-06T15:15:00,267,VOICE,BOM-103,18.963746,72.834125,BOM-621,19.136377,72.83003
831E1B2D,+91-91761-65577,+91-77540-28134,2025-05-19T16:18:00,964,VOICE,BOM-212,19.041456,72.86354,BOM-621,19.135897,72.82986
0DE73639,+91-77540-71566,+91-75300-18190,2025-05-02T13:38:00,643,VOICE,BOM-103,18.963314,72.833961,BOM-901,19.029985,72.855291
D5ADD347,+91-80720-10474,+91-70420-88751,2025-05-07T21:33:00,1488,VOICE,BOM-244,19.099351,72.849246,BOM-212,19.041592,72.864041
477D9735,+91-70420-27486,+91-77540-78505,2025-04-30T20:07:00,810,VOICE,BOM-519,19.066025,72.878276,BOM-702,19.076331,72.877463
8BE906F5,+91-77540-51065,+91-93400-24586,2025-04-27T16:32:00,47,SMS,BOM-621,19.136431,72.829592,BOM-808,19.054725,72.900405
0B109878,+91-87890-25011,+91-93400-63712,2025-05-15T22:48:00,868,VOICE,BOM-103,18.963747,72.834648,BOM-244,19.098719,72.849279
44A25225,+91-75300-44712,+91-91761-56016,2025-04-29T14:40:00,42,SMS,BOM-103,18.962826,72.83402,BOM-519,19.065836,72.878784
9F93D32D,+91-77540-22096,+91-91761-81901,2025-05-19T20:04:00,1680,VOICE,BOM-244,19.099036,72.849084,BOM-621,19.136052,72.829616
F5B264B8,+91-93400-60830,+91-93400-17226,2025-05-11T07:16:00,757,VOICE,BOM-447,19.0447,72.856219,BOM-621,19.136463,72.829337
D714BFF2,+91-87890-86463,+91-87890-87619,2025-04-23T07:08:00,11,SMS,BOM-621,19.135761,72.82977,BOM-212,19.041263,72.8639
67C03D44,+91-96200-11111,+91-96200-33333,2025-05-01T21:46:00,639,VOICE,BOM-621,19.136041,72.829936,BOM-808,19.054279,72.900399
F654246C,+91-88200-32561,+91-91761-91414,2025-05-10T17:01:00,1080,VOICE,BOM-103,18.963118,72.834111,BOM-808,19.054384,72.900298
4E386BBF,+91-91761-90395,+91-80720-42437,2025-04-22T08:14:00,800,VOICE,BOM-519,19.066698,72.878532,BOM-103,18.963084,72.833755
407D433B,+91-88200-58272,+91-91761-50493,2025-04-28T20:54:00,787,VOICE,BOM-244,19.098882,72.848627,BOM-244,19.099377,72.848526
5838DB4F,+91-80720-46557,+91-89120-12953,2025-04-24T08:49:00,1135,VOICE,BOM-318,19.119742,72.846901,BOM-212,19.041063,72.863332
74555FB8,+91-91761-13350,+91-91761-79759,2025-05-07T13:57:00,694,VOICE,BOM-103,18.962923,72.834343,BOM-621,19.135802,72.829121
EFB6CA08,+91-96200-11111,+91-96200-33333,2025-05-14T22:17:00,599,VOICE,BOM-447,19.044042,72.855913,BOM-447,19.04478,72.855318
9C5B56CE,+91-75300-90664,+91-63990-89242,2025-05-10T20:09:00,199,VOICE,BOM-901,19.029879,72.855483,BOM-702,19.076235,72.877518
8722F845,+91-80720-39278,+91-63990-16355,2025-05-05T13:39:00,565,VOICE,BOM-244,19.098684,72.848505,BOM-808,19.054472,72.90029
593B0691,+91-77540-33544,+91-75300-70044,2025-04-25T19:39:00,34,SMS,BOM-901,19.029387,72.85522,BOM-103,18.963791,72.834542
AE87F52C,+91-80720-39324,+91-93400-24637,2025-04-15T14:13:00,20,SMS,BOM-519,19.06657,72.877989,BOM-212,19.041698,72.864041
2B0E0130,+91-88200-27779,+91-89120-16588,2025-04-25T13:50:00,1343,VOICE,BOM-519,19.066367,72.878617,BOM-901,19.029234,72.855796
C63C340A,+91-91761-31547,+91-80720-23438,2025-04-18T23:06:00,261,VOICE,BOM-244,19.098634,72.848615,BOM-318,19.119232,72.846314
A098DAAF,+91-89120-53550,+91-80720-48892,2025-04-27T09:25:00,1444,VOICE,BOM-103,18.963161,72.834437,BOM-901,19.029922,72.855243
9518F95D,+91-91761-36373,+91-89120-56666,2025-05-13T18:19:00,13,SMS,BOM-212,19.041649,72.863383,BOM-621,19.135768,72.829634
5AB4848D,+91-70420-95066,+91-87890-89537,2025-05-15T19:53:00,1520,VOICE,BOM-621,19.136379,72.830031,BOM-808,19.054694,72.900336
3BD89F78,+91-88200-72714,+91-89120-53313,2025-04-15T10:46:00,16,SMS,BOM-519,19.066389,72.878385,BOM-318,19.119651,72.846978
CC190D83,+91-80720-28728,+91-93400-66808,2025-04-27T15:32:00,601,VOICE,BOM-702,19.076187,72.877684,BOM-808,19.054155,72.900263
81FCE08E,+91-89120-68115,+91-77540-67906,2025-04-23T11:13:00,1052,VOICE,BOM-244,19.098623,72.849184,BOM-244,19.098662,72.849128
ADF3BE74,+91-70420-30416,+91-89120-29328,2025-04-27T11:51:00,649,VOICE,BOM-702,19.075593,72.877703,BOM-702,19.075757,72.877823
6D7301AA,+91-77540-57509,+91-91761-54793,2025-05-03T20:12:00,1510,VOICE,BOM-103,18.963689,72.834693,BOM-621,19.135936,72.829477
C6C04957,+91-89120-92383,+91-89120-68650,2025-04-17T11:12:00,49,SMS,BOM-702,19.075641,72.877332,BOM-318,19.12007,72.847199
DF4A40C5,+91-77540-81724,+91-80720-85392,2025-04-15T11:54:00,606,VOICE,BOM-621,19.136345,72.829826,BOM-519,19.06585,72.878079
3228521B,+91-63990-76661,+91-91761-46793,2025-04-30T16:54:00,226,VOICE,BOM-103,18.96281,72.833771,BOM-519,19.065823,72.878559
ED2D54B7,+91-63990-77303,+91-70420-19569,2025-04-30T09:21:00,143,VOICE,BOM-212,19.040953,72.863905,BOM-212,19.041748,72.863649
A05F88DE,+91-63990-36531,+91-77540-69829,2025-04-28T22:08:00,736,VOICE,BOM-808,19.054737,72.900676,BOM-702,19.075991,72.877378
700EC0B9,+91-89120-68050,+91-63990-14298,2025-05-17T09:30:00,381,VOICE,BOM-212,19.04162,72.863482,BOM-318,19.119672,72.847047
F67735CD,+91-63990-75890,+91-88200-59439,2025-04-16T15:30:00,342,VOICE,BOM-519,19.066466,72.878281,BOM-702,19.075657,72.87807
D8D08AD7,+91-87890-70861,+91-75300-78640,2025-05-01T08:26:00,1758,VOICE,BOM-103,18.962929,72.833839,BOM-318,19.11988,72.846427
48369D46,+91-89120-18420,+91-87890-51709,2025-04-26T17:54:00,1604,VOICE,BOM-447,19.044566,72.856194,BOM-244,19.098728,72.849353
1A9B4DCC,+91-88200-81428,+91-88200-50020,2025-04-19T17:37:00,1689,VOICE,BOM-244,19.098509,72.848872,BOM-318,19.11922,72.846347
A9E182AC,+91-93400-44072,+91-80720-15141,2025-04-28T11:59:00,1193,VOICE,BOM-318,19.119806,72.846735,BOM-244,19.099271,72.849152
696E2997,+91-80720-60358,+91-80720-19549,2025-05-13T18:51:00,1626,VOICE,BOM-808,19.054695,72.900224,BOM-447,19.044376,72.85559
4458BD92,+91-70420-75102,+91-91761-39985,2025-04-20T22:22:00,534,VOICE,BOM-447,19.0447,72.855408,BOM-318,19.119718,72.846918
D693987B,+91-93400-77898,+91-87890-66493,2025-05-16T23:35:00,60,SMS,BOM-901,19.029382,72.855541,BOM-621,19.1363,72.829822
1728A499,+91-80720-83382,+91-77540-99739,2025-04-29T11:18:00,304,VOICE,BOM-808,19.054337,72.900807,BOM-103,18.963106,72.83423
E57315D9,+91-77540-94279,+91-89120-44626,2025-05-06T17:32:00,947,VOICE,BOM-103,18.963406,72.83455,BOM-244,19.099282,72.849457
2B52077D,+91-93400-66773,+91-63990-23192,2025-05-20T09:23:00,703,VOICE,BOM-244,19.099416,72.848978,BOM-103,18.963065,72.83379
93398676,+91-89120-90652,+91-91761-19928,2025-05-10T12:36:00,871,VOICE,BOM-212,19.041179,72.863894,BOM-244,19.099017,72.849182
D66A6729,+91-70420-60547,+91-87890-29674,2025-05-13T22:09:00,1196,VOICE,BOM-621,19.135989,72.829176,BOM-212,19.041081,72.863692
C1F4633A,+91-91761-78196,+91-93400-53666,2025-05-01T19:59:00,136,VOICE,BOM-808,19.054013,72.900801,BOM-212,19.041794,72.86325
66AE3E3E,+91-80720-48001,+91-70420-40973,2025-04-23T08:37:00,939,VOICE,BOM-808,19.054747,72.900419,BOM-447,19.044499,72.855692
0F397897,+91-77540-71779,+91-77540-82970,2025-04-20T12:45:00,812,VOICE,BOM-702,19.076088,72.877403,BOM-244,19.098988,72.84908
FB23672D,+91-91761-87614,+91-93400-84895,2025-05-01T10:56:00,798,VOICE,BOM-318,19.119648,72.846344,BOM-103,18.963691,72.834383
1DA7C32D,+91-93400-19577,+91-93400-73997,2025-05-02T12:59:00,274,VOICE,BOM-103,18.962933,72.83378,BOM-447,19.044413,72.855851
8713A84F,+91-77540-21269,+91-88200-14273,2025-04-30T21:17:00,251,VOICE,BOM-702,19.076214,72.87813,BOM-808,19.054806,72.900901
CDEEBA5D,+91-87890-76635,+91-89120-16688,2025-04-15T07:52:00,1233,VOICE,BOM-447,19.044477,72.855506,BOM-901,19.029908,72.855207
FA5B6599,+91-63990-82048,+91-80720-46761,2025-05-06T14:06:00,58,VOICE,BOM-318,19.119383,72.847032,BOM-519,19.066569,72.878809
7245569B,+91-63990-33487,+91-88200-87969,2025-05-08T15:41:00,134,VOICE,BOM-621,19.135554,72.829529,BOM-621,19.136059,72.829889
E0C94AAF,+91-96200-11111,+91-96200-22222,2025-04-18T18:58:00,27,SMS,BOM-318,19.120005,72.846796,BOM-103,18.962991,72.834635
BE47674B,+91-96200-11111,+91-96200-44444,2025-05-06T18:38:00,1452,VOICE,BOM-808,19.054984,72.900186,BOM-519,19.065867,72.878703
19404E68,+91-77540-47075,+91-63990-87975,2025-04-15T13:41:00,47,SMS,BOM-519,19.066187,72.878302,BOM-447,19.044264,72.856035
4DAAC191,+91-91761-90959,+91-89120-77972,2025-04-20T09:59:00,614,VOICE,BOM-212,19.041069,72.864037,BOM-103,18.963541,72.834162
32ABF0CC,+91-63990-24510,+91-91761-50618,2025-04-17T19:43:00,1241,VOICE,BOM-519,19.066246,72.878845,BOM-702,19.076086,72.877495
CC3B5D41,+91-63990-72455,+91-91761-52463,2025-04-26T13:07:00,58,SMS,BOM-447,19.044753,72.855586,BOM-447,19.044611,72.856088
54E9D5ED,+91-63990-88059,+91-89120-98279,2025-05-04T23:00:00,1010,VOICE,BOM-212,19.041785,72.863287,BOM-103,18.963299,72.834625
9E3D1E3E,+91-88200-95019,+91-75300-97797,2025-04-28T13:48:00,17,SMS,BOM-103,18.963515,72.834386,BOM-244,19.099236,72.848507
72637372,+91-75300-93100,+91-77540-37167,2025-04-24T11:00:00,45,SMS,BOM-901,19.0299,72.855532,BOM-103,18.963461,72.833772
25D6F0CC,+91-87890-33557,+91-77540-69914,2025-05-15T14:34:00,595,VOICE,BOM-103,18.963245,72.834557,BOM-519,19.066742,72.877928
31E7B412,+91-77540-25625,+91-63990-80223,2025-05-06T21:13:00,532,VOICE,BOM-318,19.120012,72.846858,BOM-244,19.099245,72.849168
CBEC45BF,+91-63990-43505,+91-89120-12162,2025-05-10T20:01:00,143,VOICE,BOM-901,19.029437,72.855666,BOM-621,19.13566,72.829584
7EA5BC85,+91-70420-26777,+91-70420-32206,2025-04-24T17:09:00,450,VOICE,BOM-519,19.06677,72.878065,BOM-901,19.029267,72.855274
1F7099BD,+91-96200-11111,+91-96200-22222,2025-05-16T14:23:00,203,VOICE,BOM-702,19.076055,72.877419,BOM-103,18.963084,72.834283
5D563F17,+91-91761-39569,+91-87890-99904,2025-05-04T20:24:00,1164,VOICE,BOM-244,19.098567,72.848701,BOM-103,18.963275,72.833782
E73C4EDE,+91-89120-46315,+91-63990-22768,2025-04-19T11:34:00,1365,VOICE,BOM-244,19.099302,72.848893,BOM-103,18.962875,72.833702
43A236B5,+91-89120-61781,+91-77540-40640,2025-05-09T22:34:00,397,VOICE,BOM-901,19.029483,72.855448,BOM-519,19.066609,72.878307
866689A5,+91-80720-91306,+91-70420-53283,2025-04-25T10:53:00,24,SMS,BOM-103,18.963548,72.83418,BOM-808,19.054644,72.900818
4C78DF5D,+91-75300-41549,+91-89120-98455,2025-05-05T13:08:00,1005,VOICE,BOM-447,19.044628,72.855733,BOM-702,19.075906,72.877668
432E4627,+91-87890-92962,+91-70420-46160,2025-05-10T20:00:00,710,VOICE,BOM-702,19.075511,72.878178,BOM-212,19.041878,72.863485
FDBC08DD,+91-63990-96502,+91-75300-46476,2025-04-29T20:11:00,984,VOICE,BOM-519,19.066075,72.878233,BOM-621,19.136391,72.829994
9B9AF258,+91-77540-76032,+91-63990-92201,2025-04-29T11:28:00,681,VOICE,BOM-318,19.119513,72.846744,BOM-318,19.11993,72.847297
441DFA63,+91-75300-35322,+91-70420-46692,2025-04-28T17:42:00,958,VOICE,BOM-519,19.065909,72.878663,BOM-103,18.963518,72.834647
CEEF06F3,+91-63990-34420,+91-75300-18654,2025-04-16T15:04:00,317,VOICE,BOM-901,19.030094,72.855109,BOM-621,19.136329,72.829101
A269221C,+91-93400-57972,+91-93400-59978,2025-05-18T18:44:00,101,VOICE,BOM-318,19.119865,72.846377,BOM-103,18.963232,72.834015
7EA1F62F,+91-80720-57803,+91-63990-64557,2025-04-24T13:17:00,182,VOICE,BOM-244,19.098517,72.84859,BOM-519,19.066721,72.878625
271E6CCF,+91-91761-84182,+91-63990-34185,2025-05-18T14:56:00,1663,VOICE,BOM-702,19.075762,72.877534,BOM-702,19.075753,72.877781
55C268B4,+91-75300-18153,+91-77540-68181,2025-04-24T22:15:00,155,VOICE,BOM-808,19.054927,72.900826,BOM-901,19.030092,72.854839
EF08EA51,+91-96200-22222,+91-96200-33333,2025-05-05T09:44:00,1528,VOICE,BOM-621,19.135535,72.82994,BOM-447,19.044698,72.856035
D428DC26,+91-88200-74604,+91-88200-66577,2025-04-18T13:46:00,851,VOICE,BOM-621,19.135619,72.830097,BOM-808,19.054814,72.900458
7FEB3E73,+91-91761-84608,+91-91761-69393,2025-04-28T07:09:00,715,VOICE,BOM-901,19.029646,72.855091,BOM-519,19.065841,72.878884
4A46C7F4,+91-88200-66446,+91-77540-37497,2025-04-17T15:00:00,1323,VOICE,BOM-244,19.098852,72.84922,BOM-103,18.963003,72.833817
24CD8DD3,+91-63990-25045,+91-93400-41658,2025-04-23T20:09:00,1480,VOICE,BOM-103,18.962996,72.834178,BOM-103,18.963528,72.834414
56028A2E,+91-75300-52824,+91-93400-27952,2025-04-30T11:28:00,414,VOICE,BOM-901,19.0297,72.855331,BOM-318,19.119543,72.846345
79ABF41D,+91-80720-88264,+91-87890-20136,2025-05-11T19:28:00,60,SMS,BOM-318,19.119242,72.846929,BOM-244,19.098695,72.849018
A2218876,+91-91761-74793,+91-80720-35806,2025-04-16T23:59:00,1493,VOICE,BOM-901,19.029377,72.855529,BOM-212,19.041701,72.863258
0859CEE7,+91-93400-65604,+91-63990-83639,2025-05-15T15:52:00,1436,VOICE,BOM-901,19.02942,72.85504,BOM-447,19.04485,72.855349
F4406EB9,+91-89120-66010,+91-88200-24634,2025-05-10T07:33:00,845,VOICE,BOM-621,19.135973,72.829851,BOM-621,19.13616,72.829243
BBEEE6DC,+91-63990-69375,+91-70420-73363,2025-04-18T09:45:00,9,SMS,BOM-901,19.029141,72.85579,BOM-103,18.96361,72.834552
DF5CB765,+91-70420-76864,+91-87890-50408,2025-04-19T07:07:00,36,SMS,BOM-318,19.120033,72.847106,BOM-318,19.119292,72.846727
9F39ACA3,+91-75300-28802,+91-70420-91829,2025-04-21T15:31:00,1152,VOICE,BOM-212,19.041245,72.86396,BOM-244,19.099272,72.849302
EA4A6DD0,+91-63990-35417,+91-89120-42264,2025-05-16T19:45:00,757,VOICE,BOM-808,19.05465,72.900773,BOM-318,19.119283,72.847176
859D3DCB,+91-80720-91116,+91-80720-45819,2025-05-11T17:26:00,49,SMS,BOM-901,19.029405,72.854917,BOM-901,19.02969,72.855568
7D26E574,+91-88200-50831,+91-88200-96421,2025-04-27T21:02:00,604,VOICE,BOM-447,19.044257,72.856204,BOM-212,19.041259,72.86387
006966D2,+91-88200-36656,+91-75300-31100,2025-05-14T16:03:00,56,SMS,BOM-447,19.04451,72.855319,BOM-519,19.066177,72.878652
6D630DF4,+91-80720-84612,+91-93400-99480,2025-05-20T08:29:00,901,VOICE,BOM-621,19.136123,72.829739,BOM-318,19.119762,72.846784
2FC511C3,+91-63990-72399,+91-91761-82446,2025-04-30T13:34:00,1694,VOICE,BOM-702,19.075733,72.877296,BOM-318,19.120092,72.846539
AAB3F9D3,+91-77540-11713,+91-75300-96837,2025-05-14T15:04:00,1647,VOICE,BOM-519,19.066027,72.878835,BOM-519,19.066069,72.878183
CBE9E61C,+91-63990-62310,+91-87890-11189,2025-05-01T16:12:00,449,VOICE,BOM-901,19.030033,72.855573,BOM-621,19.136184,72.829467
90F59C5E,+91-91761-92773,+91-93400-41567,2025-04-29T11:46:00,426,VOICE,BOM-702,19.076328,72.877749,BOM-808,19.054945,72.900815
570996C0,+91-63990-56642,+91-89120-56702,2025-05-05T08:03:00,453,VOICE,BOM-244,19.099208,72.848794,BOM-244,19.099301,72.848509
724FA01D,+91-75300-61472,+91-70420-76732,2025-04-20T07:35:00,919,VOICE,BOM-103,18.963617,72.833749,BOM-621,19.135852,72.829688
2EBADECD,+91-89120-69794,+91-93400-82363,2025-05-11T23:13:00,747,VOICE,BOM-621,19.136027,72.829545,BOM-318,19.119265,72.846669
A11E5388,+91-96200-22222,+91-96200-11111,2025-05-03T20:41:00,1416,VOICE,BOM-447,19.043972,72.856223,BOM-621,19.135812,72.829945
A9C3507E,+91-70420-70433,+91-75300-98320,2025-05-12T23:07:00,1180,VOICE,BOM-702,19.075722,72.877671,BOM-621,19.13637,72.829542
7F1112FB,+91-70420-55506,+91-63990-55117,2025-05-04T19:14:00,21,SMS,BOM-212,19.041768,72.863819,BOM-808,19.05441,72.900891
FF95B2DD,+91-93400-82385,+91-77540-85009,2025-05-20T16:33:00,1614,VOICE,BOM-103,18.963715,72.834173,BOM-447,19.044088,72.85561
A700EF31,+91-80720-76013,+91-75300-68966,2025-05-16T14:38:00,1659,VOICE,BOM-447,19.044875,72.856016,BOM-244,19.098729,72.849329
BDF019C4,+91-88200-69472,+91-88200-70308,2025-05-17T13:40:00,350,VOICE,BOM-808,19.05473,72.900783,BOM-519,19.066199,72.878198
08622C72,+91-88200-27782,+91-88200-14284,2025-05-05T21:50:00,27,SMS,BOM-702,19.076226,72.878005,BOM-447,19.044226,72.856209
03FB2722,+91-91761-35934,+91-91761-35775,2025-04-26T10:24:00,39,SMS,BOM-901,19.029853,72.855556,BOM-808,19.054611,72.900681
4405DF81,+91-96200-33333,+91-96200-11111,2025-05-14T11:20:00,1070,VOICE,BOM-901,19.029905,72.855525,BOM-212,19.041814,72.863633
7BD25B52,+91-93400-25104,+91-70420-93672,2025-05-12T23:07:00,1542,VOICE,BOM-621,19.13633,72.829766,BOM-621,19.136236,72.829366
D9157366,+91-93400-62273,+91-93400-77081,2025-04-17T12:36:00,1359,VOICE,BOM-901,19.030038,72.855215,BOM-447,19.043957,72.856228
D9013F42,+91-87890-95800,+91-93400-78678,2025-05-08T12:33:00,42,SMS,BOM-212,19.041165,72.864195,BOM-318,19.119889,72.847165
237ABCB3,+91-93400-65683,+91-89120-89488,2025-05-13T09:28:00,771,VOICE,BOM-447,19.044789,72.856288,BOM-702,19.075892,72.877282
852A2223,+91-63990-41521,+91-91761-13675,2025-05-05T11:26:00,1478,VOICE,BOM-244,19.099248,72.848926,BOM-244,19.098613,72.848546
280F82CC,+91-77540-44940,+91-75300-48394,2025-04-28T10:03:00,1747,VOICE,BOM-808,19.054967,72.900411,BOM-621,19.136475,72.829247
7F84916C,+91-96200-33333,+91-96200-44444,2025-05-20T14:27:00,1779,VOICE,BOM-519,19.066262,72.878408,BOM-318,19.119873,72.847293
08A68CEB,+91-70420-34934,+91-75300-65374,2025-04-27T10:22:00,1593,VOICE,BOM-901,19.029282,72.855627,BOM-244,19.099373,72.84939
7CD8A3DC,+91-87890-92348,+91-75300-89157,2025-05-07T17:35:00,14,SMS,BOM-447,19.044767,72.8554,BOM-447,19.044232,72.855932
998F5361,+91-91761-60233,+91-93400-88821,2025-05-15T14:25:00,1437,VOICE,BOM-103,18.962979,72.834667,BOM-519,19.066295,72.878579
787458F6,+91-80720-38777,+91-87890-57384,2025-05-15T14:56:00,787,VOICE,BOM-447,19.044373,72.855302,BOM-447,19.044494,72.855722
A4A480B2,+91-93400-28188,+91-75300-26612,2025-05-20T07:39:00,1374,VOICE,BOM-244,19.099368,72.848651,BOM-901,19.0293,72.855639
238FA075,+91-80720-29789,+91-80720-41210,2025-05-15T10:19:00,1242,VOICE,BOM-212,19.041745,72.863401,BOM-318,19.119659,72.846803
197E6FAE,+91-89120-23887,+91-91761-50472,2025-05-09T14:38:00,1110,VOICE,BOM-901,19.029774,72.855622,BOM-901,19.029928,72.855635
EB5005AF,+91-77540-28131,+91-77540-51125,2025-04-30T15:51:00,587,VOICE,BOM-621,19.135823,72.830077,BOM-318,19.120066,72.846972
0C3D77F1,+91-91761-89864,+91-88200-26579,2025-05-13T21:45:00,197,VOICE,BOM-244,19.098667,72.849406,BOM-901,19.029861,72.854889
FF224271,+91-89120-51494,+91-77540-70722,2025-04-15T10:01:00,1266,VOICE,BOM-901,19.029946,72.854926,BOM-447,19.044516,72.85558
E9022185,+91-87890-93286,+91-80720-85829,2025-04-26T15:24:00,1267,VOICE,BOM-621,19.135563,72.829177,BOM-103,18.962878,72.833845
F3C0A523,+91-75300-11755,+91-93400-55568,2025-05-15T15:15:00,1199,VOICE,BOM-702,19.076283,72.877227,BOM-519,19.066674,72.878341
DF089BAC,+91-63990-86421,+91-77540-33861,2025-05-18T22:32:00,984,VOICE,BOM-244,19.099294,72.848868,BOM-519,19.066505,72.878452
20C54C72,+91-96200-11111,+91-96200-33333,2025-05-08T21:50:00,27,VOICE,MLW-088,19.187,72.8411,MLW-088,19.187,72.8411
9DF6A0EB,+91-91761-50576,+91-87890-27961,2025-04-25T10:58:00,13,SMS,BOM-621,19.136367,72.829126,BOM-621,19.136389,72.829599
F2E8F580,+91-63990-90155,+91-77540-95303,2025-05-11T22:41:00,1528,VOICE,BOM-447,19.044592,72.856076,BOM-901,19.02984,72.854804
AC40A08F,+91-88200-44926,+91-70420-93430,2025-05-19T07:08:00,1056,VOICE,BOM-702,19.076374,72.877376,BOM-621,19.135815,72.829524
DE41902C,+91-93400-26858,+91-70420-63608,2025-04-18T19:33:00,56,SMS,BOM-447,19.044893,72.856266,BOM-702,19.075444,72.877823
3BA05AB7,+91-93400-76570,+91-63990-28639,2025-04-19T17:10:00,1031,VOICE,BOM-318,19.119716,72.846372,BOM-318,19.119774,72.846963
D6F37A0A,+91-80720-97520,+91-88200-66981,2025-04-27T17:53:00,710,VOICE,BOM-103,18.963648,72.834289,BOM-901,19.029686,72.855698
44C11EB0,+91-89120-47041,+91-63990-30109,2025-04-30T23:15:00,45,SMS,BOM-519,19.066209,72.878754,BOM-702,19.075401,72.877419
C47BD9F4,+91-88200-23260,+91-93400-97504,2025-05-18T17:53:00,49,VOICE,BOM-621,19.13595,72.829767,BOM-318,19.120025,72.846877
C392AC5F,+91-89120-58632,+91-75300-29682,2025-05-11T15:06:00,12,SMS,BOM-519,19.066111,72.878394,BOM-447,19.044416,72.856209
A9D565C0,+91-70420-62604,+91-70420-48893,2025-05-07T16:52:00,1251,VOICE,BOM-808,19.054778,72.900845,BOM-318,19.120149,72.846952
07C23113,+91-88200-41166,+91-75300-63262,2025-05-02T15:35:00,1331,VOICE,BOM-103,18.963248,72.834332,BOM-244,19.09908,72.84887
3302A2B7,+91-88200-88683,+91-63990-23761,2025-04-24T15:51:00,316,VOICE,BOM-447,19.044098,72.855902,BOM-318,19.120124,72.846356
DA873152,+91-80720-94090,+91-87890-80101,2025-05-04T16:16:00,236,VOICE,BOM-103,18.963381,72.834385,BOM-103,18.963048,72.834428
7D21372E,+91-77540-17087,+91-88200-68569,2025-04-30T16:57:00,1525,VOICE,BOM-212,19.041144,72.863328,BOM-808,19.054139,72.900962
4F7085E6,+91-70420-69722,+91-93400-18990,2025-05-08T07:56:00,56,SMS,BOM-212,19.041881,72.863334,BOM-244,19.099425,72.849032
A85DF9AE,+91-75300-61000,+91-89120-89296,2025-05-13T09:23:00,1165,VOICE,BOM-621,19.135534,72.829507,BOM-244,19.098967,72.849214
B2D7FBE3,+91-88200-15607,+91-70420-75209,2025-05-02T08:30:00,21,SMS,BOM-808,19.054241,72.90025,BOM-212,19.04178,72.863592
C9CC2024,+91-88200-61445,+91-88200-60613,2025-04-15T10:28:00,1298,VOICE,BOM-212,19.041515,72.863354,BOM-244,19.099001,72.849447
2B7FC4A9,+91-80720-98783,+91-87890-62113,2025-05-01T19:01:00,16,SMS,BOM-702,19.076113,72.878183,BOM-447,19.044169,72.856236
866376A7,+91-89120-70281,+91-88200-31505,2025-05-04T17:01:00,876,VOICE,BOM-244,19.099311,72.849371,BOM-103,18.96362,72.833913
EC15A444,+91-77540-35456,+91-75300-11213,2025-04-21T20:59:00,1250,VOICE,BOM-519,19.066002,72.878703,BOM-808,19.054101,72.900565
51E65894,+91-75300-71311,+91-89120-35357,2025-05-07T07:56:00,183,VOICE,BOM-212,19.041365,72.863296,BOM-519,19.066329,72.878327
6E7CE4BB,+91-75300-57276,+91-87890-97077,2025-04-27T22:01:00,41,SMS,BOM-702,19.076035,72.877509,BOM-244,19.099214,72.849094
ADAD8C31,+91-88200-38205,+91-89120-82970,2025-05-08T12:24:00,23,SMS,BOM-519,19.066599,72.878623,BOM-808,19.054583,72.900752
6B99DDDB,+91-87890-22032,+91-77540-86658,2025-05-11T18:08:00,882,VOICE,BOM-244,19.098876,72.848517,BOM-621,19.13595,72.829321
DB0C0B01,+91-87890-50382,+91-80720-65514,2025-04-23T12:00:00,550,VOICE,BOM-808,19.054539,72.900284,BOM-103,18.963724,72.834369
CDBEDCEF,+91-88200-84089,+91-91761-90689,2025-05-16T19:12:00,23,SMS,BOM-702,19.075619,72.877646,BOM-519,19.065951,72.878371
E43C67F9,+91-96200-33333,+91-96200-44444,2025-04-21T08:50:00,1536,VOICE,BOM-808,19.054617,72.900871,BOM-621,19.13638,72.829949
A3F16C1A,+91-91761-27020,+91-75300-40861,2025-05-12T15:08:00,1630,VOICE,BOM-901,19.029297,72.855638,BOM-103,18.963775,72.834123
BD92B8D7,+91-70420-90301,+91-70420-94749,2025-05-10T11:37:00,253,VOICE,BOM-318,19.120125,72.84657,BOM-244,19.098513,72.848678
7649B7E8,+91-63990-22845,+91-77540-70611,2025-05-03T09:34:00,1599,VOICE,BOM-212,19.041521,72.863555,BOM-901,19.029408,72.855327
609CB7CB,+91-77540-45778,+91-93400-48627,2025-05-06T09:31:00,1180,VOICE,BOM-808,19.054535,72.900444,BOM-318,19.119766,72.846848
3A8F7970,+91-77540-68476,+91-70420-91523,2025-05-15T12:02:00,58,SMS,BOM-103,18.963334,72.834626,BOM-621,19.135963,72.829962
3FD84B99,+91-63990-26501,+91-91761-76712,2025-05-17T09:01:00,102,VOICE,BOM-447,19.043932,72.856262,BOM-244,19.098598,72.8491
F2371E4A,+91-77540-37222,+91-80720-26463,2025-04-29T15:09:00,801,VOICE,BOM-621,19.136371,72.829484,BOM-244,19.098914,72.849319
5CE744F7,+91-77540-87286,+91-89120-68542,2025-04-15T23:29:00,414,VOICE,BOM-621,19.136254,72.829624,BOM-519,19.066274,72.878888
96AD9A61,+91-75300-60321,+91-75300-26779,2025-04-21T13:00:00,1443,VOICE,BOM-808,19.054483,72.900332,BOM-621,19.136217,72.830058
E156CF9F,+91-93400-48665,+91-91761-53709,2025-04-22T13:32:00,12,SMS,BOM-901,19.029419,72.855117,BOM-702,19.075465,72.877404
395F84AF,+91-80720-18898,+91-89120-39537,2025-04-29T15:34:00,832,VOICE,BOM-519,19.06657,72.877956,BOM-447,19.044172,72.855562
4C989090,+91-63990-67851,+91-93400-65750,2025-04-24T20:06:00,10,SMS,BOM-244,19.098692,72.849204,BOM-212,19.041323,72.863593
17BF4E28,+91-93400-42710,+91-80720-88070,2025-04-30T13:15:00,1622,VOICE,BOM-621,19.13588,72.829128,BOM-244,19.099456,72.848692
837506CD,+91-93400-88927,+91-88200-84957,2025-05-03T19:48:00,1734,VOICE,BOM-244,19.099292,72.848682,BOM-519,19.065877,72.87853
A338331C,+91-96200-44444,+91-96200-11111,2025-05-03T08:10:00,1597,VOICE,BOM-621,19.136289,72.82983,BOM-808,19.054251,72.900011
626453D7,+91-93400-91868,+91-77540-51110,2025-05-19T14:44:00,57,VOICE,BOM-901,19.02943,72.855553,BOM-212,19.041749,72.864141
9FBD2627,+91-77540-58357,+91-87890-69610,2025-04-24T23:36:00,1274,VOICE,BOM-621,19.136283,72.829218,BOM-621,19.136235,72.829851
D178B2F2,+91-96200-11111,+91-96200-44444,2025-05-05T08:18:00,1210,VOICE,BOM-212,19.040968,72.863965,BOM-103,18.963704,72.833701
B3F0C1A1,+91-80720-43641,+91-63990-66869,2025-04-17T15:21:00,1275,VOICE,BOM-808,19.05467,72.900725,BOM-808,19.054215,72.900737
A2909579,+91-87890-42061,+91-75300-65835,2025-05-04T23:00:00,37,SMS,BOM-244,19.098755,72.848894,BOM-901,19.029674,72.854845
9AB13AE2,+91-70420-32143,+91-91761-59685,2025-05-18T18:17:00,279,VOICE,BOM-901,19.029571,72.854931,BOM-621,19.136009,72.829712
71069C3E,+91-77540-31907,+91-93400-79694,2025-04-26T19:27:00,840,VOICE,BOM-318,19.119279,72.847291,BOM-318,19.119819,72.846884
1807EE72,+91-93400-34430,+91-88200-38657,2025-04-19T10:40:00,1249,VOICE,BOM-103,18.962959,72.834273,BOM-103,18.963319,72.834209
CAED7A6F,+91-77540-57029,+91-89120-51098,2025-05-17T08:52:00,401,VOICE,BOM-318,19.11959,72.846598,BOM-519,19.066764,72.878485
D8DC3028,+91-88200-96339,+91-89120-62966,2025-05-05T15:03:00,1635,VOICE,BOM-212,19.041241,72.863958,BOM-702,19.07581,72.878018
46CC40B4,+91-96200-22222,+91-96200-11111,2025-04-24T19:04:00,35,SMS,BOM-808,19.054265,72.900409,BOM-901,19.029853,72.85542
B4C34556,+91-89120-91751,+91-91761-40051,2025-04-28T21:30:00,1789,VOICE,BOM-808,19.054259,72.900668,BOM-702,19.076377,72.877424
EA5A95DE,+91-80720-64343,+91-70420-13734,2025-05-04T22:42:00,1786,VOICE,BOM-621,19.136065,72.829481,BOM-808,19.054559,72.900094
65758DEC,+91-75300-14820,+91-80720-70500,2025-04-19T11:23:00,53,SMS,BOM-244,19.09875,72.849293,BOM-702,19.076009,72.877303
00246C10,+91-77540-82243,+91-63990-32529,2025-04-22T15:24:00,1535,VOICE,BOM-212,19.040921,72.863926,BOM-702,19.07541,72.878051
C372A41D,+91-88200-45967,+91-63990-93281,2025-04-23T15:39:00,275,VOICE,BOM-519,19.066346,72.877953,BOM-808,19.054926,72.900107
9E6D6AEA,+91-77540-63539,+91-75300-57149,2025-05-16T18:13:00,1015,VOICE,BOM-318,19.119518,72.846792,BOM-244,19.09886,72.849348
A22922EC,+91-70420-70908,+91-80720-22341,2025-05-12T09:28:00,219,VOICE,BOM-103,18.963239,72.83421,BOM-212,19.041854,72.863904
AA0D53A4,+91-91761-60756,+91-93400-65606,2025-05-11T13:23:00,1385,VOICE,BOM-103,18.963043,72.834436,BOM-447,19.044389,72.855596
6863C77A,+91-89120-12027,+91-63990-62948,2025-05-09T18:28:00,1711,VOICE,BOM-244,19.098859,72.848691,BOM-621,19.136092,72.829893
94F462E1,+91-93400-47920,+91-89120-41312,2025-05-18T22:58:00,493,VOICE,BOM-621,19.135799,72.829665,BOM-702,19.076062,72.877795
5C3B6880,+91-93400-84793,+91-87890-26169,2025-05-19T23:19:00,22,SMS,BOM-519,19.066482,72.878012,BOM-447,19.043999,72.856174
BFDAE5A2,+91-63990-50265,+91-77540-46180,2025-05-14T20:16:00,968,VOICE,BOM-519,19.06588,72.878171,BOM-447,19.044407,72.855827
2788D40C,+91-96200-22222,+91-96200-33333,2025-05-16T09:39:00,1253,VOICE,BOM-702,19.076335,72.877607,BOM-318,19.11928,72.847046
78820883,+91-88200-65215,+91-89120-87006,2025-05-03T17:42:00,48,SMS,BOM-808,19.054184,72.900675,BOM-702,19.075538,72.877349
56436EEC,+91-63990-31513,+91-77540-12583,2025-05-02T22:05:00,8,SMS,BOM-519,19.066762,72.878149,BOM-447,19.044132,72.856029
6AF18109,+91-96200-11111,+91-96200-33333,2025-05-19T12:54:00,25,SMS,BOM-621,19.136189,72.829317,BOM-447,19.044865,72.856242
4162A871,+91-87890-29468,+91-89120-38990,2025-05-20T14:07:00,659,VOICE,BOM-244,19.099248,72.848779,BOM-447,19.044656,72.855391
99B25951,+91-80720-47636,+91-63990-33292,2025-05-17T10:42:00,1691,VOICE,BOM-212,19.041452,72.863877,BOM-244,19.099277,72.849288
57C2297A,+91-93400-16202,+91-88200-54472,2025-04-23T09:51:00,6,SMS,BOM-244,19.099056,72.84906,BOM-702,19.076216,72.877599
D71A9CCA,+91-93400-12406,+91-77540-71875,2025-05-02T17:00:00,16,SMS,BOM-447,19.04454,72.855765,BOM-702,19.075597,72.877807
982951E0,+91-88200-60896,+91-93400-18735,2025-04-27T09:03:00,1322,VOICE,BOM-702,19.075831,72.877511,BOM-244,19.099085,72.848994
5331D032,+91-75300-53123,+91-80720-48917,2025-05-09T10:09:00,1793,VOICE,BOM-621,19.136308,72.829455,BOM-447,19.044407,72.855731
527D08D4,+91-89120-17692,+91-77540-68064,2025-05-18T10:43:00,917,VOICE,BOM-212,19.041297,72.863772,BOM-519,19.066531,72.87827
F6AB5E0C,+91-63990-80786,+91-89120-15838,2025-04-18T15:13:00,1643,VOICE,BOM-901,19.03003,72.85505,BOM-244,19.099249,72.848949
3DD199D6,+91-91761-40894,+91-88200-42723,2025-04-27T14:07:00,139,VOICE,BOM-318,19.119952,72.847271,BOM-901,19.029838,72.855683
542126E8,+91-63990-21798,+91-63990-30211,2025-04-24T14:21:00,902,VOICE,BOM-808,19.054156,72.900207,BOM-244,19.099454,72.849125
578B3C28,+91-93400-61753,+91-93400-33653,2025-05-10T09:58:00,957,VOICE,BOM-808,19.054749,72.900993,BOM-808,19.054596,72.900658
D58593B7,+91-88200-57476,+91-87890-69091,2025-05-12T17:40:00,225,VOICE,BOM-621,19.136316,72.829394,BOM-318,19.119314,72.846732
5B550BF1,+91-96200-11111,+91-96200-33333,2025-05-14T09:01:00,1404,VOICE,BOM-519,19.066053,72.878756,BOM-447,19.044609,72.856297
97C1E16F,+91-77540-39585,+91-89120-27305,2025-04-18T11:32:00,1770,VOICE,BOM-519,19.066608,72.878886,BOM-103,18.963612,72.833739
9C2C9ED4,+91-91761-97321,+91-75300-64102,2025-04-22T15:56:00,1740,VOICE,BOM-808,19.054867,72.900964,BOM-901,19.029212,72.855565
675ABC9F,+91-63990-21206,+91-77540-35450,2025-04-25T16:05:00,201,VOICE,BOM-808,19.054529,72.900383,BOM-244,19.099475,72.849226
B021DB97,+91-75300-12658,+91-80720-81774,2025-05-18T13:58:00,5,SMS,BOM-702,19.076271,72.877892,BOM-702,19.076052,72.877435
9333149C,+91-77540-86190,+91-70420-76732,2025-04-22T09:47:00,607,VOICE,BOM-901,19.029162,72.855425,BOM-702,19.075682,72.877459
8DF6866D,+91-87890-93082,+91-93400-49501,2025-05-02T22:47:00,14,SMS,BOM-103,18.963432,72.834661,BOM-244,19.099394,72.849316
6A49C0D7,+91-96200-44444,+91-96200-11111,2025-04-15T22:00:00,45,SMS,BOM-103,18.962945,72.834447,BOM-103,18.963492,72.833996
637D52F4,+91-63990-27607,+91-75300-11184,2025-04-25T10:48:00,24,SMS,BOM-103,18.963665,72.834563,BOM-212,19.040939,72.863416
5B7833C8,+91-63990-19765,+91-87890-15070,2025-04-18T16:20:00,37,SMS,BOM-212,19.041236,72.86384,BOM-519,19.066444,72.878354
086CC2BA,+91-93400-40281,+91-70420-74821,2025-04-23T22:41:00,150,VOICE,BOM-318,19.119941,72.846642,BOM-244,19.099363,72.849279
2CAA76E3,+91-89120-15931,+91-89120-55207,2025-05-15T20:10:00,276,VOICE,BOM-212,19.041686,72.864123,BOM-244,19.099249,72.849167
329F5451,+91-80720-68500,+91-91761-14453,2025-04-26T11:31:00,1201,VOICE,BOM-808,19.054041,72.900286,BOM-702,19.075457,72.87783
1BFE484B,+91-80720-50505,+91-89120-58830,2025-04-22T12:37:00,1783,VOICE,BOM-318,19.120116,72.846707,BOM-244,19.099185,72.848611
2E7CAAFB,+91-93400-47285,+91-88200-10532,2025-05-05T11:19:00,530,VOICE,BOM-702,19.076316,72.877368,BOM-244,19.098666,72.849061
354E20CC,+91-91761-48849,+91-87890-76877,2025-04-24T22:50:00,1625,VOICE,BOM-901,19.029223,72.855665,BOM-702,19.076207,72.87798
91080D5F,+91-87890-70142,+91-70420-96708,2025-05-20T11:05:00,35,SMS,BOM-808,19.054127,72.900179,BOM-901,19.02974,72.855591
DDCC60FB,+91-75300-79602,+91-93400-80707,2025-04-22T15:25:00,213,VOICE,BOM-103,18.963767,72.833987,BOM-212,19.041379,72.863549
7FDA0EFC,+91-88200-99085,+91-63990-89970,2025-05-05T20:58:00,1516,VOICE,BOM-621,19.136193,72.829765,BOM-519,19.066625,72.878345
40986C02,+91-63990-81817,+91-70420-35436,2025-05-09T08:10:00,25,SMS,BOM-212,19.041776,72.864106,BOM-519,19.066117,72.878107
B0924C91,+91-87890-86658,+91-89120-69315,2025-04-19T19:48:00,166,VOICE,BOM-808,19.054195,72.900692,BOM-212,19.041213,72.864152
B1B85C87,+91-89120-25613,+91-91761-32269,2025-04-21T23:01:00,1369,VOICE,BOM-318,19.119636,72.846364,BOM-212,19.041749,72.863994
2CFFEBD2,+91-89120-13183,+91-70420-71859,2025-05-04T08:49:00,1320,VOICE,BOM-318,19.119428,72.846684,BOM-808,19.054954,72.900301
BEAC1B12,+91-88200-59924,+91-80720-38356,2025-05-11T09:29:00,847,VOICE,BOM-244,19.099211,72.848837,BOM-447,19.04453,72.855501
0ADA7D96,+91-93400-42236,+91-63990-65319,2025-05-10T17:13:00,575,VOICE,BOM-318,19.119846,72.846724,BOM-318,19.11987,72.846639
935AC60B,+91-63990-88170,+91-70420-38900,2025-05-14T09:13:00,980,VOICE,BOM-808,19.054503,72.900546,BOM-212,19.041036,72.863395
CE5CFBD2,+91-70420-27308,+91-75300-88754,2025-04-19T18:54:00,1365,VOICE,BOM-621,19.136345,72.829261,BOM-447,19.043986,72.855381
46CF2392,+91-77540-44824,+91-77540-98061,2025-05-05T17:02:00,900,VOICE,BOM-519,19.066173,72.878742,BOM-519,19.066613,72.878588
4F03112C,+91-96200-33333,+91-96200-44444,2025-05-05T13:38:00,616,VOICE,BOM-901,19.029518,72.855441,BOM-447,19.044478,72.855393
F491E1D4,+91-75300-28819,+91-91761-31023,2025-04-19T10:54:00,1641,VOICE,BOM-447,19.044821,72.856107,BOM-702,19.075547,72.877694
266494FB,+91-80720-72687,+91-77540-39624,2025-05-13T16:25:00,512,VOICE,BOM-103,18.96353,72.834515,BOM-447,19.044116,72.855719
F7C416C4,+91-77540-27551,+91-93400-21276,2025-04-19T10:29:00,1234,VOICE,BOM-702,19.075632,72.877877,BOM-519,19.065911,72.878578
CA73BF11,+91-75300-20866,+91-88200-33793,2025-04-30T18:14:00,49,SMS,BOM-447,19.044517,72.856139,BOM-621,19.135815,72.829264
D144D53F,+91-88200-68978,+91-70420-13317,2025-05-03T11:51:00,1390,VOICE,BOM-318,19.119664,72.846683,BOM-702,19.075983,72.878111
CDF058A2,+91-93400-80632,+91-75300-59391,2025-04-23T19:34:00,18,SMS,BOM-621,19.135922,72.829354,BOM-519,19.066486,72.878811
C9C93C13,+91-96200-11111,+91-96200-44444,2025-04-16T17:55:00,1360,VOICE,BOM-519,19.06674,72.878788,BOM-901,19.029436,72.854877
924D28A2,+91-93400-34235,+91-63990-52196,2025-05-02T13:18:00,33,SMS,BOM-621,19.135529,72.829182,BOM-621,19.135672,72.829895
51BDCCFD,+91-91761-65782,+91-88200-81664,2025-04-18T15:16:00,326,VOICE,BOM-447,19.044521,72.856067,BOM-103,18.96336,72.834212
0185C28C,+91-87890-88194,+91-80720-32649,2025-05-02T10:09:00,569,VOICE,BOM-103,18.963455,72.83429,BOM-901,19.029623,72.855046
3D86B9F7,+91-93400-22868,+91-80720-13760,2025-04-24T07:13:00,30,SMS,BOM-103,18.963698,72.833706,BOM-901,19.02941,72.855417
46DA3516,+91-96200-33333,+91-96200-11111,2025-05-03T10:04:00,829,VOICE,BOM-621,19.136065,72.829513,BOM-244,19.099369,72.849154
13A8DB15,+91-89120-70424,+91-93400-22031,2025-05-20T11:40:00,1320,VOICE,BOM-318,19.119316,72.84661,BOM-318,19.119905,72.847104
2FAB03D6,+91-96200-33333,+91-96200-11111,2025-05-18T10:12:00,7,SMS,BOM-318,19.119629,72.847087,BOM-103,18.963774,72.834282
58AED368,+91-70420-75878,+91-75300-29679,2025-05-19T09:36:00,803,VOICE,BOM-702,19.076001,72.877206,BOM-318,19.119934,72.847089
089F6175,+91-87890-73283,+91-77540-50566,2025-04-19T18:08:00,748,VOICE,BOM-103,18.963348,72.834425,BOM-447,19.044616,72.856134
ADD2E089,+91-77540-66587,+91-89120-11341,2025-04-18T17:57:00,694,VOICE,BOM-702,19.076106,72.877834,BOM-244,19.099178,72.849002
7191C4E0,+91-96200-22222,+91-96200-33333,2025-05-01T21:10:00,1776,VOICE,BOM-808,19.054923,72.900083,BOM-212,19.04136,72.863272
B891A2BC,+91-70420-17293,+91-87890-33804,2025-04-25T07:09:00,706,VOICE,BOM-103,18.963172,72.833941,BOM-702,19.076239,72.877462
9BD656C5,+91-77540-90898,+91-75300-12244,2025-04-22T07:58:00,177,VOICE,BOM-447,19.044659,72.85567,BOM-212,19.041471,72.864013
FEE3B793,+91-87890-29245,+91-88200-13432,2025-05-09T17:20:00,1522,VOICE,BOM-447,19.044571,72.855694,BOM-702,19.075691,72.877949
944A80BA,+91-87890-48036,+91-89120-46762,2025-04-17T10:52:00,794,VOICE,BOM-212,19.04131,72.863241,BOM-702,19.075964,72.877317
9355248C,+91-96200-33333,+91-89120-23740,2025-04-29T23:04:00,5,SMS,BKC-112,19.0656,72.8669,BOM-103,18.96334,72.834109
C45ED966,+91-77540-71309,+91-80720-84002,2025-04-22T23:49:00,1051,VOICE,BOM-901,19.029651,72.854988,BOM-808,19.054511,72.90072
198FC95E,+91-89120-17013,+91-93400-15879,2025-04-28T18:23:00,366,VOICE,BOM-447,19.044409,72.856038,BOM-103,18.963549,72.833808
A542AF61,+91-91761-29622,+91-70420-65878,2025-04-28T13:25:00,839,VOICE,BOM-808,19.054037,72.900913,BOM-702,19.076001,72.877481
929B2270,+91-75300-98146,+91-77540-75655,2025-05-11T09:51:00,872,VOICE,BOM-702,19.075599,72.877301,BOM-519,19.066096,72.878231
15A6DA46,+91-93400-40807,+91-91761-42273,2025-05-10T23:23:00,1491,VOICE,BOM-702,19.075486,72.877494,BOM-244,19.099171,72.848502
6EA05C9E,+91-75300-42429,+91-89120-40954,2025-05-20T15:11:00,23,SMS,BOM-447,19.043938,72.855821,BOM-901,19.029784,72.85541
B2C9D9EC,+91-88200-67493,+91-80720-17471,2025-05-02T16:39:00,41,SMS,BOM-103,18.963633,72.83462,BOM-318,19.119382,72.84705
D75AB510,+91-93400-80474,+91-80720-49779,2025-05-18T18:19:00,5,SMS,BOM-244,19.099189,72.848663,BOM-621,19.136303,72.82954
59A8C120,+91-93400-14384,+91-89120-11456,2025-05-14T16:54:00,1715,VOICE,BOM-519,19.06656,72.878815,BOM-808,19.054105,72.900804
A939B645,+91-80720-91864,+91-88200-20432,2025-04-16T11:54:00,1773,VOICE,BOM-702,19.076262,72.877779,BOM-244,19.09861,72.848731
7CC585BB,+91-70420-61973,+91-88200-40521,2025-05-17T19:57:00,42,SMS,BOM-519,19.06598,72.878886,BOM-318,19.119951,72.846329
5223175A,+91-63990-53390,+91-88200-30480,2025-04-17T07:28:00,1308,VOICE,BOM-318,19.119957,72.846803,BOM-212,19.041129,72.863887
FE1AFA77,+91-89120-96914,+91-88200-22845,2025-04-26T16:16:00,492,VOICE,BOM-519,19.066359,72.878415,BOM-702,19.075682,72.877747
73940F2B,+91-75300-61535,+91-87890-11893,2025-04-15T09:18:00,1126,VOICE,BOM-702,19.076129,72.877692,BOM-702,19.07584,72.877835
EC49C53F,+91-91761-35483,+91-77540-56766,2025-05-11T09:15:00,1333,VOICE,BOM-702,19.075431,72.87748,BOM-447,19.044428,72.855828
4EA9622A,+91-91761-70098,+91-88200-48988,2025-04-27T18:53:00,32,SMS,BOM-702,19.076016,72.877768,BOM-808,19.054152,72.900862
4FBD2CB7,+91-96200-11111,+91-96200-44444,2025-04-16T15:31:00,1488,VOICE,BOM-621,19.136358,72.829665,BOM-447,19.044408,72.855556
FE6B9A7D,+91-88200-92205,+91-93400-95921,2025-04-30T21:29:00,35,SMS,BOM-621,19.136201,72.829554,BOM-901,19.029994,72.855265
610799BD,+91-80720-56823,+91-88200-23942,2025-05-18T21:07:00,108,VOICE,BOM-212,19.041342,72.864043,BOM-103,18.963756,72.834185
A02A9635,+91-93400-22528,+91-93400-15989,2025-04-28T23:57:00,26,SMS,BOM-702,19.076,72.877653,BOM-901,19.030029,72.855688
85003B13,+91-77540-36146,+91-63990-10919,2025-05-17T12:49:00,783,VOICE,BOM-447,19.043921,72.856192,BOM-808,19.054672,72.900158
5FECBB41,+91-96200-22222,+91-96200-11111,2025-05-02T23:13:00,471,VOICE,BOM-621,19.136363,72.829612,BOM-519,19.066065,72.877986
7BDAE572,+91-77540-93082,+91-80720-79189,2025-04-20T10:16:00,1015,VOICE,BOM-519,19.066762,72.878406,BOM-103,18.963018,72.833926
7C03757B,+91-70420-20494,+91-80720-61581,2025-05-11T11:32:00,920,VOICE,BOM-244,19.099147,72.848742,BOM-447,19.044861,72.855839
81804060,+91-88200-22013,+91-88200-65391,2025-05-13T07:12:00,1553,VOICE,BOM-244,19.098798,72.848755,BOM-621,19.135546,72.829977
74FCA390,+91-89120-52401,+91-91761-13120,2025-05-06T09:41:00,37,SMS,BOM-621,19.135677,72.829992,BOM-621,19.136003,72.829679
CB8F5AAE,+91-75300-75506,+91-77540-27842,2025-04-15T11:31:00,1295,VOICE,BOM-244,19.098937,72.849041,BOM-519,19.06603,72.878465
370EBE69,+91-77540-28258,+91-91761-73353,2025-05-05T13:10:00,50,SMS,BOM-318,19.119594,72.846364,BOM-318,19.119231,72.846626
1B2AA7F7,+91-93400-97735,+91-91761-20644,2025-05-11T11:07:00,1520,VOICE,BOM-244,19.09899,72.848819,BOM-447,19.044097,72.855501
C4CB888F,+91-70420-71254,+91-75300-92781,2025-04-24T17:00:00,1006,VOICE,BOM-901,19.029592,72.855672,BOM-702,19.075941,72.877207
497EF088,+91-80720-85400,+91-63990-65785,2025-04-17T08:22:00,53,SMS,BOM-621,19.136491,72.829685,BOM-244,19.099147,72.849365
F7E12216,+91-77540-10820,+91-88200-21994,2025-05-16T20:45:00,434,VOICE,BOM-318,19.119264,72.84694,BOM-244,19.098615,72.848994
065D294D,+91-87890-93636,+91-77540-26023,2025-04-22T17:38:00,36,SMS,BOM-103,18.962881,72.834425,BOM-808,19.054372,72.90093
F5E8A805,+91-88200-63676,+91-93400-90117,2025-05-02T15:23:00,14,SMS,BOM-103,18.962958,72.834611,BOM-103,18.963211,72.834285
FAE4ACE3,+91-88200-85325,+91-91761-19630,2025-04-24T17:39:00,885,VOICE,BOM-447,19.044736,72.856136,BOM-244,19.099095,72.849048
5267A576,+91-80720-18440,+91-93400-44766,2025-04-15T21:27:00,1767,VOICE,BOM-447,19.044803,72.856099,BOM-621,19.135695,72.829296
93D63167,+91-87890-89472,+91-88200-44781,2025-05-11T13:48:00,1189,VOICE,BOM-901,19.029413,72.855128,BOM-901,19.029383,72.855788
DE7B64D6,+91-87890-90780,+91-89120-39229,2025-05-10T22:40:00,1139,VOICE,BOM-702,19.075929,72.877582,BOM-702,19.075869,72.878138
70E3E13C,+91-80720-32809,+91-75300-18322,2025-04-23T14:14:00,56,SMS,BOM-447,19.044604,72.855915,BOM-447,19.043934,72.855361
B88F0011,+91-77540-96183,+91-80720-67057,2025-05-05T22:58:00,14,SMS,BOM-519,19.065823,72.878806,BOM-621,19.135842,72.829767
37EF8E4A,+91-93400-99633,+91-88200-77718,2025-05-02T17:15:00,24,SMS,BOM-103,18.963017,72.833996,BOM-621,19.136006,72.82939
6156CDBE,+91-80720-15710,+91-88200-82024,2025-04-24T23:15:00,34,SMS,BOM-244,19.098918,72.849203,BOM-318,19.119931,72.847098
DE9EE8FE,+91-96200-33333,+91-96200-11111,2025-05-14T18:12:00,494,VOICE,BOM-519,19.065854,72.878293,BOM-808,19.05404,72.900339
48B976F5,+91-77540-33406,+91-80720-97327,2025-04-29T22:03:00,1249,VOICE,BOM-318,19.119226,72.846998,BOM-103,18.962986,72.833823
79CF21EF,+91-80720-22579,+91-75300-37585,2025-05-18T18:49:00,822,VOICE,BOM-447,19.044099,72.855596,BOM-901,19.029468,72.855653
4013D8EA,+91-89120-98523,+91-63990-52323,2025-05-05T23:05:00,23,SMS,BOM-318,19.120131,72.84726,BOM-621,19.135616,72.829466
3D0BB43E,+91-96200-22222,+91-96200-11111,2025-05-11T13:06:00,47,SMS,BOM-808,19.054648,72.90098,BOM-244,19.098976,72.848511
F6CCB833,+91-89120-54301,+91-91761-15326,2025-05-17T10:47:00,1313,VOICE,BOM-621,19.136119,72.829151,BOM-447,19.04481,72.855392
B3752AD4,+91-75300-62238,+91-87890-62752,2025-04-20T15:41:00,25,SMS,BOM-702,19.07634,72.878186,BOM-621,19.135832,72.829803
F12C3BEB,+91-80720-95020,+91-87890-39195,2025-05-15T15:32:00,376,VOICE,BOM-318,19.119831,72.84663,BOM-702,19.075627,72.877848
01F9628C,+91-93400-70555,+91-89120-59860,2025-04-23T21:03:00,854,VOICE,BOM-621,19.136389,72.829589,BOM-318,19.119659,72.847278
2FE73A55,+91-63990-23871,+91-77540-51557,2025-05-15T16:15:00,31,SMS,BOM-318,19.119558,72.846471,BOM-103,18.96308,72.834023
607DD8D7,+91-63990-72247,+91-80720-97931,2025-04-26T23:51:00,112,VOICE,BOM-901,19.029959,72.854873,BOM-103,18.963764,72.834522
6D623D3F,+91-88200-20022,+91-87890-73051,2025-05-14T07:39:00,5,SMS,BOM-318,19.119898,72.847073,BOM-212,19.041256,72.863309
52316F35,+91-89120-69850,+91-63990-44609,2025-05-15T22:14:00,1677,VOICE,BOM-212,19.041353,72.864057,BOM-318,19.119539,72.847202
09388790,+91-96200-33333,+91-75300-74476,2025-04-29T22:30:00,5,SMS,BKC-112,19.0656,72.8669,BOM-901,19.029255,72.855323
4D4961FB,+91-70420-18520,+91-80720-37230,2025-05-03T12:26:00,1516,VOICE,BOM-702,19.075484,72.877736,BOM-901,19.029653,72.855711
D1A5B24C,+91-75300-65774,+91-91761-53718,2025-05-18T15:16:00,1442,VOICE,BOM-702,19.076226,72.877525,BOM-212,19.041521,72.863569
F874AFA3,+91-88200-76105,+91-89120-42491,2025-05-19T13:07:00,59,SMS,BOM-447,19.044071,72.855955,BOM-621,19.136265,72.829965
C2835618,+91-75300-39137,+91-80720-70920,2025-04-21T21:46:00,728,VOICE,BOM-519,19.066751,72.878002,BOM-103,18.963678,72.8342
8099D66E,+91-87890-93394,+91-75300-46488,2025-05-14T07:35:00,892,VOICE,BOM-447,19.04484,72.855434,BOM-103,18.963274,72.834223
1C47BB11,+91-96200-11111,+91-96200-22222,2025-05-14T13:17:00,407,VOICE,BOM-103,18.963457,72.833709,BOM-519,19.066692,72.878814
210280D0,+91-89120-31920,+91-88200-68170,2025-05-06T07:39:00,1093,VOICE,BOM-212,19.041471,72.863572,BOM-318,19.119828,72.8473
F290E078,+91-93400-10763,+91-70420-71347,2025-05-18T12:29:00,609,VOICE,BOM-244,19.099485,72.849178,BOM-212,19.040991,72.864061
C3DD020F,+91-89120-13458,+91-89120-17883,2025-05-14T13:37:00,41,SMS,BOM-447,19.044785,72.855993,BOM-103,18.963463,72.833853
8DBB542D,+91-89120-79619,+91-75300-71546,2025-04-21T22:52:00,1570,VOICE,BOM-901,19.029561,72.8548,BOM-621,19.136213,72.829626
4708ABD1,+91-77540-69963,+91-89120-43898,2025-04-20T16:32:00,75,VOICE,BOM-103,18.963015,72.833846,BOM-621,19.136434,72.829792
58CD8943,+91-87890-36853,+91-75300-66040,2025-05-19T15:45:00,93,VOICE,BOM-808,19.054765,72.900794,BOM-702,19.076106,72.87758
C4398F88,+91-75300-14095,+91-75300-69581,2025-05-12T17:15:00,620,VOICE,BOM-519,19.066759,72.878289,BOM-621,19.136051,72.829741
150ACA0A,+91-87890-73902,+91-63990-86324,2025-05-19T14:15:00,1045,VOICE,BOM-318,19.119309,72.847201,BOM-702,19.075888,72.877995
3138A4C9,+91-89120-32710,+91-91761-19855,2025-04-21T17:57:00,1755,VOICE,BOM-447,19.044601,72.855805,BOM-318,19.11966,72.846596
52B327D7,+91-77540-39999,+91-80720-48089,2025-04-28T12:04:00,50,SMS,BOM-103,18.962999,72.833712,BOM-702,19.075913,72.878161
E1FE1B69,+91-75300-36451,+91-70420-24841,2025-05-12T10:09:00,1445,VOICE,BOM-702,19.075514,72.877219,BOM-702,19.076371,72.877752
1C0F2E49,+91-70420-35363,+91-93400-81524,2025-04-29T11:02:00,7,SMS,BOM-103,18.963653,72.834494,BOM-318,19.119419,72.846417
FFF048A6,+91-91761-23571,+91-77540-22360,2025-04-26T18:41:00,60,SMS,BOM-103,18.963155,72.834314,BOM-447,19.043936,72.855375
92FF4B3C,+91-89120-56878,+91-89120-47317,2025-05-11T07:24:00,253,VOICE,BOM-244,19.099425,72.849239,BOM-519,19.066714,72.878847
709B33E0,+91-89120-53528,+91-77540-68535,2025-05-07T22:01:00,705,VOICE,BOM-318,19.119587,72.847148,BOM-901,19.029436,72.85552
F6F155B0,+91-96200-22222,+91-63990-52997,2025-04-29T23:21:00,5,SMS,BKC-112,19.0656,72.8669,BOM-702,19.075968,72.877486
2A3277B7,+91-70420-45271,+91-91761-62693,2025-04-29T15:51:00,633,VOICE,BOM-318,19.119299,72.846407,BOM-519,19.066072,72.878125
DA736A90,+91-87890-90105,+91-63990-14168,2025-04-22T17:20:00,1029,VOICE,BOM-447,19.044256,72.85626,BOM-103,18.963357,72.834188
FC4D5697,+91-77540-54533,+91-91761-56354,2025-05-08T09:51:00,1666,VOICE,BOM-808,19.054675,72.900041,BOM-808,19.054255,72.90008
74653772,+91-80720-21266,+91-88200-16562,2025-04-29T23:49:00,1121,VOICE,BOM-808,19.054638,72.900906,BOM-901,19.029358,72.855586
AE058E7D,+91-88200-41789,+91-88200-62287,2025-04-20T15:38:00,347,VOICE,BOM-244,19.098589,72.849105,BOM-244,19.099079,72.849086
AB4463E6,+91-77540-83928,+91-70420-31791,2025-04-15T10:12:00,58,SMS,BOM-702,19.075697,72.87774,BOM-519,19.066448,72.87826
FF7B257A,+91-77540-40403,+91-93400-98703,2025-05-12T08:32:00,1433,VOICE,BOM-519,19.065905,72.878609,BOM-519,19.066106,72.878278
FA61723D,+91-80720-56488,+91-87890-13805,2025-05-07T22:08:00,992,VOICE,BOM-621,19.13605,72.829308,BOM-212,19.041887,72.863214
9FC16F0A,+91-70420-21453,+91-70420-92567,2025-04-27T12:32:00,190,VOICE,BOM-212,19.040966,72.863206,BOM-519,19.066411,72.878362
220B2B7B,+91-75300-63538,+91-80720-59735,2025-05-09T15:35:00,18,SMS,BOM-621,19.136241,72.829236,BOM-621,19.136103,72.829816
4053AA31,+91-77540-34127,+91-91761-69981,2025-04-20T08:37:00,1592,VOICE,BOM-702,19.076142,72.877902,BOM-621,19.136167,72.829689
90EE74CD,+91-88200-67686,+91-91761-93147,2025-05-14T09:04:00,681,VOICE,BOM-808,19.054593,72.900277,BOM-901,19.0298,72.854867
DE95E749,+91-80720-25563,+91-87890-49970,2025-05-08T07:00:00,5,SMS,BOM-447,19.044643,72.856189,BOM-318,19.11957,72.846644
0A1D5D56,+91-91761-72409,+91-91761-84401,2025-04-15T23:36:00,1219,VOICE,BOM-447,19.044111,72.856054,BOM-103,18.962906,72.83406
A6FE285C,+91-75300-70321,+91-77540-21038,2025-05-07T11:26:00,1714,VOICE,BOM-808,19.054312,72.900609,BOM-447,19.044124,72.855851
7F41EEA4,+91-96200-11111,+91-96200-44444,2025-05-20T10:46:00,1440,VOICE,BOM-212,19.04168,72.864172,BOM-901,19.029912,72.85504
CA333D94,+91-77540-50398,+91-80720-19592,2025-04-21T16:17:00,1418,VOICE,BOM-901,19.029411,72.855132,BOM-318,19.119557,72.847174
FE7DA25B,+91-89120-58070,+91-87890-58550,2025-05-03T09:25:00,1701,VOICE,BOM-318,19.119418,72.847227,BOM-621,19.135986,72.829476
C7B51CDE,+91-89120-33485,+91-87890-44214,2025-04-29T11:12:00,1151,VOICE,BOM-318,19.119207,72.847182,BOM-244,19.098552,72.849438
B24B4990,+91-88200-15093,+91-75300-76350,2025-04-29T18:48:00,31,SMS,BOM-621,19.136075,72.829171,BOM-447,19.044607,72.855439
F2999112,+91-75300-26232,+91-77540-11963,2025-04-26T13:25:00,52,SMS,BOM-212,19.041214,72.863242,BOM-901,19.029504,72.855731
B7A7081D,+91-77540-70148,+91-63990-48656,2025-05-09T09:05:00,349,VOICE,BOM-244,19.099017,72.848712,BOM-519,19.066737,72.878327
B4065913,+91-63990-24125,+91-87890-85042,2025-04-17T16:43:00,1132,VOICE,BOM-621,19.135867,72.829234,BOM-212,19.041058,72.864027
6CE9A8A7,+91-77540-30969,+91-89120-23323,2025-05-05T18:01:00,52,SMS,BOM-212,19.041325,72.863656,BOM-702,19.075689,72.87747
555F82B8,+91-93400-68343,+91-93400-98031,2025-04-19T12:46:00,32,SMS,BOM-318,19.119588,72.847142,BOM-447,19.044383,72.855468
EE2EE067,+91-75300-21849,+91-75300-62036,2025-05-18T09:39:00,604,VOICE,BOM-318,19.120036,72.846528,BOM-103,18.963577,72.834529
5B69B113,+91-96200-11111,+91-96200-33333,2025-05-04T15:43:00,39,SMS,BOM-318,19.120199,72.847208,BOM-447,19.044168,72.855319
835341BB,+91-75300-31893,+91-89120-69431,2025-04-18T19:21:00,186,VOICE,BOM-901,19.029571,72.855286,BOM-519,19.066327,72.878104
5F5A6B8B,+91-80720-69751,+91-87890-13674,2025-05-11T17:28:00,870,VOICE,BOM-212,19.041872,72.864118,BOM-519,19.066704,72.878036
04AE1FD1,+91-88200-88804,+91-70420-95521,2025-04-16T23:40:00,1546,VOICE,BOM-212,19.041226,72.863384,BOM-318,19.120139,72.847284
16EDBFE7,+91-75300-82595,+91-93400-85610,2025-04-22T23:01:00,19,SMS,BOM-318,19.119247,72.846901,BOM-103,18.963696,72.834347
6AA9B56D,+91-91761-19827,+91-80720-98628,2025-04-24T10:31:00,1221,VOICE,BOM-447,19.044566,72.8554,BOM-808,19.054664,72.900147
B37A8995,+91-70420-86593,+91-87890-78541,2025-05-08T16:44:00,1509,VOICE,BOM-621,19.136367,72.829363,BOM-212,19.041002,72.863706
3FE3AF35,+91-88200-86089,+91-70420-29127,2025-04-29T10:16:00,212,VOICE,BOM-901,19.029575,72.855755,BOM-808,19.05492,72.900473
17F0568D,+91-75300-17162,+91-89120-71024,2025-05-04T07:21:00,1176,VOICE,BOM-103,18.963428,72.833759,BOM-901,19.029874,72.855693
0581F3D0,+91-88200-83075,+91-88200-76904,2025-05-05T09:42:00,1370,VOICE,BOM-702,19.075647,72.877701,BOM-103,18.963113,72.834214
8BCB89C7,+91-80720-57650,+91-93400-89512,2025-05-13T12:38:00,620,VOICE,BOM-103,18.962998,72.834699,BOM-901,19.02975,72.85506
E26CE398,+91-91761-68678,+91-88200-41378,2025-05-03T21:23:00,214,VOICE,BOM-318,19.120131,72.846484,BOM-901,19.029526,72.85528
10FC3011,+91-70420-95001,+91-77540-84242,2025-05-14T22:28:00,956,VOICE,BOM-901,19.030021,72.855711,BOM-447,19.04452,72.855414
3A8B51ED,+91-87890-33781,+91-87890-41159,2025-04-22T07:29:00,230,VOICE,BOM-621,19.136228,72.829231,BOM-901,19.029606,72.855546
405D43D5,+91-96200-33333,+91-96200-44444,2025-05-16T17:48:00,391,VOICE,BOM-621,19.136006,72.8297,BOM-212,19.041041,72.864029
367A1E1E,+91-89120-82729,+91-93400-47443,2025-04-22T13:19:00,1694,VOICE,BOM-901,19.029939,72.85485,BOM-212,19.041768,72.863673
2886C78F,+91-91761-77214,+91-75300-95331,2025-05-07T16:52:00,480,VOICE,BOM-621,19.136383,72.829791,BOM-244,19.098947,72.849309
82D3BD10,+91-88200-60881,+91-87890-27162,2025-04-25T19:57:00,517,VOICE,BOM-244,19.098733,72.848673,BOM-447,19.044459,72.855778
AC5CF0E8,+91-70420-57560,+91-93400-14072,2025-04-29T15:25:00,1064,VOICE,BOM-702,19.075764,72.877948,BOM-318,19.120024,72.846533
19BB0D05,+91-89120-14493,+91-77540-37101,2025-05-15T22:28:00,676,VOICE,BOM-901,19.029678,72.855452,BOM-519,19.066467,72.878665
F60AF31A,+91-89120-64640,+91-87890-20327,2025-05-05T09:47:00,274,VOICE,BOM-702,19.076266,72.878165,BOM-212,19.041489,72.864155
ABC787C4,+91-80720-80782,+91-93400-44260,2025-05-14T19:25:00,21,SMS,BOM-447,19.044362,72.855801,BOM-212,19.041023,72.863665
AB6CBEFF,+91-63990-18593,+91-70420-49346,2025-05-15T11:26:00,473,VOICE,BOM-621,19.135622,72.829901,BOM-519,19.065956,72.878374
E4183D3C,+91-91761-92923,+91-93400-96205,2025-05-17T10:56:00,598,VOICE,BOM-244,19.098691,72.849053,BOM-702,19.075739,72.877802
878B456B,+91-75300-46372,+91-91761-33578,2025-05-12T18:29:00,910,VOICE,BOM-702,19.07588,72.877528,BOM-808,19.054274,72.900316
EF802CD1,+91-77540-45153,+91-88200-24413,2025-05-09T22:06:00,93,VOICE,BOM-447,19.044351,72.855861,BOM-212,19.041794,72.863378
7DEB7C5E,+91-75300-52944,+91-91761-11987,2025-05-15T08:12:00,61,VOICE,BOM-702,19.07568,72.877747,BOM-519,19.066499,72.878621
D3AC212F,+91-70420-85095,+91-63990-90810,2025-05-11T14:00:00,1549,VOICE,BOM-808,19.054844,72.900362,BOM-447,19.044556,72.855743
6DE8C35F,+91-70420-93060,+91-88200-57548,2025-04-26T22:35:00,14,SMS,BOM-103,18.96334,72.834669,BOM-103,18.963481,72.834398
829A6CC5,+91-93400-53454,+91-89120-30988,2025-05-09T18:15:00,51,SMS,BOM-808,19.054962,72.900141,BOM-519,19.066667,72.878003
C8F9935F,+91-87890-79820,+91-75300-69469,2025-05-15T12:47:00,17,SMS,BOM-702,19.076289,72.87729,BOM-808,19.054131,72.900279
6A6E09DB,+91-80720-25216,+91-63990-63340,2025-04-17T08:16:00,1182,VOICE,BOM-702,19.076173,72.877562,BOM-212,19.041619,72.863226
AEB229BE,+91-87890-24024,+91-75300-18618,2025-05-13T08:58:00,54,VOICE,BOM-808,19.054617,72.900389,BOM-318,19.119627,72.846643
DF6D14C4,+91-89120-28559,+91-87890-15199,2025-05-09T17:55:00,358,VOICE,BOM-212,19.041809,72.86335,BOM-447,19.044062,72.855615
8223EC32,+91-63990-56599,+91-89120-70203,2025-04-27T10:34:00,53,SMS,BOM-901,19.029534,72.855747,BOM-702,19.075534,72.877339
AB30F7DC,+91-80720-28461,+91-80720-98291,2025-05-17T12:04:00,6,SMS,BOM-103,18.963289,72.83469,BOM-244,19.099093,72.849475
471B310D,+91-87890-45672,+91-91761-17624,2025-04-20T21:57:00,1025,VOICE,BOM-447,19.044608,72.855984,BOM-901,19.029484,72.855495
689DDC79,+91-80720-47985,+91-93400-80645,2025-05-07T22:04:00,1063,VOICE,BOM-808,19.054571,72.900305,BOM-621,19.136172,72.830031
88FFE8E9,+91-63990-87020,+91-80720-69297,2025-05-19T19:42:00,17,SMS,BOM-519,19.066265,72.878231,BOM-318,19.119266,72.846435
903794A7,+91-89120-13748,+91-91761-79262,2025-05-02T08:49:00,21,SMS,BOM-318,19.119447,72.846427,BOM-901,19.029543,72.85564
A830FBE6,+91-96200-22222,+91-96200-33333,2025-05-15T13:41:00,772,VOICE,BOM-103,18.963527,72.833825,BOM-212,19.041745,72.863998
6CCDA573,+91-93400-97948,+91-70420-23835,2025-05-20T19:58:00,38,VOICE,BOM-318,19.119877,72.846595,BOM-103,18.963615,72.834524
6578A216,+91-80720-47603,+91-87890-45417,2025-05-01T07:20:00,46,SMS,BOM-621,19.135942,72.829538,BOM-318,19.119334,72.846316
34335331,+91-89120-87360,+91-87890-71922,2025-05-10T17:39:00,732,VOICE,BOM-901,19.029501,72.854868,BOM-447,19.044554,72.855459
683F1D14,+91-77540-56730,+91-77540-56500,2025-05-17T12:55:00,495,VOICE,BOM-244,19.098767,72.849432,BOM-103,18.963743,72.834621
084AF903,+91-91761-17236,+91-89120-44978,2025-04-19T09:31:00,60,SMS,BOM-318,19.119395,72.84636,BOM-447,19.044408,72.855797
3D9FABB0,+91-70420-71252,+91-89120-13374,2025-05-08T22:13:00,44,SMS,BOM-212,19.041057,72.863276,BOM-447,19.044739,72.856031
623381BA,+91-96200-11111,+91-96200-22222,2025-04-29T17:24:00,553,VOICE,BOM-244,19.099369,72.849126,BOM-621,19.136229,72.82998
37923881,+91-93400-38524,+91-63990-87407,2025-04-27T15:43:00,1062,VOICE,BOM-621,19.135975,72.829101,BOM-808,19.054204,72.900581
99788F7C,+91-77540-60397,+91-88200-98783,2025-04-22T12:44:00,912,VOICE,BOM-318,19.119405,72.846817,BOM-808,19.054076,72.900298
7BB39F61,+91-91761-13389,+91-87890-57251,2025-04-25T11:51:00,982,VOICE,BOM-901,19.029852,72.855066,BOM-901,19.029418,72.855301
5D7BEBFA,+91-96200-11111,+91-96200-22222,2025-04-30T23:23:00,448,VOICE,BOM-519,19.066224,72.878254,BOM-103,18.963773,72.834425
43FEFB93,+91-80720-62663,+91-87890-67641,2025-05-17T19:01:00,751,VOICE,BOM-702,19.075617,72.877527,BOM-447,19.044061,72.855505
1237E8B7,+91-75300-14376,+91-88200-70183,2025-05-15T23:43:00,873,VOICE,BOM-318,19.119439,72.846494,BOM-621,19.135993,72.829271
5AFBFE63,+91-63990-75899,+91-70420-44368,2025-05-04T07:56:00,845,VOICE,BOM-244,19.099266,72.848701,BOM-244,19.098589,72.848593
89B8DC96,+91-91761-71965,+91-91761-22971,2025-04-16T16:55:00,133,VOICE,BOM-103,18.963411,72.834129,BOM-702,19.076007,72.878014
24A0CDA9,+91-77540-91268,+91-93400-81751,2025-04-18T16:13:00,1047,VOICE,BOM-519,19.065927,72.878291,BOM-318,19.11927,72.847
12C68AD9,+91-91761-75137,+91-77540-62300,2025-04-23T11:38:00,479,VOICE,BOM-447,19.044841,72.855549,BOM-212,19.041509,72.863208
F2A33760,+91-75300-47952,+91-88200-40224,2025-04-18T21:16:00,1540,VOICE,BOM-621,19.13567,72.829664,BOM-901,19.029565,72.855138
0F0C53DB,+91-70420-68244,+91-70420-44993,2025-04-15T17:04:00,35,SMS,BOM-447,19.044504,72.855307,BOM-212,19.041741,72.864183
15F3CA57,+91-93400-48315,+91-70420-11124,2025-04-29T07:34:00,35,VOICE,BOM-447,19.044667,72.856032,BOM-244,19.099042,72.849096
C63A1E07,+91-77540-39814,+91-75300-19137,2025-05-19T10:20:00,544,VOICE,BOM-621,19.136079,72.829286,BOM-519,19.066105,72.878392
A84809C1,+91-70420-29726,+91-91761-95376,2025-04-28T13:12:00,1132,VOICE,BOM-621,19.136144,72.829119,BOM-808,19.05404,72.90021
DBA390CA,+91-96200-33333,+91-96200-44444,2025-04-25T09:04:00,21,SMS,BOM-702,19.076034,72.877855,BOM-808,19.054803,72.900145
7556529A,+91-87890-30174,+91-88200-76747,2025-04-30T09:26:00,743,VOICE,BOM-519,19.06627,72.878335,BOM-621,19.135609,72.829954
E4FC2298,+91-91761-39351,+91-75300-28292,2025-05-10T07:16:00,193,VOICE,BOM-244,19.098707,72.848964,BOM-244,19.098796,72.849229
7EC264DD,+91-87890-67086,+91-70420-89734,2025-05-03T18:25:00,28,SMS,BOM-103,18.96282,72.834346,BOM-621,19.136393,72.829318
1EC42AA3,+91-75300-30886,+91-88200-14907,2025-04-28T12:00:00,874,VOICE,BOM-212,19.041125,72.864035,BOM-808,19.054222,72.900541
70C06F4E,+91-89120-89109,+91-91761-28540,2025-05-14T09:23:00,1014,VOICE,BOM-808,19.054608,72.900795,BOM-702,19.075684,72.878097
0CE13ADA,+91-70420-49590,+91-89120-34352,2025-05-20T19:40:00,48,SMS,BOM-244,19.098836,72.84854,BOM-808,19.054162,72.900274
0C5A7675,+91-87890-96006,+91-89120-72367,2025-05-19T10:15:00,806,VOICE,BOM-212,19.041444,72.863683,BOM-318,19.120067,72.846823
C10358EF,+91-80720-47791,+91-93400-72602,2025-05-01T18:28:00,1339,VOICE,BOM-519,19.065974,72.877956,BOM-212,19.041872,72.863321
CBA61E94,+91-87890-18558,+91-80720-21525,2025-05-11T12:36:00,1101,VOICE,BOM-621,19.136367,72.829433,BOM-103,18.963592,72.834118
54A4451F,+91-87890-49712,+91-70420-90621,2025-04-27T12:22:00,596,VOICE,BOM-702,19.076051,72.877229,BOM-447,19.0445,72.855972
86C01D7D,+91-91761-78084,+91-88200-38067,2025-04-16T19:47:00,538,VOICE,BOM-519,19.066652,72.878145,BOM-519,19.066477,72.877927
4C94CCB4,+91-77540-40849,+91-87890-66169,2025-04-18T07:24:00,683,VOICE,BOM-621,19.135856,72.829756,BOM-519,19.066618,72.87822
E3EE98B7,+91-70420-37394,+91-88200-95262,2025-04-28T15:37:00,269,VOICE,BOM-519,19.066266,72.878622,BOM-318,19.119738,72.846489
8F76F912,+91-88200-38347,+91-77540-45817,2025-05-03T17:05:00,1246,VOICE,BOM-519,19.066788,72.878442,BOM-702,19.076386,72.877287
ADC833C1,+91-91761-50510,+91-91761-65880,2025-05-13T14:36:00,1413,VOICE,BOM-621,19.136281,72.829316,BOM-212,19.041077,72.863895
18CBA11F,+91-89120-51390,+91-89120-53809,2025-04-21T11:45:00,855,VOICE,BOM-808,19.05481,72.900165,BOM-901,19.029371,72.855052
29DF8A71,+91-88200-81627,+91-87890-33082,2025-04-16T21:24:00,1684,VOICE,BOM-318,19.120151,72.846321,BOM-244,19.098557,72.848606
6EE2A59F,+91-87890-85557,+91-70420-45239,2025-04-28T16:30:00,1146,VOICE,BOM-103,18.963182,72.834234,BOM-621,19.135851,72.8296
99456845,+91-70420-16968,+91-75300-62033,2025-04-26T18:47:00,10,SMS,BOM-318,19.119223,72.84692,BOM-519,19.06661,72.878075
A751F54A,+91-80720-57534,+91-87890-12519,2025-05-20T14:21:00,18,SMS,BOM-447,19.044643,72.855584,BOM-702,19.075502,72.877463
23351E66,+91-88200-69640,+91-88200-92724,2025-05-17T12:35:00,1166,VOICE,BOM-103,18.962899,72.834294,BOM-702,19.075788,72.877439
314A81AD,+91-63990-74039,+91-80720-18643,2025-04-30T19:16:00,1340,VOICE,BOM-244,19.098866,72.848893,BOM-318,19.119741,72.846382
F520BDD8,+91-93400-87432,+91-70420-22479,2025-05-01T22:51:00,859,VOICE,BOM-103,18.963311,72.834306,BOM-519,19.065934,72.878712
B2483F18,+91-93400-29155,+91-93400-98408,2025-05-06T09:46:00,45,SMS,BOM-808,19.05466,72.900847,BOM-447,19.044367,72.856176
C9653697,+91-80720-31987,+91-77540-33097,2025-04-26T18:25:00,17,SMS,BOM-447,19.044627,72.855594,BOM-244,19.098935,72.848978
209D3E92,+91-96200-22222,+91-96200-33333,2025-05-05T11:19:00,888,VOICE,BOM-702,19.075535,72.87748,BOM-447,19.044207,72.855685
70538343,+91-87890-75343,+91-75300-79300,2025-04-20T19:07:00,15,SMS,BOM-519,19.066698,72.878399,BOM-212,19.041409,72.86399
410DEA03,+91-77540-20071,+91-75300-60702,2025-05-08T15:46:00,441,VOICE,BOM-901,19.029861,72.855065,BOM-519,19.066302,72.878257
86E37886,+91-93400-44563,+91-80720-56578,2025-05-17T17:35:00,1214,VOICE,BOM-519,19.066191,72.877949,BOM-702,19.076064,72.877392
7E288338,+91-91761-39799,+91-63990-46033,2025-05-05T07:24:00,360,VOICE,BOM-702,19.076283,72.877741,BOM-212,19.041745,72.864072
2E960E4A,+91-63990-96468,+91-87890-73551,2025-05-17T10:14:00,1270,VOICE,BOM-447,19.043907,72.8556,BOM-318,19.120184,72.846702
5A823D2B,+91-96200-11111,+91-96200-22222,2025-05-01T11:24:00,14,SMS,BOM-808,19.054586,72.900388,BOM-318,19.119936,72.847053
1F3038C9,+91-70420-71476,+91-88200-60190,2025-04-28T10:10:00,536,VOICE,BOM-318,19.11958,72.847141,BOM-702,19.076383,72.877656
AF17ABA2,+91-75300-26572,+91-91761-55040,2025-05-01T10:29:00,1219,VOICE,BOM-621,19.136274,72.82966,BOM-519,19.066549,72.878146
C5553EC6,+91-77540-31933,+91-91761-36214,2025-05-13T17:48:00,459,VOICE,BOM-621,19.135742,72.829292,BOM-318,19.119272,72.846432
BCFD049E,+91-88200-62208,+91-75300-83504,2025-04-28T16:07:00,1340,VOICE,BOM-808,19.05468,72.900216,BOM-621,19.136171,72.829681
555A1AD9,+91-80720-11448,+91-87890-84525,2025-04-18T13:36:00,812,VOICE,BOM-447,19.04422,72.855486,BOM-244,19.098776,72.849374
C5500F61,+91-91761-62224,+91-77540-63972,2025-05-11T22:24:00,854,VOICE,BOM-621,19.135524,72.829107,BOM-244,19.09871,72.848746
C504E351,+91-77540-64634,+91-70420-41288,2025-04-24T10:19:00,1523,VOICE,BOM-808,19.054319,72.900282,BOM-244,19.099468,72.849209
AA845A27,+91-91761-87017,+91-89120-75664,2025-04-16T15:08:00,757,VOICE,BOM-808,19.054158,72.900654,BOM-103,18.963532,72.834262
10E57F7F,+91-96200-11111,+91-96200-44444,2025-04-21T12:48:00,49,SMS,BOM-702,19.075647,72.878028,BOM-519,19.066343,72.878015
FB29C5A6,+91-87890-84920,+91-89120-94988,2025-05-10T13:00:00,680,VOICE,BOM-808,19.054644,72.900912,BOM-519,19.066272,72.878358
31A318FE,+91-80720-86087,+91-77540-52774,2025-05-15T08:45:00,974,VOICE,BOM-318,19.119322,72.846944,BOM-621,19.135508,72.829936
6EC3C653,+91-80720-13707,+91-70420-25607,2025-05-13T15:32:00,522,VOICE,BOM-212,19.041478,72.863235,BOM-244,19.099424,72.84931
3F10DDA2,+91-80720-54346,+91-89120-52524,2025-05-13T19:39:00,56,SMS,BOM-318,19.119553,72.846677,BOM-808,19.054193,72.900034
174A1241,+91-91761-29549,+91-91761-15479,2025-04-15T15:16:00,797,VOICE,BOM-103,18.963495,72.834127,BOM-702,19.076228,72.878084
B7A9CAD4,+91-80720-97470,+91-93400-59336,2025-04-30T20:08:00,41,SMS,BOM-244,19.098579,72.849194,BOM-702,19.075883,72.877228
3F237136,+91-88200-41547,+91-70420-28759,2025-04-29T17:21:00,403,VOICE,BOM-901,19.029234,72.854882,BOM-901,19.029996,72.854844
C2945B65,+91-77540-35343,+91-93400-72091,2025-05-12T09:15:00,35,SMS,BOM-244,19.098616,72.848521,BOM-519,19.066559,72.878703
4FABF5B1,+91-63990-68820,+91-87890-84331,2025-05-16T19:03:00,1371,VOICE,BOM-621,19.135619,72.829822,BOM-808,19.054433,72.900453
B2C6BC9C,+91-80720-33620,+91-75300-40871,2025-04-25T11:00:00,45,SMS,BOM-212,19.041805,72.863452,BOM-212,19.041347,72.864069
5A225005,+91-80720-57716,+91-75300-45953,2025-04-24T20:03:00,906,VOICE,BOM-901,19.029496,72.855478,BOM-702,19.075487,72.877861
205B17A4,+91-70420-53705,+91-87890-65282,2025-05-20T14:41:00,33,SMS,BOM-621,19.136128,72.829377,BOM-808,19.054351,72.900536
5E5B0D97,+91-96200-11111,+91-96200-22222,2025-05-17T09:40:00,379,VOICE,BOM-103,18.962918,72.834272,BOM-901,19.029278,72.855247
EE395D13,+91-88200-70119,+91-70420-89246,2025-05-15T19:12:00,1268,VOICE,BOM-318,19.119409,72.846492,BOM-519,19.066149,72.878779
7752603D,+91-70420-43978,+91-91761-83479,2025-05-13T07:14:00,46,SMS,BOM-808,19.054969,72.900234,BOM-808,19.05441,72.900018
C8DBAF09,+91-87890-65567,+91-77540-97717,2025-05-14T10:28:00,1256,VOICE,BOM-447,19.044515,72.85628,BOM-702,19.075558,72.878159
C23BA96F,+91-70420-79433,+91-93400-56476,2025-04-28T15:56:00,92,VOICE,BOM-244,19.098976,72.848982,BOM-621,19.135921,72.829883
ACA27608,+91-88200-48511,+91-63990-38161,2025-05-15T11:39:00,1230,VOICE,BOM-244,19.099337,72.848667,BOM-447,19.044552,72.855705
E6F58820,+91-75300-81813,+91-70420-19331,2025-04-15T08:40:00,1581,VOICE,BOM-212,19.04123,72.863301,BOM-621,19.136241,72.829766
39766EE3,+91-88200-58976,+91-77540-45750,2025-05-13T08:17:00,564,VOICE,BOM-447,19.04461,72.855545,BOM-702,19.07617,72.877383
E41D0E02,+91-80720-42956,+91-80720-55448,2025-04-27T07:42:00,48,SMS,BOM-103,18.96369,72.833898,BOM-447,19.044123,72.856129
3071DEE0,+91-87890-36902,+91-75300-44958,2025-04-16T08:27:00,1460,VOICE,BOM-212,19.041537,72.863895,BOM-621,19.136259,72.829625
DDE82AAD,+91-93400-24000,+91-80720-41283,2025-05-02T13:14:00,401,VOICE,BOM-318,19.119211,72.846406,BOM-447,19.044376,72.855447
022F8449,+91-93400-61685,+91-91761-45110,2025-05-05T23:03:00,1786,VOICE,BOM-447,19.044039,72.856034,BOM-621,19.136171,72.829529
D2E28766,+91-88200-34942,+91-63990-41339,2025-05-14T17:38:00,466,VOICE,BOM-318,19.11947,72.847041,BOM-808,19.054552,72.900797
2C725981,+91-88200-49881,+91-93400-96152,2025-05-15T20:43:00,826,VOICE,BOM-103,18.963366,72.834075,BOM-901,19.029781,72.855651
47B49905,+91-70420-11828,+91-91761-60500,2025-05-08T08:05:00,1282,VOICE,BOM-244,19.098556,72.849172,BOM-103,18.963479,72.8343
B518B2E8,+91-87890-89487,+91-80720-14530,2025-04-16T10:18:00,1058,VOICE,BOM-318,19.120146,72.8473,BOM-103,18.963186,72.834609
DFEFD6E7,+91-80720-62333,+91-70420-50292,2025-04-17T10:50:00,1583,VOICE,BOM-808,19.054845,72.900052,BOM-519,19.066768,72.878463
A1F998A3,+91-89120-29301,+91-63990-26106,2025-04-24T20:16:00,555,VOICE,BOM-447,19.044339,72.855848,BOM-447,19.044532,72.855492
14803DE7,+91-70420-59861,+91-89120-49746,2025-05-11T19:25:00,47,SMS,BOM-447,19.044201,72.8563,BOM-901,19.029186,72.855357
A4701697,+91-96200-22222,+91-96200-11111,2025-05-08T15:44:00,941,VOICE,BOM-808,19.054895,72.900602,BOM-212,19.041364,72.864085
517C75EC,+91-63990-20928,+91-89120-84928,2025-05-15T07:05:00,682,VOICE,BOM-621,19.136361,72.829899,BOM-808,19.054877,72.900744
36F71B34,+91-93400-16957,+91-75300-45031,2025-05-01T18:41:00,47,VOICE,BOM-808,19.054288,72.900374,BOM-318,19.119526,72.846405
87F5F07C,+91-70420-27665,+91-89120-92192,2025-04-22T07:25:00,21,SMS,BOM-519,19.066209,72.878784,BOM-244,19.098888,72.848992
223B1B4D,+91-88200-33555,+91-70420-39604,2025-04-25T10:17:00,1392,VOICE,BOM-702,19.076029,72.878074,BOM-212,19.041513,72.863336
7E0D4D17,+91-89120-45252,+91-89120-74318,2025-05-11T17:53:00,625,VOICE,BOM-447,19.044868,72.855574,BOM-901,19.029317,72.855115
B04641AA,+91-70420-11053,+91-89120-12190,2025-05-19T14:30:00,1798,VOICE,BOM-244,19.099406,72.848529,BOM-808,19.054199,72.900644
7AA29B4A,+91-75300-73742,+91-63990-85073,2025-04-24T07:47:00,14,SMS,BOM-621,19.135859,72.829138,BOM-244,19.099363,72.848997
693C06FE,+91-70420-97071,+91-77540-53066,2025-05-16T21:32:00,869,VOICE,BOM-103,18.963369,72.834184,BOM-212,19.041707,72.863769
0FEAF7B1,+91-91761-23703,+91-75300-58447,2025-05-10T13:06:00,1364,VOICE,BOM-621,19.136166,72.829368,BOM-808,19.054502,72.90089
65A4AA27,+91-96200-33333,+91-96200-44444,2025-04-29T22:39:00,65,VOICE,BKC-112,19.0656,72.8669,BKC-112,19.0656,72.8669
01D3D0B9,+91-77540-74506,+91-70420-21709,2025-04-15T23:19:00,605,VOICE,BOM-103,18.962963,72.833742,BOM-244,19.099137,72.849162
2CCA369D,+91-91761-38676,+91-77540-96442,2025-04-30T10:51:00,1079,VOICE,BOM-447,19.044173,72.856088,BOM-244,19.099127,72.849085
5CE6595E,+91-70420-88386,+91-87890-62321,2025-05-08T15:56:00,635,VOICE,BOM-901,19.029326,72.854854,BOM-212,19.041553,72.863673
81CB9C1E,+91-77540-56572,+91-70420-16163,2025-04-25T08:56:00,33,SMS,BOM-808,19.054354,72.900541,BOM-103,18.962853,72.83416
9F05A0E1,+91-89120-47005,+91-80720-82647,2025-04-19T23:16:00,40,SMS,BOM-808,19.054142,72.900509,BOM-447,19.044108,72.856263
8D3DE89D,+91-77540-48855,+91-87890-44288,2025-04-23T09:23:00,1369,VOICE,BOM-621,19.136319,72.829432,BOM-621,19.135846,72.830035
678425DB,+91-63990-94820,+91-89120-79349,2025-05-14T23:26:00,836,VOICE,BOM-901,19.030068,72.855255,BOM-621,19.135618,72.829749
8840A6A7,+91-88200-75056,+91-87890-84085,2025-05-03T08:24:00,1242,VOICE,BOM-318,19.119959,72.846364,BOM-447,19.043985,72.855674
4B494158,+91-70420-35278,+91-80720-67058,2025-04-29T18:37:00,235,VOICE,BOM-103,18.963424,72.834604,BOM-212,19.041428,72.863744
F2C05D85,+91-63990-57465,+91-70420-66940,2025-05-07T13:28:00,1163,VOICE,BOM-901,19.029133,72.855739,BOM-621,19.135817,72.830014
F358D358,+91-75300-76088,+91-77540-62336,2025-04-16T10:46:00,734,VOICE,BOM-212,19.04154,72.863283,BOM-519,19.066028,72.87842
8BC546B2,+91-87890-93950,+91-89120-18302,2025-05-10T07:40:00,53,SMS,BOM-244,19.099429,72.849422,BOM-103,18.963133,72.834196
5D52DA6C,+91-80720-64071,+91-87890-82666,2025-05-01T09:52:00,189,VOICE,BOM-901,19.029581,72.855532,BOM-901,19.02929,72.855159
DBFFAD54,+91-80720-51653,+91-89120-92342,2025-04-29T23:33:00,22,SMS,BOM-808,19.054862,72.900237,BOM-808,19.054173,72.900207
64D25D26,+91-77540-94945,+91-63990-62851,2025-04-21T16:50:00,657,VOICE,BOM-702,19.075708,72.877524,BOM-702,19.075746,72.877799
F79A4CE5,+91-80720-92514,+91-88200-32791,2025-04-24T11:35:00,54,VOICE,BOM-621,19.136014,72.82952,BOM-901,19.029872,72.854945
6A8B0AB2,+91-70420-21543,+91-63990-64099,2025-05-14T14:33:00,277,VOICE,BOM-702,19.07614,72.877408,BOM-702,19.075759,72.877345
EE636A0A,+91-87890-40379,+91-70420-13425,2025-05-02T10:48:00,1179,VOICE,BOM-702,19.075837,72.87754,BOM-103,18.962825,72.834024
72D2145F,+91-96200-11111,+91-96200-22222,2025-05-17T12:46:00,1443,VOICE,BOM-519,19.066014,72.87812,BOM-702,19.076315,72.878064
582650BB,+91-70420-74804,+91-75300-77042,2025-05-19T09:23:00,47,SMS,BOM-244,19.099323,72.849221,BOM-901,19.029536,72.855743
3C546FF5,+91-87890-69485,+91-77540-50143,2025-04-30T19:35:00,1656,VOICE,BOM-901,19.029529,72.855627,BOM-808,19.054874,72.900966
DE8FAB26,+91-87890-47857,+91-75300-74233,2025-04-17T17:20:00,1547,VOICE,BOM-702,19.075474,72.877662,BOM-447,19.043948,72.856255
E0BFF2D3,+91-70420-79890,+91-80720-77509,2025-05-05T07:27:00,302,VOICE,BOM-447,19.044421,72.855675,BOM-212,19.041262,72.863393
BEBE50F1,+91-96200-22222,+91-96200-11111,2025-05-12T10:51:00,87,VOICE,BOM-808,19.054095,72.900732,BOM-103,18.963444,72.834017
5563C5D8,+91-75300-83882,+91-93400-68488,2025-05-08T19:15:00,812,VOICE,BOM-103,18.963771,72.83394,BOM-212,19.041714,72.863804
16F01B5B,+91-91761-92837,+91-63990-50392,2025-05-08T20:02:00,146,VOICE,BOM-702,19.076101,72.877585,BOM-808,19.054339,72.900288
C02C42FF,+91-88200-28811,+91-70420-65171,2025-04-21T07:11:00,579,VOICE,BOM-244,19.098929,72.848501,BOM-808,19.054626,72.900656
4F03F8E7,+91-87890-41321,+91-77540-91715,2025-05-10T14:45:00,527,VOICE,BOM-103,18.962911,72.834594,BOM-212,19.041764,72.863955
05CE2DC9,+91-87890-13228,+91-63990-74462,2025-05-08T19:33:00,47,SMS,BOM-519,19.066206,72.878192,BOM-447,19.044684,72.855633
E0889514,+91-75300-80573,+91-91761-86289,2025-05-16T20:00:00,375,VOICE,BOM-244,19.098788,72.849426,BOM-702,19.075928,72.877429
7D4FCFD5,+91-91761-55443,+91-89120-76837,2025-04-29T16:10:00,35,SMS,BOM-702,19.075782,72.877903,BOM-702,19.075692,72.877637
7EC2CB59,+91-93400-72872,+91-91761-55010,2025-05-04T10:44:00,370,VOICE,BOM-702,19.07606,72.877392,BOM-212,19.041042,72.863307
74A6C28B,+91-77540-28759,+91-63990-97568,2025-05-18T12:49:00,731,VOICE,BOM-621,19.136473,72.829834,BOM-447,19.044584,72.855451
3B4FD66B,+91-63990-67774,+91-80720-75253,2025-04-15T09:59:00,24,SMS,BOM-702,19.07557,72.87807,BOM-901,19.02931,72.854942
0384B908,+91-70420-33021,+91-91761-48246,2025-05-20T16:36:00,1011,VOICE,BOM-447,19.044359,72.855989,BOM-901,19.029377,72.854938
BE56B905,+91-77540-27435,+91-77540-32428,2025-04-16T07:12:00,40,SMS,BOM-318,19.11971,72.846791,BOM-244,19.098851,72.849204
48F6A216,+91-75300-25714,+91-70420-68715,2025-04-20T15:56:00,1330,VOICE,BOM-244,19.098815,72.84882,BOM-244,19.09853,72.849355
82FC9080,+91-75300-23098,+91-87890-67459,2025-05-12T11:06:00,379,VOICE,BOM-103,18.963797,72.834105,BOM-702,19.076359,72.877632
E229A051,+91-91761-15089,+91-75300-75075,2025-05-15T12:32:00,1763,VOICE,BOM-901,19.029789,72.855283,BOM-808,19.054688,72.900443
F22FB61E,+91-89120-11739,+91-77540-83154,2025-05-17T22:18:00,1234,VOICE,BOM-702,19.076114,72.8775,BOM-103,18.963663,72.833965
99A1B538,+91-75300-57137,+91-77540-27921,2025-04-25T08:17:00,641,VOICE,BOM-519,19.066175,72.87845,BOM-447,19.044557,72.855594
A48C5B97,+91-75300-43653,+91-93400-55860,2025-04-25T22:44:00,1231,VOICE,BOM-244,19.098899,72.848539,BOM-318,19.119476,72.847033
6B3C50DF,+91-77540-94178,+91-89120-47865,2025-05-15T18:05:00,59,SMS,BOM-901,19.029339,72.854963,BOM-318,19.119535,72.847024
90F3A614,+91-70420-23942,+91-91761-53931,2025-05-02T14:32:00,28,SMS,BOM-702,19.075405,72.87769,BOM-447,19.044516,72.855752
1F25ADA2,+91-63990-44168,+91-77540-68207,2025-05-05T08:12:00,765,VOICE,BOM-244,19.09881,72.849322,BOM-447,19.044702,72.85577
D61AFECA,+91-89120-32280,+91-70420-37223,2025-04-29T07:01:00,1221,VOICE,BOM-808,19.054796,72.900914,BOM-901,19.029411,72.855023
4BD68390,+91-91761-76082,+91-70420-19721,2025-05-14T16:22:00,901,VOICE,BOM-244,19.098901,72.848678,BOM-621,19.136408,72.829672
F56DEA77,+91-88200-13741,+91-75300-15202,2025-04-19T08:09:00,281,VOICE,BOM-702,19.075982,72.877411,BOM-808,19.054525,72.900676
29E5D32B,+91-88200-29384,+91-63990-59444,2025-04-21T19:55:00,1682,VOICE,BOM-808,19.054181,72.900883,BOM-447,19.044241,72.85572
819F6029,+91-63990-11621,+91-87890-88037,2025-04-15T13:56:00,776,VOICE,BOM-519,19.066632,72.878119,BOM-901,19.030062,72.85503
50B33A83,+91-87890-18510,+91-80720-37135,2025-04-29T13:33:00,1414,VOICE,BOM-519,19.066329,72.878086,BOM-318,19.119209,72.847106
B490E022,+91-75300-73642,+91-91761-94433,2025-04-27T22:09:00,1714,VOICE,BOM-103,18.963256,72.834452,BOM-901,19.030023,72.855765
24C0379C,+91-89120-67493,+91-80720-86453,2025-05-20T08:35:00,127,VOICE,BOM-621,19.136137,72.829347,BOM-103,18.963783,72.83442
DC346F29,+91-93400-85438,+91-63990-82253,2025-04-16T14:23:00,1197,VOICE,BOM-447,19.04483,72.855689,BOM-244,19.099107,72.849407
C5FF4A6C,+91-89120-80473,+91-80720-78575,2025-04-19T15:37:00,49,SMS,BOM-244,19.098915,72.848771,BOM-702,19.075612,72.877931
AE1A027B,+91-88200-95600,+91-93400-61210,2025-04-22T08:09:00,1517,VOICE,BOM-318,19.119794,72.847113,BOM-447,19.044115,72.855483
44C9BF86,+91-89120-73495,+91-77540-29730,2025-05-11T23:55:00,14,SMS,BOM-621,19.135824,72.829968,BOM-519,19.065872,72.878196
8CD51AAC,+91-77540-34339,+91-93400-95877,2025-04-18T14:02:00,1084,VOICE,BOM-318,19.119543,72.847239,BOM-808,19.054259,72.900417
7E659D2B,+91-96200-22222,+91-96200-33333,2025-04-19T08:20:00,14,SMS,BOM-808,19.054654,72.900327,BOM-318,19.119704,72.846982
2C728660,+91-96200-44444,+91-96200-11111,2025-04-29T22:43:00,101,VOICE,BKC-112,19.0656,72.8669,BKC-112,19.0656,72.8669
58EEC53A,+91-77540-53411,+91-80720-43279,2025-04-30T09:24:00,1749,VOICE,BOM-244,19.098568,72.849299,BOM-621,19.135778,72.829402
B3A2A895,+91-88200-48335,+91-70420-39911,2025-05-01T22:24:00,412,VOICE,BOM-621,19.135955,72.829451,BOM-244,19.09916,72.849455
B17CEE5F,+91-91761-79447,+91-93400-41382,2025-05-07T22:34:00,390,VOICE,BOM-621,19.136034,72.829895,BOM-702,19.076203,72.877299
3B712C66,+91-63990-38582,+91-88200-77161,2025-05-03T14:20:00,1058,VOICE,BOM-901,19.029493,72.854944,BOM-808,19.054199,72.900302
DEFBCD9D,+91-80720-69907,+91-75300-25319,2025-04-30T18:37:00,1355,VOICE,BOM-621,19.135905,72.829937,BOM-212,19.041808,72.864172
673E571A,+91-80720-18970,+91-75300-11753,2025-05-16T14:08:00,1490,VOICE,BOM-244,19.098941,72.849308,BOM-702,19.075455,72.877486
9D5DCA63,+91-80720-65834,+91-87890-77537,2025-04-30T07:51:00,61,VOICE,BOM-244,19.098649,72.849369,BOM-621,19.135598,72.829667
18C73C1B,+91-89120-53476,+91-75300-67717,2025-04-28T20:36:00,60,SMS,BOM-212,19.041422,72.863965,BOM-103,18.963695,72.833702
F391B4C0,+91-63990-74184,+91-87890-69754,2025-04-21T20:23:00,1562,VOICE,BOM-103,18.962803,72.834035,BOM-447,19.044823,72.855581
6026312A,+91-89120-24875,+91-88200-72297,2025-05-15T21:39:00,60,SMS,BOM-447,19.04472,72.855836,BOM-621,19.135586,72.830071
08F6BE3F,+91-77540-11218,+91-63990-88128,2025-05-20T15:15:00,1322,VOICE,BOM-244,19.099369,72.849487,BOM-244,19.099355,72.849096
E6F21A30,+91-70420-36612,+91-89120-10088,2025-05-15T18:26:00,202,VOICE,BOM-519,19.066315,72.878803,BOM-244,19.098541,72.849284
DC4AAAF5,+91-96200-33333,+91-96200-44444,2025-05-16T20:41:00,41,SMS,BOM-808,19.054809,72.90056,BOM-447,19.04451,72.85592
C5152B7C,+91-87890-84835,+91-75300-60930,2025-04-20T21:20:00,59,SMS,BOM-103,18.963059,72.833735,BOM-519,19.066533,72.878847
BB77DBBF,+91-96200-44444,+91-77540-68986,2025-05-08T21:39:00,5,SMS,MLW-088,19.187,72.8411,BOM-702,19.075745,72.877277
25BE2FF3,+91-93400-22056,+91-89120-46103,2025-05-15T17:30:00,60,SMS,BOM-103,18.963469,72.834453,BOM-212,19.041106,72.863267
2779CE60,+91-80720-15201,+91-89120-89561,2025-05-08T14:43:00,25,VOICE,BOM-702,19.076079,72.877789,BOM-212,19.04156,72.863778
B8DE6D1B,+91-88200-38582,+91-80720-14072,2025-04-18T17:20:00,445,VOICE,BOM-621,19.136111,72.830085,BOM-103,18.962802,72.834306
9E842A09,+91-75300-39466,+91-63990-71833,2025-04-19T21:24:00,446,VOICE,BOM-621,19.135975,72.829617,BOM-702,19.075578,72.877306
5A890917,+91-91761-33915,+91-70420-18515,2025-04-26T12:13:00,1546,VOICE,BOM-901,19.029348,72.855214,BOM-447,19.044659,72.85582
497B9FED,+91-91761-64340,+91-93400-82727,2025-05-16T19:51:00,1461,VOICE,BOM-901,19.029306,72.85525,BOM-808,19.05453,72.90033
DCC5D8A9,+91-70420-52963,+91-89120-17138,2025-04-29T14:51:00,288,VOICE,BOM-901,19.029173,72.855164,BOM-244,19.098543,72.849035
3DC795D0,+91-88200-41216,+91-70420-75244,2025-05-04T23:55:00,341,VOICE,BOM-621,19.136351,72.829573,BOM-519,19.066682,72.878748
E97A31DD,+91-93400-62532,+91-88200-19179,2025-04-19T10:31:00,8,SMS,BOM-318,19.119305,72.847057,BOM-901,19.030099,72.855201
339E4746,+91-88200-49381,+91-91761-10456,2025-05-15T18:11:00,783,VOICE,BOM-519,19.066706,72.878099,BOM-103,18.963469,72.834675
A7519AC1,+91-75300-25704,+91-80720-62608,2025-04-27T11:29:00,766,VOICE,BOM-621,19.136173,72.829235,BOM-901,19.029508,72.855113
F2F58D96,+91-77540-38662,+91-77540-50540,2025-04-23T15:58:00,59,SMS,BOM-318,19.119501,72.847083,BOM-901,19.029115,72.854886
BF3142E5,+91-91761-98348,+91-70420-96446,2025-05-08T22:25:00,1402,VOICE,BOM-212,19.041599,72.864113,BOM-212,19.041137,72.863423
451122F9,+91-88200-94376,+91-91761-35088,2025-04-18T08:58:00,44,SMS,BOM-212,19.041237,72.863451,BOM-447,19.04431,72.855306
C5369319,+91-91761-14889,+91-75300-86062,2025-04-18T22:35:00,1459,VOICE,BOM-318,19.119832,72.84687,BOM-621,19.135729,72.829377
5E22A8D8,+91-75300-88871,+91-87890-65761,2025-05-12T08:15:00,1622,VOICE,BOM-212,19.041707,72.863248,BOM-621,19.136132,72.829138
AC4FC00A,+91-89120-65266,+91-75300-15216,2025-04-17T16:49:00,233,VOICE,BOM-212,19.041335,72.863551,BOM-212,19.0417,72.863831
FA9DB2DC,+91-70420-75650,+91-63990-89097,2025-04-19T13:27:00,1212,VOICE,BOM-212,19.041128,72.863954,BOM-808,19.054852,72.900047
2AD46A58,+91-87890-26632,+91-70420-36999,2025-04-15T17:40:00,287,VOICE,BOM-621,19.135962,72.829354,BOM-318,19.119683,72.847003
166B50C5,+91-89120-13442,+91-75300-76369,2025-04-25T12:19:00,1495,VOICE,BOM-901,19.029896,72.855236,BOM-621,19.135767,72.82979
F1407022,+91-75300-37012,+91-89120-64981,2025-04-25T16:51:00,25,SMS,BOM-621,19.1363,72.829266,BOM-244,19.098789,72.849328
D9DA07D7,+91-80720-15249,+91-63990-33218,2025-04-16T14:55:00,23,SMS,BOM-808,19.054839,72.900033,BOM-244,19.099217,72.848963
EC78A181,+91-70420-49853,+91-93400-88447,2025-04-21T21:37:00,94,VOICE,BOM-519,19.06593,72.878656,BOM-212,19.041022,72.863825
44512440,+91-96200-33333,+91-75300-73452,2025-05-08T22:18:00,5,SMS,MLW-088,19.187,72.8411,BOM-621,19.136176,72.829687
3967F288,+91-80720-10142,+91-93400-23330,2025-05-07T21:00:00,97,VOICE,BOM-519,19.066272,72.878866,BOM-447,19.044437,72.85599
0265D1D2,+91-70420-14018,+91-77540-27614,2025-05-18T20:13:00,61,VOICE,BOM-447,19.044798,72.85571,BOM-808,19.054254,72.90027
D8EC4AB9,+91-89120-58990,+91-63990-19768,2025-05-07T09:02:00,152,VOICE,BOM-447,19.044047,72.856071,BOM-621,19.136424,72.829655
01487C83,+91-87890-73030,+91-89120-98353,2025-05-02T15:03:00,435,VOICE,BOM-519,19.066218,72.878354,BOM-318,19.119585,72.846999
860892C9,+91-89120-72589,+91-91761-77270,2025-04-21T08:38:00,1604,VOICE,BOM-808,19.054926,72.900002,BOM-318,19.119677,72.84635
B90A0041,+91-63990-27086,+91-77540-58834,2025-05-10T14:49:00,1597,VOICE,BOM-519,19.066349,72.877953,BOM-901,19.029255,72.855131
02407A1C,+91-87890-78231,+91-87890-90575,2025-05-16T18:39:00,1326,VOICE,BOM-447,19.044218,72.855482,BOM-519,19.0658,72.878144
ACB2DF8D,+91-77540-99926,+91-80720-87704,2025-05-04T17:48:00,51,SMS,BOM-808,19.054803,72.900712,BOM-212,19.041722,72.863545
BCAA0617,+91-91761-21958,+91-93400-63038,2025-04-24T11:36:00,1276,VOICE,BOM-702,19.076,72.877481,BOM-621,19.135731,72.829784
06922E73,+91-93400-96518,+91-70420-97567,2025-05-13T17:12:00,1518,VOICE,BOM-103,18.963125,72.83423,BOM-702,19.075737,72.877615
73B5A8E3,+91-93400-76857,+91-88200-50955,2025-05-07T22:04:00,1763,VOICE,BOM-901,19.029358,72.855478,BOM-318,19.119939,72.846738
2B2ECA20,+91-93400-31648,+91-70420-61865,2025-05-09T17:37:00,1604,VOICE,BOM-808,19.054597,72.900929,BOM-808,19.054366,72.900161
5F06FE84,+91-63990-19387,+91-87890-57001,2025-04-27T21:16:00,12,SMS,BOM-702,19.075731,72.877815,BOM-244,19.099251,72.84934
2C70BE7F,+91-77540-39863,+91-87890-73042,2025-04-23T07:55:00,94,VOICE,BOM-318,19.119753,72.846458,BOM-447,19.044263,72.855721
C782BFCD,+91-63990-33483,+91-77540-88198,2025-04-15T08:26:00,13,SMS,BOM-212,19.041268,72.86402,BOM-808,19.054181,72.900516
B52EB5A6,+91-80720-99806,+91-77540-62348,2025-05-03T12:13:00,23,SMS,BOM-702,19.075764,72.877355,BOM-702,19.07627,72.877458
D2ED7C9B,+91-77540-29575,+91-89120-30949,2025-05-11T17:28:00,838,VOICE,BOM-318,19.119278,72.846312,BOM-621,19.136398,72.829384
D503DE7E,+91-63990-71681,+91-77540-28754,2025-05-13T11:15:00,1243,VOICE,BOM-212,19.041685,72.86419,BOM-621,19.136357,72.829734
9BC7B0FE,+91-63990-40526,+91-88200-84545,2025-04-17T18:09:00,40,SMS,BOM-901,19.029892,72.855553,BOM-447,19.044019,72.855941
5FB08D23,+91-77540-27364,+91-80720-41765,2025-04-27T23:13:00,784,VOICE,BOM-519,19.065908,72.87832,BOM-901,19.029316,72.854951
3E997696,+91-93400-87253,+91-91761-20134,2025-05-20T18:13:00,49,SMS,BOM-447,19.044147,72.855787,BOM-318,19.119666,72.846473
82003E24,+91-63990-36714,+91-75300-35904,2025-04-25T18:27:00,1126,VOICE,BOM-244,19.099078,72.849288,BOM-212,19.041339,72.863411
333EA593,+91-77540-66483,+91-80720-25737,2025-05-18T09:28:00,329,VOICE,BOM-212,19.040903,72.863782,BOM-212,19.041261,72.86391
1BC0F4C4,+91-75300-81648,+91-91761-48754,2025-04-23T10:10:00,1267,VOICE,BOM-901,19.029422,72.855765,BOM-244,19.099093,72.848709
F18AA0DC,+91-91761-98766,+91-63990-81872,2025-05-18T12:30:00,1654,VOICE,BOM-103,18.963209,72.834366,BOM-702,19.076325,72.87793
C1934981,+91-63990-47942,+91-87890-37670,2025-04-23T07:53:00,12,SMS,BOM-212,19.041888,72.863469,BOM-103,18.963206,72.834196
B974302F,+91-77540-76363,+91-70420-16278,2025-05-16T09:56:00,158,VOICE,BOM-447,19.044744,72.855751,BOM-621,19.136337,72.829176
053439C7,+91-91761-37893,+91-89120-71410,2025-05-20T14:10:00,31,SMS,BOM-447,19.044819,72.855356,BOM-244,19.098679,72.849442
40057213,+91-96200-11111,+91-96200-22222,2025-04-24T15:27:00,78,VOICE,BOM-702,19.075631,72.878025,BOM-103,18.96342,72.834535
977791DC,+91-87890-66891,+91-93400-59429,2025-05-17T08:22:00,539,VOICE,BOM-702,19.07585,72.877809,BOM-702,19.075491,72.877246
024E2E1A,+91-80720-15851,+91-63990-51956,2025-05-09T22:57:00,1139,VOICE,BOM-621,19.135852,72.829146,BOM-212,19.041128,72.863692
9D598506,+91-75300-18140,+91-93400-16195,2025-05-19T17:02:00,1656,VOICE,BOM-244,19.098903,72.84861,BOM-103,18.962832,72.833706
8C31C7E5,+91-80720-63473,+91-91761-31344,2025-05-20T22:34:00,491,VOICE,BOM-519,19.066259,72.878853,BOM-447,19.044014,72.855545
3C45FD5C,+91-96200-11111,+91-96200-44444,2025-04-18T07:55:00,1141,VOICE,BOM-318,19.11925,72.846542,BOM-702,19.075851,72.878079
CE948590,+91-88200-17419,+91-91761-65442,2025-05-12T08:30:00,367,VOICE,BOM-244,19.099023,72.848961,BOM-212,19.041061,72.863935
79079E9B,+91-77540-20336,+91-75300-96829,2025-04-23T09:31:00,6,SMS,BOM-447,19.044723,72.855869,BOM-318,19.119603,72.846862
7BDCC83B,+91-77540-68026,+91-87890-86490,2025-04-20T22:55:00,7,SMS,BOM-808,19.054432,72.900317,BOM-702,19.075659,72.877225
858BEDB6,+91-63990-30958,+91-93400-84330,2025-04-19T13:39:00,36,SMS,BOM-901,19.029407,72.855056,BOM-212,19.041719,72.86385
C0759C15,+91-87890-26304,+91-93400-83177,2025-04-22T14:39:00,602,VOICE,BOM-447,19.044266,72.856121,BOM-702,19.075832,72.877294
6B334883,+91-80720-11312,+91-63990-21710,2025-04-26T17:09:00,842,VOICE,BOM-447,19.044213,72.855896,BOM-519,19.066071,72.878606
3FF12E1B,+91-87890-79418,+91-88200-45999,2025-04-20T09:04:00,50,SMS,BOM-901,19.029686,72.855605,BOM-702,19.075568,72.877507
1202C50D,+91-88200-44141,+91-80720-57380,2025-04-15T21:11:00,1086,VOICE,BOM-244,19.098838,72.848792,BOM-103,18.963242,72.834449
F5355332,+91-93400-33190,+91-89120-35411,2025-05-06T14:01:00,363,VOICE,BOM-212,19.041847,72.86321,BOM-244,19.099379,72.849431
EBB192B0,+91-91761-73116,+91-89120-64791,2025-04-21T10:10:00,42,SMS,BOM-318,19.119339,72.846458,BOM-901,19.029392,72.855384
BCF8E6D6,+91-88200-34324,+91-63990-86226,2025-04-17T11:57:00,105,VOICE,BOM-212,19.041089,72.863258,BOM-244,19.098979,72.849041
D7D1B728,+91-63990-68333,+91-77540-59360,2025-05-08T09:33:00,1546,VOICE,BOM-212,19.041544,72.863908,BOM-212,19.04189,72.864119
BCFCD837,+91-70420-15876,+91-70420-29698,2025-05-16T13:46:00,58,SMS,BOM-519,19.066585,72.878535,BOM-519,19.066142,72.878446
8078E16D,+91-80720-87658,+91-80720-96872,2025-05-05T07:59:00,814,VOICE,BOM-103,18.963709,72.834256,BOM-901,19.029488,72.855432
186989DB,+91-77540-15041,+91-91761-51120,2025-05-02T07:21:00,34,SMS,BOM-901,19.03001,72.855681,BOM-244,19.0985,72.848825
1CBBC349,+91-77540-86207,+91-70420-89760,2025-05-12T21:44:00,29,SMS,BOM-519,19.066699,72.878335,BOM-808,19.054682,72.900147
DD793B99,+91-91761-97720,+91-77540-75742,2025-05-01T19:16:00,699,VOICE,BOM-621,19.135695,72.829452,BOM-447,19.044288,72.855905
C92476D8,+91-91761-94328,+91-91761-11142,2025-05-04T23:28:00,1092,VOICE,BOM-901,19.029408,72.855025,BOM-244,19.099424,72.84869
890D03FC,+91-70420-58128,+91-63990-23242,2025-05-10T10:33:00,789,VOICE,BOM-621,19.13633,72.829541,BOM-901,19.029728,72.855262
6174BF81,+91-80720-91321,+91-88200-44408,2025-05-05T10:32:00,973,VOICE,BOM-621,19.136137,72.829958,BOM-318,19.12011,72.84639
9AB5A006,+91-96200-33333,+91-96200-11111,2025-04-18T13:48:00,306,VOICE,BOM-808,19.05414,72.900898,BOM-447,19.044189,72.855773
7A290F78,+91-93400-68635,+91-75300-68665,2025-05-10T09:06:00,1298,VOICE,BOM-212,19.041578,72.864125,BOM-702,19.076016,72.877696
B618F706,+91-70420-21340,+91-70420-75508,2025-04-28T07:05:00,10,SMS,BOM-212,19.041053,72.863827,BOM-808,19.054657,72.900514
DDDE8F64,+91-89120-42803,+91-93400-42196,2025-04-20T13:11:00,1724,VOICE,BOM-702,19.07629,72.877653,BOM-808,19.054838,72.900824
6C380167,+91-91761-19516,+91-75300-38692,2025-05-08T17:54:00,661,VOICE,BOM-702,19.075585,72.877204,BOM-244,19.098694,72.848584
C8DC07E9,+91-88200-27095,+91-87890-15225,2025-05-09T17:44:00,1274,VOICE,BOM-808,19.054809,72.900491,BOM-901,19.029505,72.855376
D751D2F2,+91-91761-54982,+91-75300-43960,2025-05-18T10:55:00,1222,VOICE,BOM-519,19.066636,72.878821,BOM-808,19.054603,72.900469
711382EF,+91-87890-77843,+91-63990-10757,2025-05-20T10:49:00,912,VOICE,BOM-212,19.041822,72.863247,BOM-447,19.044788,72.855313
E8F4D1C5,+91-87890-33417,+91-93400-50520,2025-05-17T11:49:00,415,VOICE,BOM-702,19.075919,72.878131,BOM-808,19.054662,72.900286
64F9D161,+91-63990-44472,+91-93400-93915,2025-04-21T20:08:00,1082,VOICE,BOM-318,19.119408,72.846828,BOM-318,19.119481,72.847191
5355A9AF,+91-91761-49533,+91-63990-71887,2025-04-18T10:29:00,489,VOICE,BOM-702,19.076027,72.877418,BOM-212,19.041434,72.86397
8062E0C7,+91-77540-77947,+91-63990-27950,2025-05-05T12:25:00,27,SMS,BOM-519,19.066598,72.878653,BOM-244,19.098558,72.849477
05B98280,+91-89120-69915,+91-93400-69717,2025-05-07T08:29:00,1727,VOICE,BOM-447,19.044382,72.855822,BOM-103,18.962913,72.834428
DFF227B0,+91-77540-15445,+91-88200-86319,2025-05-13T11:19:00,47,SMS,BOM-103,18.963367,72.834009,BOM-212,19.041205,72.863691
FFEF7BF5,+91-88200-39386,+91-91761-76980,2025-05-17T23:44:00,14,SMS,BOM-702,19.0759,72.877332,BOM-447,19.044683,72.855489
BDB4DD1B,+91-63990-30666,+91-80720-40240,2025-04-21T14:02:00,9,SMS,BOM-808,19.054595,72.900162,BOM-702,19.075798,72.877225
0AE77878,+91-77540-93218,+91-87890-86473,2025-04-27T17:08:00,548,VOICE,BOM-447,19.044172,72.855453,BOM-808,19.054494,72.90011
F203764E,+91-93400-21931,+91-91761-86962,2025-05-07T14:05:00,1177,VOICE,BOM-808,19.054279,72.900368,BOM-519,19.066387,72.878768
887CC8E6,+91-70420-18876,+91-63990-52194,2025-05-11T09:10:00,8,SMS,BOM-702,19.076155,72.877715,BOM-621,19.135603,72.829819
A4A96871,+91-96200-11111,+91-96200-33333,2025-05-07T14:23:00,43,SMS,BOM-702,19.07563,72.877896,BOM-702,19.076053,72.877565
7C5E4142,+91-91761-82315,+91-91761-16635,2025-05-14T07:25:00,16,SMS,BOM-447,19.044568,72.855319,BOM-103,18.9629,72.834488
A04CAC9F,+91-89120-79768,+91-80720-74805,2025-04-23T08:31:00,10,SMS,BOM-103,18.963797,72.834609,BOM-318,19.119972,72.846471
BD9F7DB3,+91-88200-34629,+91-93400-34760,2025-04-19T11:11:00,634,VOICE,BOM-808,19.054764,72.900475,BOM-103,18.962918,72.833804
6DFC5160,+91-96200-11111,+91-87890-31916,2025-05-08T21:46:00,5,SMS,MLW-088,19.187,72.8411,BOM-318,19.119672,72.846894
6C2BC46B,+91-77540-74209,+91-75300-49441,2025-05-05T19:05:00,338,VOICE,BOM-318,19.119695,72.846899,BOM-621,19.136205,72.829572
CC9A7AF8,+91-87890-60051,+91-77540-17909,2025-05-08T16:48:00,19,SMS,BOM-702,19.076105,72.877474,BOM-212,19.041225,72.863245
5D58B1A5,+91-87890-52540,+91-70420-32772,2025-04-27T20:06:00,991,VOICE,BOM-901,19.029302,72.85509,BOM-901,19.02919,72.855046
04154155,+91-91761-71424,+91-93400-21913,2025-04-22T14:28:00,1189,VOICE,BOM-702,19.076021,72.877599,BOM-318,19.119984,72.846527
0513FA0E,+91-87890-70144,+91-91761-54888,2025-04-17T12:59:00,935,VOICE,BOM-318,19.119409,72.84683,BOM-621,19.135556,72.829222
083E98A0,+91-77540-28526,+91-87890-27612,2025-05-07T23:42:00,1522,VOICE,BOM-702,19.07573,72.877628,BOM-212,19.040988,72.863402
29EC1A10,+91-93400-33181,+91-88200-25395,2025-05-18T15:13:00,322,VOICE,BOM-901,19.029446,72.854808,BOM-901,19.02975,72.85535
12F68F79,+91-87890-32912,+91-63990-53432,2025-04-19T21:27:00,208,VOICE,BOM-318,19.120139,72.846715,BOM-519,19.066729,72.877902
430AEDF0,+91-77540-25881,+91-63990-43370,2025-05-20T16:33:00,1032,VOICE,BOM-519,19.065864,72.878442,BOM-318,19.119535,72.846335
86B9A81A,+91-77540-92273,+91-70420-78260,2025-04-25T14:34:00,1483,VOICE,BOM-621,19.135535,72.829604,BOM-103,18.963769,72.834648
B5B5EF40,+91-70420-72161,+91-93400-84250,2025-04-26T23:38:00,43,SMS,BOM-318,19.119379,72.846742,BOM-447,19.043915,72.855772
2795DECD,+91-93400-47893,+91-93400-43198,2025-05-13T19:30:00,36,SMS,BOM-318,19.120142,72.847105,BOM-901,19.029303,72.855369
675C4BC0,+91-80720-11466,+91-87890-37701,2025-05-01T20:34:00,748,VOICE,BOM-808,19.054796,72.90076,BOM-808,19.054021,72.900657
890F1579,+91-80720-31344,+91-89120-43801,2025-05-18T20:39:00,689,VOICE,BOM-447,19.044198,72.855659,BOM-808,19.054649,72.90005
AAA1AB21,+91-91761-52889,+91-87890-98490,2025-05-04T10:52:00,57,SMS,BOM-244,19.098665,72.849035,BOM-519,19.066174,72.878007
3519C974,+91-89120-41485,+91-70420-73135,2025-05-02T13:30:00,29,SMS,BOM-103,18.963605,72.833732,BOM-318,19.120061,72.847139
A99A02A0,+91-96200-11111,+91-96200-22222,2025-04-24T13:21:00,1582,VOICE,BOM-103,18.96325,72.834516,BOM-901,19.029876,72.855181
4DE163E5,+91-96200-11111,+91-96200-22222,2025-05-09T19:36:00,571,VOICE,BOM-808,19.05424,72.900631,BOM-621,19.135708,72.829358
A8B64DB3,+91-70420-23360,+91-87890-52396,2025-05-04T22:16:00,335,VOICE,BOM-244,19.099036,72.848919,BOM-212,19.041062,72.863221
80EBE710,+91-63990-87791,+91-70420-61294,2025-05-06T12:10:00,15,SMS,BOM-447,19.044204,72.856281,BOM-212,19.041858,72.863289
5EFA1F59,+91-89120-20047,+91-87890-28317,2025-04-23T14:27:00,786,VOICE,BOM-519,19.066225,72.878684,BOM-702,19.075515,72.877445
6735AF5B,+91-91761-34502,+91-89120-28730,2025-05-04T22:32:00,1625,VOICE,BOM-318,19.119493,72.846306,BOM-212,19.041527,72.864107
00BF8711,+91-80720-69730,+91-93400-70684,2025-05-18T15:36:00,1460,VOICE,BOM-103,18.962978,72.834196,BOM-212,19.041534,72.863557
EDCC3C71,+91-75300-42486,+91-75300-45250,2025-05-08T12:23:00,432,VOICE,BOM-808,19.054176,72.900741,BOM-318,19.119762,72.846886
6B306068,+91-88200-92094,+91-77540-55643,2025-04-30T22:59:00,1660,VOICE,BOM-621,19.136081,72.82963,BOM-212,19.041021,72.863692
63D61A4C,+91-87890-85103,+91-77540-34236,2025-05-11T22:30:00,446,VOICE,BOM-244,19.098696,72.848697,BOM-447,19.044114,72.855972
1392332A,+91-87890-61291,+91-87890-74512,2025-04-22T10:40:00,1720,VOICE,BOM-318,19.119479,72.846737,BOM-901,19.029727,72.854838
4D914056,+91-88200-10468,+91-93400-10601,2025-05-07T07:05:00,818,VOICE,BOM-212,19.040998,72.863735,BOM-244,19.098834,72.848595
06BAD0C3,+91-96200-22222,+91-96200-55555,2025-04-29T21:14:00,9,VOICE,BKC-112,19.0656,72.8669,BOM-447,19.044654,72.855614
6E55B8FB,+91-93400-25397,+91-93400-52255,2025-05-13T13:50:00,1652,VOICE,BOM-621,19.136453,72.829881,BOM-808,19.054833,72.900319
9A67A71B,+91-96200-33333,+91-96200-44444,2025-04-25T19:01:00,11,SMS,BOM-103,18.963293,72.834448,BOM-244,19.099306,72.849358
20A0BFA4,+91-91761-66854,+91-89120-38361,2025-04-29T09:23:00,613,VOICE,BOM-447,19.044308,72.855871,BOM-621,19.13601,72.82917
984A7F56,+91-70420-10834,+91-63990-76204,2025-04-30T12:27:00,104,VOICE,BOM-318,19.119863,72.847023,BOM-318,19.119421,72.846882
51B99452,+91-75300-45670,+91-87890-25498,2025-04-21T12:48:00,159,VOICE,BOM-901,19.029315,72.85573,BOM-103,18.963445,72.833785
BD3B18FF,+91-87890-36292,+91-63990-56121,2025-05-15T18:07:00,992,VOICE,BOM-702,19.075787,72.877596,BOM-318,19.119331,72.847201
E2BF9248,+91-75300-78487,+91-87890-63983,2025-05-07T17:12:00,11,SMS,BOM-901,19.029291,72.855323,BOM-318,19.120021,72.847158
9BE0EAA8,+91-75300-95659,+91-89120-54864,2025-05-09T15:09:00,481,VOICE,BOM-212,19.041202,72.863781,BOM-447,19.044433,72.855365
CBBFB6D0,+91-88200-28995,+91-75300-28469,2025-05-07T14:18:00,36,SMS,BOM-519,19.066517,72.878455,BOM-621,19.136372,72.829422
65DAAE91,+91-77540-34079,+91-75300-55498,2025-05-20T21:36:00,1691,VOICE,BOM-702,19.075867,72.877799,BOM-519,19.065833,72.87885
12F994E7,+91-89120-26409,+91-80720-45185,2025-05-19T10:03:00,1299,VOICE,BOM-621,19.135737,72.830056,BOM-318,19.119747,72.846793
96CA66FA,+91-77540-58197,+91-77540-36442,2025-05-07T10:45:00,1269,VOICE,BOM-901,19.029394,72.855517,BOM-212,19.041382,72.863844
C2DCE45F,+91-93400-14933,+91-93400-57569,2025-05-01T18:40:00,41,SMS,BOM-621,19.13608,72.829785,BOM-621,19.13563,72.82942
0956612A,+91-80720-49073,+91-89120-86997,2025-04-20T10:27:00,206,VOICE,BOM-702,19.076298,72.878123,BOM-519,19.066324,72.878049
73BA06E7,+91-87890-18157,+91-75300-66621,2025-05-08T18:43:00,1584,VOICE,BOM-212,19.041516,72.864096,BOM-212,19.041729,72.863294
34214EFB,+91-70420-84424,+91-63990-38356,2025-04-29T23:37:00,1175,VOICE,BOM-702,19.076056,72.878176,BOM-103,18.963045,72.833937
0A204302,+91-80720-79209,+91-87890-43963,2025-04-17T12:25:00,804,VOICE,BOM-621,19.135785,72.829309,BOM-901,19.029831,72.85518
A405BE06,+91-80720-65209,+91-88200-28003,2025-05-12T23:41:00,35,SMS,BOM-318,19.120069,72.847053,BOM-901,19.030002,72.85554
BCBAEB33,+91-87890-64830,+91-70420-94558,2025-04-19T09:15:00,524,VOICE,BOM-702,19.076239,72.87722,BOM-318,19.120165,72.846515
7D051CB9,+91-87890-65278,+91-70420-16616,2025-04-27T17:16:00,49,SMS,BOM-901,19.029587,72.854879,BOM-244,19.099123,72.848613
C95EE928,+91-89120-55549,+91-77540-75303,2025-04-15T17:24:00,659,VOICE,BOM-808,19.054396,72.900513,BOM-103,18.962827,72.833713
2C6E5EDB,+91-91761-27754,+91-80720-80128,2025-05-07T08:36:00,1562,VOICE,BOM-318,19.11922,72.84668,BOM-808,19.054456,72.900641
4AFE0B8F,+91-89120-75364,+91-75300-74201,2025-05-18T23:26:00,539,VOICE,BOM-901,19.02925,72.855279,BOM-621,19.136065,72.829939
3B38E562,+91-87890-73752,+91-70420-49815,2025-04-24T11:21:00,39,SMS,BOM-103,18.962869,72.834075,BOM-318,19.119319,72.846952
D2468A86,+91-77540-40379,+91-75300-62999,2025-04-23T08:19:00,1468,VOICE,BOM-103,18.963382,72.834046,BOM-447,19.044234,72.855369
7ABDD54C,+91-75300-31556,+91-88200-53546,2025-04-30T11:47:00,817,VOICE,BOM-212,19.041726,72.863499,BOM-212,19.04181,72.863806
B8BCDEED,+91-75300-31696,+91-80720-78443,2025-04-24T21:11:00,1325,VOICE,BOM-447,19.044395,72.855508,BOM-244,19.099113,72.849438
61073225,+91-70420-40396,+91-77540-78642,2025-04-16T08:40:00,1601,VOICE,BOM-212,19.041502,72.864173,BOM-901,19.029415,72.855404
E7AF8F20,+91-63990-65760,+91-91761-54139,2025-04-15T22:32:00,45,SMS,BOM-318,19.119342,72.846998,BOM-447,19.044649,72.856245
AEE5C29A,+91-77540-86545,+91-93400-46039,2025-04-20T19:53:00,930,VOICE,BOM-808,19.054288,72.900267,BOM-318,19.119806,72.84677
75C5CD47,+91-93400-50448,+91-75300-73750,2025-05-14T15:50:00,33,SMS,BOM-621,19.135673,72.829787,BOM-702,19.075432,72.877601
C0FCE1E5,+91-93400-35624,+91-91761-70251,2025-05-02T15:38:00,45,SMS,BOM-702,19.075439,72.878107,BOM-103,18.962986,72.834639
A6C2B22A,+91-96200-22222,+91-96200-11111,2025-05-09T15:50:00,1300,VOICE,BOM-447,19.04485,72.856269,BOM-808,19.054801,72.900682
4F62BD6D,+91-88200-15017,+91-70420-26436,2025-05-05T13:37:00,1699,VOICE,BOM-808,19.054554,72.900727,BOM-244,19.099295,72.849153
4EAC4FC0,+91-70420-54743,+91-87890-11401,2025-05-03T07:25:00,27,SMS,BOM-212,19.041814,72.864172,BOM-212,19.041264,72.863982
DB955EF2,+91-87890-39870,+91-63990-57891,2025-04-18T13:30:00,42,SMS,BOM-212,19.041346,72.863884,BOM-808,19.054511,72.90088
BA3888F4,+91-88200-39554,+91-93400-78501,2025-05-18T19:50:00,187,VOICE,BOM-212,19.040971,72.86357,BOM-244,19.098594,72.848844
24D14FF4,+91-89120-14184,+91-80720-20309,2025-05-02T12:17:00,31,SMS,BOM-244,19.098727,72.849345,BOM-447,19.044488,72.855918
AA25FE98,+91-87890-77707,+91-63990-72224,2025-05-13T11:15:00,52,SMS,BOM-808,19.054141,72.900367,BOM-702,19.076048,72.878185
FF7CD631,+91-88200-42541,+91-80720-98035,2025-04-27T17:34:00,1239,VOICE,BOM-244,19.099453,72.849463,BOM-702,19.076171,72.878082
89090640,+91-88200-66259,+91-89120-62739,2025-04-29T13:52:00,59,SMS,BOM-244,19.098841,72.848693,BOM-447,19.04428,72.856214
1DCCBA4D,+91-89120-79001,+91-80720-11533,2025-04-15T20:14:00,704,VOICE,BOM-103,18.963503,72.833954,BOM-621,19.136207,72.829442
61AB9941,+91-87890-47954,+91-77540-82000,2025-04-30T22:59:00,1478,VOICE,BOM-212,19.041676,72.864038,BOM-702,19.075842,72.877623
88390050,+91-93400-51354,+91-89120-63070,2025-05-20T17:45:00,47,SMS,BOM-103,18.963479,72.834243,BOM-244,19.098515,72.848544
3978FE6E,+91-75300-45032,+91-75300-99840,2025-05-08T07:38:00,349,VOICE,BOM-519,19.065833,72.878537,BOM-519,19.066219,72.877934
72121A40,+91-91761-42487,+91-70420-14490,2025-04-29T07:22:00,50,SMS,BOM-447,19.044444,72.856244,BOM-103,18.963068,72.833978
5FD20DE7,+91-89120-37666,+91-88200-12614,2025-05-19T19:55:00,1344,VOICE,BOM-447,19.044074,72.856057,BOM-702,19.07597,72.878036
E024FD8F,+91-80720-53495,+91-91761-77792,2025-04-28T11:27:00,1483,VOICE,BOM-318,19.119632,72.846913,BOM-318,19.119582,72.846718
8C921B9F,+91-75300-40381,+91-87890-74480,2025-04-20T14:30:00,1329,VOICE,BOM-702,19.075522,72.877296,BOM-621,19.135902,72.829451
D5C651D4,+91-96200-44444,+91-96200-11111,2025-05-11T22:38:00,1047,VOICE,BOM-808,19.05426,72.900687,BOM-447,19.044398,72.85569
AA0B807C,+91-80720-33367,+91-87890-66697,2025-05-13T19:43:00,524,VOICE,BOM-702,19.075935,72.877406,BOM-244,19.099484,72.848514
AB17440D,+91-91761-20293,+91-91761-27413,2025-04-24T12:45:00,1526,VOICE,BOM-901,19.029452,72.855118,BOM-318,19.11931,72.846669
A486C0EF,+91-93400-10720,+91-93400-70573,2025-04-16T08:52:00,829,VOICE,BOM-621,19.135695,72.829866,BOM-318,19.119727,72.84723
F118612F,+91-87890-37942,+91-91761-59274,2025-05-06T23:35:00,986,VOICE,BOM-808,19.054506,72.900124,BOM-702,19.075413,72.877833
B7E3B06D,+91-63990-68840,+91-70420-46550,2025-04-29T10:52:00,289,VOICE,BOM-621,19.136289,72.829817,BOM-808,19.054498,72.900403
E0483627,+91-88200-85885,+91-93400-59395,2025-04-29T17:49:00,967,VOICE,BOM-447,19.044196,72.855823,BOM-808,19.054238,72.900819
4302AA2E,+91-63990-38727,+91-89120-59263,2025-04-15T22:36:00,334,VOICE,BOM-702,19.076294,72.877382,BOM-621,19.136358,72.829845
36D15B15,+91-88200-59844,+91-93400-11141,2025-05-09T17:51:00,5,SMS,BOM-519,19.065986,72.878572,BOM-212,19.041812,72.863703
D5678D37,+91-63990-44862,+91-63990-12501,2025-04-27T11:35:00,36,SMS,BOM-447,19.04422,72.855715,BOM-621,19.136169,72.829238
D8FB2B0D,+91-91761-38714,+91-63990-79603,2025-04-20T12:40:00,57,SMS,BOM-901,19.029454,72.855238,BOM-447,19.044552,72.856185
8757E24D,+91-75300-90615,+91-63990-62125,2025-05-20T16:39:00,945,VOICE,BOM-447,19.04479,72.856107,BOM-702,19.075784,72.877358
10ADD474,+91-88200-51904,+91-80720-88954,2025-04-30T20:39:00,1049,VOICE,BOM-621,19.136492,72.829523,BOM-519,19.066116,72.878313
19BD7006,+91-63990-41963,+91-80720-28871,2025-05-08T07:52:00,1098,VOICE,BOM-212,19.041795,72.863708,BOM-808,19.054248,72.900421
45A7F8F9,+91-87890-33189,+91-88200-53430,2025-05-02T19:05:00,1588,VOICE,BOM-702,19.076105,72.877673,BOM-702,19.076149,72.877928
FAA32EA4,+91-87890-59395,+91-80720-73511,2025-05-19T07:19:00,501,VOICE,BOM-519,19.066273,72.878754,BOM-103,18.962851,72.833962
D4F52DD9,+91-89120-99750,+91-89120-80291,2025-04-20T23:32:00,519,VOICE,BOM-621,19.135754,72.829824,BOM-103,18.963556,72.834476
59C44599,+91-77540-94033,+91-80720-76100,2025-05-06T14:32:00,1353,VOICE,BOM-318,19.119466,72.846861,BOM-519,19.065888,72.878004
46B41DDF,+91-63990-42604,+91-91761-52970,2025-05-01T08:18:00,1303,VOICE,BOM-808,19.054368,72.900097,BOM-318,19.11945,72.847234
B5AE5515,+91-93400-62232,+91-77540-40876,2025-05-15T11:00:00,271,VOICE,BOM-702,19.075519,72.877702,BOM-103,18.963483,72.83447
3FA2AB88,+91-87890-24429,+91-63990-89126,2025-04-28T21:26:00,5,SMS,BOM-103,18.963232,72.833864,BOM-702,19.075793,72.877696
BEDE868F,+91-77540-18986,+91-75300-39098,2025-05-17T12:23:00,475,VOICE,BOM-621,19.136274,72.829883,BOM-212,19.041533,72.863791
16FB72AA,+91-88200-26140,+91-88200-18853,2025-04-27T17:26:00,1018,VOICE,BOM-702,19.075696,72.87745,BOM-519,19.065873,72.878653
09350B46,+91-77540-87764,+91-70420-61088,2025-05-05T14:29:00,1728,VOICE,BOM-447,19.043963,72.856186,BOM-212,19.04096,72.863918
200BFC9A,+91-88200-42555,+91-93400-75100,2025-05-07T07:57:00,56,SMS,BOM-212,19.040957,72.863338,BOM-103,18.963004,72.833871
DD4ED87F,+91-77540-17003,+91-80720-65706,2025-05-07T23:16:00,991,VOICE,BOM-901,19.029113,72.85523,BOM-318,19.120155,72.846532
05C20704,+91-93400-55737,+91-89120-75375,2025-05-19T11:42:00,386,VOICE,BOM-901,19.029466,72.855264,BOM-103,18.963062,72.834312
0499BC7F,+91-89120-16780,+91-63990-53193,2025-05-19T12:34:00,244,VOICE,BOM-212,19.041835,72.863553,BOM-244,19.098622,72.848898
BB418B89,+91-89120-16794,+91-91761-33521,2025-05-06T17:38:00,1547,VOICE,BOM-808,19.054067,72.900526,BOM-901,19.029956,72.854926
75E2E431,+91-70420-30398,+91-89120-15124,2025-04-21T23:48:00,1106,VOICE,BOM-212,19.041754,72.864183,BOM-447,19.044359,72.856256
2FD4EC67,+91-70420-67961,+91-70420-94220,2025-04-21T19:03:00,1432,VOICE,BOM-621,19.1364,72.829412,BOM-621,19.135921,72.829888
308D2FB3,+91-70420-52007,+91-63990-79911,2025-05-10T10:24:00,1541,VOICE,BOM-621,19.136364,72.829786,BOM-447,19.044411,72.855413
0D113627,+91-75300-10368,+91-75300-15338,2025-05-18T20:59:00,10,SMS,BOM-447,19.044789,72.855407,BOM-808,19.054361,72.900284
87A9CF9C,+91-88200-82329,+91-63990-96263,2025-05-01T10:01:00,18,SMS,BOM-901,19.029767,72.855209,BOM-519,19.066527,72.878281
D0A90122,+91-93400-10419,+91-75300-38807,2025-04-15T18:05:00,375,VOICE,BOM-901,19.029111,72.85529,BOM-318,19.119524,72.846984
5A339C97,+91-70420-54028,+91-80720-94290,2025-05-08T09:46:00,549,VOICE,BOM-244,19.099463,72.849422,BOM-318,19.11973,72.84647
AC5F1970,+91-75300-10682,+91-70420-70903,2025-05-02T15:38:00,599,VOICE,BOM-318,19.120072,72.846527,BOM-621,19.135962,72.829185
45299DAB,+91-88200-26495,+91-91761-96484,2025-05-19T21:07:00,862,VOICE,BOM-621,19.136486,72.829616,BOM-901,19.02965,72.855407
E1F3D131,+91-89120-44152,+91-91761-46267,2025-05-16T16:51:00,1474,VOICE,BOM-103,18.963362,72.834161,BOM-244,19.098928,72.848567
AF4EFACE,+91-63990-30103,+91-77540-30234,2025-05-02T16:24:00,39,SMS,BOM-519,19.065874,72.878635,BOM-318,19.119829,72.84721
405BF5C1,+91-80720-18489,+91-75300-58584,2025-05-13T07:08:00,606,VOICE,BOM-212,19.041303,72.863604,BOM-702,19.076086,72.877538
B66D8A24,+91-70420-44952,+91-91761-69211,2025-05-19T21:57:00,53,SMS,BOM-212,19.041624,72.863387,BOM-901,19.029988,72.85487
9C090D17,+91-91761-64345,+91-93400-30867,2025-04-26T18:16:00,1600,VOICE,BOM-702,19.075442,72.877398,BOM-318,19.119771,72.847112
C3353925,+91-77540-90659,+91-63990-73196,2025-04-22T10:49:00,849,VOICE,BOM-447,19.0448,72.855416,BOM-318,19.119588,72.846875
6FA91912,+91-75300-58003,+91-63990-43842,2025-05-01T23:58:00,1622,VOICE,BOM-901,19.029604,72.854843,BOM-901,19.029729,72.855124
623FD975,+91-93400-76530,+91-80720-44849,2025-05-15T10:28:00,688,VOICE,BOM-244,19.099264,72.849347,BOM-244,19.098789,72.848642
B0D7E5DD,+91-93400-31753,+91-91761-36918,2025-04-17T21:58:00,1447,VOICE,BOM-212,19.041608,72.863586,BOM-318,19.119964,72.846535
B339FF05,+91-96200-11111,+91-96200-33333,2025-05-04T22:33:00,1704,VOICE,BOM-244,19.098526,72.848503,BOM-447,19.044363,72.855751
F91EB323,+91-75300-68405,+91-80720-62475,2025-05-02T17:09:00,1665,VOICE,BOM-212,19.040952,72.864135,BOM-702,19.076308,72.877779
C5916832,+91-96200-22222,+91-96200-33333,2025-05-14T22:04:00,1466,VOICE,BOM-808,19.054513,72.90096,BOM-702,19.075849,72.877994
618FA239,+91-87890-20168,+91-80720-74077,2025-04-22T14:36:00,1129,VOICE,BOM-808,19.054215,72.900056,BOM-103,18.963751,72.834061
422D97D8,+91-88200-61925,+91-70420-96187,2025-04-26T16:36:00,1431,VOICE,BOM-318,19.11974,72.847261,BOM-244,19.099122,72.849367
E2A44BD9,+91-91761-11067,+91-80720-64605,2025-04-30T13:43:00,758,VOICE,BOM-244,19.099018,72.848689,BOM-621,19.136457,72.830007
8772A55F,+91-93400-82857,+91-87890-16621,2025-05-11T12:05:00,1685,VOICE,BOM-519,19.066792,72.878232,BOM-808,19.054122,72.900489
964FC70C,+91-80720-64408,+91-75300-12132,2025-05-15T19:23:00,35,SMS,BOM-519,19.066338,72.878676,BOM-901,19.029468,72.855716
88BD4210,+91-88200-49877,+91-93400-26582,2025-04-20T08:21:00,44,SMS,BOM-447,19.044763,72.855419,BOM-901,19.029205,72.855674
02CAA972,+91-63990-29957,+91-80720-87828,2025-04-16T09:07:00,344,VOICE,BOM-901,19.029393,72.855734,BOM-244,19.099114,72.849499
E9123D84,+91-75300-73265,+91-88200-66038,2025-04-15T20:21:00,266,VOICE,BOM-103,18.962976,72.834147,BOM-621,19.135681,72.830002
74E809AE,+91-93400-75351,+91-70420-60067,2025-04-19T21:34:00,16,SMS,BOM-103,18.963492,72.834344,BOM-901,19.029388,72.855281
C9491568,+91-80720-62218,+91-75300-29808,2025-04-18T07:47:00,544,VOICE,BOM-244,19.099413,72.848562,BOM-808,19.05473,72.900486
ED703378,+91-77540-92733,+91-91761-29073,2025-05-04T10:01:00,295,VOICE,BOM-212,19.040978,72.864104,BOM-447,19.043958,72.856004
9F4D8767,+91-89120-25058,+91-87890-91542,2025-04-19T16:13:00,55,SMS,BOM-447,19.044181,72.855323,BOM-103,18.963791,72.833831
8FB5E217,+91-88200-31921,+91-91761-88547,2025-04-26T20:43:00,1276,VOICE,BOM-103,18.96368,72.834595,BOM-519,19.065807,72.878803
1E743BB3,+91-91761-41861,+91-70420-48175,2025-04-24T15:38:00,52,SMS,BOM-901,19.029666,72.855082,BOM-212,19.041774,72.863291
E16262DD,+91-88200-51525,+91-91761-99070,2025-04-30T09:38:00,416,VOICE,BOM-212,19.041521,72.863869,BOM-212,19.041614,72.86362
A05EE9C9,+91-93400-40567,+91-89120-12281,2025-04-18T15:25:00,703,VOICE,BOM-808,19.054857,72.900935,BOM-103,18.963669,72.834468
8E06AE13,+91-93400-64138,+91-93400-66078,2025-05-07T08:19:00,392,VOICE,BOM-808,19.054975,72.900638,BOM-318,19.120164,72.847236
A850F112,+91-70420-51444,+91-80720-86100,2025-05-08T21:24:00,1441,VOICE,BOM-212,19.041045,72.863393,BOM-318,19.119808,72.847216
9F68DC00,+91-80720-85842,+91-63990-73973,2025-04-23T20:55:00,1263,VOICE,BOM-901,19.029549,72.855156,BOM-447,19.044665,72.855575
B6E44BB7,+91-91761-77268,+91-70420-23804,2025-05-20T22:01:00,1522,VOICE,BOM-318,19.119712,72.846654,BOM-212,19.041017,72.863967
716A4AB6,+91-63990-15150,+91-91761-83922,2025-05-05T11:40:00,26,SMS,BOM-447,19.044775,72.855319,BOM-212,19.041626,72.863634
B8131C4E,+91-91761-27853,+91-77540-75745,2025-04-22T11:49:00,23,SMS,BOM-318,19.119551,72.846449,BOM-318,19.11948,72.846959
AAA7129F,+91-89120-40174,+91-75300-17551,2025-05-20T13:45:00,45,SMS,BOM-447,19.043949,72.855691,BOM-103,18.963223,72.834208
CA9C5BAF,+91-75300-24720,+91-80720-66088,2025-05-17T07:46:00,208,VOICE,BOM-621,19.136448,72.83008,BOM-519,19.066446,72.878367
CE3EF615,+91-75300-35939,+91-70420-54890,2025-05-09T12:49:00,634,VOICE,BOM-318,19.119953,72.847025,BOM-808,19.054411,72.900727
07CBDD19,+91-93400-72451,+91-89120-23130,2025-05-20T18:35:00,896,VOICE,BOM-901,19.029618,72.85498,BOM-901,19.030035,72.854881
1ADD1638,+91-80720-28997,+91-70420-83904,2025-05-20T22:26:00,1721,VOICE,BOM-212,19.04142,72.864032,BOM-318,19.119519,72.846589
42B9749E,+91-77540-75147,+91-77540-67326,2025-04-21T17:49:00,57,VOICE,BOM-244,19.098604,72.848631,BOM-808,19.054087,72.900529
826F8BA3,+91-96200-22222,+91-96200-11111,2025-04-22T09:20:00,396,VOICE,BOM-244,19.09941,72.849046,BOM-621,19.135857,72.83004
A5F594F9,+91-88200-44928,+91-87890-48484,2025-05-03T09:55:00,1416,VOICE,BOM-103,18.963159,72.833985,BOM-447,19.044767,72.855711
7496CA16,+91-89120-43020,+91-89120-46996,2025-05-08T10:12:00,1242,VOICE,BOM-103,18.96361,72.833974,BOM-103,18.96355,72.834455
7062FA0A,+91-63990-10115,+91-80720-39901,2025-04-25T20:46:00,492,VOICE,BOM-212,19.040979,72.863826,BOM-244,19.099473,72.848514
702A7114,+91-88200-43876,+91-93400-84149,2025-05-14T10:07:00,48,SMS,BOM-212,19.041005,72.863946,BOM-621,19.135699,72.829809
819A06DB,+91-91761-35131,+91-91761-53130,2025-05-08T18:24:00,591,VOICE,BOM-621,19.135525,72.829432,BOM-103,18.963537,72.834003
B10C1573,+91-63990-23379,+91-80720-97866,2025-04-20T07:35:00,38,SMS,BOM-447,19.04467,72.856232,BOM-901,19.029691,72.85556
C0B41E88,+91-87890-36277,+91-93400-86083,2025-05-15T15:54:00,1116,VOICE,BOM-901,19.029541,72.854806,BOM-447,19.044304,72.855373
918EBE89,+91-88200-76519,+91-80720-61487,2025-05-04T22:06:00,804,VOICE,BOM-212,19.041026,72.863385,BOM-212,19.041357,72.863488
FD53DA80,+91-87890-82663,+91-89120-62383,2025-05-18T09:04:00,37,SMS,BOM-447,19.044393,72.85578,BOM-808,19.05427,72.900766
FDFCE64B,+91-93400-80900,+91-77540-76115,2025-05-17T21:01:00,286,VOICE,BOM-901,19.029498,72.854999,BOM-519,19.066688,72.878165
AB515D10,+91-88200-28364,+91-91761-93647,2025-05-01T21:37:00,1151,VOICE,BOM-621,19.135683,72.829735,BOM-519,19.066323,72.878076
A31E04B5,+91-75300-17813,+91-70420-39525,2025-05-20T12:29:00,57,SMS,BOM-621,19.135638,72.829978,BOM-901,19.029586,72.855659
86FDEFAC,+91-75300-13927,+91-77540-26746,2025-04-25T22:30:00,15,SMS,BOM-447,19.044213,72.856096,BOM-212,19.041546,72.864152
23C41BD9,+91-80720-99001,+91-91761-87778,2025-04-17T19:15:00,559,VOICE,BOM-901,19.029967,72.854868,BOM-519,19.066379,72.878044
F8F5053E,+91-80720-82961,+91-75300-44388,2025-04-30T09:40:00,1373,VOICE,BOM-702,19.076157,72.877676,BOM-318,19.119241,72.846887
22EFDE02,+91-63990-40542,+91-75300-60411,2025-05-11T08:26:00,114,VOICE,BOM-621,19.13561,72.82945,BOM-808,19.054352,72.900636
7A048B8F,+91-93400-49230,+91-87890-73752,2025-05-03T15:34:00,39,SMS,BOM-244,19.099152,72.849053,BOM-244,19.099422,72.848672
5DC33F11,+91-75300-40859,+91-93400-36965,2025-05-04T13:21:00,9,SMS,BOM-519,19.066147,72.878885,BOM-212,19.041327,72.863938
ADA4B16B,+91-89120-95967,+91-77540-58266,2025-04-18T12:04:00,113,VOICE,BOM-244,19.099328,72.849074,BOM-244,19.099253,72.849112
7A42DF7D,+91-63990-50492,+91-80720-67717,2025-05-07T07:18:00,28,SMS,BOM-103,18.963074,72.834021,BOM-621,19.13645,72.829231
376155CD,+91-87890-75424,+91-75300-96799,2025-05-14T23:17:00,502,VOICE,BOM-808,19.054607,72.900193,BOM-103,18.963741,72.834378
6ED78F9C,+91-63990-21056,+91-75300-58406,2025-05-15T10:22:00,1066,VOICE,BOM-244,19.09869,72.848713,BOM-244,19.099289,72.848951
4CB43A69,+91-70420-66696,+91-75300-10597,2025-05-19T17:59:00,1415,VOICE,BOM-244,19.09881,72.849061,BOM-621,19.136207,72.829228
7F7F5927,+91-89120-73802,+91-91761-83955,2025-04-19T22:02:00,1313,VOICE,BOM-702,19.075613,72.877701,BOM-702,19.076102,72.877897
EA08E153,+91-87890-19258,+91-89120-26438,2025-04-18T17:07:00,1532,VOICE,BOM-447,19.044805,72.856102,BOM-447,19.043992,72.856123
3132AC17,+91-88200-43475,+91-75300-81334,2025-04-23T21:17:00,1272,VOICE,BOM-621,19.13637,72.830045,BOM-901,19.029278,72.855543
FEFAB7DF,+91-89120-56873,+91-80720-40028,2025-05-04T21:59:00,1232,VOICE,BOM-621,19.13573,72.829712,BOM-901,19.02956,72.855362
CBE19BF4,+91-91761-42728,+91-87890-38667,2025-04-26T18:50:00,534,VOICE,BOM-244,19.099169,72.848622,BOM-702,19.075439,72.877388
C1FA9939,+91-88200-10311,+91-75300-85775,2025-04-21T22:32:00,31,SMS,BOM-808,19.054626,72.900299,BOM-103,18.963608,72.833903
3AF3E452,+91-87890-61519,+91-89120-42099,2025-04-24T23:53:00,1131,VOICE,BOM-212,19.041134,72.863704,BOM-519,19.066475,72.878733
8FDD3267,+91-89120-67158,+91-91761-18263,2025-05-07T18:00:00,1330,VOICE,BOM-244,19.099067,72.848639,BOM-621,19.135596,72.829833
FC4747E2,+91-96200-11111,+91-96200-44444,2025-04-17T21:03:00,1321,VOICE,BOM-808,19.054795,72.900208,BOM-318,19.119663,72.846981
994975D9,+91-75300-57546,+91-93400-13483,2025-05-08T11:40:00,31,SMS,BOM-212,19.041585,72.863751,BOM-447,19.044609,72.855709
54E7A8EF,+91-75300-66904,+91-80720-17997,2025-04-26T20:21:00,14,SMS,BOM-447,19.044186,72.855464,BOM-103,18.963435,72.83467
35240476,+91-93400-60397,+91-70420-59684,2025-05-04T13:35:00,1236,VOICE,BOM-519,19.066613,72.878339,BOM-621,19.135709,72.829125
51BE8802,+91-88200-24665,+91-70420-94330,2025-05-11T15:21:00,1497,VOICE,BOM-519,19.066585,72.877915,BOM-621,19.135983,72.830077
300DEA96,+91-87890-66332,+91-80720-36080,2025-04-22T08:03:00,34,SMS,BOM-808,19.054361,72.900452,BOM-901,19.029414,72.855161
72A6D526,+91-96200-22222,+91-96200-11111,2025-04-19T13:19:00,517,VOICE,BOM-808,19.054045,72.900666,BOM-901,19.029561,72.855142
D9E19325,+91-88200-56856,+91-75300-88321,2025-05-16T07:25:00,1056,VOICE,BOM-447,19.04463,72.856048,BOM-901,19.02933,72.855651
CDFCD662,+91-70420-33408,+91-87890-22647,2025-05-12T11:41:00,421,VOICE,BOM-447,19.044737,72.855683,BOM-519,19.065878,72.8782
C69DFB74,+91-88200-32639,+91-91761-87202,2025-04-19T15:25:00,9,SMS,BOM-702,19.07583,72.877708,BOM-702,19.076029,72.878051
46601D1E,+91-77540-81515,+91-75300-27454,2025-05-03T19:53:00,51,SMS,BOM-318,19.119288,72.846394,BOM-318,19.119202,72.846405
2CF48181,+91-87890-32304,+91-80720-64402,2025-05-09T09:43:00,32,SMS,BOM-447,19.043903,72.856212,BOM-621,19.135557,72.829633
477834F6,+91-96200-22222,+91-96200-33333,2025-04-19T10:06:00,15,SMS,BOM-621,19.136295,72.82978,BOM-103,18.963747,72.834316
356DE7C4,+91-63990-84808,+91-87890-52447,2025-05-15T17:40:00,9,SMS,BOM-702,19.076047,72.877852,BOM-901,19.029118,72.855602
5B85CD95,+91-70420-75359,+91-63990-44333,2025-04-28T22:51:00,1581,VOICE,BOM-519,19.066782,72.878491,BOM-447,19.04406,72.856196
812CB72A,+91-75300-16992,+91-93400-25175,2025-05-08T12:46:00,1793,VOICE,BOM-244,19.098991,72.848753,BOM-702,19.076314,72.877663
52061A6E,+91-96200-44444,+91-96200-11111,2025-05-02T10:52:00,878,VOICE,BOM-901,19.029456,72.855154,BOM-103,18.963563,72.833975
420B75DE,+91-80720-63486,+91-88200-87143,2025-04-18T07:56:00,45,SMS,BOM-212,19.041823,72.863938,BOM-901,19.029543,72.855139
3E3FF8F3,+91-77540-79217,+91-70420-91668,2025-04-24T23:44:00,90,VOICE,BOM-447,19.044842,72.855628,BOM-103,18.963153,72.834095
2A698DA8,+91-75300-79559,+91-77540-32113,2025-05-17T07:00:00,684,VOICE,BOM-103,18.963351,72.834459,BOM-318,19.119791,72.846884
9ADD928F,+91-70420-70893,+91-89120-54156,2025-04-19T17:10:00,8,SMS,BOM-244,19.099009,72.84913,BOM-519,19.066772,72.877912
207295EE,+91-70420-28596,+91-63990-97152,2025-04-24T10:35:00,1244,VOICE,BOM-103,18.963392,72.834653,BOM-621,19.136432,72.829752
50288268,+91-89120-61549,+91-80720-35248,2025-04-29T10:29:00,696,VOICE,BOM-519,19.066003,72.878398,BOM-212,19.041463,72.864024
161B8764,+91-77540-28510,+91-70420-18335,2025-05-11T14:50:00,33,SMS,BOM-244,19.098509,72.848533,BOM-519,19.066135,72.878713
5482A076,+91-91761-14908,+91-91761-89427,2025-04-24T17:36:00,539,VOICE,BOM-808,19.054846,72.900584,BOM-808,19.054293,72.900794
878A88B9,+91-75300-86818,+91-70420-49037,2025-04-17T15:19:00,1111,VOICE,BOM-447,19.044042,72.85615,BOM-519,19.066768,72.878744
34C84B4B,+91-93400-78635,+91-91761-35241,2025-04-25T21:57:00,732,VOICE,BOM-244,19.099235,72.848848,BOM-621,19.135983,72.829585
5DADC1E4,+91-87890-65640,+91-89120-44197,2025-05-10T11:24:00,1424,VOICE,BOM-318,19.1196,72.847246,BOM-318,19.120031,72.846852
EC046685,+91-91761-63142,+91-75300-87603,2025-04-22T10:30:00,17,SMS,BOM-244,19.098582,72.848986,BOM-318,19.119842,72.846518
FF4332A6,+91-63990-54619,+91-91761-10966,2025-04-27T16:46:00,51,SMS,BOM-702,19.075715,72.877269,BOM-901,19.029743,72.855624
41B716A6,+91-93400-64644,+91-80720-43814,2025-04-29T09:13:00,55,SMS,BOM-318,19.120029,72.846954,BOM-244,19.098864,72.848572
C633282A,+91-75300-71221,+91-80720-57212,2025-04-21T18:39:00,425,VOICE,BOM-901,19.029997,72.855168,BOM-519,19.066636,72.878434
C651DD4B,+91-89120-64241,+91-80720-51132,2025-04-19T14:57:00,760,VOICE,BOM-244,19.099339,72.849326,BOM-901,19.029475,72.855469
2B58C375,+91-88200-68397,+91-70420-45173,2025-04-20T12:56:00,838,VOICE,BOM-318,19.119965,72.847155,BOM-103,18.963567,72.834484
D32AB138,+91-91761-86681,+91-93400-20284,2025-05-17T11:27:00,98,VOICE,BOM-519,19.066139,72.878855,BOM-621,19.136183,72.830037
416F4BDE,+91-93400-77243,+91-80720-57383,2025-04-19T07:27:00,39,SMS,BOM-621,19.135787,72.829912,BOM-103,18.962873,72.834144
B7A6DC23,+91-75300-43106,+91-91761-62546,2025-05-07T07:00:00,1654,VOICE,BOM-244,19.09919,72.849014,BOM-808,19.05454,72.900478
79B6A901,+91-63990-25595,+91-88200-19937,2025-05-04T14:36:00,7,SMS,BOM-702,19.075577,72.87774,BOM-447,19.044219,72.8555
8E9252C2,+91-77540-16841,+91-93400-17860,2025-04-22T19:18:00,629,VOICE,BOM-519,19.066191,72.878382,BOM-212,19.041549,72.863294
729FDB0A,+91-93400-61425,+91-63990-57127,2025-05-04T12:14:00,509,VOICE,BOM-808,19.054066,72.900674,BOM-103,18.963418,72.834077
AAC1D583,+91-63990-27023,+91-89120-80017,2025-04-20T15:20:00,101,VOICE,BOM-702,19.075985,72.878002,BOM-702,19.075666,72.877501
3D79E978,+91-70420-84728,+91-91761-11904,2025-05-11T23:50:00,8,SMS,BOM-901,19.029473,72.855241,BOM-808,19.054136,72.900058
C0D6B0A4,+91-96200-11111,+91-96200-44444,2025-05-20T17:04:00,278,VOICE,BOM-244,19.098517,72.849485,BOM-901,19.029214,72.855241
E691D1C1,+91-70420-67606,+91-87890-17205,2025-04-26T12:17:00,27,SMS,BOM-318,19.119611,72.846419,BOM-318,19.119463,72.846867
F8A38202,+91-63990-88435,+91-80720-63135,2025-04-23T23:49:00,27,SMS,BOM-447,19.044562,72.856136,BOM-808,19.05486,72.900678
20CA07E7,+91-80720-74868,+91-88200-81673,2025-05-06T07:57:00,36,SMS,BOM-621,19.135629,72.829224,BOM-808,19.054445,72.90085
26B71FFF,+91-89120-63515,+91-80720-87763,2025-05-05T12:21:00,782,VOICE,BOM-103,18.96324,72.834208,BOM-519,19.066231,72.878854
89C69C79,+91-80720-46376,+91-75300-53799,2025-05-11T20:18:00,1731,VOICE,BOM-702,19.075876,72.877658,BOM-447,19.043904,72.856292
E2204499,+91-77540-48827,+91-70420-76332,2025-05-03T07:39:00,419,VOICE,BOM-621,19.135994,72.829367,BOM-901,19.029723,72.855537
9999B570,+91-96200-11111,+91-96200-44444,2025-04-25T11:34:00,312,VOICE,BOM-103,18.963433,72.834367,BOM-447,19.044304,72.855651
9F8EBBD8,+91-70420-40270,+91-63990-58795,2025-05-20T15:18:00,1449,VOICE,BOM-519,19.066152,72.878445,BOM-702,19.07598,72.877261
F4AB2252,+91-80720-56454,+91-80720-73245,2025-04-24T15:20:00,1048,VOICE,BOM-447,19.044057,72.855786,BOM-621,19.136078,72.829188
D3995EA5,+91-75300-43109,+91-75300-62668,2025-04-27T23:20:00,691,VOICE,BOM-901,19.030035,72.855427,BOM-212,19.041184,72.864126
26244331,+91-88200-19034,+91-89120-88210,2025-04-26T09:08:00,1310,VOICE,BOM-103,18.963474,72.834648,BOM-901,19.030007,72.854893
02FBFBE2,+91-88200-42914,+91-87890-25646,2025-05-20T09:26:00,308,VOICE,BOM-621,19.136449,72.829509,BOM-318,19.120057,72.847241
6D4075B4,+91-88200-78550,+91-88200-39107,2025-05-20T16:04:00,63,VOICE,BOM-901,19.0293,72.855106,BOM-244,19.098774,72.849467
366486B8,+91-80720-93124,+91-75300-33959,2025-05-20T14:24:00,1657,VOICE,BOM-702,19.076141,72.877613,BOM-808,19.054325,72.900994
B49185DD,+91-89120-68376,+91-77540-32580,2025-05-20T07:29:00,487,VOICE,BOM-702,19.076239,72.877976,BOM-244,19.098771,72.848668
FB3A13DD,+91-93400-46809,+91-80720-10918,2025-04-30T15:46:00,730,VOICE,BOM-702,19.075456,72.877463,BOM-702,19.075604,72.877877
7010963C,+91-93400-48193,+91-93400-38841,2025-05-15T16:56:00,54,SMS,BOM-244,19.099495,72.849156,BOM-244,19.099368,72.848779
B8D3D742,+91-87890-88888,+91-93400-91044,2025-05-04T16:19:00,35,SMS,BOM-318,19.119458,72.846504,BOM-621,19.135756,72.829991
F0F85A7C,+91-63990-65412,+91-93400-42062,2025-04-18T08:04:00,399,VOICE,BOM-519,19.066346,72.878678,BOM-103,18.963732,72.834027
9F712D33,+91-63990-96462,+91-91761-45831,2025-04-30T12:43:00,37,SMS,BOM-901,19.030045,72.855459,BOM-244,19.098688,72.848623
C45B086B,+91-91761-41491,+91-93400-65264,2025-04-21T13:26:00,614,VOICE,BOM-702,19.076216,72.877841,BOM-244,19.098602,72.848693
63C274E8,+91-77540-77276,+91-70420-83524,2025-04-21T11:26:00,1078,VOICE,BOM-447,19.04436,72.855337,BOM-447,19.044341,72.85625
6F407E9B,+91-80720-75612,+91-77540-15282,2025-05-13T08:40:00,567,VOICE,BOM-519,19.066667,72.878393,BOM-702,19.075852,72.877213
41248823,+91-88200-63435,+91-77540-48231,2025-04-16T14:34:00,164,VOICE,BOM-318,19.119633,72.846315,BOM-212,19.041898,72.863705
3FF49C52,+91-70420-19944,+91-93400-18045,2025-04-28T13:13:00,1537,VOICE,BOM-519,19.066102,72.878072,BOM-901,19.029353,72.855599
19C42A42,+91-70420-48102,+91-63990-91937,2025-04-15T22:22:00,11,SMS,BOM-244,19.098892,72.849042,BOM-212,19.041347,72.864089
6C921FAC,+91-89120-57675,+91-63990-67678,2025-04-27T18:02:00,37,SMS,BOM-901,19.029924,72.855601,BOM-244,19.098557,72.848729
ABC6DAEB,+91-70420-60032,+91-77540-41261,2025-05-20T12:52:00,692,VOICE,BOM-519,19.065982,72.878336,BOM-901,19.029587,72.855702
B1DC6470,+91-96200-11111,+91-96200-33333,2025-05-11T10:49:00,14,SMS,BOM-519,19.065916,72.8786,BOM-621,19.135623,72.829346
B3D985EA,+91-75300-40757,+91-93400-63798,2025-05-07T19:19:00,348,VOICE,BOM-318,19.119973,72.846598,BOM-244,19.098551,72.848568
A339B162,+91-77540-47191,+91-88200-77032,2025-04-17T16:00:00,988,VOICE,BOM-318,19.120081,72.847081,BOM-702,19.075923,72.877699
49CD3C86,+91-96200-33333,+91-96200-44444,2025-05-12T21:55:00,8,SMS,BOM-244,19.099117,72.849056,BOM-621,19.135865,72.829928
C9B85B93,+91-88200-57834,+91-80720-43962,2025-04-21T07:20:00,15,SMS,BOM-702,19.075667,72.877782,BOM-901,19.030031,72.855038
47ADA50B,+91-87890-75681,+91-80720-57471,2025-05-11T13:46:00,1431,VOICE,BOM-447,19.04409,72.855985,BOM-621,19.136206,72.829848
5576786F,+91-88200-84111,+91-70420-75517,2025-04-27T15:32:00,14,SMS,BOM-519,19.065998,72.878446,BOM-103,18.963594,72.834661
ED78D7A4,+91-89120-81006,+91-88200-90531,2025-05-03T17:24:00,48,SMS,BOM-103,18.963496,72.834442,BOM-901,19.029467,72.855781
AFE02F91,+91-91761-31235,+91-70420-76381,2025-04-25T17:31:00,105,VOICE,BOM-447,19.044544,72.85572,BOM-519,19.066608,72.878836
4A28D08B,+91-75300-79310,+91-88200-76247,2025-05-10T17:01:00,1390,VOICE,BOM-318,19.119885,72.846586,BOM-244,19.099141,72.849315
B53E9F8D,+91-70420-22413,+91-75300-55544,2025-04-23T17:26:00,1243,VOICE,BOM-103,18.963549,72.834172,BOM-901,19.0294,72.855708
CBC0A6BD,+91-91761-58833,+91-91761-95467,2025-05-06T20:00:00,1015,VOICE,BOM-447,19.044386,72.855387,BOM-901,19.030025,72.855008
580D264D,+91-80720-30047,+91-63990-41597,2025-05-03T12:48:00,34,SMS,BOM-318,19.119467,72.846777,BOM-621,19.135531,72.829287
CD7104AA,+91-93400-91625,+91-80720-32842,2025-04-15T11:14:00,55,SMS,BOM-212,19.041386,72.863247,BOM-702,19.075682,72.877207
E082D887,+91-87890-89090,+91-89120-73897,2025-05-10T12:56:00,541,VOICE,BOM-702,19.076265,72.877582,BOM-901,19.029612,72.855661
AE39C519,+91-91761-84737,+91-93400-12517,2025-05-03T11:49:00,1034,VOICE,BOM-212,19.040912,72.863321,BOM-621,19.135653,72.83002
B9E6385A,+91-63990-92973,+91-80720-33089,2025-05-04T16:15:00,120,VOICE,BOM-519,19.066513,72.878836,BOM-103,18.963721,72.834496
E5FC2B1B,+91-75300-20587,+91-93400-14711,2025-05-10T17:28:00,1397,VOICE,BOM-447,19.044514,72.856258,BOM-808,19.054393,72.900608
4BCCE1D8,+91-89120-61523,+91-63990-17189,2025-04-28T20:13:00,1469,VOICE,BOM-901,19.030051,72.855427,BOM-621,19.136456,72.829424
36399D05,+91-77540-61313,+91-75300-79557,2025-05-07T14:12:00,625,VOICE,BOM-212,19.041082,72.863696,BOM-244,19.098618,72.849064
E5EA0378,+91-77540-79433,+91-91761-51081,2025-05-07T10:55:00,1418,VOICE,BOM-212,19.040915,72.863737,BOM-244,19.09922,72.848614
28E8FBB3,+91-77540-60719,+91-91761-32658,2025-04-29T11:37:00,888,VOICE,BOM-901,19.029505,72.855465,BOM-901,19.030076,72.855385
E4224BDE,+91-96200-22222,+91-96200-33333,2025-05-13T07:43:00,75,VOICE,BOM-212,19.041683,72.863443,BOM-447,19.044091,72.856075
2A1A31F3,+91-75300-48862,+91-89120-49579,2025-04-19T21:30:00,28,SMS,BOM-103,18.962939,72.833801,BOM-702,19.076348,72.878142
A58D7635,+91-63990-34525,+91-80720-66898,2025-05-06T22:02:00,1309,VOICE,BOM-103,18.963009,72.833764,BOM-519,19.065982,72.878071
B3603927,+91-75300-89757,+91-87890-27510,2025-04-24T10:00:00,1550,VOICE,BOM-103,18.962944,72.834638,BOM-244,19.098725,72.849029
3BCC8EB6,+91-75300-37108,+91-88200-16373,2025-05-17T19:43:00,1586,VOICE,BOM-901,19.029228,72.855403,BOM-103,18.963316,72.833838
96EC59D1,+91-93400-29867,+91-70420-88549,2025-04-18T16:52:00,29,SMS,BOM-212,19.041039,72.863601,BOM-519,19.065875,72.877972
0BBEFD98,+91-91761-31778,+91-89120-15939,2025-05-15T07:03:00,1684,VOICE,BOM-103,18.963683,72.83449,BOM-103,18.962934,72.833949
6C01C81B,+91-87890-40031,+91-88200-39493,2025-05-09T21:56:00,1074,VOICE,BOM-212,19.041774,72.863235,BOM-447,19.044018,72.856096
35D4D047,+91-93400-49979,+91-91761-31324,2025-05-06T14:11:00,1789,VOICE,BOM-621,19.135568,72.829632,BOM-212,19.040911,72.863926
26E7014D,+91-75300-61596,+91-63990-90982,2025-05-13T22:22:00,225,VOICE,BOM-318,19.119303,72.846503,BOM-212,19.041274,72.863791
EB131AA2,+91-89120-53284,+91-89120-63939,2025-05-14T12:19:00,1344,VOICE,BOM-212,19.04157,72.863588,BOM-808,19.054263,72.900214
F53E06C6,+91-88200-69189,+91-91761-80048,2025-05-10T20:15:00,737,VOICE,BOM-519,19.066738,72.877909,BOM-621,19.135993,72.82932
E6A3DD9E,+91-87890-15748,+91-70420-92626,2025-05-12T14:39:00,564,VOICE,BOM-244,19.098774,72.849332,BOM-621,19.135555,72.830054
32C97D89,+91-80720-46989,+91-93400-20623,2025-04-15T21:21:00,1541,VOICE,BOM-244,19.099218,72.848973,BOM-901,19.029374,72.855692
D3FE03CE,+91-93400-92252,+91-63990-30737,2025-04-28T11:32:00,33,SMS,BOM-901,19.02964,72.855625,BOM-901,19.029302,72.855771
D5BA1CF3,+91-91761-24404,+91-63990-92013,2025-04-22T13:55:00,340,VOICE,BOM-808,19.05483,72.900149,BOM-702,19.076013,72.877533
D1146D26,+91-70420-62243,+91-88200-97779,2025-05-17T09:16:00,905,VOICE,BOM-621,19.136338,72.829684,BOM-621,19.136143,72.829902
5CC0F7BD,+91-93400-42121,+91-75300-96090,2025-05-13T19:04:00,368,VOICE,BOM-901,19.02984,72.855165,BOM-519,19.066577,72.878178
AB67B957,+91-91761-92363,+91-63990-37719,2025-05-15T21:11:00,17,SMS,BOM-447,19.044712,72.855403,BOM-447,19.044421,72.855329
C61FB0B6,+91-63990-37840,+91-91761-28048,2025-05-19T19:49:00,273,VOICE,BOM-447,19.044702,72.856194,BOM-519,19.066665,72.878677
E7C5B7CF,+91-80720-33417,+91-80720-35516,2025-05-04T08:16:00,558,VOICE,BOM-621,19.135849,72.829453,BOM-212,19.041212,72.863928
6E181D11,+91-75300-32065,+91-70420-95033,2025-05-01T10:51:00,42,SMS,BOM-901,19.029417,72.855267,BOM-447,19.044867,72.855374
D7D1B660,+91-80720-30682,+91-89120-73050,2025-05-12T15:00:00,13,SMS,BOM-447,19.044551,72.855409,BOM-702,19.075935,72.877429
8FEF978A,+91-63990-41851,+91-77540-73839,2025-04-26T14:36:00,1630,VOICE,BOM-212,19.041384,72.863469,BOM-212,19.04169,72.863466
1C51AA1A,+91-93400-61426,+91-91761-32594,2025-05-14T21:52:00,33,SMS,BOM-103,18.963614,72.834542,BOM-212,19.041579,72.863352
E366FFC1,+91-91761-28325,+91-89120-18068,2025-05-06T22:23:00,360,VOICE,BOM-318,19.120163,72.847051,BOM-212,19.041504,72.863691
2DF42D58,+91-77540-18899,+91-77540-56386,2025-05-09T09:02:00,49,SMS,BOM-103,18.963394,72.834483,BOM-212,19.041457,72.863561
09987DF4,+91-93400-16415,+91-77540-26783,2025-05-10T08:06:00,732,VOICE,BOM-702,19.07631,72.877289,BOM-702,19.076332,72.877963
0BE0B011,+91-75300-29384,+91-75300-36138,2025-04-22T12:48:00,22,VOICE,BOM-212,19.040992,72.863319,BOM-212,19.041746,72.86403
050B66EE,+91-70420-53678,+91-70420-49656,2025-05-07T17:26:00,1526,VOICE,BOM-447,19.044649,72.855305,BOM-103,18.96344,72.834609
55F5B692,+91-96200-11111,+91-96200-22222,2025-04-16T19:38:00,192,VOICE,BOM-244,19.098656,72.848558,BOM-621,19.135817,72.82954
8D30DA36,+91-75300-34033,+91-63990-78489,2025-05-03T09:35:00,51,SMS,BOM-447,19.044217,72.855917,BOM-447,19.044523,72.85624
345E06FE,+91-93400-93773,+91-91761-78686,2025-05-03T22:56:00,1518,VOICE,BOM-244,19.099037,72.849197,BOM-621,19.13622,72.829376
2ACFC00B,+91-75300-85066,+91-70420-94210,2025-05-16T19:47:00,1636,VOICE,BOM-244,19.099132,72.848876,BOM-808,19.054982,72.900472
39E1B631,+91-88200-65826,+91-89120-32310,2025-04-17T08:29:00,1555,VOICE,BOM-901,19.03001,72.855345,BOM-447,19.044803,72.856033
BC72CB4B,+91-93400-77593,+91-93400-70664,2025-05-13T23:22:00,48,SMS,BOM-447,19.044871,72.8558,BOM-901,19.029155,72.855238
691EEAC5,+91-96200-22222,+91-96200-33333,2025-04-29T22:36:00,30,VOICE,BKC-112,19.0656,72.8669,BKC-112,19.0656,72.8669
942422F4,+91-80720-11400,+91-70420-92131,2025-04-15T20:55:00,268,VOICE,BOM-103,18.962972,72.834475,BOM-103,18.963226,72.834096
17B92C80,+91-77540-51267,+91-88200-43937,2025-04-21T12:19:00,30,SMS,BOM-103,18.963293,72.834345,BOM-519,19.06641,72.878642
4E93899A,+91-87890-25437,+91-93400-84231,2025-04-27T23:22:00,1780,VOICE,BOM-519,19.066259,72.878394,BOM-447,19.044091,72.855602
B438599B,+91-88200-71885,+91-63990-42289,2025-04-21T10:43:00,143,VOICE,BOM-519,19.066207,72.878294,BOM-212,19.041683,72.863937
7601C35A,+91-77540-26790,+91-63990-41020,2025-05-02T13:53:00,17,SMS,BOM-244,19.098742,72.848913,BOM-103,18.963389,72.834528
BD4C81F9,+91-80720-73195,+91-91761-57377,2025-05-02T08:06:00,1159,VOICE,BOM-808,19.054099,72.900148,BOM-212,19.041818,72.863937
922EE8DF,+91-77540-91736,+91-87890-56229,2025-05-10T12:53:00,915,VOICE,BOM-621,19.136158,72.830086,BOM-244,19.098876,72.84863
A4BA51CD,+91-87890-88405,+91-63990-68692,2025-05-11T15:54:00,56,SMS,BOM-808,19.054335,72.90024,BOM-519,19.066693,72.878058
A35B30D2,+91-77540-62636,+91-89120-81547,2025-04-24T08:52:00,755,VOICE,BOM-621,19.135662,72.829119,BOM-212,19.04124,72.863695
C3BCC7C0,+91-96200-11111,+91-96200-44444,2025-04-19T08:39:00,733,VOICE,BOM-808,19.054323,72.900481,BOM-103,18.962811,72.834197
DCDCF59E,+91-63990-54463,+91-63990-74454,2025-05-05T16:15:00,1779,VOICE,BOM-447,19.044216,72.855497,BOM-103,18.963158,72.834446
A63F35C3,+91-93400-39834,+91-93400-35435,2025-04-15T21:00:00,1707,VOICE,BOM-702,19.075586,72.877244,BOM-901,19.029551,72.85496
6196DC0C,+91-77540-16179,+91-89120-47206,2025-05-08T08:08:00,559,VOICE,BOM-103,18.962965,72.83453,BOM-244,19.099357,72.849301
D8760FBC,+91-63990-30620,+91-89120-15149,2025-05-15T17:51:00,358,VOICE,BOM-901,19.02958,72.855783,BOM-103,18.963656,72.834151
15F359E1,+91-87890-85703,+91-89120-44699,2025-04-19T10:20:00,1259,VOICE,BOM-244,19.09866,72.848793,BOM-447,19.044457,72.85555
592AE225,+91-63990-63860,+91-70420-21539,2025-04-27T08:44:00,20,SMS,BOM-808,19.054016,72.900049,BOM-103,18.962927,72.83449
1245317E,+91-63990-33092,+91-77540-67982,2025-04-27T16:58:00,1119,VOICE,BOM-901,19.029493,72.854931,BOM-244,19.099407,72.849176
5D12F189,+91-88200-40007,+91-63990-84038,2025-05-11T23:50:00,50,SMS,BOM-318,19.119682,72.846742,BOM-103,18.963767,72.834203
F7115A43,+91-91761-70317,+91-77540-71742,2025-05-09T09:49:00,5,SMS,BOM-702,19.075877,72.877725,BOM-212,19.040961,72.863275
BD9C5BF0,+91-96200-33333,+91-96200-11111,2025-05-10T12:17:00,1453,VOICE,BOM-212,19.041194,72.8634,BOM-808,19.054014,72.900252
B5185875,+91-91761-56249,+91-93400-18512,2025-04-25T09:34:00,1566,VOICE,BOM-212,19.041479,72.86412,BOM-808,19.054257,72.900166
9C6F4D65,+91-89120-33868,+91-88200-56009,2025-05-18T12:46:00,317,VOICE,BOM-621,19.135613,72.830084,BOM-808,19.054243,72.90077
8F9F15F0,+91-63990-73803,+91-87890-47577,2025-05-04T22:22:00,1023,VOICE,BOM-212,19.04175,72.863269,BOM-519,19.06581,72.878867
6DF34FFB,+91-87890-23268,+91-93400-83746,2025-05-18T16:41:00,1760,VOICE,BOM-808,19.054062,72.900799,BOM-808,19.054157,72.900654
A5949428,+91-80720-15353,+91-63990-12499,2025-05-04T12:27:00,34,SMS,BOM-808,19.054071,72.900972,BOM-212,19.04148,72.864129
B7BA774B,+91-91761-58040,+91-63990-30080,2025-04-23T19:21:00,707,VOICE,BOM-519,19.066659,72.878515,BOM-318,19.119712,72.846721
7E364C33,+91-77540-44205,+91-63990-78755,2025-05-17T13:49:00,1647,VOICE,BOM-519,19.066208,72.878837,BOM-103,18.963357,72.834246
12846D32,+91-96200-33333,+91-96200-11111,2025-05-10T18:28:00,34,SMS,BOM-103,18.963517,72.834443,BOM-519,19.066066,72.878253
18672300,+91-80720-48696,+91-89120-48058,2025-05-12T08:53:00,36,VOICE,BOM-621,19.135931,72.829547,BOM-702,19.075868,72.877277
9FEB5BCC,+91-70420-72426,+91-88200-47228,2025-04-28T09:35:00,1005,VOICE,BOM-702,19.075856,72.877542,BOM-447,19.044724,72.855846
F29DADD2,+91-75300-84259,+91-77540-62286,2025-04-16T19:32:00,71,VOICE,BOM-447,19.044624,72.855939,BOM-103,18.963275,72.834604
9424DCAB,+91-89120-23897,+91-75300-14203,2025-04-27T07:36:00,1298,VOICE,BOM-519,19.06627,72.878634,BOM-318,19.119734,72.846793
A24281C9,+91-88200-55938,+91-77540-59756,2025-05-08T14:01:00,385,VOICE,BOM-808,19.054069,72.900155,BOM-519,19.06599,72.878621
43F12902,+91-96200-11111,+91-63990-95609,2025-04-29T22:55:00,5,SMS,BKC-112,19.0656,72.8669,BOM-621,19.135944,72.829707
725DCADF,+91-70420-41531,+91-75300-89647,2025-05-11T18:00:00,142,VOICE,BOM-702,19.076269,72.877456,BOM-244,19.099357,72.84906
E141F05E,+91-87890-68392,+91-88200-56625,2025-04-20T18:10:00,860,VOICE,BOM-808,19.054181,72.900517,BOM-318,19.119559,72.84652
BD5E5D72,+91-80720-15950,+91-75300-81988,2025-05-18T12:55:00,14,SMS,BOM-621,19.136062,72.829925,BOM-702,19.07621,72.877861
39DF6BC3,+91-91761-97474,+91-91761-37834,2025-04-23T20:34:00,40,SMS,BOM-808,19.054686,72.900152,BOM-447,19.044331,72.855611
980B65CF,+91-88200-84689,+91-93400-33486,2025-05-08T21:11:00,39,SMS,BOM-901,19.029976,72.85482,BOM-212,19.041569,72.863525
F6A9CC58,+91-87890-40873,+91-80720-27338,2025-05-13T17:46:00,1356,VOICE,BOM-901,19.029467,72.85553,BOM-244,19.098741,72.848941
F3CB0BC5,+91-77540-90966,+91-70420-56036,2025-05-13T07:07:00,1384,VOICE,BOM-901,19.029102,72.855307,BOM-901,19.03006,72.855373
95249C25,+91-80720-28895,+91-63990-14977,2025-04-30T08:29:00,865,VOICE,BOM-702,19.076059,72.87744,BOM-244,19.099355,72.849002
C94008E1,+91-77540-59824,+91-63990-42880,2025-05-14T07:40:00,20,SMS,BOM-808,19.054937,72.900858,BOM-244,19.098754,72.848688
959DA45F,+91-70420-63915,+91-75300-40739,2025-05-03T08:10:00,819,VOICE,BOM-808,19.054496,72.900678,BOM-212,19.041323,72.863733
16345502,+91-89120-82808,+91-88200-43874,2025-04-22T23:08:00,12,SMS,BOM-244,19.099109,72.849097,BOM-702,19.075545,72.877608
3141252D,+91-96200-44444,+91-77540-27312,2025-04-29T23:22:00,5,SMS,BKC-112,19.0656,72.8669,BOM-212,19.041295,72.863322
E4B317D9,+91-87890-92559,+91-91761-23566,2025-04-25T08:27:00,1324,VOICE,BOM-702,19.076251,72.877551,BOM-103,18.963551,72.833804
5C93A5B2,+91-77540-78530,+91-88200-14668,2025-04-28T08:52:00,1417,VOICE,BOM-519,19.066793,72.878874,BOM-519,19.066358,72.878871
5F352E20,+91-80720-70434,+91-93400-96214,2025-04-25T12:14:00,901,VOICE,BOM-702,19.075466,72.878013,BOM-244,19.098677,72.849421
1769D984,+91-91761-83144,+91-77540-12527,2025-05-10T23:46:00,1032,VOICE,BOM-702,19.075972,72.877721,BOM-519,19.066416,72.878299
6A9A703F,+91-93400-70837,+91-93400-24299,2025-04-15T12:23:00,188,VOICE,BOM-901,19.029878,72.855692,BOM-519,19.066271,72.878815
4D500AF1,+91-87890-87003,+91-75300-33191,2025-04-24T15:30:00,1228,VOICE,BOM-808,19.054989,72.900005,BOM-621,19.135625,72.829521
AA157249,+91-87890-84198,+91-93400-33220,2025-04-23T08:27:00,1089,VOICE,BOM-447,19.044507,72.855897,BOM-621,19.136077,72.829827
4054F2DD,+91-96200-11111,+91-96200-44444,2025-04-25T20:32:00,183,VOICE,BOM-702,19.075746,72.877301,BOM-808,19.054332,72.900439
1AD26C62,+91-63990-71842,+91-88200-87955,2025-05-07T10:57:00,413,VOICE,BOM-318,19.11946,72.847084,BOM-702,19.076335,72.877818
B489ABF3,+91-80720-12933,+91-80720-91238,2025-04-25T15:39:00,156,VOICE,BOM-447,19.044143,72.855878,BOM-212,19.040915,72.864152
F253A6A9,+91-89120-22262,+91-80720-84763,2025-05-17T13:14:00,636,VOICE,BOM-103,18.963513,72.834349,BOM-519,19.066235,72.878453
2DB2F8D8,+91-96200-33333,+91-96200-11111,2025-04-19T18:48:00,1700,VOICE,BOM-621,19.135918,72.829555,BOM-212,19.040998,72.863647
6C19C12B,+91-96200-11111,+91-96200-22222,2025-05-16T17:59:00,416,VOICE,BOM-318,19.119636,72.847177,BOM-318,19.119549,72.846473
8F4BE113,+91-63990-34204,+91-88200-19765,2025-05-06T11:51:00,12,SMS,BOM-212,19.041421,72.863224,BOM-212,19.041366,72.863694
3A58727A,+91-80720-83387,+91-80720-43150,2025-04-28T20:54:00,171,VOICE,BOM-318,19.119554,72.846841,BOM-808,19.054518,72.900781
E3093AD7,+91-93400-94992,+91-87890-44391,2025-04-25T15:49:00,193,VOICE,BOM-702,19.075631,72.878113,BOM-519,19.065991,72.878218
C9FED40A,+91-93400-21103,+91-87890-51498,2025-04-15T16:07:00,1303,VOICE,BOM-702,19.075905,72.877328,BOM-103,18.962947,72.834204
DE9A0AD4,+91-91761-81113,+91-87890-42677,2025-05-16T14:08:00,1578,VOICE,BOM-702,19.075877,72.877264,BOM-318,19.119325,72.846866
C873840A,+91-96200-22222,+91-96200-11111,2025-05-12T15:59:00,1242,VOICE,BOM-212,19.041248,72.863869,BOM-808,19.054086,72.900102
B3CD950A,+91-75300-41586,+91-89120-15329,2025-05-18T13:03:00,1670,VOICE,BOM-318,19.119407,72.847271,BOM-901,19.029704,72.855105
91FCF618,+91-63990-89395,+91-63990-63274,2025-04-30T18:57:00,17,SMS,BOM-621,19.136275,72.829519,BOM-519,19.065984,72.878872
B646B4A0,+91-88200-75591,+91-88200-58291,2025-05-14T22:55:00,507,VOICE,BOM-702,19.075503,72.877844,BOM-808,19.054843,72.900786
7DB5DBC8,+91-75300-21915,+91-93400-21840,2025-04-22T09:31:00,43,SMS,BOM-519,19.065907,72.878014,BOM-519,19.065909,72.878533
7BB03011,+91-63990-93043,+91-77540-61469,2025-05-07T10:35:00,49,SMS,BOM-519,19.066305,72.878401,BOM-519,19.066446,72.878022
E3589E4F,+91-93400-21670,+91-63990-49666,2025-04-26T12:02:00,58,SMS,BOM-244,19.098576,72.848602,BOM-447,19.044335,72.855346
CE7CDF8B,+91-77540-45558,+91-70420-96923,2025-04-18T14:40:00,460,VOICE,BOM-318,19.119466,72.846585,BOM-901,19.02951,72.855333
A2EE5503,+91-80720-38130,+91-70420-28899,2025-05-15T16:46:00,30,SMS,BOM-621,19.136105,72.829654,BOM-702,19.076014,72.87752
2BFF3634,+91-96200-22222,+91-96200-33333,2025-05-08T11:46:00,37,SMS,BOM-702,19.075648,72.877645,BOM-621,19.136225,72.829408
B4BBF95E,+91-88200-65571,+91-88200-85574,2025-04-25T21:45:00,1388,VOICE,BOM-702,19.076339,72.877273,BOM-519,19.066683,72.878016
F63779A8,+91-77540-12876,+91-93400-36134,2025-05-01T23:40:00,517,VOICE,BOM-519,19.066323,72.878647,BOM-519,19.065879,72.87869
78F3BB5D,+91-91761-93016,+91-63990-32285,2025-05-06T22:28:00,872,VOICE,BOM-702,19.076045,72.877307,BOM-808,19.054353,72.900612
5B72D536,+91-75300-91254,+91-87890-55453,2025-04-19T09:59:00,572,VOICE,BOM-519,19.066178,72.877953,BOM-808,19.05401,72.900471
A0289620,+91-89120-39096,+91-88200-37237,2025-05-02T08:07:00,1495,VOICE,BOM-519,19.066653,72.878363,BOM-808,19.054329,72.900805
34ACE8B3,+91-93400-52405,+91-89120-31480,2025-04-18T21:25:00,36,SMS,BOM-244,19.09902,72.849022,BOM-244,19.09938,72.849008
43AF6E13,+91-77540-95310,+91-70420-23158,2025-05-08T22:16:00,249,VOICE,BOM-901,19.030028,72.855223,BOM-212,19.041664,72.863291
0DA8436E,+91-77540-39060,+91-89120-22281,2025-05-16T14:10:00,36,SMS,BOM-808,19.054129,72.900176,BOM-621,19.136095,72.829712
D438049A,+91-87890-42420,+91-77540-53883,2025-04-29T08:19:00,1048,VOICE,BOM-103,18.963669,72.833776,BOM-901,19.029811,72.854973
B5040B48,+91-96200-22222,+91-96200-33333,2025-04-30T13:56:00,485,VOICE,BOM-244,19.098709,72.849271,BOM-519,19.066202,72.878395
D011CB19,+91-88200-18078,+91-80720-10682,2025-04-18T10:24:00,1788,VOICE,BOM-244,19.098741,72.849418,BOM-212,19.041446,72.863377
AD04962F,+91-88200-46920,+91-88200-95776,2025-05-14T11:03:00,471,VOICE,BOM-621,19.136001,72.829273,BOM-244,19.099121,72.848597
3343EB1B,+91-80720-89640,+91-70420-28386,2025-05-08T09:06:00,303,VOICE,BOM-621,19.136429,72.829926,BOM-212,19.041089,72.863594
FCE70584,+91-93400-41554,+91-63990-52357,2025-04-24T14:45:00,1083,VOICE,BOM-318,19.119913,72.846982,BOM-447,19.044634,72.855598
AD045384,+91-91761-30642,+91-77540-54665,2025-05-03T07:27:00,39,SMS,BOM-318,19.120028,72.846943,BOM-519,19.066757,72.878808
3B8FDB11,+91-80720-44596,+91-77540-36990,2025-04-19T19:43:00,23,SMS,BOM-212,19.041873,72.863678,BOM-519,19.065819,72.878692
0745DDB9,+91-88200-29385,+91-87890-74041,2025-05-11T21:37:00,1073,VOICE,BOM-519,19.066314,72.877943,BOM-901,19.029545,72.855012
CA9FE68D,+91-75300-76415,+91-87890-40183,2025-05-06T10:19:00,1407,VOICE,BOM-103,18.963596,72.834335,BOM-621,19.135706,72.829536
49EACBDC,+91-93400-63998,+91-93400-22482,2025-05-08T16:16:00,486,VOICE,BOM-447,19.044279,72.856027,BOM-808,19.054398,72.900726
291DF931,+91-93400-93536,+91-63990-63885,2025-05-19T18:43:00,14,SMS,BOM-318,19.119868,72.847166,BOM-318,19.119233,72.847082
FAD64F20,+91-87890-33587,+91-89120-51798,2025-05-19T09:29:00,1237,VOICE,BOM-901,19.029915,72.855165,BOM-519,19.066323,72.878126
30E40818,+91-93400-56449,+91-89120-86582,2025-05-17T18:07:00,1575,VOICE,BOM-212,19.041356,72.863266,BOM-621,19.135933,72.829242
C5644393,+91-89120-67306,+91-89120-85594,2025-04-29T07:20:00,38,SMS,BOM-103,18.962954,72.833793,BOM-103,18.962814,72.834235
68359BDE,+91-80720-85931,+91-70420-87836,2025-05-02T17:56:00,36,SMS,BOM-808,19.054362,72.900153,BOM-808,19.054404,72.900107
5F62EDD1,+91-63990-76604,+91-93400-40962,2025-04-16T13:14:00,479,VOICE,BOM-318,19.119773,72.846683,BOM-447,19.044852,72.855868
BB4BDB67,+91-91761-44304,+91-75300-71725,2025-05-15T13:13:00,42,SMS,BOM-519,19.066278,72.878433,BOM-519,19.066312,72.878041
546A4FBD,+91-77540-75357,+91-75300-25969,2025-05-10T14:24:00,60,SMS,BOM-447,19.044445,72.856081,BOM-244,19.098777,72.848875
2E13AA4A,+91-80720-52726,+91-91761-76018,2025-05-04T17:19:00,846,VOICE,BOM-244,19.098882,72.848874,BOM-212,19.041699,72.864107
D001AC81,+91-93400-84870,+91-88200-79976,2025-05-11T15:21:00,834,VOICE,BOM-901,19.030094,72.855321,BOM-447,19.04427,72.855972
99327777,+91-70420-57694,+91-80720-46123,2025-04-25T11:44:00,175,VOICE,BOM-621,19.135584,72.829453,BOM-621,19.136435,72.829215
B0311D7E,+91-70420-99297,+91-75300-36146,2025-05-16T20:41:00,481,VOICE,BOM-447,19.044635,72.855857,BOM-808,19.054439,72.900665
66AF94D3,+91-63990-16434,+91-77540-91181,2025-05-05T13:34:00,55,SMS,BOM-901,19.029269,72.855111,BOM-103,18.963322,72.834447
080D3D0C,+91-75300-99704,+91-75300-55243,2025-04-21T18:55:00,193,VOICE,BOM-447,19.044787,72.856095,BOM-901,19.029521,72.855226
348DAFF1,+91-77540-23479,+91-87890-63588,2025-04-20T21:00:00,1146,VOICE,BOM-702,19.075701,72.878038,BOM-702,19.076232,72.877296
0C38510A,+91-75300-23816,+91-75300-57934,2025-05-16T17:14:00,21,SMS,BOM-318,19.120063,72.84703,BOM-901,19.029717,72.85491
CE8DAE09,+91-87890-80568,+91-75300-20764,2025-05-12T13:34:00,574,VOICE,BOM-447,19.044349,72.855961,BOM-447,19.044883,72.855996
83B690BB,+91-93400-87358,+91-91761-30683,2025-05-18T20:11:00,1110,VOICE,BOM-702,19.075623,72.877804,BOM-621,19.136355,72.829871
1CC641B7,+91-80720-52971,+91-88200-73615,2025-05-08T08:17:00,237,VOICE,BOM-244,19.098514,72.848507,BOM-103,18.963019,72.833872
2DE298F6,+91-93400-89420,+91-75300-66612,2025-04-22T18:38:00,17,SMS,BOM-621,19.135816,72.83006,BOM-318,19.119382,72.846936
C8FA9137,+91-80720-64300,+91-63990-26307,2025-04-19T09:06:00,433,VOICE,BOM-103,18.962934,72.834067,BOM-103,18.963228,72.834504
7BA6F709,+91-96200-44444,+91-96200-11111,2025-05-08T22:38:00,17,VOICE,MLW-088,19.187,72.8411,MLW-088,19.187,72.8411
DC8380E7,+91-89120-98815,+91-77540-44646,2025-04-28T13:42:00,222,VOICE,BOM-447,19.044201,72.856134,BOM-212,19.041475,72.864027
F32C6247,+91-96200-22222,+91-96200-11111,2025-04-29T12:23:00,166,VOICE,BOM-244,19.098673,72.848975,BOM-212,19.041825,72.863629
B1B4047D,+91-88200-38558,+91-88200-32536,2025-05-13T17:12:00,1544,VOICE,BOM-212,19.041581,72.863575,BOM-519,19.065805,72.878542
30933F5F,+91-87890-45829,+91-88200-35026,2025-04-29T20:25:00,715,VOICE,BOM-901,19.029882,72.854809,BOM-244,19.0988,72.849275
470FE643,+91-88200-34885,+91-63990-26004,2025-04-26T13:31:00,37,SMS,BOM-901,19.029363,72.855219,BOM-212,19.041532,72.86373
380C2596,+91-93400-40737,+91-88200-67330,2025-05-11T20:49:00,892,VOICE,BOM-901,19.029234,72.854939,BOM-519,19.066415,72.87831
3F99F97E,+91-93400-58027,+91-75300-90830,2025-05-20T21:05:00,1605,VOICE,BOM-318,19.119323,72.846468,BOM-808,19.054262,72.900398
F1739E80,+91-88200-58604,+91-70420-47422,2025-04-28T18:53:00,12,SMS,BOM-621,19.135503,72.82957,BOM-212,19.041777,72.86411
AFA09381,+91-77540-98349,+91-70420-53234,2025-04-27T13:30:00,1342,VOICE,BOM-212,19.041866,72.864013,BOM-318,19.119372,72.846872
278E7013,+91-87890-85802,+91-88200-99321,2025-04-18T19:15:00,841,VOICE,BOM-519,19.066405,72.878418,BOM-212,19.041439,72.863975
80311881,+91-88200-19717,+91-88200-71079,2025-05-05T08:06:00,1200,VOICE,BOM-808,19.05421,72.900494,BOM-901,19.029228,72.855579
A38AA8C2,+91-91761-29767,+91-93400-49611,2025-05-13T12:59:00,41,SMS,BOM-447,19.044411,72.856017,BOM-621,19.136178,72.829587
95CE3FDF,+91-93400-68325,+91-87890-58497,2025-05-15T16:24:00,518,VOICE,BOM-519,19.066557,72.878774,BOM-318,19.119704,72.846309
36278473,+91-88200-39920,+91-88200-38277,2025-04-26T21:59:00,941,VOICE,BOM-621,19.135935,72.829221,BOM-447,19.044821,72.855509
ABBA683B,+91-75300-45533,+91-91761-56340,2025-04-17T12:30:00,1317,VOICE,BOM-519,19.065914,72.878834,BOM-808,19.054687,72.900577
D0A8967F,+91-96200-11111,+91-96200-33333,2025-05-04T09:28:00,1038,VOICE,BOM-212,19.041659,72.863661,BOM-244,19.099093,72.849292
7EF3EC8B,+91-89120-44085,+91-75300-44085,2025-05-02T23:34:00,1122,VOICE,BOM-901,19.02933,72.855187,BOM-318,19.120146,72.84672
475A1575,+91-77540-43615,+91-88200-14068,2025-05-15T16:33:00,45,SMS,BOM-702,19.075612,72.878139,BOM-318,19.119894,72.846852
B1A16FEE,+91-89120-77546,+91-75300-92234,2025-05-15T19:50:00,1424,VOICE,BOM-621,19.135524,72.829195,BOM-702,19.075815,72.87786
05AFE265,+91-77540-46918,+91-80720-80993,2025-04-26T19:01:00,1344,VOICE,BOM-103,18.963143,72.834269,BOM-212,19.041586,72.864002
CA897AE5,+91-91761-85652,+91-63990-26402,2025-05-05T09:42:00,1623,VOICE,BOM-103,18.963438,72.834436,BOM-808,19.054778,72.900817
4217027D,+91-88200-80730,+91-63990-52833,2025-04-28T19:41:00,1777,VOICE,BOM-808,19.054309,72.900535,BOM-244,19.098814,72.849352
9286ED0E,+91-93400-48261,+91-87890-82873,2025-05-20T09:23:00,39,SMS,BOM-901,19.029814,72.855613,BOM-447,19.044258,72.855675
12BB1386,+91-96200-33333,+91-91761-73648,2025-05-08T22:23:00,5,SMS,MLW-088,19.187,72.8411,BOM-901,19.029834,72.855006
A6B019C1,+91-89120-35675,+91-89120-98849,2025-05-18T08:50:00,28,VOICE,BOM-621,19.136293,72.829267,BOM-103,18.96312,72.833817
5D8B1502,+91-88200-95895,+91-89120-38352,2025-04-26T17:23:00,1192,VOICE,BOM-447,19.044157,72.85541,BOM-103,18.963107,72.834207
5C8AF204,+91-89120-24281,+91-87890-55418,2025-04-28T07:58:00,27,SMS,BOM-621,19.135692,72.829823,BOM-702,19.075634,72.878158
A8C215A2,+91-75300-72226,+91-89120-21412,2025-04-15T13:33:00,9,SMS,BOM-103,18.962975,72.834451,BOM-519,19.066199,72.878018
8D535A11,+91-88200-68374,+91-89120-32113,2025-05-06T17:13:00,1189,VOICE,BOM-318,19.119363,72.84724,BOM-808,19.054365,72.900641
48D11A76,+91-88200-24222,+91-89120-13482,2025-05-13T10:37:00,41,SMS,BOM-212,19.041843,72.863246,BOM-621,19.136403,72.829926
DECA8432,+91-63990-34408,+91-77540-48992,2025-04-25T21:35:00,45,SMS,BOM-621,19.136228,72.829548,BOM-702,19.075757,72.877634
2D1F239D,+91-88200-53148,+91-75300-90152,2025-05-01T17:34:00,468,VOICE,BOM-244,19.098518,72.849319,BOM-621,19.135721,72.829195
84F77FC8,+91-75300-93425,+91-88200-74631,2025-05-09T18:59:00,1754,VOICE,BOM-447,19.044588,72.855329,BOM-519,19.066157,72.878779
38F03515,+91-93400-94316,+91-93400-78265,2025-04-27T22:42:00,22,SMS,BOM-318,19.119751,72.847198,BOM-318,19.119988,72.847124
8BEB2482,+91-63990-63175,+91-77540-88385,2025-04-24T20:22:00,201,VOICE,BOM-901,19.029841,72.855591,BOM-702,19.075534,72.877233
1048FDF2,+91-93400-55634,+91-87890-79977,2025-04-17T09:17:00,7,SMS,BOM-244,19.099312,72.849187,BOM-621,19.135966,72.829457
C55D5AEA,+91-91761-39253,+91-89120-32741,2025-05-01T18:29:00,24,SMS,BOM-244,19.098666,72.849149,BOM-318,19.119807,72.846343
E2138513,+91-70420-84089,+91-87890-88563,2025-05-07T09:27:00,1687,VOICE,BOM-621,19.135522,72.829139,BOM-244,19.098668,72.84866
BB3A8B6B,+91-91761-95914,+91-77540-15855,2025-05-12T16:55:00,59,VOICE,BOM-621,19.136295,72.829349,BOM-808,19.054919,72.90014
F648059D,+91-88200-78897,+91-88200-48618,2025-05-13T20:32:00,190,VOICE,BOM-244,19.098741,72.849222,BOM-244,19.09905,72.849407
470F0216,+91-77540-37051,+91-89120-64217,2025-05-16T21:59:00,1419,VOICE,BOM-901,19.029286,72.855408,BOM-702,19.076286,72.877216
DAF3D027,+91-70420-83380,+91-88200-30980,2025-04-26T15:50:00,1199,VOICE,BOM-244,19.099083,72.848547,BOM-808,19.054201,72.900801
75A91EF1,+91-63990-33801,+91-63990-36903,2025-04-24T21:16:00,1526,VOICE,BOM-702,19.075777,72.877368,BOM-702,19.075635,72.878196
B764B98B,+91-91761-53594,+91-70420-98328,2025-04-30T19:57:00,929,VOICE,BOM-808,19.05402,72.900244,BOM-244,19.099001,72.849348
D3B63BC9,+91-77540-78656,+91-63990-67085,2025-04-18T17:59:00,16,SMS,BOM-702,19.075969,72.877716,BOM-621,19.13624,72.829869
6965D404,+91-88200-92540,+91-88200-45079,2025-05-03T10:50:00,14,SMS,BOM-103,18.963333,72.834541,BOM-103,18.963272,72.834573
87C9C8F1,+91-70420-62028,+91-80720-49976,2025-04-23T15:09:00,1554,VOICE,BOM-621,19.135905,72.829452,BOM-212,19.041706,72.864168
5A109604,+91-87890-10254,+91-75300-95893,2025-04-19T20:57:00,1408,VOICE,BOM-621,19.13638,72.829923,BOM-901,19.029857,72.855395
2A09C788,+91-88200-21397,+91-63990-80897,2025-04-30T18:03:00,1288,VOICE,BOM-244,19.098968,72.848929,BOM-212,19.041663,72.863906
6AAAADA8,+91-87890-28688,+91-88200-85056,2025-05-16T12:22:00,1278,VOICE,BOM-103,18.963715,72.834575,BOM-808,19.054706,72.90094
42F073D7,+91-93400-64732,+91-93400-86561,2025-05-06T10:56:00,26,SMS,BOM-808,19.054191,72.900769,BOM-447,19.044044,72.855426
0E985147,+91-63990-76073,+91-93400-86250,2025-04-30T13:51:00,679,VOICE,BOM-447,19.044573,72.85597,BOM-702,19.075758,72.877828
D3EEBB65,+91-87890-41925,+91-80720-14317,2025-04-17T23:08:00,580,VOICE,BOM-702,19.075426,72.877915,BOM-244,19.098593,72.84908
E6B37B5B,+91-87890-69310,+91-87890-41115,2025-05-19T11:35:00,697,VOICE,BOM-244,19.099107,72.849039,BOM-621,19.135852,72.829447
E50996A4,+91-89120-44272,+91-93400-38584,2025-05-19T18:16:00,1193,VOICE,BOM-244,19.099113,72.848825,BOM-901,19.029696,72.855142
83794F2B,+91-77540-85454,+91-77540-51462,2025-04-16T12:47:00,600,VOICE,BOM-103,18.963406,72.834563,BOM-212,19.041706,72.863235
8E11DB12,+91-80720-38784,+91-75300-47666,2025-05-17T11:41:00,1511,VOICE,BOM-808,19.054721,72.900047,BOM-212,19.04166,72.863601
C99B6881,+91-91761-43507,+91-93400-11950,2025-05-01T19:32:00,900,VOICE,BOM-621,19.136129,72.82977,BOM-212,19.041606,72.863331
03D5A931,+91-88200-23430,+91-70420-82965,2025-05-14T15:49:00,635,VOICE,BOM-621,19.135739,72.829417,BOM-702,19.076099,72.877886
7E105C2C,+91-75300-92655,+91-93400-20931,2025-04-27T14:34:00,375,VOICE,BOM-519,19.066727,72.8781,BOM-702,19.076367,72.877288
4E901660,+91-80720-41312,+91-70420-54802,2025-05-08T22:32:00,1752,VOICE,BOM-808,19.054184,72.900485,BOM-702,19.076006,72.877659
12D5488A,+91-70420-42802,+91-88200-58576,2025-05-17T08:27:00,517,VOICE,BOM-212,19.04141,72.86324,BOM-244,19.09945,72.848735
19571C1A,+91-75300-86875,+91-77540-99209,2025-05-01T08:47:00,11,SMS,BOM-901,19.029428,72.854972,BOM-901,19.029821,72.855227
FE83BD9D,+91-63990-71362,+91-75300-71109,2025-05-17T10:17:00,901,VOICE,BOM-519,19.066652,72.878008,BOM-318,19.119924,72.847084
56BBF0A6,+91-89120-43727,+91-91761-41896,2025-05-08T07:13:00,400,VOICE,BOM-808,19.054326,72.900858,BOM-621,19.13559,72.829972
B27199D0,+91-63990-90127,+91-93400-23181,2025-04-21T22:30:00,1683,VOICE,BOM-702,19.076381,72.877547,BOM-808,19.054232,72.90057
1DB24FF6,+91-70420-81694,+91-88200-27851,2025-05-02T21:10:00,575,VOICE,BOM-702,19.07619,72.877613,BOM-212,19.041373,72.863465
17F370A2,+91-89120-56781,+91-75300-56716,2025-04-19T11:06:00,42,SMS,BOM-244,19.099267,72.849475,BOM-808,19.054463,72.90045
77ABDBB9,+91-63990-87679,+91-80720-63348,2025-05-18T18:24:00,287,VOICE,BOM-621,19.135715,72.829494,BOM-702,19.076221,72.877982
1E24AF99,+91-77540-61602,+91-70420-19516,2025-04-30T22:19:00,1787,VOICE,BOM-103,18.963243,72.833791,BOM-212,19.041427,72.863779
CB6EC82E,+91-80720-28256,+91-80720-13505,2025-04-15T07:32:00,14,SMS,BOM-447,19.044867,72.856107,BOM-244,19.099121,72.849202
FCC05599,+91-75300-93340,+91-63990-13909,2025-05-07T09:36:00,18,SMS,BOM-103,18.962982,72.834056,BOM-103,18.963102,72.834384
357A9662,+91-89120-66304,+91-89120-36240,2025-05-09T09:46:00,64,VOICE,BOM-212,19.041369,72.863325,BOM-447,19.044278,72.856011
FC00D4B0,+91-96200-33333,+91-96200-44444,2025-04-15T10:54:00,54,SMS,BOM-702,19.075651,72.877724,BOM-103,18.963072,72.834313
B12B4FBC,+91-89120-98541,+91-63990-29945,2025-04-29T17:03:00,504,VOICE,BOM-103,18.962859,72.834325,BOM-808,19.054836,72.90041
D296569C,+91-63990-87575,+91-88200-85087,2025-04-23T12:15:00,1591,VOICE,BOM-901,19.029438,72.855596,BOM-702,19.07634,72.877335
F69EB1EB,+91-75300-20638,+91-75300-39989,2025-05-17T19:23:00,59,SMS,BOM-212,19.041118,72.863548,BOM-901,19.029489,72.855642
D4900280,+91-70420-35251,+91-93400-35936,2025-05-20T22:53:00,1349,VOICE,BOM-702,19.076375,72.877574,BOM-212,19.041828,72.863882
208A781F,+91-70420-89179,+91-93400-13258,2025-04-15T12:33:00,1704,VOICE,BOM-244,19.098525,72.849401,BOM-318,19.11939,72.846825
6282C1CC,+91-93400-33489,+91-89120-16348,2025-05-18T15:07:00,991,VOICE,BOM-212,19.041626,72.863714,BOM-519,19.066107,72.878205
618E7A4F,+91-80720-32829,+91-75300-52969,2025-05-06T12:11:00,1441,VOICE,BOM-621,19.135899,72.829742,BOM-318,19.120015,72.847223
02471630,+91-77540-61399,+91-63990-51842,2025-04-23T15:14:00,1310,VOICE,BOM-318,19.119434,72.846814,BOM-103,18.962879,72.834145
B81C8A5F,+91-93400-36928,+91-91761-84489,2025-05-01T10:36:00,804,VOICE,BOM-447,19.044601,72.856143,BOM-103,18.963452,72.833809
F9977410,+91-91761-55012,+91-63990-66813,2025-05-13T13:18:00,1247,VOICE,BOM-447,19.044856,72.855578,BOM-901,19.029595,72.85509
800A7AEB,+91-89120-93468,+91-91761-94104,2025-04-15T14:21:00,745,VOICE,BOM-244,19.09894,72.849366,BOM-103,18.963064,72.834417
1C9EADD6,+91-80720-94941,+91-87890-13768,2025-05-08T14:12:00,38,SMS,BOM-244,19.099403,72.849193,BOM-702,19.075402,72.877658
C8A58661,+91-88200-58060,+91-87890-22620,2025-04-18T17:52:00,25,SMS,BOM-808,19.054504,72.900951,BOM-621,19.135646,72.829509
78847DFB,+91-80720-14406,+91-87890-61534,2025-05-09T13:29:00,1554,VOICE,BOM-808,19.054804,72.900927,BOM-447,19.044236,72.85623
87ED20B9,+91-77540-91018,+91-87890-56441,2025-04-21T07:03:00,53,SMS,BOM-621,19.136427,72.829198,BOM-621,19.135942,72.829748
BFD8DC95,+91-91761-30051,+91-89120-87295,2025-05-06T21:10:00,1604,VOICE,BOM-808,19.054051,72.900512,BOM-318,19.119295,72.846833
80A5BA98,+91-70420-22370,+91-63990-91474,2025-04-20T07:13:00,139,VOICE,BOM-244,19.099106,72.849457,BOM-244,19.099102,72.849212
B56701C3,+91-88200-45324,+91-77540-44188,2025-04-20T11:12:00,578,VOICE,BOM-318,19.119935,72.846467,BOM-447,19.044847,72.855311
727F7EA4,+91-91761-21822,+91-63990-56048,2025-04-27T14:26:00,114,VOICE,BOM-244,19.098835,72.849001,BOM-621,19.136275,72.829202
7DEB1747,+91-75300-37409,+91-70420-49983,2025-05-17T08:59:00,589,VOICE,BOM-212,19.04155,72.86385,BOM-621,19.135904,72.829952
5084047E,+91-75300-60016,+91-89120-80046,2025-05-15T14:21:00,853,VOICE,BOM-244,19.099485,72.849066,BOM-447,19.04397,72.855805
F1266E02,+91-75300-16613,+91-89120-13896,2025-05-06T08:27:00,1172,VOICE,BOM-808,19.054968,72.900426,BOM-212,19.041499,72.863295
9A474622,+91-75300-11374,+91-80720-83124,2025-04-29T21:20:00,94,VOICE,BOM-447,19.044385,72.855549,BOM-212,19.041672,72.863411
4C82C5DE,+91-80720-32954,+91-63990-74659,2025-05-14T12:33:00,926,VOICE,BOM-318,19.119252,72.847126,BOM-447,19.043964,72.85628
DE245D54,+91-91761-65250,+91-93400-80552,2025-05-11T08:18:00,1156,VOICE,BOM-702,19.075978,72.877622,BOM-901,19.029339,72.855674
5C85BE25,+91-88200-80027,+91-63990-72634,2025-04-25T19:30:00,1614,VOICE,BOM-901,19.029472,72.854856,BOM-212,19.040923,72.863498
9403AA2B,+91-87890-46632,+91-91761-53421,2025-05-17T15:47:00,1773,VOICE,BOM-901,19.030069,72.855311,BOM-621,19.136101,72.829208
BB18239E,+91-75300-32546,+91-89120-92953,2025-05-03T12:46:00,29,SMS,BOM-244,19.098652,72.84902,BOM-103,18.963726,72.833852
4BF8632F,+91-80720-92077,+91-80720-92138,2025-05-15T09:03:00,17,SMS,BOM-447,19.044656,72.856281,BOM-702,19.075701,72.878036
E11B475C,+91-70420-59804,+91-91761-21046,2025-05-08T15:16:00,58,SMS,BOM-621,19.136358,72.830048,BOM-901,19.029706,72.855774
E82E17CC,+91-88200-82876,+91-91761-98893,2025-05-11T17:04:00,21,VOICE,BOM-702,19.076325,72.877794,BOM-519,19.066149,72.878479
CEAA2714,+91-89120-64992,+91-88200-69311,2025-04-29T12:50:00,1352,VOICE,BOM-318,19.11984,72.846417,BOM-318,19.119615,72.846804
23502A84,+91-89120-29767,+91-87890-81754,2025-05-07T10:57:00,906,VOICE,BOM-212,19.041859,72.863862,BOM-621,19.135721,72.830057
FDE395CB,+91-96200-33333,+91-96200-11111,2025-05-10T14:52:00,1095,VOICE,BOM-621,19.135585,72.829394,BOM-103,18.963236,72.834322
115F9D7D,+91-93400-26803,+91-88200-53533,2025-05-18T11:50:00,263,VOICE,BOM-621,19.136397,72.829334,BOM-212,19.041788,72.863403
F197BBD9,+91-70420-19370,+91-87890-91416,2025-05-19T11:57:00,316,VOICE,BOM-318,19.119541,72.846303,BOM-103,18.963489,72.834394
258D30E5,+91-93400-85860,+91-77540-49940,2025-04-16T16:44:00,160,VOICE,BOM-244,19.099313,72.848971,BOM-901,19.029202,72.855352
8FA92902,+91-91761-43779,+91-93400-18437,2025-05-04T21:52:00,32,SMS,BOM-901,19.02911,72.855703,BOM-702,19.076035,72.87768
F020B9B8,+91-87890-15140,+91-80720-86361,2025-05-06T10:20:00,1231,VOICE,BOM-621,19.136443,72.82957,BOM-808,19.054792,72.900062
6AF5DC9A,+91-80720-90844,+91-63990-90492,2025-05-06T16:05:00,1514,VOICE,BOM-318,19.12018,72.847164,BOM-519,19.06585,72.878113
7E9AC15D,+91-89120-42365,+91-88200-76336,2025-04-19T17:02:00,59,SMS,BOM-901,19.030065,72.855222,BOM-103,18.963563,72.834147
68966761,+91-91761-62113,+91-88200-52726,2025-04-30T19:08:00,1100,VOICE,BOM-901,19.029601,72.855067,BOM-702,19.075796,72.878168
F896177A,+91-80720-45520,+91-75300-95188,2025-05-09T21:47:00,1482,VOICE,BOM-901,19.02997,72.854836,BOM-808,19.054123,72.90066
8F06053E,+91-88200-42449,+91-88200-72921,2025-04-30T13:36:00,11,SMS,BOM-621,19.136366,72.829693,BOM-808,19.054072,72.900526
34464D71,+91-70420-41194,+91-91761-91655,2025-04-21T15:32:00,316,VOICE,BOM-621,19.136393,72.829841,BOM-519,19.06677,72.87852
51F0497F,+91-80720-15432,+91-63990-36340,2025-04-20T22:54:00,582,VOICE,BOM-702,19.0757,72.878157,BOM-808,19.054871,72.900397
61674CC2,+91-87890-79212,+91-77540-90767,2025-04-26T07:24:00,1637,VOICE,BOM-318,19.120027,72.846672,BOM-519,19.065949,72.877955
BE372AAF,+91-80720-74770,+91-93400-60259,2025-04-24T23:54:00,709,VOICE,BOM-519,19.06648,72.878595,BOM-318,19.119502,72.84681
9F1AAC57,+91-89120-25330,+91-88200-24438,2025-05-02T22:11:00,7,SMS,BOM-519,19.066571,72.878521,BOM-244,19.09886,72.849448
9D152B20,+91-88200-64019,+91-87890-34094,2025-05-12T15:49:00,1182,VOICE,BOM-447,19.044543,72.855366,BOM-519,19.06593,72.878619
22603470,+91-96200-11111,+91-96200-44444,2025-04-28T14:42:00,1346,VOICE,BOM-212,19.041108,72.863653,BOM-901,19.02931,72.854939
8939D26D,+91-89120-99095,+91-91761-46472,2025-05-01T13:43:00,1440,VOICE,BOM-318,19.119966,72.846883,BOM-901,19.029364,72.8552
CA5ECAC1,+91-77540-39486,+91-89120-31298,2025-05-05T23:48:00,1344,VOICE,BOM-621,19.136379,72.829212,BOM-103,18.963039,72.833756
BB51E1C7,+91-75300-67005,+91-91761-31267,2025-04-22T21:04:00,884,VOICE,BOM-901,19.029363,72.855671,BOM-103,18.963341,72.834014
2A1710B6,+91-89120-13049,+91-75300-59105,2025-05-03T13:33:00,336,VOICE,BOM-103,18.96353,72.834396,BOM-318,19.119793,72.846511
2AA3F4F3,+91-75300-39515,+91-77540-69308,2025-05-02T19:16:00,145,VOICE,BOM-212,19.041094,72.863987,BOM-519,19.066411,72.878345
0A19F969,+91-80720-14647,+91-77540-41358,2025-05-11T12:33:00,240,VOICE,BOM-808,19.054494,72.900048,BOM-901,19.029705,72.85534
26641A85,+91-91761-27993,+91-75300-77588,2025-04-18T13:46:00,13,SMS,BOM-901,19.029602,72.85541,BOM-318,19.119414,72.846709
091FB82F,+91-91761-94723,+91-91761-36457,2025-04-29T17:09:00,938,VOICE,BOM-318,19.120111,72.846686,BOM-519,19.06607,72.878003
E22C33FE,+91-88200-49878,+91-70420-93203,2025-05-16T12:16:00,1160,VOICE,BOM-103,18.963615,72.834665,BOM-901,19.029144,72.855284
154E7749,+91-93400-69835,+91-80720-97245,2025-05-08T12:45:00,17,SMS,BOM-519,19.066784,72.878552,BOM-447,19.044703,72.855728
38EE3489,+91-87890-57282,+91-91761-68954,2025-05-12T09:01:00,46,SMS,BOM-702,19.076261,72.878051,BOM-103,18.963293,72.83422
CFD995B2,+91-91761-77414,+91-70420-78049,2025-05-01T22:57:00,613,VOICE,BOM-447,19.043989,72.855774,BOM-808,19.054218,72.900017
9F82ED26,+91-93400-14108,+91-70420-74399,2025-05-11T21:09:00,1640,VOICE,BOM-447,19.043916,72.855764,BOM-318,19.119699,72.846537
3962233C,+91-88200-93900,+91-89120-76469,2025-04-24T17:54:00,961,VOICE,BOM-702,19.076332,72.877368,BOM-103,18.962879,72.834518
C598E648,+91-70420-21127,+91-91761-14990,2025-05-15T22:44:00,38,SMS,BOM-519,19.066521,72.878616,BOM-103,18.963723,72.833831
74E78815,+91-96200-11111,+91-96200-44444,2025-05-17T23:28:00,708,VOICE,BOM-808,19.054583,72.900907,BOM-519,19.066607,72.878603
380025CB,+91-88200-26977,+91-70420-30980,2025-04-21T23:04:00,924,VOICE,BOM-212,19.041413,72.863785,BOM-103,18.963053,72.833986
B5655184,+91-80720-10510,+91-89120-25620,2025-05-02T09:57:00,50,SMS,BOM-103,18.963571,72.834022,BOM-901,19.029364,72.855518
73B465D1,+91-91761-22609,+91-91761-36436,2025-04-27T22:01:00,24,SMS,BOM-621,19.136319,72.82996,BOM-318,19.119578,72.846868
C815FDF9,+91-93400-96062,+91-77540-66407,2025-04-30T22:29:00,782,VOICE,BOM-519,19.06679,72.878494,BOM-318,19.119915,72.847267
3047470A,+91-75300-18354,+91-63990-16911,2025-05-03T14:24:00,662,VOICE,BOM-519,19.066596,72.878078,BOM-519,19.065946,72.878355
5D889B48,+91-77540-63349,+91-63990-41824,2025-04-20T12:37:00,230,VOICE,BOM-702,19.076178,72.877496,BOM-447,19.04397,72.855599
9A002647,+91-91761-80905,+91-77540-86081,2025-04-28T08:20:00,28,SMS,BOM-702,19.07599,72.877965,BOM-212,19.041032,72.863974
E3F1906C,+91-63990-70272,+91-75300-36819,2025-05-12T12:07:00,1080,VOICE,BOM-103,18.963262,72.834663,BOM-808,19.054092,72.900048
6849C818,+91-75300-80230,+91-89120-99185,2025-05-18T23:46:00,23,VOICE,BOM-808,19.054573,72.900654,BOM-621,19.135656,72.829269
444EABE6,+91-87890-66471,+91-88200-17607,2025-05-20T15:45:00,39,VOICE,BOM-621,19.135737,72.829911,BOM-901,19.029169,72.854926
5EBB7617,+91-91761-52776,+91-77540-29400,2025-05-14T14:51:00,1728,VOICE,BOM-447,19.043946,72.856089,BOM-702,19.075751,72.878063
F8D74657,+91-91761-12077,+91-93400-64925,2025-05-08T15:07:00,954,VOICE,BOM-702,19.07553,72.877824,BOM-212,19.041542,72.863978
7C6546FA,+91-80720-34008,+91-93400-65411,2025-05-17T12:39:00,46,SMS,BOM-702,19.076383,72.877784,BOM-103,18.963346,72.833984
0B0B992B,+91-88200-61603,+91-91761-65384,2025-04-25T15:00:00,1260,VOICE,BOM-702,19.075874,72.877214,BOM-318,19.119469,72.846308
DEA159C6,+91-70420-59511,+91-87890-80958,2025-04-24T13:43:00,43,SMS,BOM-808,19.054095,72.900864,BOM-519,19.066172,72.878417
B15DA8CE,+91-91761-93726,+91-89120-17333,2025-04-30T12:28:00,1509,VOICE,BOM-808,19.054945,72.900169,BOM-808,19.054938,72.900438
ABAFDF8A,+91-80720-50392,+91-75300-99610,2025-05-13T12:33:00,1435,VOICE,BOM-621,19.136078,72.829955,BOM-244,19.099259,72.848612
A46A0E40,+91-87890-56818,+91-93400-50645,2025-04-25T20:09:00,1790,VOICE,BOM-901,19.029838,72.854801,BOM-519,19.066541,72.878208
5EAC99F8,+91-87890-93233,+91-87890-14454,2025-05-13T22:46:00,13,SMS,BOM-212,19.041741,72.864068,BOM-702,19.075511,72.877492
D4E68949,+91-77540-56449,+91-93400-91449,2025-04-30T09:13:00,778,VOICE,BOM-901,19.02918,72.855267,BOM-244,19.099196,72.848737
853C3854,+91-88200-66173,+91-91761-92427,2025-04-26T14:34:00,1197,VOICE,BOM-519,19.066267,72.878285,BOM-447,19.04472,72.856122
DB38D9A6,+91-89120-71647,+91-89120-16676,2025-04-21T22:45:00,1688,VOICE,BOM-447,19.044144,72.856165,BOM-318,19.120182,72.847038
653BDBE4,+91-88200-38795,+91-70420-73294,2025-04-20T22:35:00,475,VOICE,BOM-702,19.076394,72.877591,BOM-519,19.065812,72.878406
8FCE8A92,+91-87890-89332,+91-80720-78268,2025-05-05T23:35:00,1310,VOICE,BOM-808,19.05457,72.900963,BOM-244,19.098762,72.84899
5A40209C,+91-93400-37651,+91-77540-97774,2025-05-15T19:00:00,37,VOICE,BOM-621,19.135616,72.829436,BOM-103,18.963049,72.833752
6F914E34,+91-91761-74771,+91-75300-83165,2025-05-03T19:49:00,45,SMS,BOM-318,19.119397,72.846566,BOM-808,19.054804,72.900182
09857C6B,+91-77540-62843,+91-91761-64236,2025-05-01T07:21:00,1068,VOICE,BOM-318,19.11961,72.846613,BOM-447,19.044888,72.856178
2B36C417,+91-75300-17871,+91-87890-10335,2025-05-17T07:16:00,427,VOICE,BOM-901,19.029459,72.855524,BOM-621,19.136201,72.830022
AB202429,+91-89120-72967,+91-70420-38973,2025-05-10T21:22:00,450,VOICE,BOM-702,19.075573,72.87775,BOM-702,19.076019,72.878125
41767E67,+91-80720-20290,+91-91761-70678,2025-05-01T22:02:00,608,VOICE,BOM-447,19.044571,72.856108,BOM-702,19.076032,72.877594
287FD87F,+91-87890-89932,+91-87890-14909,2025-05-12T23:56:00,723,VOICE,BOM-318,19.119209,72.846985,BOM-901,19.029645,72.85518
7D9A4F76,+91-89120-36073,+91-89120-21585,2025-05-06T08:19:00,1249,VOICE,BOM-318,19.119425,72.846924,BOM-621,19.136069,72.829982
F186F550,+91-93400-31698,+91-63990-70591,2025-05-20T21:54:00,59,SMS,BOM-808,19.054117,72.900237,BOM-212,19.041708,72.863484
C635F6AA,+91-96200-22222,+91-96200-44444,2025-05-08T22:26:00,78,VOICE,MLW-088,19.187,72.8411,MLW-088,19.187,72.8411
08AFA58C,+91-87890-27091,+91-93400-86594,2025-04-16T11:50:00,41,SMS,BOM-103,18.963152,72.834114,BOM-901,19.030057,72.855737
41ED5FA6,+91-63990-73607,+91-93400-65229,2025-05-06T08:30:00,511,VOICE,BOM-212,19.041577,72.864082,BOM-901,19.029357,72.855748
4B663C14,+91-96200-22222,+91-96200-33333,2025-05-14T23:02:00,353,VOICE,BOM-901,19.02998,72.855163,BOM-103,18.963254,72.834171
4C573157,+91-70420-62395,+91-93400-39538,2025-05-08T18:28:00,33,VOICE,BOM-519,19.066571,72.878477,BOM-621,19.136243,72.829672
72FAD62F,+91-88200-67705,+91-89120-36082,2025-05-07T16:34:00,50,VOICE,BOM-901,19.029119,72.855417,BOM-447,19.044726,72.855301
E7FD54DA,+91-93400-73934,+91-93400-39573,2025-05-12T23:24:00,338,VOICE,BOM-447,19.044589,72.855552,BOM-318,19.119551,72.846537
9AE09455,+91-75300-12444,+91-87890-75455,2025-05-16T12:59:00,49,VOICE,BOM-244,19.098871,72.849469,BOM-702,19.076267,72.877679
6E09EFBF,+91-96200-33333,+91-96200-11111,2025-05-17T21:44:00,1537,VOICE,BOM-244,19.09883,72.84941,BOM-621,19.135881,72.829347
46176376,+91-89120-87121,+91-88200-40905,2025-05-19T07:54:00,359,VOICE,BOM-103,18.9638,72.834575,BOM-244,19.099223,72.849418
A52D7B1E,+91-91761-70461,+91-75300-59916,2025-05-08T21:06:00,1286,VOICE,BOM-244,19.099285,72.849038,BOM-901,19.029768,72.854847
94335475,+91-87890-41102,+91-77540-41848,2025-04-26T09:49:00,303,VOICE,BOM-212,19.041822,72.863852,BOM-244,19.099445,72.848569
35F11DE0,+91-96200-33333,+91-96200-44444,2025-05-03T14:46:00,535,VOICE,BOM-244,19.098806,72.848504,BOM-901,19.029843,72.855316
776AA83D,+91-70420-63871,+91-88200-69954,2025-04-30T13:00:00,30,SMS,BOM-702,19.076391,72.87762,BOM-318,19.119293,72.84668
FBD0B761,+91-70420-30745,+91-77540-28988,2025-04-17T22:46:00,384,VOICE,BOM-212,19.040989,72.864005,BOM-212,19.041824,72.863245
33DDD8A7,+91-75300-61640,+91-89120-72235,2025-04-21T22:44:00,865,VOICE,BOM-318,19.119618,72.847198,BOM-318,19.120106,72.847194
4C337908,+91-88200-44040,+91-89120-86927,2025-04-19T10:54:00,1715,VOICE,BOM-702,19.075598,72.877229,BOM-212,19.041255,72.863824
9654A0D0,+91-89120-42834,+91-93400-35378,2025-05-18T15:07:00,1205,VOICE,BOM-702,19.076348,72.877415,BOM-901,19.030027,72.854857
8D7C6F1E,+91-91761-26799,+91-63990-16707,2025-04-15T16:24:00,50,VOICE,BOM-212,19.041042,72.863638,BOM-318,19.119678,72.846627
4ED9B288,+91-77540-19432,+91-89120-65666,2025-04-28T23:32:00,57,VOICE,BOM-447,19.044088,72.856152,BOM-702,19.076055,72.877569
BFEB4CED,+91-91761-23628,+91-70420-37809,2025-04-20T10:47:00,1218,VOICE,BOM-244,19.098861,72.84864,BOM-808,19.054361,72.900171
AE622C1A,+91-88200-44705,+91-80720-92723,2025-05-16T19:44:00,71,VOICE,BOM-103,18.962866,72.8347,BOM-318,19.120199,72.846972
D9CBDCAF,+91-80720-67080,+91-88200-85940,2025-05-15T08:01:00,877,VOICE,BOM-244,19.098515,72.848924,BOM-702,19.075712,72.87788
ABE5BEB6,+91-87890-10612,+91-91761-69447,2025-05-04T11:04:00,43,SMS,BOM-702,19.076092,72.877349,BOM-318,19.120025,72.846367
075B7D71,+91-88200-87973,+91-75300-56967,2025-04-28T19:49:00,853,VOICE,BOM-621,19.136073,72.829748,BOM-212,19.041677,72.863683
79BC8927,+91-63990-37012,+91-63990-87564,2025-04-18T14:59:00,40,SMS,BOM-447,19.044695,72.855777,BOM-808,19.054236,72.900764
CCAA97E1,+91-96200-33333,+91-96200-44444,2025-04-20T20:38:00,544,VOICE,BOM-621,19.135666,72.829733,BOM-244,19.099056,72.849074
DCF0A1CB,+91-93400-71118,+91-80720-61822,2025-05-04T07:15:00,1675,VOICE,BOM-621,19.136062,72.829725,BOM-519,19.066147,72.877926
B6065FDE,+91-87890-24523,+91-91761-62897,2025-04-30T18:17:00,513,VOICE,BOM-808,19.054082,72.90088,BOM-621,19.136271,72.829531
2505EDA1,+91-80720-73672,+91-93400-24257,2025-04-29T12:15:00,48,SMS,BOM-447,19.044648,72.855477,BOM-212,19.041713,72.863231
6B83AEFF,+91-89120-98997,+91-88200-75141,2025-04-25T14:10:00,23,SMS,BOM-212,19.041437,72.863278,BOM-519,19.066593,72.878168
6F511D7E,+91-96200-33333,+91-96200-11111,2025-04-23T09:03:00,47,SMS,BOM-808,19.054279,72.900467,BOM-519,19.066238,72.878296
FB131573,+91-80720-14157,+91-88200-91295,2025-05-04T18:00:00,545,VOICE,BOM-244,19.099086,72.84886,BOM-901,19.029715,72.855158
A824EDB9,+91-91761-40038,+91-89120-77930,2025-04-22T15:15:00,1093,VOICE,BOM-447,19.044471,72.855637,BOM-702,19.076102,72.877321
A096D84A,+91-91761-76047,+91-89120-61952,2025-04-29T07:34:00,278,VOICE,BOM-212,19.041489,72.86365,BOM-519,19.06643,72.878383
09B7F219,+91-88200-67478,+91-63990-16680,2025-04-26T23:22:00,774,VOICE,BOM-702,19.076239,72.877556,BOM-103,18.962846,72.833793
DFB5823F,+91-87890-58552,+91-88200-45478,2025-05-10T17:55:00,1760,VOICE,BOM-103,18.963337,72.834084,BOM-244,19.098964,72.848964
70C080D8,+91-93400-14413,+91-89120-63220,2025-04-18T22:12:00,1150,VOICE,BOM-702,19.076241,72.878174,BOM-212,19.041371,72.863979
4149B9C0,+91-80720-90379,+91-63990-19437,2025-04-15T21:26:00,1577,VOICE,BOM-212,19.04104,72.863536,BOM-244,19.098672,72.848534
3D923E3F,+91-77540-48647,+91-87890-35372,2025-05-13T19:24:00,960,VOICE,BOM-901,19.029245,72.855309,BOM-621,19.136456,72.829823
45E320CD,+91-63990-93170,+91-77540-64050,2025-04-25T14:32:00,286,VOICE,BOM-901,19.029562,72.855337,BOM-519,19.065825,72.878527
62F5A520,+91-63990-33434,+91-70420-22199,2025-05-19T20:06:00,623,VOICE,BOM-702,19.075517,72.877985,BOM-901,19.029229,72.855182
14926650,+91-80720-27235,+91-70420-83021,2025-05-16T16:05:00,33,SMS,BOM-103,18.963337,72.833898,BOM-103,18.962916,72.833763
F624E7C1,+91-88200-15065,+91-77540-13879,2025-04-15T17:05:00,832,VOICE,BOM-621,19.136484,72.830057,BOM-621,19.135513,72.829108
0503CBC6,+91-80720-28025,+91-88200-42314,2025-05-12T17:18:00,23,SMS,BOM-244,19.099165,72.848843,BOM-901,19.029993,72.854916
51891719,+91-87890-12096,+91-63990-19420,2025-05-05T15:28:00,1099,VOICE,BOM-702,19.075933,72.877658,BOM-901,19.029469,72.855066
0C3592D8,+91-93400-89644,+91-77540-53655,2025-05-15T11:27:00,852,VOICE,BOM-447,19.044275,72.855369,BOM-212,19.041456,72.86335
12F468D7,+91-80720-34129,+91-87890-90040,2025-04-23T08:45:00,668,VOICE,BOM-702,19.075707,72.877817,BOM-447,19.044194,72.855861
A95E23DE,+91-87890-30289,+91-87890-23313,2025-05-14T08:03:00,503,VOICE,BOM-901,19.029319,72.855054,BOM-318,19.119412,72.84726
5B8104E9,+91-75300-78713,+91-80720-93849,2025-04-21T19:14:00,43,SMS,BOM-447,19.044359,72.855709,BOM-244,19.099112,72.849166
BF92DD10,+91-88200-78631,+91-88200-58613,2025-05-06T19:54:00,1488,VOICE,BOM-103,18.963514,72.834004,BOM-808,19.054275,72.900067
4235FE5A,+91-70420-37345,+91-87890-81854,2025-05-02T21:47:00,1750,VOICE,BOM-447,19.044162,72.855475,BOM-621,19.136424,72.82947
FA8A520B,+91-88200-88690,+91-87890-52384,2025-04-29T16:49:00,504,VOICE,BOM-621,19.136477,72.830087,BOM-702,19.075977,72.877867
0DD38230,+91-75300-83201,+91-91761-68457,2025-04-27T17:43:00,16,SMS,BOM-519,19.065973,72.878012,BOM-447,19.044082,72.856151
0FA5B2A3,+91-63990-58390,+91-91761-16198,2025-05-06T14:36:00,779,VOICE,BOM-447,19.044168,72.855635,BOM-447,19.044183,72.855328
1D0E6A0C,+91-89120-76547,+91-88200-98085,2025-04-30T16:56:00,39,SMS,BOM-244,19.099378,72.849283,BOM-519,19.066414,72.878452
67486E5B,+91-89120-13272,+91-70420-70926,2025-04-23T22:58:00,1184,VOICE,BOM-702,19.076389,72.877274,BOM-244,19.098937,72.849145
6A74D67F,+91-80720-78982,+91-77540-17934,2025-05-03T21:07:00,45,SMS,BOM-103,18.963655,72.833824,BOM-808,19.054937,72.900712
166148ED,+91-87890-95356,+91-75300-95148,2025-05-08T07:43:00,834,VOICE,BOM-212,19.041802,72.863215,BOM-808,19.054858,72.900977
2BCF9290,+91-87890-93149,+91-70420-92309,2025-05-19T12:56:00,197,VOICE,BOM-808,19.054565,72.900321,BOM-702,19.075631,72.877429
1633417D,+91-91761-77250,+91-88200-58792,2025-04-19T15:14:00,320,VOICE,BOM-103,18.963532,72.83443,BOM-212,19.041511,72.863902
F1CF9C76,+91-88200-79548,+91-77540-86881,2025-05-08T13:02:00,1561,VOICE,BOM-103,18.962875,72.834003,BOM-808,19.054943,72.900399
85D1E0C3,+91-70420-33539,+91-77540-41526,2025-05-07T21:05:00,36,VOICE,BOM-212,19.041347,72.863678,BOM-318,19.119357,72.847193
73D62877,+91-96200-33333,+91-96200-11111,2025-05-10T09:20:00,25,SMS,BOM-621,19.135728,72.82922,BOM-447,19.044253,72.855302
47ABEFC0,+91-89120-83093,+91-75300-55821,2025-05-14T16:49:00,37,SMS,BOM-244,19.099175,72.849184,BOM-447,19.044155,72.855717
8372E1D1,+91-87890-89079,+91-80720-64091,2025-05-20T16:09:00,8,SMS,BOM-621,19.135501,72.829761,BOM-244,19.099439,72.849352
F9EAAE4F,+91-93400-19748,+91-70420-39171,2025-04-16T10:02:00,412,VOICE,BOM-244,19.099474,72.849156,BOM-244,19.098988,72.848719
B60EF65F,+91-93400-45117,+91-77540-88929,2025-04-30T12:13:00,23,SMS,BOM-702,19.075491,72.878149,BOM-103,18.963745,72.834026
8293B55B,+91-91761-88913,+91-88200-11407,2025-04-26T22:34:00,22,SMS,BOM-244,19.098613,72.84916,BOM-519,19.066725,72.878676
C3BFDE84,+91-96200-33333,+91-96200-11111,2025-05-01T17:10:00,1272,VOICE,BOM-447,19.044539,72.856161,BOM-212,19.04112,72.863404
F50E069C,+91-77540-26556,+91-91761-85565,2025-04-25T18:02:00,695,VOICE,BOM-702,19.075534,72.87763,BOM-447,19.044003,72.856119
CD1467FE,+91-87890-15634,+91-93400-57230,2025-04-29T12:08:00,719,VOICE,BOM-318,19.119894,72.846984,BOM-447,19.044875,72.855656
33041F6E,+91-91761-52628,+91-63990-48748,2025-05-18T13:25:00,458,VOICE,BOM-901,19.030033,72.855489,BOM-621,19.135537,72.829755
EC99244F,+91-91761-23068,+91-75300-81972,2025-05-14T12:49:00,1464,VOICE,BOM-702,19.076181,72.877992,BOM-447,19.044095,72.855392
FB84D70E,+91-70420-82365,+91-91761-79588,2025-04-15T23:43:00,73,VOICE,BOM-318,19.119631,72.846469,BOM-808,19.054721,72.900614
DBAA7C2A,+91-63990-31418,+91-63990-63370,2025-05-05T20:53:00,1783,VOICE,BOM-621,19.136399,72.829645,BOM-447,19.044101,72.855842
4026FDCE,+91-63990-12058,+91-88200-79840,2025-04-22T14:57:00,1130,VOICE,BOM-901,19.029979,72.855297,BOM-702,19.075851,72.877797
7E2D2614,+91-80720-80327,+91-75300-81921,2025-04-19T11:16:00,1586,VOICE,BOM-621,19.136013,72.829382,BOM-447,19.044098,72.855332
088FCB73,+91-77540-86395,+91-87890-68118,2025-05-20T17:01:00,53,SMS,BOM-519,19.065906,72.878251,BOM-808,19.054837,72.900527
D1FD3D38,+91-96200-11111,+91-96200-44444,2025-05-03T19:17:00,1191,VOICE,BOM-244,19.099486,72.848606,BOM-702,19.075987,72.878119
B0398E21,+91-70420-40786,+91-75300-11189,2025-05-03T19:41:00,1167,VOICE,BOM-702,19.075526,72.877913,BOM-808,19.054416,72.90035
08A201CE,+91-96200-11111,+91-96200-33333,2025-05-08T16:18:00,44,SMS,BOM-244,19.098834,72.849021,BOM-103,18.963118,72.834395
6946D8C6,+91-91761-67928,+91-93400-35433,2025-04-28T15:24:00,441,VOICE,BOM-808,19.054617,72.900163,BOM-318,19.119785,72.846696
59E4836D,+91-87890-19609,+91-93400-56088,2025-05-18T10:34:00,1532,VOICE,BOM-212,19.041358,72.863465,BOM-212,19.041534,72.864196
92A69EF2,+91-77540-76294,+91-93400-92235,2025-05-15T10:55:00,439,VOICE,BOM-702,19.076029,72.87776,BOM-702,19.075608,72.8777
4DC98278,+91-91761-17483,+91-88200-19337,2025-04-17T15:09:00,793,VOICE,BOM-702,19.07596,72.878137,BOM-103,18.963082,72.834203
0AAC50F6,+91-63990-92444,+91-91761-98816,2025-04-19T22:04:00,1307,VOICE,BOM-103,18.963049,72.83439,BOM-244,19.099044,72.848953
9F7CD23A,+91-75300-81531,+91-89120-69126,2025-05-15T15:47:00,1016,VOICE,BOM-447,19.044747,72.856123,BOM-702,19.075606,72.87812
7161AD0D,+91-88200-27340,+91-70420-69577,2025-04-17T10:09:00,1660,VOICE,BOM-447,19.043963,72.856139,BOM-318,19.119734,72.847106
C0CF4F41,+91-87890-21800,+91-93400-45730,2025-05-14T13:44:00,112,VOICE,BOM-244,19.099131,72.848925,BOM-519,19.065852,72.878744
A2EC40F1,+91-70420-95785,+91-91761-19898,2025-05-09T15:45:00,55,SMS,BOM-808,19.054964,72.900451,BOM-244,19.09875,72.849359
7EF10CBF,+91-70420-17420,+91-70420-18610,2025-04-24T13:41:00,7,SMS,BOM-318,19.119549,72.846708,BOM-318,19.119232,72.847223
8779C264,+91-93400-32071,+91-88200-87204,2025-04-28T08:31:00,104,VOICE,BOM-447,19.044337,72.855656,BOM-519,19.06602,72.878289
A546D28D,+91-63990-39373,+91-93400-12981,2025-04-20T20:23:00,16,SMS,BOM-621,19.136354,72.82952,BOM-901,19.02938,72.855575
1F76C5E0,+91-96200-22222,+91-96200-66666,2025-04-29T21:04:00,20,VOICE,BKC-112,19.0656,72.8669,BOM-901,19.029186,72.855351
CB17CF90,+91-70420-56601,+91-93400-20830,2025-05-02T08:39:00,34,SMS,BOM-244,19.099396,72.849104,BOM-702,19.075991,72.878107
B212F3E6,+91-89120-34072,+91-80720-37126,2025-04-29T08:39:00,1588,VOICE,BOM-244,19.099193,72.848886,BOM-901,19.029356,72.855301
A2514CCF,+91-93400-67137,+91-88200-73851,2025-05-20T16:16:00,1342,VOICE,BOM-212,19.041859,72.863573,BOM-244,19.098836,72.849061
4612BB1E,+91-89120-67603,+91-93400-12513,2025-05-04T22:24:00,953,VOICE,BOM-621,19.135873,72.829639,BOM-519,19.066044,72.878257
E6DD274F,+91-96200-22222,+91-96200-33333,2025-04-24T18:42:00,29,SMS,BOM-103,18.963679,72.83406,BOM-212,19.041898,72.86383
048025A3,+91-77540-55171,+91-70420-59265,2025-05-13T11:41:00,1201,VOICE,BOM-447,19.043971,72.855895,BOM-212,19.041096,72.863397
062FC533,+91-77540-73141,+91-70420-29768,2025-04-15T23:20:00,920,VOICE,BOM-244,19.098718,72.848914,BOM-808,19.054312,72.900155
0431503B,+91-75300-76489,+91-80720-71041,2025-05-03T23:37:00,544,VOICE,BOM-702,19.076029,72.8781,BOM-901,19.029805,72.855568
72B5F206,+91-70420-42712,+91-80720-47543,2025-05-09T16:24:00,1573,VOICE,BOM-702,19.075432,72.877916,BOM-519,19.066409,72.878302
A90DE9E6,+91-93400-52623,+91-70420-92913,2025-05-17T22:35:00,51,SMS,BOM-103,18.963238,72.83442,BOM-808,19.054511,72.900621
5D5DD547,+91-70420-63746,+91-93400-57901,2025-04-18T12:24:00,706,VOICE,BOM-901,19.030053,72.855089,BOM-103,18.962995,72.834419
11AD95D0,+91-93400-93346,+91-77540-95986,2025-05-11T17:06:00,7,SMS,BOM-621,19.136331,72.829633,BOM-808,19.054578,72.900113
B942081C,+91-91761-99018,+91-75300-66940,2025-04-22T14:14:00,501,VOICE,BOM-808,19.05437,72.900482,BOM-212,19.04094,72.864062
3519FA3E,+91-96200-11111,+91-96200-22222,2025-04-25T18:50:00,1166,VOICE,BOM-621,19.135721,72.829252,BOM-244,19.098871,72.84873
5DF8EBB0,+91-87890-46499,+91-75300-25893,2025-04-20T15:45:00,1472,VOICE,BOM-621,19.136016,72.830025,BOM-702,19.075888,72.877762
7547346E,+91-80720-25762,+91-77540-53017,2025-05-14T22:50:00,42,SMS,BOM-702,19.075494,72.878195,BOM-621,19.136456,72.829584
CC678BB7,+91-89120-19838,+91-87890-72360,2025-05-19T11:21:00,1223,VOICE,BOM-244,19.099497,72.849089,BOM-519,19.066728,72.878636
9D9A2405,+91-80720-50676,+91-88200-98033,2025-05-14T08:28:00,5,SMS,BOM-103,18.963337,72.834434,BOM-212,19.041657,72.86371
E5AA83DB,+91-87890-79674,+91-89120-93146,2025-04-18T08:42:00,60,SMS,BOM-621,19.135929,72.829457,BOM-103,18.962838,72.834018
0FEC6116,+91-75300-38713,+91-63990-92043,2025-05-17T18:31:00,591,VOICE,BOM-519,19.065804,72.878035,BOM-519,19.066583,72.878258
4650E8DD,+91-88200-32331,+91-89120-72127,2025-05-04T09:10:00,54,SMS,BOM-103,18.962952,72.833886,BOM-519,19.066087,72.878081
7C275025,+91-80720-40829,+91-75300-97492,2025-05-03T22:49:00,1170,VOICE,BOM-244,19.099323,72.848873,BOM-103,18.963108,72.834568
86F71F11,+91-63990-26936,+91-77540-46689,2025-05-11T21:02:00,1378,VOICE,BOM-318,19.119775,72.847017,BOM-808,19.054497,72.90042
FD81DBD6,+91-89120-61281,+91-77540-10394,2025-04-29T12:19:00,352,VOICE,BOM-808,19.054615,72.900525,BOM-318,19.119932,72.847114
CE52D992,+91-88200-32490,+91-93400-36920,2025-05-08T10:30:00,1521,VOICE,BOM-212,19.041161,72.864051,BOM-212,19.041891,72.863989
A71AE90F,+91-80720-93425,+91-87890-94722,2025-05-01T21:17:00,41,SMS,BOM-318,19.120146,72.847125,BOM-808,19.054947,72.90094
5892F453,+91-70420-81691,+91-87890-29826,2025-04-15T16:55:00,1592,VOICE,BOM-447,19.044675,72.856136,BOM-244,19.099228,72.848671
5A125405,+91-75300-80434,+91-93400-54449,2025-05-19T09:06:00,729,VOICE,BOM-318,19.1195,72.846729,BOM-244,19.099069,72.848698
A120B733,+91-70420-89664,+91-93400-60988,2025-04-16T16:51:00,10,SMS,BOM-212,19.041772,72.863884,BOM-212,19.041819,72.863646
B6592D2C,+91-93400-21214,+91-88200-54336,2025-04-17T07:58:00,41,VOICE,BOM-808,19.054034,72.900333,BOM-447,19.044526,72.855995
958CA6E8,+91-96200-22222,+91-96200-33333,2025-05-14T14:37:00,43,SMS,BOM-808,19.054027,72.900527,BOM-447,19.044555,72.855824
56B114CD,+91-63990-41506,+91-70420-47463,2025-04-30T09:57:00,413,VOICE,BOM-212,19.040985,72.863304,BOM-519,19.066699,72.87801
2EA2DF5C,+91-91761-39164,+91-93400-14226,2025-05-12T16:49:00,305,VOICE,BOM-447,19.044396,72.855672,BOM-621,19.136006,72.829301
F77EB285,+91-88200-66175,+91-87890-73905,2025-05-04T16:27:00,1236,VOICE,BOM-702,19.075971,72.87741,BOM-447,19.044336,72.856186
825419A9,+91-93400-97004,+91-91761-37584,2025-05-03T12:53:00,51,VOICE,BOM-447,19.044868,72.855555,BOM-808,19.054751,72.900962
978D4FF7,+91-70420-21636,+91-93400-74154,2025-05-04T12:23:00,10,SMS,BOM-212,19.041312,72.863697,BOM-621,19.136211,72.82927
93C95F98,+91-96200-22222,+91-96200-11111,2025-04-15T11:38:00,495,VOICE,BOM-447,19.044104,72.856051,BOM-901,19.029234,72.855751
FF1CBD14,+91-96200-11111,+91-96200-44444,2025-05-01T15:46:00,322,VOICE,BOM-447,19.044866,72.855828,BOM-621,19.136016,72.829652
7F5C640E,+91-77540-64243,+91-75300-63481,2025-05-02T16:18:00,1607,VOICE,BOM-103,18.962992,72.834698,BOM-447,19.044265,72.855896
9D90A826,+91-87890-46146,+91-87890-78273,2025-04-17T21:57:00,17,SMS,BOM-103,18.963744,72.833926,BOM-621,19.135849,72.829492
60A08A3E,+91-87890-93984,+91-80720-29416,2025-05-17T16:47:00,1720,VOICE,BOM-519,19.066505,72.878361,BOM-318,19.119613,72.84678
5D7E7D0C,+91-77540-36193,+91-70420-55995,2025-04-21T11:11:00,836,VOICE,BOM-519,19.066719,72.878338,BOM-901,19.029761,72.854888
542F48EA,+91-77540-22737,+91-70420-77303,2025-05-16T16:43:00,574,VOICE,BOM-244,19.099125,72.849099,BOM-103,18.963453,72.834038
7C947C3F,+91-96200-22222,+91-93400-45816,2025-04-29T22:39:00,5,SMS,BKC-112,19.0656,72.8669,BOM-103,18.963243,72.834387
7AA9FA7A,+91-89120-99873,+91-70420-40060,2025-05-16T16:38:00,121,VOICE,BOM-447,19.044458,72.855478,BOM-702,19.076291,72.877369
F668C768,+91-77540-85018,+91-63990-15730,2025-05-18T18:50:00,332,VOICE,BOM-519,19.065926,72.87881,BOM-318,19.119833,72.846563
AFA3DE19,+91-80720-64385,+91-91761-10825,2025-04-20T20:56:00,60,SMS,BOM-901,19.02992,72.855749,BOM-519,19.066495,72.878163
213D7911,+91-75300-73575,+91-93400-40372,2025-05-14T07:48:00,1025,VOICE,BOM-702,19.075731,72.877371,BOM-103,18.963569,72.833935
236D057D,+91-87890-95377,+91-77540-95742,2025-05-03T21:56:00,1078,VOICE,BOM-808,19.054731,72.900833,BOM-212,19.041424,72.863531
BA210251,+91-70420-96064,+91-88200-59116,2025-05-02T14:34:00,49,SMS,BOM-447,19.044478,72.856133,BOM-519,19.066762,72.878448
C20B781F,+91-75300-53050,+91-91761-78701,2025-05-15T17:11:00,37,SMS,BOM-901,19.029377,72.855271,BOM-318,19.120021,72.846563
C059506E,+91-70420-82254,+91-80720-45576,2025-05-07T08:32:00,1379,VOICE,BOM-519,19.066774,72.878613,BOM-519,19.066304,72.878669
8A8C8AE7,+91-70420-43532,+91-88200-32205,2025-05-14T07:00:00,1432,VOICE,BOM-212,19.041686,72.863707,BOM-212,19.041092,72.863371
499C1EE7,+91-88200-41072,+91-75300-62855,2025-04-17T19:44:00,1185,VOICE,BOM-901,19.029269,72.855691,BOM-103,18.963454,72.834041
28CCDB63,+91-75300-57717,+91-87890-39327,2025-05-11T22:07:00,1031,VOICE,BOM-901,19.029108,72.855278,BOM-447,19.043979,72.855399
135C8E48,+91-77540-44851,+91-89120-38680,2025-04-22T22:45:00,522,VOICE,BOM-808,19.054153,72.900796,BOM-212,19.041739,72.864115
EB7E9405,+91-80720-91300,+91-91761-10581,2025-05-19T17:01:00,105,VOICE,BOM-318,19.119833,72.846709,BOM-621,19.136256,72.829708
101B4836,+91-96200-11111,+91-96200-44444,2025-05-02T23:17:00,1639,VOICE,BOM-103,18.96331,72.834321,BOM-519,19.066528,72.878594
B0F63F23,+91-88200-84249,+91-80720-77804,2025-05-04T16:38:00,7,SMS,BOM-901,19.029126,72.855569,BOM-621,19.136059,72.829887
92728EBB,+91-63990-98665,+91-89120-59444,2025-05-02T22:26:00,826,VOICE,BOM-318,19.120133,72.8471,BOM-621,19.135583,72.829868
F0520868,+91-77540-89574,+91-70420-61426,2025-05-11T23:48:00,336,VOICE,BOM-621,19.135674,72.829266,BOM-447,19.044141,72.856
429DB032,+91-70420-54321,+91-77540-88255,2025-05-04T18:22:00,851,VOICE,BOM-447,19.044474,72.855382,BOM-244,19.099262,72.84911
9FFBA78B,+91-91761-32437,+91-91761-91087,2025-05-20T10:55:00,1442,VOICE,BOM-621,19.136207,72.830095,BOM-103,18.963401,72.833994
038A6386,+91-75300-19915,+91-80720-56634,2025-05-11T13:16:00,1029,VOICE,BOM-621,19.136059,72.829795,BOM-901,19.029861,72.855416
2E6D2D1F,+91-63990-60916,+91-93400-93687,2025-05-18T23:04:00,24,VOICE,BOM-519,19.066254,72.87844,BOM-103,18.963121,72.833934
16CD6E7F,+91-91761-19401,+91-80720-94176,2025-05-01T13:10:00,453,VOICE,BOM-447,19.044871,72.855502,BOM-702,19.075531,72.877754
364D3165,+91-75300-66697,+91-75300-16510,2025-05-17T22:47:00,947,VOICE,BOM-244,19.099229,72.848998,BOM-103,18.963621,72.833997
FAAF7526,+91-87890-69317,+91-63990-52843,2025-04-23T23:25:00,1416,VOICE,BOM-103,18.963678,72.833902,BOM-621,19.135979,72.829741
C4DF32C8,+91-77540-12224,+91-77540-72012,2025-04-25T12:43:00,1501,VOICE,BOM-244,19.099235,72.848707,BOM-702,19.075731,72.877564
C1734E35,+91-70420-85923,+91-88200-19709,2025-04-30T10:28:00,1009,VOICE,BOM-244,19.098574,72.849018,BOM-244,19.09911,72.848534
DDE47DF2,+91-75300-75647,+91-80720-51502,2025-05-14T08:32:00,104,VOICE,BOM-519,19.066286,72.878334,BOM-519,19.065983,72.878154
1294F49D,+91-63990-98504,+91-91761-14758,2025-05-02T20:57:00,647,VOICE,BOM-244,19.098978,72.848547,BOM-901,19.030057,72.854908
4125E185,+91-80720-42124,+91-88200-20458,2025-05-04T16:11:00,38,SMS,BOM-621,19.135506,72.829564,BOM-808,19.054548,72.900146
78C42C05,+91-91761-64326,+91-93400-23013,2025-05-13T12:44:00,13,SMS,BOM-447,19.044288,72.855667,BOM-702,19.076226,72.878113
6364ED52,+91-91761-19744,+91-91761-93924,2025-04-18T19:29:00,57,SMS,BOM-519,19.065953,72.878631,BOM-621,19.136242,72.829671
A6C05CBC,+91-89120-21646,+91-70420-30065,2025-05-07T10:42:00,774,VOICE,BOM-808,19.054231,72.900354,BOM-621,19.136226,72.829939
0EBE636F,+91-77540-25720,+91-63990-75294,2025-04-29T15:15:00,1458,VOICE,BOM-212,19.041457,72.863245,BOM-621,19.136266,72.829803
4EC04B8A,+91-87890-66820,+91-87890-88107,2025-04-18T18:44:00,25,SMS,BOM-318,19.119203,72.847193,BOM-621,19.136055,72.830073
60051B33,+91-63990-65253,+91-88200-31170,2025-04-19T17:23:00,1059,VOICE,BOM-901,19.029234,72.855331,BOM-318,19.120018,72.846966
78DB3A98,+91-88200-30111,+91-89120-58803,2025-05-12T16:59:00,46,SMS,BOM-244,19.099458,72.848796,BOM-212,19.041147,72.863243
8A0B8AD4,+91-88200-69720,+91-75300-67286,2025-04-25T19:39:00,604,VOICE,BOM-318,19.119925,72.846945,BOM-244,19.098645,72.848606
16ACA0CB,+91-93400-86464,+91-77540-84257,2025-04-17T23:22:00,14,SMS,BOM-702,19.076213,72.878009,BOM-621,19.136002,72.82992
69A2CB06,+91-80720-62690,+91-63990-80496,2025-04-16T20:41:00,1706,VOICE,BOM-103,18.963205,72.834627,BOM-519,19.066551,72.878572
D2D31B1F,+91-87890-50942,+91-77540-59122,2025-05-19T23:27:00,18,SMS,BOM-519,19.06586,72.87835,BOM-318,19.119358,72.846837
5786212C,+91-87890-57145,+91-75300-36468,2025-04-22T08:33:00,46,SMS,BOM-244,19.099076,72.848733,BOM-318,19.11969,72.846602
9EDD41F1,+91-88200-83509,+91-70420-67634,2025-04-28T17:25:00,474,VOICE,BOM-103,18.962896,72.833867,BOM-901,19.029856,72.855594
8083A054,+91-93400-95477,+91-75300-34462,2025-05-13T14:40:00,426,VOICE,BOM-519,19.066697,72.878385,BOM-318,19.11957,72.846693
7F1AEBB1,+91-80720-67538,+91-88200-57589,2025-05-12T17:25:00,1116,VOICE,BOM-103,18.9635,72.83411,BOM-212,19.041446,72.863588
23470328,+91-87890-93370,+91-80720-78964,2025-04-17T15:44:00,11,SMS,BOM-103,18.963341,72.833724,BOM-519,19.066509,72.878003
1DA2559A,+91-91761-28456,+91-93400-57338,2025-04-17T12:36:00,412,VOICE,BOM-244,19.098725,72.849183,BOM-318,19.119998,72.846517
A4BBDC0E,+91-88200-59321,+91-87890-62928,2025-04-29T22:30:00,294,VOICE,BOM-901,19.02999,72.855119,BOM-212,19.041552,72.863668
836721DA,+91-63990-19270,+91-93400-49459,2025-05-07T19:55:00,458,VOICE,BOM-212,19.041802,72.863295,BOM-519,19.066239,72.877905
6402D3FF,+91-93400-79092,+91-75300-61248,2025-05-02T13:54:00,800,VOICE,BOM-519,19.066677,72.878396,BOM-901,19.02985,72.855108
A554C875,+91-80720-40817,+91-91761-98275,2025-05-12T21:41:00,443,VOICE,BOM-621,19.135787,72.829225,BOM-103,18.963008,72.834259
4171FC6B,+91-93400-88451,+91-88200-83058,2025-04-30T09:57:00,1711,VOICE,BOM-212,19.041223,72.863218,BOM-519,19.066321,72.87798
021C2B34,+91-75300-20282,+91-80720-90453,2025-04-23T07:19:00,458,VOICE,BOM-212,19.041243,72.864121,BOM-901,19.029741,72.855562
B1F3D319,+91-87890-71905,+91-75300-26500,2025-04-16T12:37:00,52,VOICE,BOM-447,19.044885,72.856209,BOM-103,18.962863,72.833802
7931E141,+91-80720-83132,+91-93400-66375,2025-04-30T21:27:00,53,SMS,BOM-901,19.02988,72.85499,BOM-808,19.054207,72.900364
44241426,+91-89120-76473,+91-87890-20944,2025-05-05T07:36:00,1540,VOICE,BOM-318,19.11961,72.84642,BOM-519,19.066004,72.878133
618C0A51,+91-63990-58758,+91-77540-47785,2025-04-21T10:28:00,454,VOICE,BOM-621,19.136365,72.829345,BOM-244,19.098807,72.848791
D6942A0F,+91-91761-28539,+91-93400-98861,2025-05-06T10:50:00,1473,VOICE,BOM-103,18.96349,72.834473,BOM-519,19.065883,72.878214
1DA42609,+91-87890-56406,+91-88200-50297,2025-05-20T15:29:00,1139,VOICE,BOM-103,18.96286,72.834469,BOM-702,19.075704,72.877471
938DDA62,+91-87890-36778,+91-63990-49160,2025-05-01T15:35:00,290,VOICE,BOM-621,19.135951,72.829453,BOM-447,19.044832,72.85531
E3CACB1B,+91-87890-46588,+91-75300-99368,2025-04-24T11:49:00,262,VOICE,BOM-621,19.136316,72.829326,BOM-702,19.075661,72.877833
E1BE74E9,+91-93400-29998,+91-63990-25384,2025-04-28T07:42:00,1370,VOICE,BOM-808,19.054424,72.900346,BOM-447,19.043912,72.855802
D15E3C07,+91-89120-14719,+91-89120-21641,2025-05-17T12:59:00,1403,VOICE,BOM-244,19.099126,72.848886,BOM-808,19.05471,72.900206
0FC0E23D,+91-88200-99906,+91-91761-88008,2025-04-28T10:46:00,328,VOICE,BOM-103,18.963565,72.834258,BOM-702,19.07549,72.877341
F696BEC1,+91-87890-45617,+91-80720-28504,2025-04-16T16:28:00,840,VOICE,BOM-519,19.066395,72.878081,BOM-621,19.136484,72.829504
55A720C3,+91-75300-88808,+91-89120-27062,2025-04-27T07:16:00,26,SMS,BOM-103,18.963305,72.833918,BOM-519,19.06589,72.878737
1052AFC8,+91-91761-19634,+91-80720-54525,2025-05-14T09:53:00,582,VOICE,BOM-447,19.044716,72.856121,BOM-447,19.044441,72.855911
A9F6833D,+91-75300-89544,+91-91761-74540,2025-05-01T19:35:00,880,VOICE,BOM-318,19.119204,72.846735,BOM-103,18.963681,72.834622
E2911C2F,+91-70420-81566,+91-87890-45467,2025-05-03T15:02:00,947,VOICE,BOM-212,19.040956,72.864118,BOM-519,19.06657,72.87847
193E85AD,+91-87890-27563,+91-80720-27131,2025-05-16T07:48:00,39,SMS,BOM-103,18.963206,72.834556,BOM-244,19.098791,72.84922
33BF8E9E,+91-87890-25055,+91-70420-50194,2025-05-20T20:33:00,888,VOICE,BOM-519,19.066257,72.878297,BOM-212,19.04163,72.863465
982B8B2C,+91-88200-34530,+91-88200-62075,2025-05-14T19:30:00,1799,VOICE,BOM-212,19.041564,72.863997,BOM-212,19.041863,72.863538
C51DE7AF,+91-96200-11111,+91-96200-44444,2025-04-29T22:46:00,116,VOICE,BKC-112,19.0656,72.8669,BKC-112,19.0656,72.8669
B6C9A816,+91-80720-65129,+91-63990-79976,2025-04-15T07:52:00,799,VOICE,BOM-702,19.075502,72.877733,BOM-318,19.119569,72.846948
45A943AC,+91-96200-11111,+91-96200-33333,2025-04-26T17:37:00,563,VOICE,BOM-318,19.11956,72.846572,BOM-519,19.0661,72.878035
2502B3BD,+91-88200-95080,+91-63990-21026,2025-04-28T13:57:00,527,VOICE,BOM-103,18.963282,72.834643,BOM-808,19.05443,72.900523
75FCE7F6,+91-70420-27344,+91-88200-59530,2025-05-20T07:40:00,35,SMS,BOM-447,19.044163,72.855348,BOM-103,18.963008,72.834525
BFE1D228,+91-63990-43443,+91-80720-24934,2025-05-15T22:05:00,629,VOICE,BOM-621,19.136307,72.829949,BOM-519,19.066156,72.878865
A79C8A6C,+91-75300-22666,+91-70420-48199,2025-04-24T07:33:00,13,SMS,BOM-244,19.098664,72.848958,BOM-447,19.044444,72.855411
4C3A383E,+91-89120-63609,+91-77540-90289,2025-05-11T23:40:00,336,VOICE,BOM-318,19.120029,72.847115,BOM-212,19.041031,72.863941
A80AE102,+91-87890-73641,+91-75300-68453,2025-04-24T13:40:00,818,VOICE,BOM-702,19.07589,72.877626,BOM-318,19.119275,72.846964
F25FA934,+91-75300-85571,+91-63990-12727,2025-04-25T18:59:00,898,VOICE,BOM-702,19.076346,72.878188,BOM-447,19.044083,72.856236
00FF5509,+91-75300-52267,+91-75300-83637,2025-05-03T22:07:00,525,VOICE,BOM-808,19.05411,72.900624,BOM-212,19.040966,72.863561
84300D00,+91-80720-57750,+91-77540-85163,2025-04-25T22:58:00,395,VOICE,BOM-702,19.076183,72.878104,BOM-318,19.119827,72.847067
8444B431,+91-70420-46873,+91-88200-96103,2025-05-04T21:03:00,391,VOICE,BOM-621,19.135627,72.829382,BOM-621,19.136224,72.829596
19C19462,+91-63990-73917,+91-75300-92564,2025-04-17T11:09:00,1574,VOICE,BOM-244,19.099193,72.84912,BOM-621,19.136489,72.829152
8FB8B84B,+91-77540-31872,+91-93400-29687,2025-05-04T22:04:00,571,VOICE,BOM-808,19.054126,72.900824,BOM-901,19.029575,72.855631
1EFA3E9F,+91-63990-90641,+91-93400-83069,2025-04-21T07:10:00,64,VOICE,BOM-318,19.119545,72.846822,BOM-103,18.962962,72.834582
552C961E,+91-75300-92337,+91-70420-55316,2025-04-28T20:25:00,386,VOICE,BOM-901,19.029816,72.855074,BOM-318,19.119275,72.847131
0D788798,+91-88200-34971,+91-70420-57556,2025-05-09T11:58:00,1428,VOICE,BOM-447,19.044779,72.855782,BOM-901,19.029205,72.855779
08DB5929,+91-96200-11111,+91-96200-33333,2025-04-16T18:45:00,1526,VOICE,BOM-519,19.065979,72.878262,BOM-447,19.044407,72.85566
46AD332E,+91-93400-50402,+91-89120-16826,2025-04-23T17:03:00,15,SMS,BOM-901,19.029836,72.855002,BOM-447,19.044284,72.855663
6346D732,+91-89120-16621,+91-63990-43832,2025-04-19T14:41:00,36,SMS,BOM-244,19.099136,72.849391,BOM-901,19.02943,72.855785
2772F5E4,+91-75300-38074,+91-80720-75889,2025-05-09T23:37:00,1684,VOICE,BOM-901,19.029178,72.85549,BOM-621,19.136056,72.829175
A50CB4B1,+91-96200-22222,+91-96200-33333,2025-05-15T09:19:00,836,VOICE,BOM-318,19.119224,72.84715,BOM-808,19.054628,72.900063
82293592,+91-89120-24181,+91-87890-83841,2025-04-23T07:43:00,1634,VOICE,BOM-901,19.029334,72.854986,BOM-244,19.099413,72.848655
A6EA2509,+91-88200-86758,+91-80720-74157,2025-04-27T16:42:00,55,SMS,BOM-808,19.054812,72.900247,BOM-244,19.09922,72.849189
49648EFE,+91-88200-52540,+91-80720-71025,2025-05-06T21:16:00,720,VOICE,BOM-244,19.099267,72.849417,BOM-244,19.098566,72.849273
B10DA1CA,+91-70420-63645,+91-93400-77299,2025-05-11T13:27:00,778,VOICE,BOM-901,19.029399,72.855644,BOM-901,19.029513,72.855273
A9E7A320,+91-70420-12835,+91-91761-16996,2025-05-02T12:23:00,1659,VOICE,BOM-103,18.963255,72.833721,BOM-901,19.02999,72.855093
1CA6A59A,+91-93400-39629,+91-88200-39787,2025-04-26T07:51:00,748,VOICE,BOM-519,19.066785,72.878131,BOM-808,19.054316,72.900664
8EE88E5F,+91-93400-60496,+91-88200-65974,2025-04-22T11:14:00,1398,VOICE,BOM-901,19.029673,72.855602,BOM-447,19.044535,72.855496
5EB48E47,+91-77540-68267,+91-77540-85203,2025-04-28T09:41:00,1459,VOICE,BOM-103,18.963609,72.834301,BOM-621,19.135779,72.82987
FC3A3470,+91-80720-70245,+91-93400-29287,2025-05-15T10:19:00,1123,VOICE,BOM-519,19.066368,72.877983,BOM-901,19.029332,72.855606
94204DC4,+91-93400-48596,+91-91761-96227,2025-04-29T10:20:00,88,VOICE,BOM-808,19.054101,72.90053,BOM-519,19.066575,72.878732
8551283C,+91-80720-45968,+91-89120-96926,2025-04-24T16:26:00,1594,VOICE,BOM-901,19.029165,72.8549,BOM-519,19.066432,72.878323
B1347CF1,+91-93400-54708,+91-89120-28908,2025-05-01T09:24:00,805,VOICE,BOM-212,19.0416,72.86402,BOM-808,19.054416,72.900087
021E9D9F,+91-88200-12322,+91-93400-18534,2025-04-29T11:50:00,1315,VOICE,BOM-519,19.066675,72.878496,BOM-621,19.135519,72.829877
3324FE02,+91-75300-31041,+91-91761-99284,2025-04-29T12:59:00,24,SMS,BOM-318,19.119564,72.847181,BOM-621,19.135645,72.829275
9E514A51,+91-93400-41995,+91-63990-35432,2025-04-25T14:18:00,1494,VOICE,BOM-103,18.962905,72.834175,BOM-103,18.963725,72.834526
7C38E33E,+91-91761-55679,+91-77540-99622,2025-05-07T13:40:00,37,SMS,BOM-519,19.066783,72.878021,BOM-244,19.098558,72.848703
6F7532BD,+91-63990-33261,+91-75300-50029,2025-05-14T10:52:00,1204,VOICE,BOM-244,19.098708,72.849036,BOM-244,19.099094,72.849146
33AC4C22,+91-96200-44444,+91-96200-11111,2025-05-14T15:49:00,6,SMS,BOM-808,19.054825,72.900464,BOM-103,18.962826,72.834242
1C0A9BB6,+91-87890-53137,+91-75300-87003,2025-04-22T07:12:00,1110,VOICE,BOM-103,18.963237,72.833764,BOM-447,19.044288,72.855735
6EF5C5A9,+91-89120-72519,+91-77540-45329,2025-05-17T13:26:00,29,VOICE,BOM-447,19.043922,72.85589,BOM-103,18.963195,72.834385
5A085CA0,+91-89120-48012,+91-89120-10532,2025-05-03T15:21:00,28,SMS,BOM-702,19.076287,72.877356,BOM-318,19.119781,72.847044
759E7B65,+91-70420-16771,+91-89120-95861,2025-05-14T11:17:00,1769,VOICE,BOM-244,19.098873,72.848825,BOM-212,19.041812,72.864048
AAFA9A95,+91-88200-82451,+91-75300-92292,2025-05-20T12:04:00,883,VOICE,BOM-318,19.119608,72.847105,BOM-318,19.119585,72.846582
6CF60120,+91-77540-87208,+91-80720-98816,2025-04-27T19:35:00,1698,VOICE,BOM-447,19.044777,72.856133,BOM-447,19.044119,72.855588
22FCDED6,+91-63990-38158,+91-89120-38264,2025-05-07T13:05:00,723,VOICE,BOM-212,19.041059,72.864193,BOM-212,19.041182,72.863767
FB314097,+91-89120-94833,+91-88200-19444,2025-04-26T23:16:00,686,VOICE,BOM-702,19.075743,72.878125,BOM-519,19.065929,72.878641
0BBE7459,+91-75300-24490,+91-75300-67007,2025-05-08T20:04:00,332,VOICE,BOM-318,19.120189,72.846841,BOM-447,19.044385,72.855491
EF789313,+91-87890-24965,+91-87890-70977,2025-05-01T17:15:00,482,VOICE,BOM-212,19.041877,72.863397,BOM-318,19.120171,72.846409
A178DE7F,+91-70420-15494,+91-93400-26019,2025-05-08T15:33:00,256,VOICE,BOM-621,19.135817,72.829658,BOM-103,18.963344,72.834398
D326FD3C,+91-93400-23227,+91-88200-74583,2025-05-11T14:15:00,135,VOICE,BOM-901,19.029848,72.854923,BOM-621,19.135895,72.829296
FC93D317,+91-80720-86646,+91-77540-68466,2025-04-20T19:49:00,105,VOICE,BOM-318,19.119246,72.846568,BOM-702,19.076027,72.878033
930B07B4,+91-75300-39110,+91-87890-76741,2025-05-10T20:49:00,40,SMS,BOM-212,19.041812,72.863306,BOM-901,19.029452,72.855347
4C69517E,+91-63990-42555,+91-77540-32394,2025-04-25T10:41:00,860,VOICE,BOM-212,19.040972,72.863955,BOM-103,18.963658,72.834362
CCBCDD8A,+91-88200-65383,+91-80720-83060,2025-04-26T10:16:00,1367,VOICE,BOM-244,19.099096,72.849398,BOM-244,19.099397,72.849006
3A011740,+91-80720-84303,+91-88200-75672,2025-05-10T17:32:00,51,SMS,BOM-318,19.119275,72.84633,BOM-901,19.030019,72.855242
7CF7EFA9,+91-70420-47174,+91-88200-63032,2025-05-02T12:10:00,344,VOICE,BOM-901,19.02944,72.855007,BOM-901,19.029626,72.854838
FB77189C,+91-93400-58350,+91-89120-32232,2025-05-13T09:58:00,7,SMS,BOM-447,19.044245,72.855513,BOM-447,19.04464,72.855663
71D65274,+91-89120-69170,+91-77540-26967,2025-04-23T15:45:00,578,VOICE,BOM-447,19.044324,72.856082,BOM-519,19.06643,72.878171
246FF530,+91-70420-19148,+91-75300-13586,2025-04-26T15:14:00,79,VOICE,BOM-808,19.054452,72.900775,BOM-244,19.099356,72.849185
12361D20,+91-87890-51433,+91-89120-30542,2025-05-12T23:01:00,58,SMS,BOM-519,19.065841,72.87862,BOM-447,19.044473,72.855626
08B590C5,+91-91761-17515,+91-93400-71380,2025-05-03T18:11:00,181,VOICE,BOM-318,19.120123,72.846361,BOM-447,19.044887,72.855542
28248187,+91-70420-94143,+91-63990-24307,2025-05-02T16:38:00,1447,VOICE,BOM-103,18.962936,72.833713,BOM-901,19.02956,72.855052
DE1862C1,+91-75300-33420,+91-77540-30005,2025-04-22T17:07:00,1449,VOICE,BOM-212,19.041684,72.864195,BOM-621,19.136404,72.829891
DFEE63E4,+91-89120-90002,+91-93400-52501,2025-05-13T11:42:00,34,SMS,BOM-808,19.054216,72.900928,BOM-212,19.041664,72.864195
C744ED13,+91-77540-65867,+91-75300-68607,2025-05-13T23:04:00,1118,VOICE,BOM-808,19.054738,72.900937,BOM-318,19.119803,72.846906
ECA1D2A2,+91-63990-55776,+91-91761-86090,2025-05-06T12:25:00,774,VOICE,BOM-244,19.098552,72.848701,BOM-621,19.135633,72.829129
7FDBD88A,+91-89120-69376,+91-77540-41207,2025-05-20T18:20:00,19,VOICE,BOM-103,18.963191,72.834138,BOM-808,19.054443,72.900388
0EFFDF45,+91-96200-11111,+91-96200-22222,2025-05-01T08:46:00,843,VOICE,BOM-519,19.066584,72.878293,BOM-212,19.041237,72.863616
2C96955F,+91-77540-67314,+91-77540-17471,2025-05-20T23:44:00,1346,VOICE,BOM-519,19.06664,72.878751,BOM-447,19.044819,72.855446
618EE192,+91-93400-58082,+91-80720-57141,2025-05-16T16:32:00,1725,VOICE,BOM-808,19.054211,72.900893,BOM-901,19.029826,72.855348
E0D9A837,+91-89120-70156,+91-77540-22686,2025-05-12T23:26:00,970,VOICE,BOM-318,19.119246,72.846845,BOM-901,19.030045,72.854936
EA8C9046,+91-77540-22904,+91-87890-93808,2025-04-19T18:36:00,143,VOICE,BOM-808,19.054797,72.90021,BOM-103,18.963357,72.834561
93272BE0,+91-91761-18379,+91-87890-75888,2025-05-19T17:05:00,710,VOICE,BOM-901,19.029798,72.855681,BOM-808,19.054045,72.900421
64BBA97C,+91-91761-92608,+91-63990-51991,2025-05-17T08:11:00,442,VOICE,BOM-519,19.06661,72.878032,BOM-808,19.054962,72.900672
97F4C020,+91-77540-40222,+91-77540-69799,2025-05-12T09:26:00,759,VOICE,BOM-901,19.029127,72.855718,BOM-702,19.075906,72.877794
11FFD30E,+91-77540-79157,+91-87890-69554,2025-04-22T18:44:00,243,VOICE,BOM-702,19.076008,72.877202,BOM-702,19.076264,72.877456
77889B00,+91-93400-71887,+91-63990-59806,2025-05-19T19:57:00,1291,VOICE,BOM-212,19.04098,72.863319,BOM-621,19.135957,72.829469
5E847CE1,+91-77540-74914,+91-91761-93985,2025-04-23T21:31:00,259,VOICE,BOM-103,18.963003,72.834048,BOM-702,19.076026,72.87747
9B1805D4,+91-77540-91404,+91-91761-93847,2025-04-15T08:06:00,1737,VOICE,BOM-244,19.098592,72.849078,BOM-447,19.044481,72.855491
99712A1E,+91-93400-91475,+91-87890-14227,2025-05-19T10:43:00,1378,VOICE,BOM-808,19.054135,72.900067,BOM-621,19.136385,72.829142
3ACAE6FA,+91-70420-58749,+91-75300-62474,2025-05-14T11:44:00,21,SMS,BOM-808,19.05414,72.900865,BOM-318,19.11957,72.847165
198BF9CC,+91-87890-57452,+91-89120-38446,2025-04-16T09:32:00,1763,VOICE,BOM-103,18.963315,72.833957,BOM-212,19.040973,72.863223
940B9570,+91-63990-13247,+91-63990-54822,2025-04-22T09:15:00,1071,VOICE,BOM-318,19.12002,72.847028,BOM-621,19.135775,72.829897
6CF6D714,+91-87890-23576,+91-70420-50455,2025-05-10T21:41:00,1799,VOICE,BOM-702,19.075818,72.877409,BOM-519,19.066147,72.878501
91C99082,+91-91761-39949,+91-80720-35355,2025-04-16T08:31:00,1526,VOICE,BOM-702,19.076099,72.877687,BOM-103,18.963614,72.834185
D84838B5,+91-77540-52083,+91-77540-35709,2025-04-18T09:32:00,256,VOICE,BOM-103,18.963374,72.834429,BOM-318,19.119978,72.847181
97783D18,+91-87890-35901,+91-93400-85255,2025-04-23T20:01:00,16,SMS,BOM-318,19.119617,72.846795,BOM-103,18.963616,72.833708
FFE15A5F,+91-77540-40263,+91-87890-67228,2025-04-21T07:42:00,481,VOICE,BOM-621,19.136491,72.829357,BOM-244,19.099335,72.849139
687CDD90,+91-63990-93564,+91-70420-82454,2025-05-05T18:14:00,42,VOICE,BOM-103,18.963755,72.834046,BOM-244,19.098966,72.848817
A46B5163,+91-91761-27725,+91-91761-62794,2025-04-30T16:04:00,58,SMS,BOM-103,18.963276,72.833962,BOM-103,18.963768,72.834099
D8A65D9F,+91-96200-22222,+91-96200-11111,2025-05-05T07:09:00,23,VOICE,BOM-212,19.041162,72.863725,BOM-901,19.029538,72.855017
EF561444,+91-80720-27883,+91-87890-78966,2025-05-07T08:11:00,56,SMS,BOM-519,19.066463,72.878353,BOM-901,19.029904,72.855686
03EF208F,+91-80720-42890,+91-80720-87726,2025-05-02T16:27:00,23,SMS,BOM-621,19.135832,72.829297,BOM-901,19.029125,72.855286
55B269A0,+91-87890-97257,+91-63990-49703,2025-05-10T19:59:00,1594,VOICE,BOM-702,19.075888,72.877228,BOM-447,19.044268,72.856013
605CF45F,+91-88200-15357,+91-75300-42601,2025-05-07T19:15:00,677,VOICE,BOM-318,19.119572,72.846397,BOM-103,18.963254,72.83465
C19CAD19,+91-89120-56144,+91-77540-79553,2025-05-07T14:00:00,14,SMS,BOM-447,19.044656,72.85613,BOM-318,19.1201,72.84647
BF947B34,+91-89120-98042,+91-87890-15710,2025-04-19T09:59:00,855,VOICE,BOM-901,19.029179,72.855643,BOM-621,19.136186,72.829367
4F9E9273,+91-88200-27535,+91-89120-86371,2025-05-18T14:58:00,821,VOICE,BOM-212,19.041219,72.863661,BOM-519,19.06646,72.878502
8F679871,+91-87890-57911,+91-75300-13425,2025-04-25T18:46:00,9,SMS,BOM-901,19.029834,72.855534,BOM-447,19.043995,72.856272
3671B12F,+91-63990-15290,+91-93400-56790,2025-04-16T08:32:00,41,SMS,BOM-901,19.029406,72.855235,BOM-702,19.075835,72.877391
6B93CF2A,+91-96200-11111,+91-87890-44017,2025-05-18T15:38:00,457,VOICE,BOM-212,19.041833,72.864166,BOM-212,19.04118,72.863852
22F0709C,+91-70420-73723,+91-91761-75803,2025-05-15T17:45:00,27,SMS,BOM-621,19.13617,72.829321,BOM-447,19.044211,72.856206
A1B36A78,+91-75300-78946,+91-89120-62294,2025-05-20T18:38:00,334,VOICE,BOM-212,19.041385,72.864196,BOM-318,19.119621,72.846927
47A03B44,+91-77540-19715,+91-88200-42837,2025-04-16T19:14:00,1520,VOICE,BOM-702,19.075534,72.878161,BOM-702,19.076263,72.878135
420E4C20,+91-93400-38799,+91-63990-34826,2025-04-22T15:21:00,1310,VOICE,BOM-808,19.05492,72.900085,BOM-318,19.119382,72.846647
78FB2678,+91-88200-57349,+91-63990-24208,2025-05-06T13:45:00,1033,VOICE,BOM-318,19.119425,72.847174,BOM-212,19.041174,72.863542
07544A66,+91-93400-47303,+91-80720-47421,2025-04-23T16:29:00,1391,VOICE,BOM-244,19.099264,72.849419,BOM-212,19.041477,72.863676
534D57B0,+91-89120-56523,+91-91761-77548,2025-04-15T11:53:00,1363,VOICE,BOM-808,19.0541,72.900339,BOM-103,18.963131,72.834396
72CA0603,+91-93400-92837,+91-91761-48099,2025-05-19T13:22:00,56,SMS,BOM-212,19.041,72.863588,BOM-212,19.04135,72.863433
FA497969,+91-89120-30608,+91-91761-74296,2025-04-17T08:56:00,1556,VOICE,BOM-519,19.066753,72.878641,BOM-447,19.044525,72.856205
3742ACD6,+91-75300-36221,+91-87890-32800,2025-04-15T11:27:00,592,VOICE,BOM-244,19.099356,72.849317,BOM-901,19.029123,72.855485
3DA7A155,+91-96200-33333,+91-96200-44444,2025-04-23T23:35:00,534,VOICE,BOM-808,19.054199,72.900556,BOM-702,19.076103,72.877806
06E93129,+91-88200-62647,+91-89120-71906,2025-05-11T18:21:00,269,VOICE,BOM-808,19.054812,72.900603,BOM-808,19.054602,72.900729
104286B1,+91-88200-81056,+91-91761-62237,2025-05-17T08:13:00,53,SMS,BOM-244,19.098777,72.849311,BOM-212,19.041713,72.863644
734A6958,+91-89120-33043,+91-63990-98782,2025-04-16T17:26:00,52,VOICE,BOM-244,19.098969,72.849321,BOM-318,19.119803,72.846893
CEBB3910,+91-63990-80459,+91-75300-35856,2025-05-19T11:32:00,1068,VOICE,BOM-318,19.119297,72.846419,BOM-808,19.054517,72.900968
140C7309,+91-70420-40832,+91-70420-29589,2025-04-16T17:22:00,296,VOICE,BOM-212,19.041211,72.863211,BOM-901,19.029786,72.85538
CB58C869,+91-88200-35122,+91-63990-48080,2025-04-29T17:47:00,1338,VOICE,BOM-901,19.029147,72.854914,BOM-244,19.098658,72.849435
785E1221,+91-89120-71831,+91-80720-33724,2025-05-15T21:41:00,34,SMS,BOM-318,19.119677,72.847008,BOM-808,19.05445,72.900987
9A89D184,+91-80720-60273,+91-91761-46112,2025-04-27T22:44:00,7,SMS,BOM-702,19.075439,72.877882,BOM-621,19.135931,72.829995
5F11CC97,+91-88200-20578,+91-87890-79627,2025-05-19T16:47:00,32,SMS,BOM-447,19.044326,72.856107,BOM-318,19.119471,72.84633
B354371B,+91-63990-86392,+91-88200-34891,2025-05-10T19:23:00,22,VOICE,BOM-103,18.962833,72.834678,BOM-621,19.135697,72.829495
991E5852,+91-87890-25998,+91-93400-25882,2025-05-13T18:10:00,901,VOICE,BOM-901,19.029647,72.855547,BOM-447,19.044012,72.855823
73D08B14,+91-88200-88144,+91-91761-75165,2025-04-18T13:00:00,624,VOICE,BOM-244,19.098517,72.849071,BOM-901,19.029476,72.855738
A6CE6C24,+91-93400-87673,+91-87890-68899,2025-04-20T22:10:00,13,SMS,BOM-244,19.099128,72.848603,BOM-212,19.041801,72.863984
A19CC435,+91-88200-65754,+91-80720-77611,2025-05-02T22:56:00,788,VOICE,BOM-212,19.04163,72.863375,BOM-702,19.075407,72.877228
E49F7240,+91-93400-40002,+91-93400-57708,2025-05-11T17:43:00,1191,VOICE,BOM-621,19.136431,72.829613,BOM-621,19.135986,72.829432
F71D3360,+91-63990-90106,+91-93400-21232,2025-04-15T11:32:00,1006,VOICE,BOM-519,19.06664,72.878586,BOM-808,19.05481,72.900832
EA2CC706,+91-77540-51430,+91-89120-69038,2025-05-07T15:46:00,551,VOICE,BOM-103,18.963488,72.834616,BOM-244,19.099429,72.849436
219DEFF9,+91-93400-68903,+91-87890-99575,2025-04-27T17:51:00,1289,VOICE,BOM-621,19.136014,72.829782,BOM-808,19.054758,72.900401
FB1F7B45,+91-93400-40750,+91-87890-45030,2025-04-28T18:56:00,1392,VOICE,BOM-519,19.066362,72.878147,BOM-103,18.963757,72.833964
A8E34839,+91-89120-13584,+91-88200-20458,2025-04-18T23:52:00,1668,VOICE,BOM-702,19.076346,72.877761,BOM-244,19.098507,72.848546
B946DD6F,+91-80720-41289,+91-91761-50830,2025-04-18T19:38:00,1006,VOICE,BOM-447,19.04453,72.855428,BOM-318,19.119879,72.846625
4244D1F0,+91-75300-56403,+91-80720-29309,2025-04-18T15:37:00,887,VOICE,BOM-621,19.136143,72.829151,BOM-702,19.076166,72.87767
6592064E,+91-87890-56667,+91-77540-61806,2025-04-23T16:29:00,1544,VOICE,BOM-901,19.029359,72.855416,BOM-808,19.05479,72.900417
89B697CF,+91-70420-81077,+91-87890-39829,2025-04-25T13:18:00,1200,VOICE,BOM-901,19.029883,72.855291,BOM-702,19.076044,72.877568
CA246E54,+91-77540-64627,+91-70420-40839,2025-05-13T08:27:00,1406,VOICE,BOM-702,19.076053,72.87746,BOM-808,19.054397,72.90001
2BCF1CDB,+91-93400-15731,+91-75300-60312,2025-05-17T11:07:00,134,VOICE,BOM-318,19.119406,72.846338,BOM-519,19.066481,72.878445
CD23A681,+91-77540-92386,+91-89120-26428,2025-05-10T17:41:00,16,SMS,BOM-519,19.06592,72.878101,BOM-244,19.098653,72.8485
437E71DB,+91-88200-33522,+91-89120-51764,2025-05-03T09:45:00,1634,VOICE,BOM-702,19.07612,72.877297,BOM-212,19.041853,72.863319
70CC600F,+91-75300-22226,+91-77540-10464,2025-05-16T20:05:00,36,SMS,BOM-244,19.098917,72.849156,BOM-447,19.043919,72.855642
38AD08C2,+91-91761-98406,+91-80720-65365,2025-05-14T18:36:00,362,VOICE,BOM-244,19.098957,72.849351,BOM-621,19.13594,72.829318
72F0AAA7,+91-88200-46086,+91-87890-80288,2025-04-28T07:54:00,27,SMS,BOM-702,19.075931,72.877896,BOM-103,18.963579,72.834263
C77A1504,+91-89120-67228,+91-80720-39643,2025-04-19T13:54:00,16,SMS,BOM-702,19.076002,72.877372,BOM-702,19.075596,72.877912
BA7004EE,+91-75300-35306,+91-91761-93145,2025-04-24T23:25:00,491,VOICE,BOM-901,19.029999,72.855042,BOM-621,19.135744,72.829878
94FF965C,+91-70420-92310,+91-87890-26117,2025-05-04T08:50:00,55,SMS,BOM-901,19.029833,72.855179,BOM-519,19.066738,72.878477
A0DFD626,+91-63990-70726,+91-80720-38634,2025-04-18T19:07:00,48,SMS,BOM-212,19.041214,72.863448,BOM-808,19.054408,72.900254
CDFF2E62,+91-80720-14180,+91-89120-24121,2025-04-26T14:57:00,45,SMS,BOM-212,19.04131,72.86347,BOM-808,19.054393,72.900753
F7D81666,+91-93400-24277,+91-93400-41279,2025-04-28T08:34:00,1546,VOICE,BOM-212,19.040972,72.864033,BOM-318,19.119706,72.846862
E8D20E46,+91-93400-30315,+91-77540-61133,2025-04-27T16:18:00,1564,VOICE,BOM-212,19.04166,72.863364,BOM-244,19.098662,72.849252
0CBE4543,+91-96200-44444,+91-96200-11111,2025-04-17T23:14:00,38,SMS,BOM-808,19.054029,72.900473,BOM-103,18.963072,72.834288
0A32F672,+91-93400-62543,+91-77540-10644,2025-04-20T22:57:00,1144,VOICE,BOM-519,19.06634,72.878786,BOM-244,19.09897,72.848509
37693C49,+91-96200-11111,+91-70420-72682,2025-05-08T21:42:00,5,SMS,MLW-088,19.187,72.8411,BOM-702,19.075641,72.878101
597450E6,+91-80720-73240,+91-87890-18329,2025-05-09T09:18:00,535,VOICE,BOM-702,19.075441,72.877448,BOM-901,19.029258,72.855256
743AD1D9,+91-88200-88694,+91-70420-38130,2025-04-20T08:30:00,1161,VOICE,BOM-702,19.075534,72.877418,BOM-519,19.066079,72.878376
3B96E5B2,+91-93400-31917,+91-93400-38296,2025-04-20T09:25:00,1470,VOICE,BOM-621,19.135935,72.829822,BOM-901,19.029494,72.855314
9282230B,+91-96200-11111,+91-96200-44444,2025-05-14T09:38:00,137,VOICE,BOM-244,19.099272,72.849015,BOM-621,19.136286,72.829897
59500760,+91-88200-40641,+91-75300-15710,2025-04-30T17:48:00,674,VOICE,BOM-702,19.075597,72.878,BOM-621,19.13615,72.82999
976C5990,+91-80720-78880,+91-80720-12184,2025-05-16T07:58:00,238,VOICE,BOM-519,19.065912,72.878847,BOM-447,19.044376,72.856248
B0FB9807,+91-88200-81520,+91-80720-19798,2025-05-12T11:20:00,1348,VOICE,BOM-244,19.098603,72.848848,BOM-103,18.963659,72.833943
0F4C10B6,+91-63990-41440,+91-87890-46236,2025-04-30T20:48:00,1177,VOICE,BOM-244,19.098543,72.84869,BOM-244,19.098795,72.848616
0B2E8594,+91-80720-84970,+91-70420-14449,2025-05-03T14:27:00,26,SMS,BOM-702,19.075672,72.877213,BOM-808,19.054468,72.900024
690A752F,+91-89120-48840,+91-89120-74904,2025-04-28T23:26:00,884,VOICE,BOM-318,19.119906,72.846459,BOM-212,19.041099,72.863757
8679483E,+91-77540-46610,+91-80720-17793,2025-05-10T11:10:00,29,SMS,BOM-621,19.135588,72.830054,BOM-244,19.098589,72.849439
884724E4,+91-87890-76641,+91-80720-94134,2025-05-06T22:06:00,1656,VOICE,BOM-808,19.054234,72.900476,BOM-244,19.098513,72.848831
A24E933B,+91-80720-63358,+91-77540-19359,2025-05-20T14:10:00,59,SMS,BOM-808,19.054565,72.900353,BOM-702,19.076261,72.877825
60FB7D9E,+91-63990-67985,+91-91761-92895,2025-04-19T21:26:00,962,VOICE,BOM-621,19.136373,72.829734,BOM-103,18.962978,72.833808
764ACE41,+91-96200-33333,+91-96200-44444,2025-04-16T16:27:00,1507,VOICE,BOM-447,19.044859,72.855354,BOM-621,19.136401,72.82969
27FF9F65,+91-77540-93865,+91-88200-48052,2025-05-10T20:06:00,1344,VOICE,BOM-702,19.07599,72.877266,BOM-519,19.066698,72.878311
8FB5B964,+91-77540-89888,+91-63990-78789,2025-05-03T08:40:00,346,VOICE,BOM-808,19.054261,72.900034,BOM-702,19.0763,72.877803
CBBE44C1,+91-91761-62639,+91-63990-67923,2025-05-07T18:22:00,1123,VOICE,BOM-519,19.066272,72.878108,BOM-702,19.075877,72.877958
A415CF8E,+91-63990-63995,+91-91761-80529,2025-05-20T22:05:00,257,VOICE,BOM-103,18.96346,72.834095,BOM-808,19.054679,72.900381
B3AC0ECC,+91-96200-33333,+91-96200-44444,2025-04-17T22:28:00,1629,VOICE,BOM-519,19.06646,72.878569,BOM-244,19.09922,72.849301
F2E98563,+91-91761-97869,+91-91761-15821,2025-04-30T18:47:00,1704,VOICE,BOM-621,19.135516,72.829135,BOM-244,19.098655,72.848684
2C96AC45,+91-63990-13254,+91-70420-57355,2025-05-04T19:33:00,224,VOICE,BOM-103,18.963102,72.834226,BOM-621,19.135922,72.829524
010FBA93,+91-88200-28791,+91-89120-39289,2025-05-20T13:43:00,1147,VOICE,BOM-808,19.054342,72.900538,BOM-212,19.041689,72.863331
C12A4FB1,+91-93400-79988,+91-93400-62168,2025-05-03T11:40:00,673,VOICE,BOM-212,19.041217,72.863854,BOM-447,19.044656,72.855492
234A207D,+91-91761-87160,+91-70420-70023,2025-04-17T18:51:00,91,VOICE,BOM-447,19.044326,72.8556,BOM-103,18.963678,72.834391
961F4D56,+91-80720-49487,+91-93400-51522,2025-05-13T13:44:00,723,VOICE,BOM-212,19.04098,72.864161,BOM-318,19.119454,72.846648
D1CEFD46,+91-75300-28336,+91-70420-10669,2025-05-03T19:05:00,47,SMS,BOM-901,19.029532,72.855178,BOM-702,19.075934,72.878002
F55BE862,+91-89120-57807,+91-93400-62236,2025-05-19T11:11:00,1095,VOICE,BOM-244,19.099187,72.848968,BOM-519,19.066585,72.878741
C0ECE6DC,+91-89120-27328,+91-77540-53121,2025-04-29T23:30:00,460,VOICE,BOM-901,19.029415,72.855675,BOM-901,19.029581,72.854964
D287E8B9,+91-89120-25452,+91-91761-66443,2025-04-20T08:09:00,1734,VOICE,BOM-621,19.136038,72.829624,BOM-901,19.029888,72.85495
3754E689,+91-88200-50219,+91-91761-47934,2025-05-12T13:11:00,1506,VOICE,BOM-519,19.066185,72.878783,BOM-244,19.09884,72.848662
EED646F3,+91-80720-39088,+91-75300-64760,2025-05-19T08:34:00,51,SMS,BOM-519,19.066438,72.878528,BOM-447,19.044242,72.855849
E929CFA7,+91-91761-68895,+91-75300-19385,2025-04-28T10:50:00,209,VOICE,BOM-447,19.044749,72.855412,BOM-447,19.044373,72.855414
86381876,+91-70420-29200,+91-87890-70091,2025-04-21T18:10:00,56,SMS,BOM-808,19.054244,72.900386,BOM-103,18.963618,72.833725
6A56D8EB,+91-96200-11111,+91-96200-44444,2025-04-25T18:40:00,882,VOICE,BOM-447,19.044897,72.855402,BOM-212,19.041192,72.863541
161FA0AA,+91-96200-11111,+91-96200-22222,2025-04-26T18:30:00,194,VOICE,BOM-447,19.044611,72.855948,BOM-212,19.041485,72.863855
BEA33C80,+91-96200-33333,+91-96200-11111,2025-04-19T23:06:00,861,VOICE,BOM-244,19.099163,72.849275,BOM-447,19.04479,72.85604
EA52A780,+91-77540-71634,+91-87890-36593,2025-04-22T23:14:00,59,SMS,BOM-447,19.044301,72.856115,BOM-318,19.119565,72.847189
D8F87B78,+91-93400-46579,+91-93400-71118,2025-05-15T17:30:00,835,VOICE,BOM-702,19.075877,72.877752,BOM-318,19.119392,72.846937
E3FA74E9,+91-88200-99468,+91-75300-89600,2025-04-27T10:03:00,1433,VOICE,BOM-244,19.099488,72.848636,BOM-519,19.066444,72.878373
D5E70B72,+91-88200-27877,+91-77540-22167,2025-04-24T20:06:00,1437,VOICE,BOM-702,19.075867,72.87788,BOM-244,19.098885,72.848509
F2494744,+91-77540-36353,+91-89120-61859,2025-04-30T15:53:00,1766,VOICE,BOM-808,19.05415,72.900446,BOM-808,19.054184,72.900387
10842717,+91-89120-68891,+91-87890-12191,2025-04-22T17:06:00,45,SMS,BOM-212,19.041196,72.863413,BOM-808,19.05415,72.900163
9B2B1C6C,+91-91761-35322,+91-91761-50582,2025-05-08T15:58:00,1764,VOICE,BOM-621,19.135586,72.829907,BOM-244,19.098582,72.8493
9D221B3D,+91-89120-90166,+91-75300-64845,2025-05-04T22:21:00,33,SMS,BOM-212,19.04102,72.863556,BOM-702,19.076282,72.878176
752C1A88,+91-70420-82447,+91-70420-31476,2025-05-06T15:13:00,18,SMS,BOM-212,19.04176,72.863649,BOM-244,19.099001,72.848814
62DF152D,+91-93400-74252,+91-77540-99632,2025-04-24T12:23:00,18,SMS,BOM-702,19.075916,72.877923,BOM-447,19.043997,72.856131
732E49E6,+91-87890-16146,+91-77540-80013,2025-04-27T19:37:00,802,VOICE,BOM-519,19.066024,72.878542,BOM-621,19.135801,72.829185
A912C57C,+91-91761-67371,+91-93400-44372,2025-04-21T17:28:00,1612,VOICE,BOM-447,19.044298,72.856042,BOM-212,19.041865,72.863223
EE5B433E,+91-88200-12686,+91-70420-73052,2025-05-10T12:21:00,16,SMS,BOM-212,19.04118,72.86338,BOM-212,19.041761,72.863484
B8B3FE99,+91-87890-72629,+91-70420-47931,2025-05-01T13:35:00,1726,VOICE,BOM-901,19.02935,72.85563,BOM-318,19.120167,72.846837
F179AE3C,+91-93400-27336,+91-87890-71845,2025-05-07T13:56:00,20,SMS,BOM-103,18.963253,72.834595,BOM-318,19.119205,72.846346
7C19BB89,+91-88200-24165,+91-93400-38864,2025-05-14T15:51:00,80,VOICE,BOM-318,19.119318,72.84659,BOM-519,19.065907,72.878268
B4E298C2,+91-70420-45366,+91-77540-78738,2025-05-05T22:29:00,1788,VOICE,BOM-447,19.044587,72.855934,BOM-103,18.963301,72.833932
B49F7D59,+91-75300-67813,+91-89120-43522,2025-04-15T19:00:00,432,VOICE,BOM-212,19.041443,72.863666,BOM-621,19.135612,72.829293
E9E6F5F4,+91-77540-80952,+91-89120-63610,2025-05-11T14:13:00,443,VOICE,BOM-808,19.054276,72.900335,BOM-447,19.044652,72.856217
70899985,+91-75300-94562,+91-77540-45261,2025-05-18T23:19:00,34,SMS,BOM-244,19.099406,72.848686,BOM-244,19.098897,72.848518
B5D9B60A,+91-89120-79613,+91-75300-24255,2025-04-26T16:27:00,916,VOICE,BOM-519,19.066568,72.878724,BOM-702,19.076224,72.877736
24C25347,+91-80720-75019,+91-70420-95646,2025-04-26T14:40:00,42,SMS,BOM-212,19.041102,72.863502,BOM-103,18.963684,72.834175
D0C6EA27,+91-88200-25544,+91-87890-82484,2025-05-14T07:14:00,1560,VOICE,BOM-103,18.963795,72.834564,BOM-621,19.135649,72.829376
82ACB0CA,+91-91761-76835,+91-75300-64087,2025-04-28T08:28:00,489,VOICE,BOM-621,19.135907,72.829276,BOM-702,19.07592,72.877257
77058320,+91-93400-55482,+91-75300-95375,2025-05-12T16:47:00,1284,VOICE,BOM-318,19.119673,72.847084,BOM-901,19.029634,72.854999
C9D2DE8F,+91-70420-53772,+91-87890-50364,2025-05-01T18:23:00,941,VOICE,BOM-519,19.06589,72.878098,BOM-318,19.11934,72.847127
4A89FB53,+91-88200-30514,+91-93400-86571,2025-05-14T11:55:00,165,VOICE,BOM-103,18.962814,72.834305,BOM-621,19.135655,72.829724
30CAC1D3,+91-75300-61809,+91-77540-59684,2025-05-05T10:34:00,272,VOICE,BOM-621,19.135941,72.829269,BOM-519,19.066658,72.878806
4F86C61A,+91-77540-47951,+91-93400-24312,2025-04-26T19:18:00,57,SMS,BOM-519,19.066357,72.878573,BOM-808,19.054956,72.900881
6A8E30AA,+91-77540-35936,+91-91761-93080,2025-05-04T11:13:00,33,SMS,BOM-244,19.099439,72.849453,BOM-318,19.119301,72.846481
DC648739,+91-96200-11111,+91-96200-44444,2025-05-02T09:15:00,1215,VOICE,BOM-621,19.136391,72.829879,BOM-103,18.963281,72.834585
B0F263B9,+91-77540-82864,+91-63990-17291,2025-04-19T19:01:00,13,SMS,BOM-318,19.119408,72.847071,BOM-244,19.098946,72.849045
A1CB9E10,+91-93400-20625,+91-87890-88951,2025-04-20T21:03:00,35,SMS,BOM-702,19.076048,72.877928,BOM-447,19.044518,72.855688
8523D9C9,+91-63990-39368,+91-70420-69513,2025-05-01T19:02:00,361,VOICE,BOM-212,19.041842,72.863333,BOM-901,19.030079,72.855492
B2F9EA1D,+91-75300-54744,+91-75300-60399,2025-05-15T10:02:00,932,VOICE,BOM-519,19.066798,72.878885,BOM-103,18.963431,72.833762
92355018,+91-63990-30092,+91-63990-52570,2025-05-05T17:49:00,490,VOICE,BOM-244,19.099006,72.849297,BOM-519,19.066237,72.878524
C637CF7C,+91-70420-49210,+91-80720-88610,2025-05-04T17:21:00,155,VOICE,BOM-318,19.120154,72.846781,BOM-808,19.054639,72.900917
A9182882,+91-96200-11111,+91-96200-22222,2025-05-14T09:15:00,697,VOICE,BOM-808,19.054521,72.900361,BOM-808,19.054089,72.900813
73C9DF05,+91-70420-64858,+91-77540-64216,2025-05-03T08:50:00,682,VOICE,BOM-808,19.054699,72.900207,BOM-901,19.029594,72.854989
3A24D1AB,+91-91761-43009,+91-91761-81329,2025-05-18T12:26:00,1050,VOICE,BOM-519,19.06585,72.878126,BOM-212,19.041085,72.864021
8F9BDBBD,+91-91761-33365,+91-89120-61547,2025-05-19T12:21:00,366,VOICE,BOM-808,19.054409,72.900275,BOM-447,19.044686,72.856002
D9BA831D,+91-63990-46257,+91-77540-37989,2025-04-22T12:12:00,828,VOICE,BOM-103,18.962874,72.834646,BOM-103,18.963692,72.834227
4743377E,+91-80720-13789,+91-80720-53901,2025-05-07T10:24:00,651,VOICE,BOM-212,19.04153,72.863544,BOM-212,19.041028,72.863972
C49B3872,+91-77540-35030,+91-80720-11985,2025-04-28T10:36:00,1237,VOICE,BOM-103,18.963425,72.833774,BOM-519,19.066121,72.878382
FDAE38D2,+91-77540-70494,+91-88200-23568,2025-05-19T17:34:00,46,SMS,BOM-808,19.054076,72.90088,BOM-621,19.135861,72.829137
9FF1D51A,+91-87890-54332,+91-88200-76664,2025-05-10T14:10:00,888,VOICE,BOM-901,19.029579,72.855161,BOM-621,19.136278,72.829518
95D1C894,+91-87890-70321,+91-89120-96245,2025-05-10T16:57:00,42,SMS,BOM-447,19.044828,72.856092,BOM-621,19.136,72.829425
9DCD49E1,+91-77540-75661,+91-77540-40628,2025-05-02T07:42:00,1366,VOICE,BOM-702,19.075905,72.877364,BOM-519,19.066331,72.878416
051656A6,+91-89120-18768,+91-63990-26518,2025-05-18T17:45:00,1329,VOICE,BOM-447,19.044583,72.855314,BOM-621,19.13616,72.829437
CC79083F,+91-77540-49598,+91-70420-53614,2025-05-20T16:03:00,1027,VOICE,BOM-519,19.066275,72.878145,BOM-212,19.041362,72.863848
E0CC908B,+91-63990-30448,+91-88200-44101,2025-05-16T20:33:00,1636,VOICE,BOM-901,19.029393,72.85578,BOM-212,19.041772,72.863223
FC7CDDE8,+91-96200-33333,+91-63990-77203,2025-04-29T22:13:00,5,SMS,BKC-112,19.0656,72.8669,BOM-702,19.075483,72.877993
2CD57D25,+91-93400-56060,+91-63990-73344,2025-05-16T12:43:00,604,VOICE,BOM-901,19.029283,72.855054,BOM-447,19.044617,72.856184
335E6039,+91-89120-14843,+91-93400-67222,2025-05-07T15:41:00,188,VOICE,BOM-901,19.029376,72.855505,BOM-447,19.044568,72.856109
DE654ACD,+91-91761-36021,+91-91761-25484,2025-04-25T21:23:00,1781,VOICE,BOM-244,19.099259,72.849291,BOM-318,19.120089,72.846573
F80BFDD0,+91-88200-56587,+91-77540-14570,2025-04-17T19:26:00,356,VOICE,BOM-901,19.029596,72.85549,BOM-212,19.040911,72.864107
539D1158,+91-96200-22222,+91-96200-11111,2025-05-11T09:05:00,998,VOICE,BOM-808,19.054762,72.900632,BOM-621,19.135954,72.829391
B4AB6E52,+91-63990-83857,+91-91761-89550,2025-04-19T13:54:00,1271,VOICE,BOM-318,19.120106,72.846576,BOM-519,19.066585,72.878765
7B81EF76,+91-89120-33288,+91-93400-87835,2025-04-16T13:45:00,1212,VOICE,BOM-447,19.044718,72.855579,BOM-447,19.044439,72.855869
F51DFD6B,+91-87890-17708,+91-63990-29082,2025-05-11T22:58:00,1578,VOICE,BOM-244,19.098578,72.848779,BOM-702,19.075722,72.877613
492D7733,+91-88200-43959,+91-87890-79490,2025-05-20T10:24:00,1349,VOICE,BOM-621,19.136001,72.829812,BOM-318,19.120152,72.846482
8D29A625,+91-80720-44848,+91-75300-11876,2025-05-12T09:25:00,693,VOICE,BOM-447,19.044398,72.856251,BOM-244,19.098604,72.849105
56EC02AE,+91-93400-62243,+91-75300-92050,2025-05-02T12:54:00,42,SMS,BOM-244,19.099083,72.848751,BOM-447,19.044794,72.85622
ADE71622,+91-91761-23165,+91-91761-96170,2025-04-18T22:45:00,1587,VOICE,BOM-808,19.054101,72.900172,BOM-702,19.076101,72.877682
9EAAACEC,+91-63990-76768,+91-93400-28107,2025-05-16T17:56:00,1516,VOICE,BOM-447,19.044521,72.856215,BOM-702,19.075877,72.877207
4C2C2E94,+91-88200-79777,+91-70420-47799,2025-04-18T15:41:00,105,VOICE,BOM-318,19.119926,72.847272,BOM-808,19.054072,72.900618
F87BC95F,+91-88200-76485,+91-77540-40731,2025-05-20T18:02:00,918,VOICE,BOM-621,19.136161,72.829106,BOM-621,19.135512,72.829588
1B36D9FE,+91-91761-29432,+91-89120-79797,2025-05-14T22:34:00,341,VOICE,BOM-318,19.119554,72.846532,BOM-103,18.963084,72.833835
1A6C90DD,+91-80720-66319,+91-87890-57585,2025-05-01T19:54:00,1630,VOICE,BOM-519,19.066025,72.878572,BOM-244,19.098572,72.848897
3E87860C,+91-75300-33862,+91-91761-69158,2025-04-23T11:22:00,49,SMS,BOM-244,19.099217,72.849082,BOM-318,19.119388,72.847269
C7088999,+91-80720-60355,+91-91761-37140,2025-04-15T12:28:00,1035,VOICE,BOM-103,18.963698,72.83453,BOM-808,19.054531,72.900081
6935F11B,+91-96200-11111,+91-96200-22222,2025-04-22T13:31:00,1730,VOICE,BOM-103,18.963655,72.83464,BOM-519,19.065948,72.878367
01392F6E,+91-87890-75767,+91-70420-32486,2025-05-20T10:40:00,1648,VOICE,BOM-702,19.075748,72.877215,BOM-519,19.065941,72.878385
87981C7F,+91-88200-51593,+91-63990-20636,2025-05-13T09:42:00,1188,VOICE,BOM-901,19.03001,72.855676,BOM-244,19.099193,72.848989
9FC13F4B,+91-70420-64054,+91-91761-87186,2025-05-17T17:41:00,443,VOICE,BOM-318,19.120159,72.847043,BOM-244,19.099463,72.848873
1D517239,+91-87890-36674,+91-91761-12451,2025-05-10T21:02:00,609,VOICE,BOM-447,19.043918,72.855429,BOM-244,19.099483,72.849469
6C8C7BD9,+91-91761-30745,+91-91761-19022,2025-05-11T12:39:00,1348,VOICE,BOM-447,19.044208,72.8553,BOM-318,19.119417,72.84697
FEF4481A,+91-80720-65840,+91-75300-33858,2025-04-23T23:38:00,1187,VOICE,BOM-318,19.119647,72.846549,BOM-244,19.098892,72.849278
94DB1AFF,+91-70420-92294,+91-77540-73794,2025-05-13T18:18:00,47,SMS,BOM-318,19.119782,72.846896,BOM-519,19.066618,72.878349
6B1AA35A,+91-63990-29877,+91-77540-89713,2025-05-18T11:49:00,1578,VOICE,BOM-447,19.044693,72.855568,BOM-702,19.076112,72.878169
9E3BC3D2,+91-93400-29459,+91-89120-29245,2025-04-24T07:04:00,735,VOICE,BOM-519,19.066225,72.878165,BOM-212,19.041029,72.86396
7AFCE18E,+91-80720-96108,+91-70420-51805,2025-05-03T07:57:00,914,VOICE,BOM-103,18.963381,72.834328,BOM-244,19.09868,72.848688
236B2675,+91-77540-41340,+91-77540-67756,2025-05-13T14:07:00,41,SMS,BOM-103,18.963239,72.834536,BOM-212,19.041005,72.863416
52F4063A,+91-80720-53407,+91-91761-52965,2025-04-18T13:02:00,1502,VOICE,BOM-808,19.05463,72.900265,BOM-808,19.054828,72.900698
AEE13A9D,+91-77540-65873,+91-80720-30748,2025-04-16T23:34:00,1164,VOICE,BOM-519,19.065862,72.878656,BOM-702,19.075794,72.878051
ED8E2C89,+91-96200-22222,+91-96200-11111,2025-04-30T10:38:00,914,VOICE,BOM-318,19.119441,72.846632,BOM-621,19.136025,72.829817
607AC3C1,+91-88200-91739,+91-91761-74368,2025-04-23T18:36:00,1248,VOICE,BOM-103,18.96318,72.833781,BOM-901,19.02945,72.855555
926DC934,+91-89120-32989,+91-88200-39730,2025-04-16T17:59:00,1211,VOICE,BOM-519,19.066781,72.878513,BOM-318,19.120107,72.846711
1C84E957,+91-63990-18058,+91-70420-32334,2025-04-24T08:39:00,27,SMS,BOM-519,19.066369,72.878478,BOM-318,19.119512,72.846661
40B252F9,+91-96200-22222,+91-96200-11111,2025-04-30T22:03:00,969,VOICE,BOM-318,19.120183,72.846439,BOM-808,19.054826,72.900068
39234F14,+91-96200-33333,+91-96200-11111,2025-04-25T15:20:00,1237,VOICE,BOM-901,19.02926,72.855036,BOM-808,19.054102,72.900146
8BB243FD,+91-63990-94276,+91-77540-46357,2025-04-21T12:14:00,418,VOICE,BOM-103,18.963149,72.83436,BOM-519,19.066651,72.878474
943BAC29,+91-96200-33333,+91-96200-44444,2025-05-06T19:57:00,1150,VOICE,BOM-702,19.076173,72.877909,BOM-244,19.099334,72.849384
84E1D752,+91-96200-11111,+91-96200-44444,2025-04-26T18:28:00,812,VOICE,BOM-702,19.076041,72.877478,BOM-621,19.136025,72.829531
6F4AEB7F,+91-93400-71232,+91-93400-93375,2025-05-13T20:39:00,889,VOICE,BOM-447,19.044471,72.855481,BOM-901,19.029364,72.854841
BAE6C528,+91-93400-65850,+91-77540-52679,2025-05-05T19:51:00,607,VOICE,BOM-318,19.119245,72.846623,BOM-519,19.066084,72.878453
FE6EC054,+91-77540-21350,+91-93400-13705,2025-05-09T10:10:00,376,VOICE,BOM-808,19.054506,72.900881,BOM-318,19.119415,72.84728
EBAD0F20,+91-89120-69770,+91-63990-47223,2025-04-26T08:15:00,15,SMS,BOM-318,19.119556,72.846313,BOM-244,19.098828,72.849134
34DAFA3B,+91-88200-29187,+91-93400-40619,2025-05-20T16:05:00,18,SMS,BOM-702,19.075663,72.877564,BOM-212,19.041369,72.863377
F64BC237,+91-75300-63412,+91-75300-23676,2025-05-19T18:04:00,29,SMS,BOM-519,19.066584,72.878562,BOM-702,19.075727,72.877395
2E973493,+91-88200-67903,+91-89120-30761,2025-04-15T10:28:00,26,VOICE,BOM-519,19.06635,72.878081,BOM-244,19.098742,72.849217
6FF0DCF2,+91-91761-44930,+91-87890-89777,2025-05-02T23:44:00,8,SMS,BOM-244,19.098714,72.848904,BOM-901,19.029394,72.855533
2D25BDE7,+91-88200-31802,+91-91761-55173,2025-05-02T22:09:00,6,SMS,BOM-901,19.029582,72.855123,BOM-318,19.119522,72.846693
A93CFB74,+91-88200-83643,+91-70420-83924,2025-05-20T19:53:00,1196,VOICE,BOM-103,18.963152,72.834001,BOM-901,19.029876,72.854978
04E7A308,+91-63990-40633,+91-93400-60511,2025-05-05T18:46:00,810,VOICE,BOM-103,18.96361,72.833926,BOM-901,19.029351,72.854939
07C8C225,+91-63990-62032,+91-91761-31654,2025-04-29T08:34:00,55,SMS,BOM-212,19.041838,72.863718,BOM-244,19.098661,72.848547
41217F0F,+91-93400-11781,+91-63990-91144,2025-04-16T14:20:00,789,VOICE,BOM-621,19.136219,72.829486,BOM-318,19.119251,72.846308
3DF53C64,+91-96200-33333,+91-96200-44444,2025-04-15T14:07:00,683,VOICE,BOM-519,19.066522,72.878018,BOM-103,18.962835,72.834292
F892BC3C,+91-63990-82700,+91-80720-41332,2025-04-20T15:15:00,283,VOICE,BOM-447,19.04415,72.856098,BOM-244,19.099257,72.849355
D26C9B05,+91-77540-79774,+91-88200-68679,2025-05-12T14:37:00,820,VOICE,BOM-103,18.962934,72.833915,BOM-702,19.076341,72.877275
86484016,+91-70420-48590,+91-63990-51521,2025-04-22T10:50:00,1408,VOICE,BOM-901,19.029563,72.854932,BOM-447,19.044657,72.856109
ADF7B7F0,+91-70420-99009,+91-63990-22453,2025-05-03T12:16:00,1142,VOICE,BOM-808,19.054272,72.900296,BOM-103,18.962983,72.833763
80079644,+91-93400-41083,+91-87890-20114,2025-05-19T12:01:00,619,VOICE,BOM-621,19.136394,72.829745,BOM-808,19.054373,72.900526
BDE15CB4,+91-96200-11111,+91-96200-22222,2025-04-29T18:06:00,814,VOICE,BOM-103,18.963273,72.834596,BOM-212,19.041891,72.863816
9CB8399B,+91-63990-85457,+91-77540-21025,2025-04-21T07:45:00,976,VOICE,BOM-621,19.136311,72.829915,BOM-519,19.066568,72.87841
EF7309D7,+91-91761-43205,+91-91761-38180,2025-04-19T07:39:00,979,VOICE,BOM-621,19.136174,72.830029,BOM-212,19.040913,72.86399
4E55A01C,+91-75300-70973,+91-89120-59212,2025-05-02T23:32:00,11,SMS,BOM-244,19.099107,72.849116,BOM-621,19.13561,72.829195
E1F21481,+91-88200-48967,+91-89120-71716,2025-05-20T20:50:00,23,SMS,BOM-519,19.066412,72.878113,BOM-808,19.05407,72.900366
B07CFAFD,+91-80720-48082,+91-87890-85897,2025-04-25T08:02:00,484,VOICE,BOM-702,19.075882,72.877765,BOM-702,19.075623,72.877629
17826ABE,+91-88200-32084,+91-63990-86522,2025-05-06T18:42:00,325,VOICE,BOM-103,18.9631,72.83407,BOM-901,19.029253,72.855553
EB7C610C,+91-91761-35853,+91-93400-66183,2025-05-05T17:58:00,1062,VOICE,BOM-212,19.041869,72.86357,BOM-621,19.136494,72.829309
388B4584,+91-87890-26627,+91-77540-79234,2025-04-21T10:32:00,832,VOICE,BOM-318,19.119785,72.847002,BOM-318,19.119214,72.846351
AC175161,+91-77540-75826,+91-75300-37378,2025-05-15T14:33:00,1603,VOICE,BOM-621,19.136082,72.829794,BOM-318,19.119439,72.846595
AC7B69CF,+91-63990-97751,+91-89120-68320,2025-04-27T10:24:00,949,VOICE,BOM-244,19.098607,72.848552,BOM-318,19.120168,72.846738
5E8F48B8,+91-96200-33333,+91-96200-44444,2025-05-09T07:27:00,288,VOICE,BOM-447,19.044592,72.855452,BOM-318,19.119851,72.846645
F20D889F,+91-91761-97361,+91-91761-66082,2025-05-10T18:09:00,1661,VOICE,BOM-808,19.054286,72.900547,BOM-519,19.066459,72.878054
DCA2F7EC,+91-96200-11111,+91-96200-44444,2025-05-20T19:52:00,53,SMS,BOM-103,18.962878,72.834552,BOM-519,19.065808,72.878822
4ABD83F1,+91-88200-22404,+91-91761-89289,2025-04-28T19:42:00,45,SMS,BOM-901,19.029288,72.855759,BOM-212,19.041834,72.863573
78B4ADE0,+91-63990-75705,+91-75300-24414,2025-04-30T15:38:00,1028,VOICE,BOM-519,19.066072,72.878032,BOM-244,19.099176,72.848761
0FA4474F,+91-63990-53371,+91-75300-54183,2025-04-22T07:25:00,163,VOICE,BOM-808,19.054238,72.900572,BOM-621,19.136323,72.829369
A51560A0,+91-88200-16839,+91-63990-96148,2025-05-10T20:06:00,1289,VOICE,BOM-103,18.963519,72.834272,BOM-103,18.963238,72.834423
D20FD87A,+91-80720-23795,+91-89120-71472,2025-05-13T19:22:00,914,VOICE,BOM-212,19.041607,72.863908,BOM-621,19.136419,72.829926
1CD103B6,+91-89120-97401,+91-75300-90062,2025-04-29T17:14:00,12,SMS,BOM-447,19.044146,72.855742,BOM-103,18.963251,72.83409
81DC50B1,+91-70420-58598,+91-70420-31601,2025-05-02T15:11:00,42,SMS,BOM-702,19.075941,72.878146,BOM-702,19.07623,72.877203
5EED5230,+91-70420-44986,+91-77540-76091,2025-05-09T23:37:00,26,SMS,BOM-901,19.029164,72.855064,BOM-103,18.963075,72.834366
9AB1F478,+91-88200-87362,+91-93400-59301,2025-05-06T12:48:00,1326,VOICE,BOM-702,19.07544,72.87756,BOM-244,19.098662,72.849494
7B91DF08,+91-88200-56241,+91-87890-18202,2025-04-24T12:58:00,45,VOICE,BOM-519,19.066394,72.878841,BOM-447,19.044339,72.856188
9062A457,+91-93400-12425,+91-91761-45753,2025-05-07T20:13:00,954,VOICE,BOM-519,19.066443,72.878094,BOM-318,19.119975,72.846694
AEC428A2,+91-96200-33333,+91-96200-44444,2025-04-17T20:45:00,1194,VOICE,BOM-808,19.054322,72.900373,BOM-447,19.043955,72.855321
E9BB8ACB,+91-91761-72463,+91-75300-68349,2025-04-22T19:09:00,1696,VOICE,BOM-808,19.054682,72.900595,BOM-702,19.076084,72.877536
9B4EEECC,+91-96200-44444,+91-96200-11111,2025-05-04T12:44:00,51,SMS,BOM-519,19.065804,72.878417,BOM-808,19.054892,72.90072
65EA4F9E,+91-88200-28387,+91-87890-87212,2025-05-05T23:03:00,43,SMS,BOM-702,19.075613,72.877341,BOM-519,19.066008,72.878576
F3E96D6B,+91-70420-15901,+91-77540-39343,2025-04-18T23:26:00,498,VOICE,BOM-808,19.054204,72.900943,BOM-447,19.044894,72.856054
444D9147,+91-93400-49229,+91-63990-97276,2025-04-21T20:08:00,19,SMS,BOM-447,19.044453,72.855983,BOM-318,19.119846,72.847078
11478F15,+91-91761-85379,+91-87890-55810,2025-04-22T07:22:00,218,VOICE,BOM-901,19.029832,72.855597,BOM-702,19.075891,72.877342
27CF54A9,+91-88200-60956,+91-91761-64539,2025-05-08T08:32:00,11,SMS,BOM-808,19.054063,72.900017,BOM-244,19.098705,72.849166
5C61F47F,+91-91761-92790,+91-77540-71714,2025-04-18T16:28:00,276,VOICE,BOM-447,19.044595,72.856151,BOM-621,19.135655,72.829735
27EB9EF4,+91-80720-84584,+91-75300-71646,2025-04-26T10:48:00,59,SMS,BOM-103,18.963789,72.834306,BOM-447,19.044674,72.856006
DEAA1AB4,+91-63990-12161,+91-87890-47453,2025-04-25T21:25:00,452,VOICE,BOM-621,19.135922,72.829761,BOM-901,19.029889,72.855343
3E55F088,+91-80720-21736,+91-91761-31667,2025-05-07T10:02:00,782,VOICE,BOM-103,18.963711,72.834032,BOM-901,19.029647,72.855024
A754489D,+91-87890-89826,+91-80720-89489,2025-04-24T13:13:00,15,SMS,BOM-244,19.098946,72.848855,BOM-244,19.098729,72.848846
E539540B,+91-88200-80641,+91-93400-50190,2025-05-10T10:35:00,733,VOICE,BOM-318,19.119451,72.846589,BOM-702,19.076195,72.877497
711E250E,+91-96200-11111,+91-96200-44444,2025-04-27T18:24:00,725,VOICE,BOM-212,19.041634,72.864129,BOM-212,19.041465,72.863696
D37340B1,+91-88200-84769,+91-63990-68836,2025-05-11T20:30:00,1008,VOICE,BOM-519,19.065984,72.87828,BOM-519,19.065935,72.878668
EA1B1AEE,+91-89120-48587,+91-70420-91372,2025-05-04T23:38:00,651,VOICE,BOM-901,19.029704,72.855455,BOM-808,19.054312,72.900641
95722508,+91-75300-62298,+91-63990-64218,2025-04-28T22:11:00,489,VOICE,BOM-103,18.962848,72.834021,BOM-103,18.962835,72.834606
D6AAA842,+91-91761-99082,+91-70420-88782,2025-04-25T12:47:00,10,SMS,BOM-901,19.029269,72.855055,BOM-318,19.119438,72.846961
03B9822E,+91-89120-27340,+91-77540-44210,2025-05-13T13:17:00,19,SMS,BOM-103,18.962913,72.833893,BOM-901,19.029309,72.855584
127DA87C,+91-87890-92894,+91-87890-99273,2025-05-14T20:51:00,54,SMS,BOM-621,19.135943,72.829453,BOM-901,19.029239,72.85521
77C40287,+91-75300-33895,+91-63990-19873,2025-05-05T12:24:00,1429,VOICE,BOM-447,19.044834,72.855942,BOM-808,19.054134,72.900045
E62BD600,+91-91761-99779,+91-88200-83127,2025-05-17T10:39:00,268,VOICE,BOM-702,19.075713,72.878163,BOM-318,19.120125,72.846352
C5B07B53,+91-70420-26690,+91-80720-84032,2025-04-21T18:35:00,701,VOICE,BOM-244,19.099371,72.848898,BOM-447,19.044571,72.856023
93B4C9FA,+91-93400-25349,+91-80720-41820,2025-04-26T08:02:00,100,VOICE,BOM-702,19.075947,72.877228,BOM-901,19.029475,72.855034
677A936A,+91-89120-92212,+91-70420-82109,2025-05-11T20:00:00,723,VOICE,BOM-621,19.136423,72.830001,BOM-702,19.076173,72.877626
79445C42,+91-70420-51529,+91-80720-46539,2025-05-01T23:17:00,967,VOICE,BOM-901,19.02965,72.855174,BOM-212,19.04093,72.863327
696350CE,+91-63990-33491,+91-77540-51216,2025-05-16T22:28:00,1151,VOICE,BOM-212,19.04156,72.863985,BOM-212,19.041312,72.863383
F442F6D1,+91-89120-13304,+91-87890-90974,2025-04-16T22:39:00,764,VOICE,BOM-621,19.135657,72.829834,BOM-212,19.041698,72.863949
92C01699,+91-89120-39575,+91-88200-67740,2025-05-15T13:10:00,1294,VOICE,BOM-103,18.962879,72.834153,BOM-621,19.135883,72.829706
DBB2CE97,+91-96200-11111,+91-96200-22222,2025-05-16T07:47:00,364,VOICE,BOM-621,19.135961,72.829983,BOM-212,19.041693,72.863839
5B4A816D,+91-70420-89299,+91-87890-93115,2025-05-01T11:27:00,1540,VOICE,BOM-702,19.075638,72.87745,BOM-519,19.065844,72.878872
44D2A714,+91-89120-75581,+91-80720-46620,2025-05-10T20:59:00,1512,VOICE,BOM-519,19.066224,72.878326,BOM-519,19.065847,72.878799
AFB70E43,+91-75300-13932,+91-63990-50951,2025-04-16T13:57:00,39,SMS,BOM-621,19.1355,72.829505,BOM-244,19.09895,72.848658
898EB456,+91-70420-27371,+91-77540-79719,2025-05-16T21:30:00,45,SMS,BOM-808,19.05447,72.900773,BOM-702,19.075827,72.878108
100B5ACD,+91-89120-11903,+91-89120-53164,2025-04-29T16:05:00,33,SMS,BOM-212,19.041775,72.864099,BOM-212,19.040904,72.863201
4A25329B,+91-88200-12058,+91-63990-67542,2025-05-01T22:59:00,905,VOICE,BOM-244,19.098842,72.849374,BOM-103,18.963602,72.834119
4CF9A3FA,+91-88200-99647,+91-80720-10350,2025-05-13T09:19:00,252,VOICE,BOM-901,19.029736,72.855553,BOM-212,19.041717,72.86335
257B6621,+91-91761-17156,+91-70420-72281,2025-05-18T19:22:00,86,VOICE,BOM-519,19.066097,72.878198,BOM-519,19.066201,72.878266
889C0D7F,+91-91761-18641,+91-77540-19249,2025-04-16T19:39:00,8,SMS,BOM-103,18.963736,72.83373,BOM-244,19.099175,72.848538
D07652DF,+91-63990-84586,+91-77540-30047,2025-05-03T11:36:00,9,SMS,BOM-519,19.066094,72.878714,BOM-519,19.066707,72.878705
AF3404D4,+91-75300-48030,+91-63990-26956,2025-04-25T23:34:00,1426,VOICE,BOM-212,19.041207,72.863975,BOM-212,19.041853,72.863368
B9430978,+91-93400-19191,+91-88200-53815,2025-05-06T10:14:00,1150,VOICE,BOM-318,19.119696,72.84723,BOM-901,19.02976,72.855234
52673689,+91-80720-15914,+91-80720-23434,2025-05-12T11:01:00,28,SMS,BOM-447,19.044859,72.8559,BOM-901,19.029964,72.854895
F6E8D27A,+91-93400-57785,+91-89120-64220,2025-04-30T13:03:00,1618,VOICE,BOM-519,19.06676,72.878341,BOM-621,19.135618,72.829275
ABAC2578,+91-63990-47745,+91-87890-14407,2025-04-18T21:42:00,1681,VOICE,BOM-244,19.098809,72.849403,BOM-702,19.075434,72.877393
19B2C797,+91-75300-39150,+91-70420-69059,2025-05-12T14:47:00,1471,VOICE,BOM-212,19.041857,72.864065,BOM-621,19.135588,72.830007
28E95559,+91-88200-71363,+91-91761-34480,2025-04-20T15:17:00,1642,VOICE,BOM-519,19.066339,72.878764,BOM-901,19.029438,72.855434
E4627F0C,+91-70420-10729,+91-75300-27988,2025-04-17T11:38:00,313,VOICE,BOM-808,19.05492,72.900753,BOM-103,18.962916,72.83408
689C8CA4,+91-89120-90484,+91-80720-24200,2025-05-10T20:05:00,1415,VOICE,BOM-212,19.040992,72.863839,BOM-212,19.040924,72.864117
2F2BF43D,+91-91761-63970,+91-88200-72078,2025-04-26T12:30:00,60,SMS,BOM-901,19.029248,72.85496,BOM-318,19.120048,72.847149
9E778801,+91-77540-30707,+91-91761-32379,2025-05-02T16:50:00,1109,VOICE,BOM-212,19.041495,72.864154,BOM-318,19.120077,72.84676
85FB4421,+91-70420-26444,+91-93400-20937,2025-05-10T12:34:00,1395,VOICE,BOM-318,19.119822,72.846957,BOM-212,19.041899,72.863375
DC16B3BB,+91-91761-78228,+91-75300-98465,2025-04-30T13:54:00,30,SMS,BOM-702,19.076035,72.877679,BOM-103,18.962942,72.833728
4C95D070,+91-89120-40927,+91-88200-36313,2025-04-17T08:06:00,17,SMS,BOM-103,18.963344,72.83377,BOM-901,19.029231,72.855768
EDF1AC53,+91-89120-37158,+91-70420-47768,2025-05-19T07:00:00,380,VOICE,BOM-808,19.054422,72.900382,BOM-901,19.029675,72.854975
67262F57,+91-75300-57407,+91-93400-26610,2025-04-18T19:24:00,1594,VOICE,BOM-212,19.041061,72.86376,BOM-808,19.05401,72.900875
66F68DB5,+91-87890-39393,+91-87890-68999,2025-05-02T15:44:00,1512,VOICE,BOM-702,19.075819,72.877449,BOM-103,18.963092,72.833878
B6A0C189,+91-87890-70264,+91-70420-33517,2025-05-12T07:05:00,40,SMS,BOM-447,19.044861,72.855776,BOM-621,19.135699,72.829683
743B9C69,+91-70420-93854,+91-88200-22888,2025-05-16T09:29:00,1002,VOICE,BOM-244,19.098871,72.84942,BOM-519,19.066511,72.87846
29AD17A7,+91-89120-11964,+91-80720-39467,2025-04-28T16:45:00,1499,VOICE,BOM-808,19.054587,72.900888,BOM-621,19.135844,72.829386
F7A72FCC,+91-88200-47668,+91-77540-94317,2025-05-18T11:20:00,1701,VOICE,BOM-808,19.05492,72.900204,BOM-103,18.962813,72.83437
A0A8DE4F,+91-77540-21558,+91-88200-91793,2025-05-07T08:45:00,197,VOICE,BOM-808,19.054034,72.900277,BOM-103,18.963325,72.834693
B6880E55,+91-91761-68477,+91-89120-27010,2025-04-25T09:12:00,163,VOICE,BOM-901,19.029277,72.855272,BOM-519,19.066688,72.878174
13996D06,+91-70420-13809,+91-91761-23756,2025-04-28T09:09:00,9,SMS,BOM-212,19.041601,72.863434,BOM-103,18.96333,72.834063
F1DDB0F9,+91-91761-89166,+91-88200-50529,2025-05-03T08:54:00,374,VOICE,BOM-212,19.041334,72.86321,BOM-808,19.054018,72.900433
943B0952,+91-87890-59326,+91-75300-33623,2025-05-01T19:34:00,1321,VOICE,BOM-808,19.054576,72.9002,BOM-447,19.044151,72.855646
E7E69D25,+91-75300-89521,+91-87890-92474,2025-04-26T14:28:00,17,SMS,BOM-318,19.120053,72.846736,BOM-212,19.041742,72.863563
B21B8A5D,+91-87890-21527,+91-87890-36938,2025-04-24T13:22:00,1754,VOICE,BOM-702,19.075753,72.877643,BOM-702,19.075508,72.877491
73CB179D,+91-75300-66329,+91-63990-31146,2025-05-09T22:02:00,154,VOICE,BOM-244,19.098637,72.848781,BOM-901,19.02949,72.855003
E5AFACC1,+91-93400-77854,+91-91761-10456,2025-04-24T19:54:00,69,VOICE,BOM-901,19.030035,72.855682,BOM-702,19.076379,72.877544
F0F9946F,+91-91761-58830,+91-77540-90220,2025-05-16T22:18:00,598,VOICE,BOM-519,19.066389,72.878322,BOM-103,18.963076,72.834685
74E4F316,+91-75300-91902,+91-63990-37933,2025-04-20T22:26:00,1630,VOICE,BOM-808,19.054493,72.900914,BOM-621,19.136019,72.829333
05EFA424,+91-63990-80381,+91-88200-72878,2025-05-09T11:20:00,323,VOICE,BOM-244,19.098628,72.848961,BOM-901,19.02932,72.855087
9BE1025D,+91-91761-15793,+91-93400-69134,2025-05-12T13:25:00,48,SMS,BOM-447,19.044144,72.855746,BOM-808,19.054208,72.900439
BF874FAA,+91-87890-10790,+91-77540-63541,2025-05-03T18:15:00,1306,VOICE,BOM-212,19.041701,72.863592,BOM-103,18.963632,72.83415
56731ED1,+91-80720-59256,+91-75300-66477,2025-05-08T08:08:00,1701,VOICE,BOM-808,19.054487,72.900403,BOM-244,19.099069,72.848569
715C74D2,+91-77540-79287,+91-63990-80547,2025-04-16T10:56:00,1717,VOICE,BOM-447,19.044347,72.855767,BOM-244,19.099114,72.84877
7B32375D,+91-91761-63852,+91-63990-61117,2025-05-02T18:29:00,1369,VOICE,BOM-318,19.120089,72.847092,BOM-244,19.098619,72.848811
CD9A43A3,+91-93400-27619,+91-93400-59797,2025-05-01T12:50:00,1695,VOICE,BOM-901,19.02975,72.855597,BOM-621,19.135544,72.829502
81A4C172,+91-80720-94377,+91-80720-46400,2025-05-09T07:24:00,52,SMS,BOM-447,19.044509,72.856294,BOM-244,19.098756,72.849318
E0EE68F5,+91-96200-22222,+91-96200-33333,2025-04-27T13:42:00,56,VOICE,BOM-447,19.044618,72.855735,BOM-519,19.066386,72.878773
84BDD493,+91-96200-11111,+91-96200-33333,2025-04-24T11:52:00,1160,VOICE,BOM-447,19.044155,72.855966,BOM-621,19.136337,72.829459
0A674502,+91-89120-69543,+91-63990-79091,2025-05-01T23:16:00,101,VOICE,BOM-447,19.044276,72.856186,BOM-519,19.065948,72.878085
44A471A1,+91-75300-95716,+91-63990-63044,2025-04-24T21:30:00,553,VOICE,BOM-103,18.96328,72.834034,BOM-519,19.066462,72.878519
25EA1CC5,+91-80720-31326,+91-70420-92898,2025-05-01T23:36:00,56,SMS,BOM-808,19.054848,72.900496,BOM-621,19.135961,72.829335
A18B8FED,+91-88200-11525,+91-63990-67181,2025-05-11T12:21:00,498,VOICE,BOM-244,19.099474,72.848707,BOM-519,19.066659,72.878592
F6EFDE7B,+91-75300-28068,+91-80720-43451,2025-05-14T17:38:00,1135,VOICE,BOM-808,19.054589,72.900554,BOM-447,19.044671,72.856193
3B8EC4B5,+91-80720-99240,+91-80720-90992,2025-05-13T20:41:00,49,SMS,BOM-621,19.136439,72.829502,BOM-212,19.041769,72.863283
55ABC99E,+91-93400-73494,+91-75300-11778,2025-04-24T10:54:00,495,VOICE,BOM-318,19.119465,72.84655,BOM-519,19.06603,72.878694
1A1689AA,+91-89120-33084,+91-91761-87469,2025-05-07T15:11:00,1229,VOICE,BOM-103,18.963317,72.834565,BOM-901,19.029692,72.855321
FFC0A4C9,+91-70420-91740,+91-88200-38213,2025-04-21T08:04:00,562,VOICE,BOM-103,18.96332,72.834451,BOM-621,19.135888,72.82987
A4C40FBC,+91-77540-50005,+91-77540-39411,2025-04-17T09:12:00,175,VOICE,BOM-621,19.135646,72.829289,BOM-621,19.136302,72.82977
7C19D1D6,+91-70420-52110,+91-87890-66115,2025-04-27T10:27:00,1224,VOICE,BOM-447,19.044256,72.855422,BOM-519,19.066756,72.878386
EF792F41,+91-88200-98532,+91-89120-72040,2025-05-12T23:06:00,1452,VOICE,BOM-519,19.066194,72.878644,BOM-519,19.066757,72.878145
F7B9E09B,+91-89120-33675,+91-93400-39513,2025-05-16T11:01:00,17,SMS,BOM-103,18.962826,72.83451,BOM-244,19.098909,72.849428
43D42425,+91-63990-66344,+91-87890-41351,2025-05-08T17:02:00,1257,VOICE,BOM-901,19.029753,72.854946,BOM-103,18.963792,72.833936
99F2500F,+91-93400-70334,+91-80720-22634,2025-05-09T09:31:00,258,VOICE,BOM-519,19.066164,72.878548,BOM-901,19.029105,72.854818
3C92E393,+91-89120-33234,+91-93400-72380,2025-05-08T12:28:00,44,SMS,BOM-901,19.02986,72.855593,BOM-702,19.075925,72.877669
0BE0DB70,+91-93400-47754,+91-87890-29445,2025-05-09T09:31:00,1394,VOICE,BOM-621,19.13563,72.829602,BOM-901,19.029506,72.855455
773278F9,+91-88200-83774,+91-88200-45885,2025-04-20T14:36:00,19,SMS,BOM-212,19.04153,72.864153,BOM-901,19.029107,72.855245
228D6A59,+91-77540-64480,+91-93400-52331,2025-04-19T20:41:00,1303,VOICE,BOM-621,19.136195,72.829456,BOM-808,19.054515,72.90072
4C2F805F,+91-93400-98549,+91-93400-35466,2025-04-16T11:49:00,19,SMS,BOM-244,19.099447,72.848763,BOM-808,19.054544,72.900323
9B3FA7ED,+91-96200-22222,+91-96200-11111,2025-05-12T07:23:00,925,VOICE,BOM-212,19.041134,72.863589,BOM-621,19.135837,72.830077
5A60D2FF,+91-93400-38743,+91-88200-71183,2025-05-19T18:12:00,1714,VOICE,BOM-519,19.06607,72.878345,BOM-621,19.135541,72.829931
3D1875D0,+91-80720-75921,+91-87890-48834,2025-05-05T19:51:00,308,VOICE,BOM-702,19.07618,72.878177,BOM-318,19.119865,72.846609
8BBD7076,+91-70420-28860,+91-93400-96283,2025-05-12T12:12:00,1220,VOICE,BOM-244,19.098579,72.848967,BOM-244,19.099312,72.849431
BF6140E7,+91-75300-34177,+91-91761-19641,2025-05-12T15:58:00,1645,VOICE,BOM-901,19.029561,72.855593,BOM-808,19.054227,72.900318
E24475CA,+91-88200-24208,+91-63990-84442,2025-05-04T14:36:00,1467,VOICE,BOM-103,18.963584,72.834028,BOM-808,19.054561,72.900758
4010A64A,+91-77540-20804,+91-70420-46593,2025-05-03T14:46:00,1257,VOICE,BOM-621,19.135976,72.829393,BOM-702,19.075475,72.877792
42DF396A,+91-88200-29295,+91-80720-44078,2025-04-27T17:28:00,618,VOICE,BOM-519,19.066445,72.878189,BOM-212,19.041012,72.863255
62D32945,+91-70420-66750,+91-77540-25765,2025-04-15T20:37:00,11,SMS,BOM-519,19.06635,72.878342,BOM-519,19.066477,72.878622
F7A55FCD,+91-75300-57608,+91-75300-72515,2025-04-23T07:55:00,45,SMS,BOM-318,19.119743,72.847063,BOM-447,19.044376,72.856234
30425157,+91-87890-44069,+91-63990-11476,2025-04-17T16:02:00,727,VOICE,BOM-103,18.963422,72.834296,BOM-808,19.054312,72.90001
673AE92E,+91-77540-27701,+91-87890-24115,2025-05-16T16:24:00,393,VOICE,BOM-318,19.119551,72.846697,BOM-244,19.098865,72.849449
4A348B7B,+91-75300-83116,+91-63990-27682,2025-04-22T14:40:00,1107,VOICE,BOM-621,19.13558,72.829818,BOM-447,19.044625,72.855417
9A8EFE2C,+91-63990-59561,+91-77540-14785,2025-05-16T21:56:00,376,VOICE,BOM-702,19.075716,72.878014,BOM-808,19.054088,72.900403
B3145011,+91-75300-35995,+91-88200-64248,2025-05-19T13:48:00,54,SMS,BOM-212,19.041289,72.863705,BOM-808,19.05485,72.900184
2BA32EBC,+91-75300-83443,+91-91761-42777,2025-05-03T23:31:00,55,SMS,BOM-621,19.136067,72.829662,BOM-702,19.075656,72.877737
6BFCF167,+91-89120-90464,+91-88200-15850,2025-04-19T12:35:00,1656,VOICE,BOM-702,19.076114,72.877752,BOM-519,19.066575,72.878298
45EB97C9,+91-70420-47354,+91-93400-15343,2025-04-15T08:22:00,1585,VOICE,BOM-901,19.029949,72.85503,BOM-702,19.076381,72.877348
0DF1AAE2,+91-89120-87564,+91-80720-27937,2025-05-06T07:14:00,26,SMS,BOM-621,19.135833,72.82947,BOM-447,19.044568,72.855358
9FD986C2,+91-63990-74144,+91-80720-18050,2025-04-21T18:43:00,620,VOICE,BOM-212,19.041446,72.863996,BOM-103,18.963774,72.834552
4F625191,+91-96200-22222,+91-93400-67267,2025-05-08T21:40:00,5,SMS,MLW-088,19.187,72.8411,BOM-318,19.119591,72.847107
0651DFA8,+91-91761-16538,+91-93400-72861,2025-05-16T08:15:00,1189,VOICE,BOM-702,19.075489,72.878056,BOM-901,19.029767,72.855242
D02E4BD5,+91-80720-27439,+91-91761-66196,2025-04-29T14:50:00,68,VOICE,BOM-212,19.041502,72.864128,BOM-318,19.11979,72.847203
DD891C51,+91-87890-44265,+91-87890-46512,2025-05-14T07:44:00,1727,VOICE,BOM-519,19.066472,72.878868,BOM-447,19.044224,72.85546
6C1DB20D,+91-87890-82975,+91-91761-37614,2025-05-08T20:53:00,870,VOICE,BOM-318,19.11954,72.847116,BOM-519,19.066074,72.877933
7C9D0E56,+91-77540-23087,+91-89120-17537,2025-05-19T22:51:00,57,SMS,BOM-808,19.054473,72.900567,BOM-901,19.029183,72.855367
1D905A53,+91-63990-88901,+91-87890-22033,2025-04-27T08:00:00,1564,VOICE,BOM-901,19.029608,72.855297,BOM-901,19.030028,72.854881
8FD5A12C,+91-89120-83207,+91-75300-87265,2025-04-15T12:15:00,34,SMS,BOM-244,19.099158,72.849432,BOM-103,18.963122,72.83454
A280FFE5,+91-93400-33650,+91-89120-54542,2025-04-18T19:42:00,818,VOICE,BOM-447,19.043929,72.855391,BOM-702,19.076204,72.877318
159C8DF5,+91-88200-46725,+91-89120-54926,2025-04-26T10:43:00,162,VOICE,BOM-447,19.044475,72.855767,BOM-318,19.119985,72.847015
FEF75420,+91-88200-48618,+91-91761-10628,2025-05-10T21:45:00,1599,VOICE,BOM-702,19.075483,72.877875,BOM-901,19.029516,72.854886
C36B13E8,+91-70420-92412,+91-89120-20868,2025-04-15T17:29:00,1338,VOICE,BOM-621,19.136434,72.829174,BOM-901,19.029568,72.855412
CFAF0165,+91-87890-93619,+91-91761-53120,2025-04-17T23:40:00,676,VOICE,BOM-212,19.041032,72.864056,BOM-103,18.96291,72.833729
8BC49F95,+91-96200-11111,+91-96200-44444,2025-04-27T17:19:00,33,SMS,BOM-244,19.098856,72.848719,BOM-103,18.963004,72.834198
52D43032,+91-80720-57462,+91-89120-95719,2025-05-02T08:20:00,55,SMS,BOM-244,19.098606,72.849465,BOM-702,19.075778,72.877773
3740D959,+91-96200-11111,+91-96200-33333,2025-05-04T13:01:00,1257,VOICE,BOM-808,19.054114,72.900019,BOM-702,19.075427,72.877882
1E6FFD8A,+91-89120-66678,+91-63990-22706,2025-05-19T08:14:00,73,VOICE,BOM-702,19.075615,72.877248,BOM-621,19.136065,72.829601
264413BF,+91-87890-62765,+91-63990-43958,2025-05-18T20:01:00,1711,VOICE,BOM-901,19.029972,72.855543,BOM-447,19.044285,72.855503
1F4692DA,+91-77540-86476,+91-80720-25246,2025-04-22T11:45:00,76,VOICE,BOM-901,19.029868,72.855798,BOM-901,19.03004,72.855308
7658B958,+91-80720-79148,+91-91761-51934,2025-05-06T09:05:00,408,VOICE,BOM-621,19.13611,72.829614,BOM-702,19.076207,72.877316
8319D11D,+91-88200-46317,+91-87890-12166,2025-05-09T18:49:00,461,VOICE,BOM-519,19.066571,72.878385,BOM-212,19.041184,72.864129
4262713E,+91-77540-58846,+91-80720-34771,2025-04-29T08:43:00,958,VOICE,BOM-318,19.119752,72.846311,BOM-901,19.029959,72.855295
B096536C,+91-70420-60966,+91-87890-21327,2025-04-27T13:26:00,44,SMS,BOM-901,19.029283,72.855285,BOM-621,19.135715,72.830048
7883AB55,+91-88200-54489,+91-70420-24699,2025-05-01T15:07:00,41,SMS,BOM-244,19.098721,72.849334,BOM-901,19.029862,72.855498
C4B74578,+91-93400-44591,+91-91761-29340,2025-04-28T13:26:00,8,SMS,BOM-447,19.044095,72.855871,BOM-621,19.13645,72.829269
18E2E2D3,+91-80720-35038,+91-87890-68469,2025-05-15T14:57:00,392,VOICE,BOM-244,19.09853,72.849176,BOM-808,19.054744,72.900583
D5BF41F5,+91-89120-19120,+91-91761-16074,2025-04-21T14:55:00,1056,VOICE,BOM-519,19.06609,72.878043,BOM-244,19.099008,72.849419
048CA41D,+91-89120-33058,+91-87890-50690,2025-05-06T12:26:00,37,SMS,BOM-103,18.963766,72.834046,BOM-519,19.066492,72.878422
D286E85B,+91-88200-48484,+91-80720-93203,2025-04-19T11:13:00,581,VOICE,BOM-901,19.030048,72.855461,BOM-103,18.96318,72.834136
444BBAE5,+91-77540-20607,+91-87890-83348,2025-04-19T07:02:00,370,VOICE,BOM-244,19.099477,72.849042,BOM-702,19.076172,72.877714
D9A7C997,+91-63990-25749,+91-70420-38370,2025-05-11T21:30:00,40,SMS,BOM-318,19.119594,72.846838,BOM-702,19.07605,72.878018
0B392B93,+91-87890-38864,+91-63990-16461,2025-04-18T09:06:00,1682,VOICE,BOM-103,18.963394,72.834044,BOM-901,19.03009,72.855675
79D38BF6,+91-80720-14148,+91-89120-85662,2025-04-30T17:33:00,330,VOICE,BOM-318,19.119651,72.847171,BOM-212,19.041741,72.863452
3A3E25FE,+91-77540-44830,+91-70420-24608,2025-05-10T23:44:00,14,SMS,BOM-901,19.02941,72.855156,BOM-212,19.041121,72.863584
54691957,+91-77540-76988,+91-93400-97050,2025-04-18T20:44:00,50,SMS,BOM-808,19.054776,72.900178,BOM-447,19.044819,72.856253
26643D1A,+91-87890-52178,+91-77540-59446,2025-04-27T16:54:00,616,VOICE,BOM-318,19.119769,72.846981,BOM-702,19.07592,72.878157
49EF93E6,+91-96200-33333,+91-96200-11111,2025-05-06T07:40:00,48,SMS,BOM-621,19.135687,72.829175,BOM-103,18.963299,72.834426
C720ACCB,+91-96200-33333,+91-96200-11111,2025-04-17T13:13:00,1523,VOICE,BOM-808,19.054196,72.900178,BOM-702,19.076352,72.8782
A05FA07A,+91-89120-22659,+91-63990-48871,2025-05-12T14:07:00,146,VOICE,BOM-318,19.119734,72.846955,BOM-519,19.066694,72.878892
5E10BB70,+91-80720-13973,+91-75300-28190,2025-04-25T08:59:00,966,VOICE,BOM-621,19.135734,72.829594,BOM-212,19.041886,72.863863
537BE002,+91-88200-57298,+91-87890-76042,2025-05-02T09:06:00,1681,VOICE,BOM-901,19.029433,72.855237,BOM-519,19.06651,72.878138
7D151F43,+91-89120-94899,+91-70420-92549,2025-04-18T10:18:00,577,VOICE,BOM-519,19.065893,72.878122,BOM-447,19.04446,72.8562
5B3841DF,+91-87890-87379,+91-89120-58371,2025-05-06T13:29:00,171,VOICE,BOM-447,19.044631,72.85595,BOM-212,19.041705,72.863942
88D5FB46,+91-80720-50959,+91-93400-11417,2025-04-20T22:48:00,237,VOICE,BOM-447,19.044292,72.855803,BOM-103,18.963151,72.833839
9E5BE2A3,+91-70420-35874,+91-63990-83927,2025-04-22T23:39:00,728,VOICE,BOM-244,19.098836,72.849033,BOM-212,19.041079,72.863691
900C4739,+91-63990-65700,+91-75300-96890,2025-05-11T08:53:00,28,SMS,BOM-212,19.040957,72.863372,BOM-702,19.075861,72.877487
79A71EB9,+91-80720-38825,+91-87890-55954,2025-04-29T08:19:00,1339,VOICE,BOM-519,19.066039,72.878758,BOM-702,19.076385,72.877636
55047835,+91-87890-63706,+91-89120-48013,2025-05-04T14:20:00,18,SMS,BOM-702,19.07622,72.878046,BOM-212,19.041286,72.863773
B6FAFDC7,+91-88200-53817,+91-89120-27657,2025-05-02T14:04:00,551,VOICE,BOM-318,19.11928,72.846394,BOM-702,19.075834,72.878154
54ACA48B,+91-80720-41018,+91-88200-90067,2025-05-03T23:55:00,117,VOICE,BOM-808,19.054239,72.900969,BOM-318,19.119886,72.846509
77BBE44D,+91-96200-11111,+91-96200-33333,2025-05-06T17:58:00,1090,VOICE,BOM-519,19.066253,72.87869,BOM-702,19.076387,72.878156
1165205E,+91-89120-72327,+91-63990-91532,2025-04-21T10:56:00,207,VOICE,BOM-103,18.963569,72.833947,BOM-808,19.054351,72.900554
CC544327,+91-91761-40562,+91-75300-35942,2025-04-29T12:41:00,1087,VOICE,BOM-103,18.963004,72.83427,BOM-519,19.066345,72.878304
FEAF9516,+91-70420-88604,+91-91761-51065,2025-05-02T07:33:00,631,VOICE,BOM-702,19.075475,72.877763,BOM-244,19.099486,72.849349
4AF0FD6D,+91-89120-91846,+91-80720-95197,2025-04-27T07:49:00,203,VOICE,BOM-702,19.07592,72.877972,BOM-318,19.11954,72.846365
6C683BAE,+91-70420-21980,+91-88200-90492,2025-05-04T14:16:00,1596,VOICE,BOM-519,19.066294,72.878792,BOM-447,19.044168,72.855882
A329905B,+91-88200-23417,+91-91761-23465,2025-05-20T14:54:00,1624,VOICE,BOM-519,19.06634,72.878014,BOM-901,19.02932,72.854826
A4B3800B,+91-93400-23540,+91-70420-16208,2025-04-15T12:34:00,687,VOICE,BOM-621,19.135528,72.829882,BOM-244,19.098939,72.848691
2187DABC,+91-91761-64519,+91-87890-99611,2025-04-19T21:52:00,1682,VOICE,BOM-519,19.066334,72.878496,BOM-244,19.099296,72.849482
7A8452C2,+91-88200-25020,+91-75300-15064,2025-04-15T11:52:00,676,VOICE,BOM-901,19.029348,72.855468,BOM-103,18.963432,72.833752
4381337E,+91-93400-25734,+91-63990-59803,2025-05-20T15:24:00,1305,VOICE,BOM-702,19.07567,72.877923,BOM-103,18.963061,72.834061
2090A943,+91-93400-67368,+91-91761-61365,2025-04-20T15:25:00,40,SMS,BOM-212,19.041703,72.863967,BOM-808,19.054857,72.90045
F409E1CE,+91-80720-24744,+91-93400-72571,2025-04-29T09:50:00,33,SMS,BOM-447,19.043967,72.855763,BOM-318,19.119838,72.847033
24F7E11C,+91-88200-59100,+91-70420-96232,2025-04-26T11:30:00,1376,VOICE,BOM-212,19.041021,72.863775,BOM-318,19.119448,72.846665
94975E14,+91-80720-72805,+91-77540-81374,2025-05-03T22:22:00,1027,VOICE,BOM-244,19.099374,72.848734,BOM-212,19.041299,72.863678
A48A99F5,+91-70420-16705,+91-75300-59410,2025-05-02T08:08:00,1219,VOICE,BOM-318,19.120122,72.847161,BOM-212,19.041659,72.863318
4946E9BD,+91-63990-57395,+91-63990-74434,2025-04-17T07:11:00,872,VOICE,BOM-447,19.04409,72.856127,BOM-621,19.13639,72.829235
1C84C16C,+91-93400-85783,+91-88200-37664,2025-04-19T16:49:00,989,VOICE,BOM-519,19.066229,72.878488,BOM-808,19.054317,72.900472
A9146D0F,+91-93400-48420,+91-63990-76270,2025-05-17T13:46:00,767,VOICE,BOM-621,19.1364,72.82946,BOM-519,19.066154,72.878291
3A340A49,+91-93400-46432,+91-91761-97062,2025-04-20T17:19:00,1126,VOICE,BOM-447,19.043918,72.855756,BOM-244,19.09864,72.848921
2B899CD2,+91-77540-31017,+91-70420-96700,2025-05-06T15:13:00,14,SMS,BOM-447,19.044266,72.855847,BOM-447,19.044004,72.856206
E598505D,+91-89120-11021,+91-89120-13605,2025-05-08T23:11:00,996,VOICE,BOM-519,19.065873,72.878771,BOM-519,19.066201,72.878646
2AAFAB1C,+91-75300-52977,+91-75300-14113,2025-05-14T20:06:00,1405,VOICE,BOM-447,19.04443,72.855814,BOM-702,19.07542,72.877254
B107DEED,+91-70420-54282,+91-88200-43196,2025-05-02T17:21:00,1414,VOICE,BOM-447,19.04452,72.855677,BOM-244,19.099432,72.849478
0A5C34D1,+91-80720-58280,+91-93400-92920,2025-04-23T10:01:00,1268,VOICE,BOM-244,19.098961,72.849293,BOM-901,19.029678,72.855174
ADE8F8F2,+91-80720-87888,+91-70420-90096,2025-05-09T07:31:00,54,SMS,BOM-447,19.044629,72.856125,BOM-702,19.075818,72.877262
CC3B0276,+91-75300-97216,+91-77540-74353,2025-04-29T19:14:00,762,VOICE,BOM-103,18.96353,72.834082,BOM-244,19.098915,72.848969
3FF36E9C,+91-88200-18562,+91-77540-68728,2025-04-30T10:40:00,1042,VOICE,BOM-103,18.963462,72.834558,BOM-808,19.054502,72.900557
30F87782,+91-63990-57214,+91-77540-51327,2025-04-17T09:53:00,1573,VOICE,BOM-212,19.041103,72.863215,BOM-808,19.054113,72.900849
9211CE88,+91-77540-64695,+91-89120-88155,2025-04-20T22:50:00,59,SMS,BOM-702,19.075767,72.877866,BOM-702,19.075779,72.877681
9F457114,+91-77540-18811,+91-80720-73334,2025-04-28T09:57:00,666,VOICE,BOM-318,19.119882,72.847052,BOM-702,19.075814,72.877698
34E2FCDC,+91-87890-89788,+91-80720-43735,2025-05-07T15:24:00,655,VOICE,BOM-808,19.054227,72.900794,BOM-103,18.963774,72.834506
EC7A3881,+91-87890-59193,+91-75300-83311,2025-04-19T07:04:00,52,SMS,BOM-901,19.029647,72.855538,BOM-318,19.119978,72.846777
8DDAB2CC,+91-63990-35081,+91-70420-22122,2025-05-08T21:53:00,42,SMS,BOM-621,19.13553,72.82986,BOM-447,19.044224,72.855863
83A0C197,+91-87890-74752,+91-91761-86218,2025-05-11T21:08:00,943,VOICE,BOM-621,19.135601,72.829488,BOM-901,19.029515,72.855531
ABC1DF58,+91-87890-51798,+91-80720-50017,2025-05-18T09:35:00,606,VOICE,BOM-901,19.030013,72.855369,BOM-318,19.119321,72.847091
947E1CA9,+91-77540-28091,+91-88200-80654,2025-05-06T08:34:00,54,SMS,BOM-244,19.09938,72.849037,BOM-318,19.120036,72.84678
50DC1042,+91-88200-57995,+91-89120-52105,2025-04-18T15:13:00,726,VOICE,BOM-318,19.119627,72.846427,BOM-519,19.066644,72.878041
489A766E,+91-87890-61395,+91-63990-45466,2025-05-09T20:30:00,1551,VOICE,BOM-519,19.066337,72.877918,BOM-212,19.040984,72.864187
C35F5A0A,+91-93400-57504,+91-89120-18752,2025-04-15T11:24:00,7,SMS,BOM-103,18.962992,72.834456,BOM-808,19.054785,72.900627
9F9572AD,+91-88200-34605,+91-80720-23716,2025-05-01T07:50:00,546,VOICE,BOM-447,19.043967,72.855636,BOM-702,19.076158,72.877773
DEBA3FFE,+91-63990-49196,+91-91761-12977,2025-04-25T07:34:00,379,VOICE,BOM-244,19.098564,72.84928,BOM-519,19.066056,72.878888
5296FF54,+91-80720-92314,+91-87890-70881,2025-04-27T13:11:00,140,VOICE,BOM-808,19.054743,72.9002,BOM-519,19.066724,72.87851
7AC6D854,+91-88200-51654,+91-63990-77096,2025-05-02T20:38:00,13,SMS,BOM-702,19.075484,72.877386,BOM-103,18.963445,72.833758
39F0A59D,+91-70420-83504,+91-88200-60684,2025-05-04T13:04:00,20,VOICE,BOM-808,19.054066,72.900027,BOM-702,19.075622,72.877935
E93F2794,+91-87890-48431,+91-88200-12135,2025-04-24T23:34:00,27,SMS,BOM-103,18.963674,72.833751,BOM-621,19.135809,72.829795
2BD504DD,+91-63990-48714,+91-89120-21129,2025-05-16T22:13:00,1384,VOICE,BOM-808,19.054244,72.900969,BOM-318,19.120129,72.846745
C739ED85,+91-96200-33333,+91-96200-44444,2025-04-16T21:38:00,143,VOICE,BOM-621,19.136273,72.829992,BOM-318,19.119459,72.846835
B173CC61,+91-80720-90621,+91-88200-65830,2025-05-11T20:57:00,1222,VOICE,BOM-621,19.135591,72.829947,BOM-621,19.136138,72.829265
6DFC2EAB,+91-96200-11111,+91-96200-44444,2025-04-16T17:36:00,54,SMS,BOM-244,19.099028,72.849185,BOM-621,19.13617,72.829943
ED9ABD55,+91-96200-11111,+91-91761-62683,2025-05-19T23:14:00,6,SMS,BOM-621,19.136464,72.829845,BOM-808,19.05459,72.90056
EA0512FC,+91-70420-47137,+91-93400-55030,2025-04-24T09:12:00,822,VOICE,BOM-702,19.075592,72.878088,BOM-901,19.02944,72.85565
35E8EB45,+91-80720-85193,+91-80720-62167,2025-05-09T22:06:00,1601,VOICE,BOM-447,19.04415,72.855728,BOM-447,19.044738,72.856176
4E596914,+91-75300-23417,+91-63990-49676,2025-05-09T17:14:00,191,VOICE,BOM-244,19.099416,72.849039,BOM-621,19.136175,72.829127
8D0BE427,+91-63990-71279,+91-89120-14466,2025-04-21T12:43:00,849,VOICE,BOM-808,19.054461,72.900588,BOM-244,19.098662,72.849379
21DD2059,+91-80720-95289,+91-89120-38903,2025-04-28T23:12:00,1379,VOICE,BOM-103,18.963037,72.83453,BOM-103,18.963091,72.834252
29EDF661,+91-80720-38742,+91-63990-16353,2025-05-17T08:24:00,1165,VOICE,BOM-519,19.066615,72.877978,BOM-901,19.029371,72.855478
8C9B7DA7,+91-93400-33161,+91-89120-35743,2025-05-01T11:52:00,1689,VOICE,BOM-519,19.066169,72.87857,BOM-212,19.041465,72.863631
8051902B,+91-87890-93749,+91-87890-43528,2025-05-03T22:49:00,47,SMS,BOM-808,19.054656,72.900892,BOM-621,19.135682,72.829631
D54B9AE9,+91-77540-63152,+91-93400-10259,2025-05-01T07:29:00,229,VOICE,BOM-244,19.099003,72.849005,BOM-808,19.054404,72.900101
2485270D,+91-96200-44444,+91-96200-11111,2025-04-23T14:35:00,268,VOICE,BOM-808,19.054711,72.900563,BOM-901,19.029675,72.855449
D3D70BEE,+91-77540-33327,+91-63990-20113,2025-04-15T17:44:00,30,SMS,BOM-318,19.119984,72.846851,BOM-447,19.044349,72.855529
9421BC30,+91-80720-82316,+91-75300-30198,2025-05-19T21:51:00,29,SMS,BOM-519,19.066301,72.87823,BOM-447,19.04437,72.855767
E0E52AEF,+91-88200-87123,+91-93400-38309,2025-04-26T14:22:00,44,SMS,BOM-244,19.099363,72.849232,BOM-447,19.044355,72.855337
F84C0B78,+91-89120-26191,+91-91761-41311,2025-04-22T22:12:00,57,SMS,BOM-808,19.054003,72.900469,BOM-808,19.05426,72.900483
1CF6B7E8,+91-89120-44404,+91-63990-55429,2025-04-25T07:19:00,884,VOICE,BOM-901,19.029656,72.854936,BOM-808,19.054084,72.900843
71DAF6C6,+91-77540-32173,+91-80720-28126,2025-04-24T22:53:00,32,SMS,BOM-702,19.076172,72.877407,BOM-212,19.041385,72.863242
3EA3F79B,+91-75300-80716,+91-88200-23570,2025-05-06T10:48:00,1186,VOICE,BOM-318,19.119398,72.846378,BOM-808,19.054541,72.900745
5830489B,+91-88200-81241,+91-93400-38101,2025-05-13T07:50:00,31,SMS,BOM-212,19.0419,72.863541,BOM-447,19.044032,72.855421
74EA9238,+91-75300-42643,+91-88200-88266,2025-05-15T10:21:00,850,VOICE,BOM-318,19.120049,72.846887,BOM-901,19.029555,72.854806
7FAF1A0B,+91-91761-65344,+91-93400-99779,2025-05-11T12:13:00,377,VOICE,BOM-901,19.029512,72.855695,BOM-621,19.136332,72.829221
27B5DF47,+91-63990-31840,+91-89120-29075,2025-05-18T11:15:00,9,SMS,BOM-447,19.044293,72.855519,BOM-621,19.136096,72.829973
15174E85,+91-93400-12598,+91-63990-62831,2025-04-30T23:57:00,1026,VOICE,BOM-901,19.029643,72.855275,BOM-447,19.044696,72.855982
B4AEBA21,+91-87890-26796,+91-93400-69254,2025-05-01T14:49:00,51,SMS,BOM-318,19.120027,72.846436,BOM-244,19.099025,72.848687
E20E2CD4,+91-88200-22381,+91-77540-28685,2025-05-07T14:56:00,726,VOICE,BOM-103,18.963394,72.834503,BOM-901,19.02977,72.855693
37855176,+91-75300-64482,+91-70420-91495,2025-04-28T13:28:00,20,SMS,BOM-318,19.119703,72.846606,BOM-103,18.963432,72.834076
BB35B950,+91-88200-68700,+91-70420-31992,2025-05-20T08:28:00,1262,VOICE,BOM-702,19.075821,72.877544,BOM-318,19.11971,72.846661
2B960408,+91-87890-72597,+91-80720-69139,2025-04-29T17:25:00,1111,VOICE,BOM-808,19.054832,72.900033,BOM-103,18.963643,72.834421
0E693B51,+91-80720-22559,+91-93400-31313,2025-04-30T07:18:00,641,VOICE,BOM-621,19.136219,72.829379,BOM-212,19.041353,72.863696
17AD3A2E,+91-80720-50555,+91-89120-59976,2025-04-15T21:32:00,867,VOICE,BOM-212,19.041757,72.863516,BOM-702,19.075966,72.877649
5D841070,+91-93400-55937,+91-75300-95290,2025-05-11T13:06:00,663,VOICE,BOM-244,19.099395,72.848691,BOM-621,19.135578,72.829621
36378BA7,+91-88200-60514,+91-80720-71416,2025-05-01T13:22:00,757,VOICE,BOM-901,19.029597,72.855346,BOM-702,19.076029,72.877395
A0BCB8A5,+91-80720-40125,+91-87890-63680,2025-05-18T15:05:00,768,VOICE,BOM-519,19.066329,72.878129,BOM-212,19.041873,72.864005
7B2763D3,+91-87890-67759,+91-70420-32421,2025-05-10T20:54:00,17,VOICE,BOM-519,19.065868,72.878636,BOM-244,19.098754,72.849241
3D212F13,+91-80720-48844,+91-87890-97623,2025-05-13T14:17:00,1739,VOICE,BOM-808,19.054977,72.900214,BOM-318,19.119909,72.847221
612FE88C,+91-75300-37010,+91-91761-44186,2025-04-26T22:04:00,6,SMS,BOM-702,19.075566,72.877724,BOM-702,19.076254,72.878192
0E868E40,+91-75300-90421,+91-87890-39633,2025-05-15T15:25:00,1550,VOICE,BOM-519,19.066213,72.87877,BOM-621,19.136352,72.829778
15FFDE66,+91-77540-27089,+91-75300-60317,2025-05-19T09:15:00,776,VOICE,BOM-447,19.044419,72.855531,BOM-519,19.066003,72.878179
F09B1A40,+91-88200-56566,+91-80720-66712,2025-04-30T07:37:00,1587,VOICE,BOM-103,18.963006,72.834176,BOM-621,19.135697,72.829235
A139BB98,+91-93400-36650,+91-88200-23817,2025-05-04T15:29:00,453,VOICE,BOM-212,19.041303,72.864074,BOM-901,19.029457,72.855632
4EB5CFE9,+91-75300-82952,+91-89120-58854,2025-04-17T21:09:00,810,VOICE,BOM-808,19.054214,72.900523,BOM-244,19.099412,72.84893
1CAA10C5,+91-89120-41867,+91-93400-21689,2025-04-18T15:14:00,954,VOICE,BOM-621,19.13589,72.82972,BOM-519,19.065893,72.878706
CA3A9FE2,+91-89120-48240,+91-89120-66497,2025-04-15T14:03:00,1367,VOICE,BOM-318,19.119379,72.846993,BOM-244,19.098547,72.849128
92A78847,+91-87890-30682,+91-91761-89407,2025-04-28T12:34:00,439,VOICE,BOM-621,19.136273,72.8298,BOM-103,18.963765,72.834343
06D7A7AF,+91-87890-34665,+91-87890-24483,2025-04-30T15:39:00,702,VOICE,BOM-702,19.075692,72.877555,BOM-244,19.09887,72.848676
0174A423,+91-75300-40759,+91-87890-15586,2025-04-24T09:35:00,60,SMS,BOM-519,19.066282,72.878113,BOM-702,19.075409,72.877329
DBCFBA86,+91-91761-88335,+91-70420-17429,2025-05-09T15:15:00,332,VOICE,BOM-103,18.96295,72.834293,BOM-808,19.054232,72.900125
ECF15736,+91-77540-99341,+91-70420-43726,2025-04-17T18:16:00,326,VOICE,BOM-901,19.029322,72.855087,BOM-702,19.075447,72.877971
910158F4,+91-80720-58569,+91-88200-68574,2025-05-02T22:10:00,1671,VOICE,BOM-244,19.099312,72.849093,BOM-808,19.054614,72.900067
0F829543,+91-88200-34501,+91-93400-93972,2025-04-19T11:06:00,937,VOICE,BOM-318,19.119954,72.847069,BOM-621,19.135651,72.830063
13BB54D7,+91-75300-33154,+91-70420-14838,2025-04-17T19:12:00,513,VOICE,BOM-103,18.96346,72.834241,BOM-447,19.043957,72.856233
968EE059,+91-96200-33333,+91-96200-11111,2025-05-16T12:46:00,34,SMS,BOM-244,19.098591,72.848812,BOM-447,19.044478,72.856127
D2C9C27D,+91-70420-93913,+91-63990-51487,2025-05-16T07:45:00,1749,VOICE,BOM-318,19.119494,72.846855,BOM-318,19.119655,72.847078
1B8A6298,+91-87890-97104,+91-91761-53756,2025-04-21T19:34:00,1529,VOICE,BOM-212,19.040919,72.863748,BOM-808,19.054345,72.900679
85186340,+91-87890-90122,+91-75300-42286,2025-04-27T08:58:00,677,VOICE,BOM-447,19.044336,72.856129,BOM-808,19.054868,72.9004
77D2363E,+91-91761-37591,+91-70420-10646,2025-05-20T19:44:00,52,SMS,BOM-808,19.054839,72.90093,BOM-808,19.054619,72.900059
DACFE68F,+91-96200-22222,+91-96200-11111,2025-05-08T12:59:00,1084,VOICE,BOM-702,19.075882,72.8773,BOM-318,19.119322,72.846455
2A6F6481,+91-63990-20835,+91-70420-32204,2025-04-25T13:35:00,1300,VOICE,BOM-244,19.099047,72.84903,BOM-318,19.119432,72.846597
7A5F9E60,+91-77540-30168,+91-88200-99720,2025-05-16T11:41:00,1071,VOICE,BOM-318,19.119309,72.847129,BOM-519,19.066601,72.878281
0B596AC8,+91-96200-22222,+91-93400-40093,2025-05-08T22:10:00,5,SMS,MLW-088,19.187,72.8411,BOM-318,19.120191,72.846756
1AF7FF3E,+91-87890-73687,+91-88200-73079,2025-04-30T12:56:00,1049,VOICE,BOM-318,19.119743,72.846605,BOM-103,18.963433,72.834629
DD140E55,+91-89120-72313,+91-88200-39060,2025-05-07T20:24:00,980,VOICE,BOM-103,18.962804,72.834284,BOM-244,19.099178,72.849257
4295543A,+91-88200-24919,+91-80720-76630,2025-05-04T08:00:00,272,VOICE,BOM-901,19.02993,72.855108,BOM-103,18.963792,72.833917
78033EF8,+91-91761-31028,+91-70420-43045,2025-04-15T07:28:00,1130,VOICE,BOM-621,19.13601,72.82994,BOM-212,19.041241,72.86381
F52FDB83,+91-91761-63641,+91-87890-67044,2025-05-11T20:11:00,1783,VOICE,BOM-447,19.044165,72.855351,BOM-318,19.119996,72.846834
E4B1A9B7,+91-87890-32564,+91-77540-77896,2025-05-12T08:09:00,1029,VOICE,BOM-808,19.054996,72.900723,BOM-318,19.119264,72.846502
85589302,+91-80720-93040,+91-93400-86291,2025-05-20T09:31:00,570,VOICE,BOM-808,19.05427,72.90009,BOM-519,19.066409,72.878673
DFCDFE0A,+91-63990-36927,+91-70420-99764,2025-04-30T19:49:00,1375,VOICE,BOM-702,19.075962,72.877955,BOM-702,19.075828,72.877394
7E735BF0,+91-75300-17039,+91-87890-20780,2025-04-23T09:21:00,847,VOICE,BOM-103,18.963084,72.834275,BOM-318,19.119895,72.847013
4C6F6105,+91-63990-92866,+91-93400-78896,2025-04-24T19:07:00,963,VOICE,BOM-318,19.119919,72.847036,BOM-318,19.119265,72.846853
9614FEC9,+91-77540-52785,+91-70420-74071,2025-05-10T09:17:00,31,SMS,BOM-447,19.044753,72.855586,BOM-244,19.098682,72.849043
8B07AD4E,+91-63990-74112,+91-87890-56879,2025-04-16T12:29:00,1691,VOICE,BOM-318,19.119486,72.847202,BOM-808,19.054141,72.900698
1271452F,+91-93400-80429,+91-93400-81156,2025-05-11T20:44:00,998,VOICE,BOM-621,19.136111,72.8291,BOM-808,19.054368,72.900355
CDBD7D2E,+91-70420-23520,+91-93400-98535,2025-04-22T11:19:00,47,SMS,BOM-244,19.099328,72.848956,BOM-519,19.066709,72.878116
7A10C8BF,+91-75300-46098,+91-75300-63855,2025-04-18T17:46:00,1462,VOICE,BOM-808,19.054617,72.90023,BOM-519,19.065901,72.878176
5E434E65,+91-87890-49961,+91-89120-84583,2025-05-08T19:51:00,33,SMS,BOM-808,19.054111,72.900827,BOM-808,19.054829,72.900093
D47F63A4,+91-63990-97584,+91-89120-38436,2025-04-26T18:54:00,94,VOICE,BOM-808,19.054933,72.900131,BOM-103,18.963005,72.834486
8BDA6EE2,+91-91761-98749,+91-75300-56906,2025-04-20T16:27:00,1256,VOICE,BOM-103,18.963564,72.833928,BOM-244,19.099489,72.848504
64670ED6,+91-80720-93752,+91-75300-80994,2025-04-27T10:58:00,486,VOICE,BOM-244,19.098691,72.849286,BOM-808,19.054404,72.900663
F5A48D73,+91-88200-82451,+91-88200-26159,2025-04-24T18:33:00,196,VOICE,BOM-447,19.043953,72.85587,BOM-621,19.136444,72.829487
9193578B,+91-63990-59377,+91-63990-34035,2025-04-24T14:17:00,13,SMS,BOM-244,19.099236,72.848951,BOM-212,19.041231,72.86391
08952585,+91-89120-89196,+91-88200-63169,2025-05-05T14:54:00,1360,VOICE,BOM-621,19.136024,72.829264,BOM-318,19.11929,72.846649
539BEA65,+91-91761-59809,+91-87890-90505,2025-04-23T18:42:00,770,VOICE,BOM-318,19.119902,72.846433,BOM-212,19.041282,72.863587
7E0A07AB,+91-96200-11111,+91-96200-22222,2025-05-16T15:38:00,1401,VOICE,BOM-447,19.044537,72.85565,BOM-702,19.075624,72.877453
634A319E,+91-87890-15307,+91-88200-46745,2025-05-07T19:15:00,900,VOICE,BOM-519,19.066284,72.878312,BOM-519,19.066787,72.878059
DED2E0DC,+91-91761-34461,+91-91761-55232,2025-05-09T12:21:00,10,SMS,BOM-621,19.135971,72.829858,BOM-103,18.963188,72.834362
2EFD72F9,+91-88200-19795,+91-89120-49587,2025-05-11T10:28:00,332,VOICE,BOM-808,19.054619,72.900553,BOM-244,19.099411,72.849455
7FCA2064,+91-70420-82915,+91-77540-12558,2025-05-10T23:53:00,60,SMS,BOM-621,19.135518,72.830033,BOM-519,19.066114,72.878122
BA2C7B81,+91-91761-52939,+91-75300-85220,2025-04-15T11:49:00,1092,VOICE,BOM-519,19.065803,72.878115,BOM-519,19.066019,72.878137
4448B248,+91-63990-66430,+91-63990-91213,2025-05-03T17:04:00,48,SMS,BOM-702,19.07577,72.877794,BOM-702,19.07579,72.878066
65113A32,+91-91761-73018,+91-88200-41256,2025-04-23T12:33:00,1230,VOICE,BOM-808,19.054749,72.900771,BOM-621,19.136232,72.829845
8B33530A,+91-70420-14602,+91-88200-37282,2025-05-01T20:30:00,38,SMS,BOM-318,19.119712,72.84666,BOM-244,19.099444,72.848593
27D3A5C8,+91-89120-79497,+91-89120-22941,2025-05-17T18:00:00,436,VOICE,BOM-808,19.054253,72.900445,BOM-244,19.098504,72.848567
43D10CCD,+91-88200-95871,+91-70420-80212,2025-05-16T11:09:00,1067,VOICE,BOM-702,19.075734,72.878036,BOM-901,19.029511,72.855306
E88FDC43,+91-93400-39895,+91-63990-54155,2025-05-16T09:25:00,18,SMS,BOM-447,19.044538,72.85547,BOM-519,19.066046,72.878361
86FFEB6A,+91-77540-68079,+91-75300-53504,2025-05-18T17:32:00,738,VOICE,BOM-244,19.099325,72.849153,BOM-519,19.066447,72.878349
95D40FB5,+91-80720-84829,+91-88200-88558,2025-05-17T08:41:00,740,VOICE,BOM-318,19.120031,72.846437,BOM-702,19.076099,72.877931
CBB62095,+91-93400-92401,+91-75300-52151,2025-05-06T22:01:00,1241,VOICE,BOM-519,19.065996,72.878096,BOM-244,19.098688,72.848956
0E91C036,+91-63990-41537,+91-87890-62132,2025-04-26T21:50:00,10,SMS,BOM-621,19.136275,72.829257,BOM-621,19.136403,72.829873
8F568B7B,+91-88200-55954,+91-89120-58180,2025-05-16T21:00:00,1092,VOICE,BOM-519,19.066708,72.877995,BOM-808,19.054191,72.900906
6853B4E9,+91-89120-72942,+91-93400-47468,2025-04-22T21:19:00,531,VOICE,BOM-901,19.029183,72.855151,BOM-244,19.098638,72.848612
83296DDE,+91-80720-43190,+91-63990-76801,2025-04-24T13:13:00,61,VOICE,BOM-621,19.136484,72.829377,BOM-318,19.119836,72.846568
85192068,+91-96200-33333,+91-96200-11111,2025-05-11T18:15:00,792,VOICE,BOM-212,19.041743,72.864032,BOM-318,19.11945,72.846335
8E50DF1C,+91-88200-54059,+91-93400-53269,2025-05-15T07:10:00,856,VOICE,BOM-901,19.029603,72.855729,BOM-621,19.136241,72.82929
9712D30B,+91-91761-57529,+91-70420-48600,2025-04-17T20:47:00,1639,VOICE,BOM-103,18.96305,72.833941,BOM-808,19.054023,72.900798
98038A93,+91-88200-22834,+91-91761-29188,2025-04-27T21:14:00,338,VOICE,BOM-447,19.044109,72.855355,BOM-702,19.075423,72.877842
B920DDDC,+91-77540-89915,+91-87890-20506,2025-04-25T22:47:00,59,SMS,BOM-702,19.076134,72.877444,BOM-621,19.136,72.829609
351511DF,+91-88200-51004,+91-93400-99699,2025-04-16T21:22:00,42,SMS,BOM-447,19.044727,72.855881,BOM-103,18.962985,72.833913
DA1CF9CF,+91-80720-78644,+91-89120-53305,2025-05-03T13:07:00,154,VOICE,BOM-447,19.044853,72.855713,BOM-702,19.075793,72.877709
678D1014,+91-87890-55518,+91-63990-98795,2025-04-16T11:55:00,97,VOICE,BOM-702,19.075608,72.877317,BOM-808,19.054283,72.900692
DCFB8AF2,+91-89120-16188,+91-88200-62141,2025-05-04T21:24:00,13,SMS,BOM-318,19.119506,72.846598,BOM-621,19.135897,72.829292
92886F37,+91-89120-42167,+91-91761-54498,2025-05-02T18:49:00,171,VOICE,BOM-519,19.065881,72.878622,BOM-103,18.963087,72.834188
CF9761D8,+91-91761-99156,+91-80720-67528,2025-05-08T10:49:00,27,SMS,BOM-318,19.119483,72.847136,BOM-901,19.029147,72.85544
51ADA3FC,+91-70420-35330,+91-91761-12315,2025-04-20T17:51:00,177,VOICE,BOM-702,19.075976,72.87754,BOM-621,19.13588,72.829137
D9E0EDCF,+91-77540-61451,+91-93400-88640,2025-05-17T21:30:00,660,VOICE,BOM-808,19.054329,72.900062,BOM-447,19.04478,72.855419
A8EB03EB,+91-87890-57802,+91-80720-55162,2025-05-20T19:42:00,1595,VOICE,BOM-901,19.029331,72.854881,BOM-244,19.099064,72.849233
CAF3B9CA,+91-91761-96429,+91-91761-79169,2025-05-05T10:48:00,259,VOICE,BOM-447,19.044154,72.855305,BOM-621,19.136028,72.829483
055EE4B2,+91-80720-55092,+91-63990-29155,2025-04-28T23:31:00,1425,VOICE,BOM-901,19.029768,72.854807,BOM-519,19.066234,72.878057
CD6AA5B1,+91-80720-13586,+91-88200-95899,2025-05-09T21:11:00,1270,VOICE,BOM-702,19.075449,72.877481,BOM-103,18.963554,72.834152
F2A8EA68,+91-70420-72854,+91-93400-71182,2025-05-13T09:48:00,1052,VOICE,BOM-103,18.963703,72.834346,BOM-318,19.120199,72.847148
30B05C21,+91-91761-12814,+91-87890-36536,2025-04-20T07:52:00,983,VOICE,BOM-702,19.076266,72.877742,BOM-702,19.07576,72.877436
B2DD550D,+91-75300-60631,+91-77540-62498,2025-04-22T17:42:00,644,VOICE,BOM-621,19.136155,72.829223,BOM-621,19.135741,72.829714
5A92B8D6,+91-80720-61877,+91-80720-46835,2025-04-21T07:15:00,35,SMS,BOM-212,19.041285,72.864066,BOM-318,19.119784,72.847263
5DA058B9,+91-89120-79001,+91-70420-95364,2025-05-13T12:33:00,1339,VOICE,BOM-621,19.136261,72.829548,BOM-103,18.963563,72.834011
B2A07505,+91-63990-57543,+91-87890-55193,2025-04-21T23:14:00,949,VOICE,BOM-244,19.098729,72.84885,BOM-318,19.119889,72.84698
F8342837,+91-88200-82536,+91-75300-33870,2025-05-02T14:12:00,781,VOICE,BOM-519,19.066524,72.878266,BOM-212,19.041741,72.86339
8F6A1105,+91-75300-22968,+91-89120-49007,2025-04-20T12:05:00,1603,VOICE,BOM-519,19.065922,72.878222,BOM-103,18.96299,72.834077
23C7F5BD,+91-87890-92146,+91-77540-17743,2025-05-16T13:47:00,595,VOICE,BOM-808,19.054709,72.900953,BOM-901,19.029407,72.855147
3662D7BB,+91-75300-93010,+91-88200-91730,2025-04-24T23:33:00,13,SMS,BOM-519,19.066098,72.878667,BOM-702,19.076289,72.877664
D1C99CC4,+91-89120-23497,+91-91761-28500,2025-05-01T09:12:00,1589,VOICE,BOM-318,19.119572,72.847185,BOM-702,19.076207,72.877284
01212FAE,+91-77540-32938,+91-88200-64830,2025-05-02T09:55:00,1032,VOICE,BOM-901,19.029608,72.855434,BOM-702,19.076058,72.877905
4B82D50F,+91-89120-68747,+91-80720-90314,2025-04-22T08:15:00,1040,VOICE,BOM-244,19.098662,72.849291,BOM-901,19.029706,72.85531
9D144624,+91-80720-53704,+91-70420-79503,2025-05-02T11:07:00,721,VOICE,BOM-212,19.041866,72.863972,BOM-244,19.09899,72.849416
DC57582E,+91-80720-27977,+91-80720-11251,2025-04-22T15:05:00,34,SMS,BOM-244,19.098526,72.849202,BOM-702,19.075769,72.877547
91F918A2,+91-75300-91770,+91-63990-38750,2025-05-07T18:51:00,1091,VOICE,BOM-901,19.02974,72.854895,BOM-901,19.02955,72.85575
CD175E66,+91-88200-35527,+91-75300-82739,2025-05-02T20:40:00,35,SMS,BOM-702,19.075869,72.878068,BOM-212,19.041419,72.864165
7B0FA21E,+91-96200-44444,+91-96200-11111,2025-04-29T09:18:00,1433,VOICE,BOM-447,19.043932,72.855533,BOM-901,19.029927,72.855228
A9AE62ED,+91-75300-60555,+91-70420-92445,2025-04-30T22:20:00,579,VOICE,BOM-318,19.119258,72.846972,BOM-702,19.076031,72.877626
5441C6A6,+91-89120-50300,+91-87890-52675,2025-04-18T22:47:00,1369,VOICE,BOM-244,19.0993,72.848502,BOM-244,19.098905,72.849107
52FD0059,+91-70420-90869,+91-77540-91269,2025-04-19T22:26:00,207,VOICE,BOM-702,19.07625,72.877719,BOM-318,19.119546,72.846502
847D12CB,+91-88200-88941,+91-77540-87142,2025-04-21T16:27:00,901,VOICE,BOM-621,19.136101,72.829285,BOM-808,19.054836,72.900252
D0EB6A11,+91-96200-11111,+91-96200-22222,2025-04-16T17:58:00,884,VOICE,BOM-808,19.054633,72.900144,BOM-519,19.066729,72.878708
891019F8,+91-80720-92435,+91-80720-73220,2025-05-15T13:17:00,1534,VOICE,BOM-244,19.099482,72.848772,BOM-244,19.099011,72.84899
FE12B47A,+91-70420-33243,+91-80720-63447,2025-05-15T13:34:00,638,VOICE,BOM-901,19.02951,72.855641,BOM-901,19.029898,72.855449
00093B54,+91-91761-41830,+91-88200-97850,2025-05-03T14:14:00,45,SMS,BOM-447,19.043975,72.85595,BOM-519,19.065985,72.878668
C8C9EACF,+91-63990-93287,+91-77540-94553,2025-04-26T09:21:00,448,VOICE,BOM-519,19.066265,72.878356,BOM-318,19.119643,72.84688
B2C77474,+91-88200-61809,+91-80720-18103,2025-04-29T17:11:00,1297,VOICE,BOM-519,19.065882,72.877911,BOM-318,19.120057,72.846768
132261F1,+91-88200-94003,+91-63990-87327,2025-04-28T22:29:00,668,VOICE,BOM-621,19.136247,72.829836,BOM-244,19.099078,72.849164
8188063B,+91-89120-97965,+91-87890-86625,2025-05-03T13:23:00,1607,VOICE,BOM-519,19.066447,72.877963,BOM-519,19.066206,72.87831
21171A56,+91-80720-57365,+91-77540-18971,2025-04-19T10:48:00,1671,VOICE,BOM-901,19.029585,72.854824,BOM-447,19.044488,72.855664
69C60345,+91-63990-19792,+91-80720-95641,2025-05-04T22:39:00,1421,VOICE,BOM-702,19.075996,72.877536,BOM-244,19.098758,72.84901
BD143DA8,+91-77540-51594,+91-80720-15170,2025-05-15T23:00:00,402,VOICE,BOM-212,19.041174,72.864058,BOM-244,19.098804,72.849199
56C4EA68,+91-70420-63354,+91-75300-18430,2025-05-15T16:21:00,1274,VOICE,BOM-244,19.098971,72.849369,BOM-212,19.041789,72.863484
E2971D84,+91-96200-11111,+91-96200-33333,2025-05-02T13:25:00,47,SMS,BOM-621,19.13631,72.829831,BOM-808,19.05457,72.900162
8EDFB781,+91-63990-37925,+91-88200-71004,2025-04-30T08:25:00,1523,VOICE,BOM-519,19.066196,72.878597,BOM-901,19.030001,72.854933
9461E3D2,+91-75300-78179,+91-70420-27835,2025-05-10T07:14:00,584,VOICE,BOM-621,19.136427,72.829111,BOM-318,19.119928,72.846403
371CB8D8,+91-91761-91997,+91-91761-84143,2025-05-07T21:54:00,1130,VOICE,BOM-808,19.054333,72.900612,BOM-318,19.120193,72.847006
50B97F4F,+91-70420-81232,+91-93400-64334,2025-04-29T11:18:00,60,SMS,BOM-621,19.136071,72.829849,BOM-519,19.06641,72.878818
1DBA9000,+91-91761-88860,+91-75300-13387,2025-04-30T11:00:00,390,VOICE,BOM-103,18.963112,72.833938,BOM-519,19.066544,72.877942
3559E59D,+91-96200-11111,+91-96200-22222,2025-04-22T12:01:00,1068,VOICE,BOM-244,19.099441,72.848598,BOM-212,19.04131,72.863395
17791F29,+91-89120-39316,+91-77540-82609,2025-05-16T08:22:00,36,SMS,BOM-808,19.054514,72.900156,BOM-447,19.044102,72.855744
A20BB476,+91-96200-44444,+91-96200-11111,2025-04-15T17:08:00,695,VOICE,BOM-621,19.135625,72.829553,BOM-519,19.066247,72.87805
BF785FB4,+91-75300-40523,+91-89120-58565,2025-04-23T22:18:00,21,VOICE,BOM-519,19.066186,72.87861,BOM-519,19.066695,72.878196
9D698335,+91-96200-22222,+91-96200-33333,2025-04-29T10:36:00,1726,VOICE,BOM-244,19.098549,72.848841,BOM-244,19.098559,72.848681
79EBC02A,+91-88200-78327,+91-93400-62872,2025-04-24T19:30:00,1323,VOICE,BOM-702,19.076287,72.877565,BOM-519,19.066188,72.878593
CF064DB3,+91-75300-32034,+91-87890-18826,2025-04-15T18:03:00,922,VOICE,BOM-621,19.135793,72.829745,BOM-447,19.044357,72.85564
39CCB525,+91-93400-26284,+91-89120-11328,2025-04-21T19:25:00,42,SMS,BOM-808,19.054574,72.900443,BOM-808,19.05426,72.900491
1C6B634A,+91-87890-20339,+91-89120-60915,2025-04-20T22:30:00,796,VOICE,BOM-318,19.119237,72.847017,BOM-621,19.136362,72.829177
523C0424,+91-89120-64156,+91-80720-91718,2025-04-17T10:26:00,1785,VOICE,BOM-212,19.040924,72.863846,BOM-519,19.066524,72.878888
F70E74AB,+91-80720-16752,+91-89120-25630,2025-04-18T22:20:00,45,SMS,BOM-318,19.119467,72.846767,BOM-447,19.044063,72.856279
4C9D18FC,+91-70420-49087,+91-91761-69370,2025-05-01T20:05:00,1320,VOICE,BOM-519,19.066552,72.877927,BOM-103,18.96349,72.833731
C61649E0,+91-89120-33140,+91-75300-91395,2025-04-28T07:32:00,13,SMS,BOM-901,19.029408,72.854913,BOM-318,19.119348,72.846777
F6CFE5AE,+91-88200-57803,+91-93400-43254,2025-05-18T22:09:00,32,SMS,BOM-447,19.044171,72.855861,BOM-103,18.963225,72.834581
BE174909,+91-63990-64042,+91-87890-86160,2025-04-22T12:24:00,1378,VOICE,BOM-621,19.135753,72.830074,BOM-702,19.07582,72.878085
1519CDC0,+91-63990-32956,+91-63990-41560,2025-05-15T16:04:00,45,SMS,BOM-808,19.054004,72.900776,BOM-244,19.099177,72.849417
29F2FFA9,+91-80720-99826,+91-63990-75507,2025-04-26T19:57:00,1378,VOICE,BOM-318,19.119984,72.846357,BOM-519,19.065971,72.877925
2EDA443B,+91-91761-62940,+91-80720-24535,2025-05-15T09:42:00,301,VOICE,BOM-318,19.119906,72.846502,BOM-212,19.041326,72.863743
B10C2EC1,+91-89120-13295,+91-75300-35454,2025-05-11T11:27:00,912,VOICE,BOM-901,19.029883,72.855475,BOM-702,19.075606,72.877719
1A132E9F,+91-80720-79008,+91-88200-44801,2025-04-24T15:45:00,792,VOICE,BOM-621,19.136137,72.829859,BOM-447,19.044293,72.856064
23C21C4D,+91-75300-65762,+91-87890-96261,2025-04-23T16:50:00,29,SMS,BOM-519,19.06601,72.878754,BOM-901,19.029707,72.855526
CC84AB48,+91-75300-35956,+91-80720-98547,2025-05-14T15:59:00,5,SMS,BOM-702,19.076261,72.87777,BOM-447,19.044414,72.855647
88920BDB,+91-87890-34453,+91-63990-54420,2025-05-17T09:43:00,12,SMS,BOM-244,19.098979,72.8491,BOM-447,19.044266,72.855514
3FEA9F74,+91-93400-35098,+91-91761-17552,2025-04-29T10:40:00,1614,VOICE,BOM-447,19.044627,72.855693,BOM-702,19.075554,72.877393
1A4CFC7B,+91-88200-64291,+91-93400-91679,2025-04-29T13:30:00,1717,VOICE,BOM-103,18.963643,72.833929,BOM-901,19.029519,72.855616
1118146C,+91-75300-89255,+91-70420-88102,2025-04-20T18:35:00,905,VOICE,BOM-447,19.044329,72.855716,BOM-901,19.029559,72.85527
8E4A1914,+91-96200-22222,+91-96200-33333,2025-05-12T23:07:00,22,SMS,BOM-103,18.963601,72.834647,BOM-621,19.136164,72.829534
31728F7D,+91-75300-80229,+91-87890-17046,2025-04-15T09:02:00,689,VOICE,BOM-103,18.96339,72.833927,BOM-244,19.098872,72.848548
3ADA9EAB,+91-88200-24202,+91-91761-45160,2025-05-02T15:14:00,1056,VOICE,BOM-702,19.07626,72.877347,BOM-244,19.09905,72.849163
FF6754E3,+91-77540-59964,+91-93400-12393,2025-05-14T23:04:00,798,VOICE,BOM-702,19.076351,72.877786,BOM-519,19.066018,72.87843
5402C9EC,+91-88200-40308,+91-75300-81092,2025-05-11T18:44:00,444,VOICE,BOM-808,19.05494,72.900818,BOM-447,19.044823,72.855716
EFEF1CF2,+91-93400-49745,+91-93400-98342,2025-04-18T07:34:00,59,SMS,BOM-519,19.065876,72.878553,BOM-103,18.962846,72.833847
59C00F24,+91-96200-33333,+91-96200-44444,2025-05-20T19:16:00,11,SMS,BOM-621,19.13575,72.829535,BOM-447,19.044641,72.855302
812C7C00,+91-91761-73268,+91-88200-87160,2025-05-08T16:08:00,309,VOICE,BOM-702,19.076166,72.877462,BOM-702,19.075757,72.877955
4301E7A9,+91-70420-74096,+91-77540-27559,2025-04-30T19:57:00,34,SMS,BOM-212,19.041137,72.863511,BOM-244,19.099334,72.848544
156B3E17,+91-63990-21447,+91-87890-75709,2025-04-20T10:30:00,41,SMS,BOM-621,19.136442,72.829766,BOM-901,19.0295,72.855002
4EA36208,+91-96200-11111,+91-96200-33333,2025-04-20T10:54:00,1062,VOICE,BOM-103,18.962988,72.834188,BOM-519,19.066611,72.878249
55781D4C,+91-88200-67373,+91-75300-19456,2025-05-06T16:28:00,1046,VOICE,BOM-318,19.119458,72.847198,BOM-621,19.135711,72.829626
D83680B2,+91-88200-39650,+91-88200-56209,2025-05-11T21:38:00,1727,VOICE,BOM-901,19.030059,72.855132,BOM-103,18.963316,72.834521
EEFA7036,+91-87890-36384,+91-91761-66072,2025-05-03T21:58:00,1649,VOICE,BOM-519,19.06675,72.878227,BOM-519,19.066496,72.877913
2999CE6B,+91-87890-30239,+91-70420-87895,2025-04-24T12:51:00,483,VOICE,BOM-808,19.054056,72.900476,BOM-244,19.098954,72.849184
6DCF5A05,+91-87890-43335,+91-91761-51795,2025-05-02T07:49:00,8,SMS,BOM-621,19.135739,72.829868,BOM-103,18.962946,72.83447
B97BEBB2,+91-88200-75472,+91-75300-92652,2025-04-27T21:41:00,1107,VOICE,BOM-244,19.098695,72.849182,BOM-447,19.044598,72.85615
9DE55F78,+91-70420-35884,+91-91761-52716,2025-05-11T14:43:00,22,SMS,BOM-244,19.099356,72.849101,BOM-244,19.098679,72.849337
7188C953,+91-80720-11367,+91-91761-91355,2025-05-05T22:08:00,1269,VOICE,BOM-519,19.066126,72.878102,BOM-519,19.066506,72.878574
0FCAD3E3,+91-77540-42982,+91-63990-26598,2025-05-11T13:36:00,5,SMS,BOM-318,19.119461,72.847251,BOM-901,19.029438,72.855309
CD5D8BAC,+91-63990-51226,+91-88200-89155,2025-04-27T22:11:00,1149,VOICE,BOM-901,19.029949,72.855285,BOM-519,19.066151,72.87826
C793C382,+91-88200-29184,+91-91761-48168,2025-04-28T13:39:00,543,VOICE,BOM-447,19.044817,72.85542,BOM-212,19.041644,72.863604
342D214D,+91-75300-78825,+91-88200-88975,2025-04-22T20:08:00,25,SMS,BOM-318,19.120122,72.846306,BOM-318,19.120185,72.84726
0EA77FA0,+91-96200-11111,+91-96200-44444,2025-04-30T20:16:00,51,SMS,BOM-244,19.09904,72.848581,BOM-621,19.135903,72.829813
6828462A,+91-96200-11111,+91-96200-22222,2025-04-20T11:03:00,1199,VOICE,BOM-103,18.963385,72.834051,BOM-621,19.136311,72.829962
02A8A5B2,+91-77540-21288,+91-89120-63747,2025-04-25T18:06:00,840,VOICE,BOM-212,19.041493,72.863606,BOM-621,19.136177,72.830012
AEEC084E,+91-70420-66746,+91-88200-88488,2025-04-20T13:14:00,481,VOICE,BOM-621,19.136227,72.829326,BOM-212,19.041422,72.863486
97A13007,+91-88200-67845,+91-77540-58288,2025-05-20T21:20:00,479,VOICE,BOM-621,19.135888,72.829955,BOM-901,19.029772,72.855491
C03D63F2,+91-89120-60401,+91-63990-96315,2025-05-13T23:01:00,1253,VOICE,BOM-621,19.13573,72.829258,BOM-519,19.066418,72.878637
41C60EFB,+91-93400-49495,+91-88200-18424,2025-04-17T20:18:00,1201,VOICE,BOM-519,19.066061,72.87865,BOM-447,19.043951,72.85587
6E807FFF,+91-89120-77963,+91-75300-70194,2025-05-07T19:08:00,1002,VOICE,BOM-318,19.119322,72.846369,BOM-212,19.04116,72.864051
C6B625C1,+91-87890-81109,+91-63990-75674,2025-05-02T18:16:00,1137,VOICE,BOM-621,19.136063,72.829895,BOM-447,19.044037,72.855882
DBCDC88A,+91-77540-97978,+91-89120-32172,2025-05-09T07:09:00,48,SMS,BOM-318,19.119494,72.846915,BOM-103,18.963595,72.834684
AE8E6934,+91-91761-13233,+91-77540-10555,2025-05-09T15:36:00,1422,VOICE,BOM-901,19.030001,72.855181,BOM-318,19.119904,72.846719
70423771,+91-96200-11111,+91-96200-22222,2025-04-21T16:50:00,204,VOICE,BOM-621,19.135592,72.829538,BOM-447,19.044609,72.855902
B7A88112,+91-93400-56955,+91-91761-36708,2025-04-22T21:27:00,608,VOICE,BOM-103,18.963376,72.833773,BOM-901,19.029633,72.855746
CDA46384,+91-88200-71260,+91-70420-11018,2025-04-29T08:02:00,1429,VOICE,BOM-808,19.054671,72.900797,BOM-702,19.076147,72.877984
597A23C4,+91-77540-41989,+91-88200-34028,2025-05-13T08:18:00,1026,VOICE,BOM-318,19.120142,72.847262,BOM-447,19.04464,72.856299
4B27016E,+91-96200-11111,+91-96200-33333,2025-04-20T18:57:00,1779,VOICE,BOM-808,19.05431,72.900823,BOM-808,19.054742,72.900396
F12AF345,+91-96200-44444,+91-96200-11111,2025-05-06T11:04:00,928,VOICE,BOM-318,19.120116,72.846533,BOM-621,19.136058,72.829681
A2726888,+91-89120-92984,+91-75300-59805,2025-04-21T21:45:00,1118,VOICE,BOM-318,19.119416,72.846468,BOM-519,19.066347,72.878827
A8B3A9AC,+91-91761-57106,+91-87890-77412,2025-05-01T19:40:00,1793,VOICE,BOM-318,19.119941,72.846488,BOM-519,19.066221,72.87861
04111915,+91-75300-38628,+91-75300-55213,2025-04-23T17:21:00,27,SMS,BOM-447,19.044496,72.855698,BOM-318,19.119582,72.846923
580902B2,+91-96200-33333,+91-96200-11111,2025-04-27T07:21:00,449,VOICE,BOM-621,19.136475,72.82975,BOM-244,19.098805,72.848954
C1426D25,+91-96200-11111,+91-96200-22222,2025-05-04T18:05:00,343,VOICE,BOM-244,19.098712,72.849378,BOM-519,19.066618,72.878005
BAD90B45,+91-77540-58049,+91-80720-65245,2025-04-20T12:50:00,43,SMS,BOM-244,19.099349,72.84915,BOM-901,19.029339,72.855656
E25487EE,+91-93400-87133,+91-93400-53567,2025-04-16T11:36:00,1690,VOICE,BOM-901,19.029744,72.855204,BOM-808,19.054919,72.900557
E946AFC5,+91-70420-59033,+91-93400-54043,2025-04-30T20:03:00,1355,VOICE,BOM-103,18.963752,72.834496,BOM-808,19.054485,72.900246
D03298B1,+91-70420-63807,+91-77540-32913,2025-05-08T22:21:00,446,VOICE,BOM-808,19.054343,72.900546,BOM-244,19.099158,72.848879
E06BF35B,+91-80720-28575,+91-75300-20904,2025-04-17T14:04:00,34,SMS,BOM-447,19.044442,72.855422,BOM-103,18.963399,72.833752
586F39B6,+91-75300-96385,+91-91761-95558,2025-04-27T21:52:00,24,SMS,BOM-808,19.054555,72.900107,BOM-244,19.098996,72.848641
C0D8B6F2,+91-77540-34646,+91-91761-60968,2025-04-30T11:34:00,1548,VOICE,BOM-103,18.963628,72.834239,BOM-702,19.075751,72.87789
7FC402E9,+91-93400-85474,+91-89120-69097,2025-05-07T16:27:00,1447,VOICE,BOM-519,19.066307,72.878374,BOM-212,19.041029,72.863648
165FC4EC,+91-93400-62380,+91-89120-40699,2025-04-22T15:59:00,1614,VOICE,BOM-901,19.029569,72.855781,BOM-621,19.136089,72.829106
0DA0E18D,+91-75300-47026,+91-70420-21616,2025-05-13T18:23:00,537,VOICE,BOM-519,19.06628,72.878071,BOM-212,19.040945,72.863369
5C4F7EAC,+91-87890-68867,+91-93400-19133,2025-04-17T10:15:00,1324,VOICE,BOM-702,19.07555,72.877367,BOM-244,19.099201,72.849008
25DD9BCA,+91-87890-24527,+91-91761-27707,2025-05-02T20:17:00,1262,VOICE,BOM-519,19.06639,72.878033,BOM-212,19.041373,72.863421
C95399BA,+91-87890-56317,+91-70420-79149,2025-05-04T21:36:00,863,VOICE,BOM-318,19.119858,72.847195,BOM-244,19.098991,72.848661
387BFF1E,+91-96200-22222,+91-70420-33441,2025-04-29T22:10:00,5,SMS,BKC-112,19.0656,72.8669,BOM-244,19.0994,72.848552
A76F62FE,+91-96200-33333,+91-96200-11111,2025-05-14T15:24:00,683,VOICE,BOM-244,19.098938,72.849066,BOM-621,19.135913,72.829426
F581C779,+91-63990-80575,+91-80720-23074,2025-04-24T15:15:00,8,SMS,BOM-808,19.054996,72.900614,BOM-702,19.075884,72.877204
BF367824,+91-96200-22222,+91-96200-33333,2025-05-18T22:49:00,30,SMS,BOM-447,19.044241,72.855391,BOM-318,19.119845,72.846866
A6DBC77D,+91-70420-99113,+91-93400-99480,2025-04-28T12:02:00,424,VOICE,BOM-901,19.029629,72.855229,BOM-447,19.044012,72.855479
9361DF31,+91-91761-19419,+91-75300-57724,2025-04-17T08:07:00,45,SMS,BOM-244,19.099365,72.848638,BOM-808,19.054414,72.900993
2C97680F,+91-80720-92903,+91-91761-66275,2025-05-20T08:25:00,503,VOICE,BOM-519,19.066194,72.87879,BOM-702,19.076052,72.87724
A877E8FD,+91-80720-69918,+91-93400-26278,2025-04-23T21:19:00,1189,VOICE,BOM-103,18.962915,72.834547,BOM-447,19.044631,72.855362
3560662B,+91-88200-50482,+91-87890-43575,2025-04-17T10:25:00,1440,VOICE,BOM-621,19.136071,72.829118,BOM-244,19.099431,72.848665
BF51F7C7,+91-88200-68237,+91-87890-80620,2025-05-20T21:23:00,5,SMS,BOM-212,19.041114,72.863505,BOM-447,19.044007,72.85621
B486676A,+91-88200-22011,+91-88200-68871,2025-04-23T07:38:00,1588,VOICE,BOM-318,19.119567,72.847094,BOM-808,19.054352,72.900119
CCD21A0B,+91-93400-21253,+91-70420-15702,2025-05-06T10:07:00,1379,VOICE,BOM-318,19.11969,72.846757,BOM-212,19.041103,72.863606
FDA7D9C6,+91-89120-97239,+91-77540-87978,2025-04-16T18:41:00,221,VOICE,BOM-702,19.076393,72.877572,BOM-901,19.029978,72.855097
64DBE1A8,+91-80720-61600,+91-91761-31329,2025-04-25T21:55:00,107,VOICE,BOM-318,19.119604,72.846733,BOM-244,19.098851,72.849262
A4445E3C,+91-89120-29594,+91-87890-67816,2025-05-10T18:10:00,401,VOICE,BOM-103,18.96365,72.834125,BOM-519,19.066638,72.878313
CD07BF0D,+91-87890-85449,+91-93400-29660,2025-04-17T07:22:00,1403,VOICE,BOM-702,19.075486,72.877801,BOM-621,19.135667,72.829255
87EB89BA,+91-91761-11855,+91-93400-67095,2025-05-09T21:07:00,1079,VOICE,BOM-318,19.119232,72.847041,BOM-808,19.054646,72.90033
2FA3B9C1,+91-88200-16458,+91-91761-40393,2025-05-16T11:39:00,416,VOICE,BOM-621,19.136329,72.829316,BOM-318,19.119343,72.846324
8C27BEF8,+91-77540-77261,+91-70420-22083,2025-05-03T14:19:00,1109,VOICE,BOM-318,19.119482,72.846488,BOM-103,18.963319,72.834104
C88F9934,+91-87890-70787,+91-80720-57445,2025-05-19T11:45:00,32,SMS,BOM-447,19.044808,72.855983,BOM-447,19.044857,72.855356
9B91143F,+91-96200-33333,+91-96200-44444,2025-05-01T07:07:00,1005,VOICE,BOM-808,19.054521,72.900114,BOM-519,19.06582,72.87865
441C280D,+91-89120-56598,+91-91761-15740,2025-05-13T23:58:00,285,VOICE,BOM-808,19.054735,72.900234,BOM-519,19.066787,72.878383
AD58BD0B,+91-89120-80234,+91-91761-86749,2025-05-09T18:10:00,1569,VOICE,BOM-318,19.120043,72.847192,BOM-212,19.041394,72.864011
CCFCBCCA,+91-77540-34001,+91-91761-37916,2025-05-06T10:26:00,8,SMS,BOM-244,19.099363,72.848857,BOM-901,19.029544,72.855763
C50BE843,+91-80720-11448,+91-91761-71878,2025-04-15T15:39:00,1378,VOICE,BOM-244,19.098882,72.849304,BOM-621,19.135602,72.829571
BFB8A531,+91-63990-34456,+91-88200-94235,2025-05-14T18:40:00,23,SMS,BOM-519,19.066078,72.878459,BOM-447,19.044342,72.855458
7C6652ED,+91-70420-53513,+91-91761-95420,2025-04-27T11:24:00,749,VOICE,BOM-808,19.054292,72.900958,BOM-621,19.136489,72.829292
D727A503,+91-96200-11111,+91-96200-33333,2025-04-26T15:27:00,420,VOICE,BOM-447,19.044387,72.856089,BOM-318,19.119786,72.846871
EAC4E050,+91-63990-76000,+91-91761-76104,2025-05-09T21:02:00,1718,VOICE,BOM-808,19.054877,72.90042,BOM-519,19.0667,72.878287
764133BF,+91-87890-16159,+91-63990-78194,2025-05-04T16:13:00,195,VOICE,BOM-447,19.044457,72.855987,BOM-519,19.066468,72.878857
BF4E446B,+91-89120-49586,+91-63990-94404,2025-04-30T07:51:00,1060,VOICE,BOM-808,19.054072,72.900744,BOM-244,19.098512,72.848559
629885E9,+91-70420-61424,+91-88200-78568,2025-04-30T21:52:00,479,VOICE,BOM-244,19.098698,72.849108,BOM-103,18.963293,72.834116
89AFABA0,+91-63990-17331,+91-87890-56250,2025-05-20T23:44:00,49,SMS,BOM-212,19.041899,72.863371,BOM-519,19.066384,72.878503
46606894,+91-87890-23045,+91-63990-25933,2025-05-10T23:19:00,49,VOICE,BOM-519,19.065995,72.878865,BOM-103,18.962837,72.83397
D0707EC7,+91-93400-90520,+91-88200-23746,2025-04-21T15:28:00,31,SMS,BOM-808,19.054516,72.900292,BOM-621,19.13631,72.829741
936CB40E,+91-70420-45791,+91-63990-87310,2025-05-11T21:11:00,44,SMS,BOM-901,19.029953,72.855341,BOM-519,19.06659,72.878189
53A50578,+91-77540-60162,+91-93400-50141,2025-05-02T22:47:00,384,VOICE,BOM-808,19.054672,72.900259,BOM-244,19.098563,72.849465
578B73A6,+91-88200-35364,+91-80720-79848,2025-05-20T15:09:00,560,VOICE,BOM-901,19.029638,72.854998,BOM-808,19.054563,72.900675
CDE86C42,+91-75300-34207,+91-77540-86625,2025-05-09T19:36:00,1520,VOICE,BOM-702,19.075925,72.877901,BOM-519,19.065948,72.878714
740CF93A,+91-89120-28341,+91-91761-76810,2025-04-24T17:47:00,373,VOICE,BOM-901,19.030023,72.855532,BOM-244,19.099312,72.848552
8ECB0B23,+91-70420-21134,+91-91761-78338,2025-05-05T13:00:00,620,VOICE,BOM-212,19.041878,72.863888,BOM-901,19.030052,72.855389
8D3BF3BA,+91-70420-32126,+91-63990-72189,2025-04-27T17:44:00,7,SMS,BOM-212,19.041569,72.863648,BOM-519,19.065881,72.878578
6430442D,+91-70420-53365,+91-88200-50950,2025-05-02T18:36:00,406,VOICE,BOM-519,19.066027,72.878595,BOM-212,19.041491,72.863807
8FBF54A6,+91-89120-97096,+91-70420-11695,2025-05-07T12:51:00,100,VOICE,BOM-621,19.136303,72.829442,BOM-447,19.044295,72.85628
A24BB354,+91-89120-26620,+91-89120-11412,2025-05-15T20:30:00,1448,VOICE,BOM-621,19.136197,72.829812,BOM-318,19.1194,72.846406
B11BA877,+91-93400-72748,+91-87890-69972,2025-05-18T15:56:00,302,VOICE,BOM-901,19.029242,72.855299,BOM-212,19.041855,72.863821
96B12753,+91-80720-33390,+91-63990-35286,2025-05-18T13:12:00,135,VOICE,BOM-621,19.136327,72.829703,BOM-808,19.054473,72.900464
23074052,+91-96200-22222,+91-96200-33333,2025-05-01T22:40:00,425,VOICE,BOM-212,19.041379,72.863911,BOM-808,19.054081,72.900882
1DD4F97F,+91-91761-14357,+91-89120-41389,2025-05-20T15:35:00,51,SMS,BOM-244,19.098787,72.849258,BOM-447,19.04469,72.855645
77E79828,+91-88200-37919,+91-93400-18420,2025-05-09T22:55:00,1322,VOICE,BOM-244,19.099464,72.849038,BOM-103,18.963703,72.834094
676C2679,+91-93400-42932,+91-93400-27238,2025-04-15T19:31:00,1287,VOICE,BOM-103,18.962953,72.834225,BOM-244,19.098591,72.848567
E2D7FE20,+91-91761-61111,+91-88200-25794,2025-04-27T15:55:00,1627,VOICE,BOM-621,19.13628,72.829622,BOM-621,19.135774,72.829999
BB2AFAA5,+91-77540-54320,+91-77540-70150,2025-05-20T19:51:00,1622,VOICE,BOM-103,18.963475,72.834414,BOM-702,19.076162,72.878132
E7BE9425,+91-93400-20396,+91-93400-19474,2025-04-22T13:22:00,34,SMS,BOM-901,19.030084,72.854863,BOM-519,19.066025,72.878561
F087CE17,+91-63990-95225,+91-80720-33638,2025-04-22T14:26:00,1301,VOICE,BOM-212,19.040984,72.864096,BOM-103,18.963741,72.834636
9B5A0C45,+91-87890-67896,+91-87890-55599,2025-04-21T21:25:00,1040,VOICE,BOM-702,19.075895,72.877746,BOM-901,19.029956,72.855293
E0C2B34D,+91-70420-63367,+91-87890-94786,2025-04-28T17:19:00,42,SMS,BOM-519,19.066224,72.878535,BOM-212,19.041511,72.863796
6D579619,+91-91761-56521,+91-80720-48656,2025-05-03T19:17:00,1774,VOICE,BOM-212,19.041125,72.863945,BOM-318,19.119625,72.846753
ED5AF6A5,+91-70420-42203,+91-63990-49499,2025-05-18T10:07:00,1133,VOICE,BOM-447,19.04414,72.855642,BOM-447,19.044053,72.85589
A86422B2,+91-91761-33388,+91-80720-34286,2025-04-25T20:04:00,286,VOICE,BOM-519,19.066306,72.878576,BOM-808,19.054918,72.900613
BBD357B4,+91-80720-34598,+91-88200-78055,2025-05-04T14:11:00,8,SMS,BOM-447,19.044113,72.856279,BOM-244,19.098683,72.848891
6EB45B1C,+91-91761-69865,+91-63990-11245,2025-05-07T15:38:00,116,VOICE,BOM-808,19.054348,72.900453,BOM-212,19.041694,72.864085
E1830C35,+91-93400-35769,+91-75300-93686,2025-04-18T19:30:00,22,SMS,BOM-318,19.119393,72.847294,BOM-702,19.076016,72.877402
570EBDEC,+91-93400-68221,+91-80720-55909,2025-05-15T09:52:00,58,VOICE,BOM-808,19.054605,72.900997,BOM-621,19.136336,72.82922
132FAB81,+91-77540-50280,+91-63990-22485,2025-04-24T11:15:00,1046,VOICE,BOM-318,19.119499,72.846665,BOM-212,19.041642,72.863485
BD5B037D,+91-91761-75786,+91-91761-19481,2025-05-18T19:43:00,301,VOICE,BOM-103,18.963018,72.834694,BOM-621,19.135646,72.8297
B3C6AC43,+91-91761-84442,+91-75300-66064,2025-05-12T11:33:00,1013,VOICE,BOM-621,19.135535,72.830076,BOM-621,19.135582,72.830072
804F3907,+91-89120-30456,+91-80720-66331,2025-05-16T11:08:00,637,VOICE,BOM-447,19.044078,72.856108,BOM-901,19.029689,72.855783
213D7E28,+91-63990-90859,+91-70420-26871,2025-05-08T23:20:00,1568,VOICE,BOM-318,19.119551,72.847291,BOM-212,19.041044,72.863782
D7912C47,+91-75300-37926,+91-87890-21124,2025-04-24T09:12:00,1466,VOICE,BOM-244,19.099409,72.849342,BOM-621,19.136366,72.829145
3B5893F2,+91-93400-56509,+91-89120-49003,2025-05-16T11:38:00,1232,VOICE,BOM-447,19.044631,72.855326,BOM-103,18.963013,72.83409
78D47C35,+91-93400-25503,+91-63990-88792,2025-04-22T22:51:00,405,VOICE,BOM-244,19.099384,72.849033,BOM-318,19.119545,72.846354
436B0104,+91-75300-81870,+91-91761-45148,2025-04-29T08:20:00,1409,VOICE,BOM-103,18.963752,72.833781,BOM-808,19.054193,72.90013
03D1656A,+91-89120-93724,+91-89120-49141,2025-04-20T22:00:00,58,SMS,BOM-447,19.044499,72.856239,BOM-244,19.099332,72.848914
62401518,+91-87890-74863,+91-75300-80614,2025-05-05T21:03:00,74,VOICE,BOM-244,19.099269,72.849167,BOM-318,19.119596,72.846939
3ECE65F9,+91-77540-20476,+91-80720-60455,2025-05-11T17:51:00,44,SMS,BOM-318,19.119685,72.846832,BOM-447,19.044279,72.85624
78B96F09,+91-63990-53789,+91-75300-18738,2025-04-22T20:55:00,1593,VOICE,BOM-103,18.962842,72.834641,BOM-244,19.099146,72.849429
035F616D,+91-77540-51063,+91-87890-49652,2025-04-27T21:41:00,1693,VOICE,BOM-318,19.119625,72.846409,BOM-244,19.099314,72.849178
4B06AE00,+91-63990-35038,+91-91761-21105,2025-05-09T07:13:00,1075,VOICE,BOM-447,19.044346,72.856101,BOM-702,19.075499,72.87815
3A212F56,+91-96200-11111,+91-96200-22222,2025-05-16T13:12:00,1794,VOICE,BOM-447,19.044181,72.855591,BOM-244,19.098804,72.849477
0DA58C03,+91-87890-30598,+91-91761-15276,2025-05-13T23:54:00,1019,VOICE,BOM-519,19.065833,72.878766,BOM-318,19.119916,72.846756
3DF0AEC5,+91-93400-83411,+91-70420-11410,2025-04-19T18:52:00,1741,VOICE,BOM-702,19.076399,72.878116,BOM-244,19.099438,72.849067
6AABD0A0,+91-75300-22448,+91-91761-98155,2025-05-15T21:08:00,1043,VOICE,BOM-519,19.065843,72.87878,BOM-702,19.076242,72.877682
2D63F746,+91-88200-54895,+91-70420-92627,2025-04-15T17:26:00,1788,VOICE,BOM-621,19.136059,72.829633,BOM-212,19.041488,72.863824
08C3A345,+91-77540-62181,+91-91761-93263,2025-05-14T22:12:00,934,VOICE,BOM-621,19.136091,72.829265,BOM-702,19.075402,72.877406
3444A721,+91-93400-17418,+91-89120-13623,2025-05-18T17:30:00,8,SMS,BOM-519,19.066585,72.878821,BOM-808,19.054945,72.900505
FC715378,+91-70420-17559,+91-70420-20055,2025-04-15T12:20:00,377,VOICE,BOM-702,19.075937,72.877435,BOM-808,19.054836,72.900928
83D6BD3C,+91-89120-68099,+91-75300-46942,2025-05-08T19:39:00,33,SMS,BOM-901,19.029128,72.855041,BOM-318,19.119256,72.846432
EDD91428,+91-89120-81763,+91-77540-64283,2025-05-14T16:56:00,1643,VOICE,BOM-244,19.099273,72.84942,BOM-901,19.029318,72.855356
8385AB90,+91-80720-34529,+91-88200-61790,2025-05-12T21:28:00,1713,VOICE,BOM-318,19.119395,72.846336,BOM-621,19.136182,72.829213
0C48D7E3,+91-89120-22096,+91-80720-68266,2025-05-20T07:26:00,684,VOICE,BOM-702,19.076004,72.878138,BOM-103,18.962876,72.834326
8B1ADB4B,+91-88200-76597,+91-75300-26016,2025-04-24T17:38:00,102,VOICE,BOM-901,19.030029,72.854845,BOM-901,19.02926,72.855728
D9603BA7,+91-70420-46198,+91-89120-98765,2025-04-22T11:04:00,567,VOICE,BOM-621,19.135998,72.829789,BOM-519,19.066326,72.878615
F150F2AC,+91-91761-33903,+91-89120-65228,2025-05-02T12:34:00,256,VOICE,BOM-808,19.054333,72.90085,BOM-808,19.054022,72.900342
2CC156DB,+91-80720-92849,+91-80720-65565,2025-05-19T16:04:00,15,SMS,BOM-447,19.044796,72.855516,BOM-702,19.075777,72.878097
E8DFF44D,+91-75300-13671,+91-87890-34716,2025-05-16T15:18:00,155,VOICE,BOM-244,19.098946,72.848864,BOM-318,19.119424,72.846754
7C45B357,+91-80720-56870,+91-77540-15324,2025-05-19T09:18:00,373,VOICE,BOM-447,19.044047,72.855875,BOM-808,19.054614,72.900502
987A4217,+91-75300-63117,+91-88200-82335,2025-05-15T22:04:00,277,VOICE,BOM-901,19.0297,72.855287,BOM-447,19.044378,72.855619
6A1CB74B,+91-70420-58814,+91-80720-91241,2025-05-04T07:00:00,374,VOICE,BOM-702,19.075633,72.877626,BOM-702,19.075883,72.877492
31C9BEBA,+91-88200-54294,+91-93400-40115,2025-05-06T22:13:00,58,SMS,BOM-212,19.040947,72.863961,BOM-447,19.044435,72.855599
0B667AF0,+91-77540-58682,+91-93400-56597,2025-04-17T08:43:00,600,VOICE,BOM-621,19.136095,72.829495,BOM-519,19.06609,72.878389
256EECBC,+91-70420-38612,+91-77540-46780,2025-04-28T17:17:00,1172,VOICE,BOM-901,19.029373,72.855035,BOM-621,19.135589,72.83007
102E747F,+91-70420-12869,+91-91761-94942,2025-04-26T14:49:00,285,VOICE,BOM-702,19.07608,72.877858,BOM-318,19.119364,72.847013
A8039AA3,+91-88200-22778,+91-91761-80778,2025-05-07T18:51:00,8,SMS,BOM-447,19.044576,72.855462,BOM-519,19.066129,72.878707
65E5EAD3,+91-96200-11111,+91-96200-22222,2025-05-02T10:05:00,667,VOICE,BOM-901,19.030087,72.855612,BOM-519,19.066392,72.878573
63A03C13,+91-87890-30780,+91-77540-54413,2025-04-15T17:39:00,31,SMS,BOM-212,19.041323,72.864041,BOM-447,19.044462,72.855728
4D5C350D,+91-91761-61763,+91-75300-13179,2025-05-11T14:02:00,533,VOICE,BOM-212,19.041826,72.864039,BOM-901,19.030027,72.85545
E73C985D,+91-63990-59702,+91-70420-47727,2025-05-06T15:54:00,1065,VOICE,BOM-808,19.05428,72.900256,BOM-519,19.06587,72.878411
7C5599CD,+91-77540-19621,+91-70420-99363,2025-05-09T20:41:00,58,SMS,BOM-103,18.96312,72.834687,BOM-621,19.136208,72.830022
AA827A10,+91-80720-32236,+91-93400-18333,2025-05-07T08:43:00,522,VOICE,BOM-901,19.029939,72.855285,BOM-621,19.136389,72.829894
45652B62,+91-89120-78811,+91-88200-58214,2025-05-09T11:49:00,710,VOICE,BOM-808,19.054474,72.900243,BOM-318,19.11928,72.846456
7A739DB8,+91-75300-42339,+91-87890-34574,2025-04-20T13:11:00,55,SMS,BOM-318,19.119632,72.84698,BOM-244,19.098703,72.84935
A685BC8E,+91-96200-33333,+91-96200-44444,2025-04-21T19:14:00,637,VOICE,BOM-318,19.119768,72.84683,BOM-212,19.04129,72.863585
0376D437,+91-89120-16095,+91-70420-95000,2025-05-15T11:06:00,913,VOICE,BOM-103,18.963758,72.834196,BOM-519,19.065921,72.878508
A20C2A0B,+91-75300-87304,+91-91761-90110,2025-05-06T11:27:00,1593,VOICE,BOM-519,19.065853,72.877938,BOM-103,18.963759,72.83431
82C29796,+91-70420-18675,+91-93400-36294,2025-05-06T08:29:00,621,VOICE,BOM-212,19.040973,72.863759,BOM-519,19.065954,72.878014
F0AB6C4B,+91-63990-39428,+91-77540-93172,2025-04-15T07:07:00,500,VOICE,BOM-901,19.029155,72.85484,BOM-244,19.099132,72.849019
17D79F6C,+91-96200-44444,+91-96200-11111,2025-05-03T08:41:00,1419,VOICE,BOM-447,19.043947,72.856019,BOM-103,18.963136,72.834642
CE0DE42F,+91-91761-14237,+91-88200-60656,2025-04-20T17:56:00,11,SMS,BOM-212,19.041769,72.863676,BOM-808,19.054346,72.90043
674179E1,+91-87890-50100,+91-63990-34256,2025-04-26T07:48:00,833,VOICE,BOM-244,19.099101,72.849092,BOM-901,19.029817,72.855045
CD7E8BD9,+91-87890-77791,+91-63990-14131,2025-04-23T18:18:00,1303,VOICE,BOM-318,19.119774,72.846304,BOM-212,19.041705,72.86373
CC7643C9,+91-80720-53202,+91-70420-25770,2025-04-22T13:10:00,45,SMS,BOM-244,19.098648,72.848681,BOM-212,19.041077,72.863286
E443B072,+91-88200-18140,+91-80720-93468,2025-04-29T20:15:00,473,VOICE,BOM-447,19.043902,72.855558,BOM-808,19.054356,72.900157
153A6F79,+91-89120-24949,+91-93400-54628,2025-04-19T13:13:00,56,VOICE,BOM-702,19.076397,72.878007,BOM-808,19.054904,72.900121
DFA52AA8,+91-88200-29789,+91-77540-24028,2025-04-26T11:26:00,958,VOICE,BOM-103,18.963243,72.834561,BOM-901,19.029477,72.855665
24C811EA,+91-91761-39552,+91-91761-10236,2025-04-28T12:57:00,1188,VOICE,BOM-103,18.962955,72.834357,BOM-103,18.963718,72.834059
B46990CA,+91-77540-10514,+91-89120-87843,2025-05-08T21:59:00,1607,VOICE,BOM-447,19.043999,72.855301,BOM-702,19.075648,72.877262
3F3170CE,+91-93400-20771,+91-75300-91519,2025-05-11T13:09:00,80,VOICE,BOM-103,18.962945,72.834253,BOM-519,19.065919,72.877989
5E4BF49C,+91-89120-19453,+91-63990-44400,2025-05-10T16:34:00,59,SMS,BOM-212,19.040988,72.863524,BOM-901,19.029336,72.855344
CC2EA4F3,+91-89120-86448,+91-75300-51126,2025-05-10T18:06:00,270,VOICE,BOM-318,19.120019,72.846335,BOM-212,19.04183,72.864034
AA6CDCE5,+91-75300-12333,+91-77540-15819,2025-05-01T18:34:00,582,VOICE,BOM-318,19.119702,72.846482,BOM-212,19.041225,72.863791
9BB67A53,+91-88200-89392,+91-87890-28132,2025-04-16T15:36:00,1212,VOICE,BOM-447,19.044896,72.855919,BOM-244,19.098791,72.848791
E2020F6D,+91-70420-92799,+91-88200-17069,2025-05-13T10:17:00,1502,VOICE,BOM-103,18.96357,72.833878,BOM-519,19.06627,72.878108
C8EF0151,+91-93400-68442,+91-88200-81258,2025-04-18T17:05:00,13,SMS,BOM-702,19.076087,72.878154,BOM-808,19.054831,72.900712
F20F9455,+91-91761-65124,+91-77540-70866,2025-05-13T11:03:00,50,SMS,BOM-901,19.02948,72.855298,BOM-702,19.075664,72.877743
281CA418,+91-77540-14005,+91-63990-24345,2025-05-13T13:56:00,106,VOICE,BOM-901,19.029838,72.855782,BOM-808,19.054485,72.900577
B33F41BF,+91-80720-37076,+91-80720-39895,2025-04-20T15:57:00,983,VOICE,BOM-808,19.054214,72.900994,BOM-702,19.076226,72.877941
ED6051EA,+91-75300-93832,+91-88200-29489,2025-04-25T13:32:00,251,VOICE,BOM-519,19.066767,72.878047,BOM-244,19.099088,72.849328
33243A7E,+91-70420-36855,+91-93400-46892,2025-05-11T15:59:00,1152,VOICE,BOM-519,19.066506,72.878695,BOM-702,19.075536,72.877592
F9A922C2,+91-80720-59755,+91-87890-26024,2025-04-29T12:55:00,1177,VOICE,BOM-808,19.054204,72.900896,BOM-702,19.075944,72.878017
6AB86E42,+91-63990-46869,+91-87890-89077,2025-04-19T14:10:00,1623,VOICE,BOM-318,19.119927,72.846789,BOM-702,19.07604,72.878044
81FCF22B,+91-93400-54492,+91-80720-75470,2025-04-15T19:50:00,557,VOICE,BOM-621,19.136456,72.829298,BOM-621,19.135672,72.829241
E58AADF1,+91-88200-69381,+91-91761-45948,2025-04-15T21:27:00,31,SMS,BOM-808,19.054067,72.900658,BOM-702,19.076333,72.877435
59ACBFD2,+91-80720-47277,+91-75300-32371,2025-04-25T16:04:00,1545,VOICE,BOM-244,19.098616,72.849221,BOM-244,19.099285,72.849129
59BE1ABB,+91-96200-11111,+91-96200-44444,2025-05-06T22:18:00,1566,VOICE,BOM-702,19.075848,72.877391,BOM-901,19.029486,72.855737
E63354EF,+91-80720-20707,+91-75300-57368,2025-05-09T10:36:00,709,VOICE,BOM-808,19.05448,72.900849,BOM-318,19.120099,72.847014
5CFFB53F,+91-75300-23357,+91-70420-25584,2025-04-29T12:06:00,677,VOICE,BOM-901,19.029905,72.855754,BOM-318,19.119989,72.846901
86A42D4D,+91-88200-88688,+91-91761-59327,2025-04-26T07:25:00,34,SMS,BOM-212,19.040938,72.863929,BOM-212,19.040996,72.863806
256E3A1E,+91-96200-11111,+91-96200-44444,2025-04-16T12:46:00,1701,VOICE,BOM-212,19.041124,72.863443,BOM-318,19.119677,72.846315
D23012BC,+91-77540-70463,+91-88200-84687,2025-05-02T20:28:00,1315,VOICE,BOM-702,19.076154,72.877591,BOM-318,19.119722,72.846832
865BEF14,+91-75300-34362,+91-77540-12729,2025-05-19T22:26:00,914,VOICE,BOM-621,19.136101,72.83007,BOM-447,19.044286,72.855476
3E874A69,+91-89120-73961,+91-89120-44597,2025-04-17T08:01:00,22,SMS,BOM-244,19.098701,72.849385,BOM-244,19.099223,72.848809
975B420B,+91-93400-95706,+91-80720-43494,2025-04-28T16:56:00,1211,VOICE,BOM-103,18.963015,72.834211,BOM-702,19.075597,72.877496
EFD867F8,+91-77540-83153,+91-80720-73097,2025-04-28T11:45:00,20,SMS,BOM-702,19.075934,72.877309,BOM-212,19.041776,72.864117
001EE9A1,+91-63990-86110,+91-77540-90578,2025-04-28T10:44:00,678,VOICE,BOM-808,19.054697,72.900156,BOM-318,19.120033,72.846473
EF43DFE4,+91-63990-46854,+91-91761-55480,2025-05-03T23:24:00,1535,VOICE,BOM-901,19.029587,72.855402,BOM-702,19.075505,72.877343
89FA73CA,+91-63990-75739,+91-88200-31440,2025-05-10T15:07:00,261,VOICE,BOM-244,19.09896,72.848807,BOM-808,19.054657,72.900938
6F5AB8A6,+91-77540-57675,+91-89120-83217,2025-05-02T17:46:00,1444,VOICE,BOM-103,18.962917,72.834511,BOM-447,19.044222,72.855932
2C91AE2C,+91-88200-85724,+91-70420-29223,2025-04-18T11:14:00,639,VOICE,BOM-808,19.054773,72.900556,BOM-318,19.120041,72.846749
8AE55AAC,+91-96200-11111,+91-96200-33333,2025-04-19T20:54:00,5,SMS,BOM-901,19.02991,72.855445,BOM-621,19.136251,72.829129
C00D3DE8,+91-88200-19670,+91-63990-82719,2025-04-23T09:14:00,1137,VOICE,BOM-702,19.075495,72.877582,BOM-519,19.066588,72.878413
012641B3,+91-80720-42452,+91-70420-84328,2025-05-12T16:25:00,40,SMS,BOM-103,18.963274,72.833849,BOM-621,19.135669,72.829894
387B8951,+91-93400-76084,+91-80720-82333,2025-04-21T13:41:00,323,VOICE,BOM-702,19.076215,72.877521,BOM-901,19.029366,72.855179
97B3CAEA,+91-87890-47569,+91-70420-69807,2025-05-10T16:27:00,1618,VOICE,BOM-808,19.05469,72.900543,BOM-447,19.044565,72.855928
3732A245,+91-96200-33333,+91-96200-44444,2025-05-08T21:38:00,14,VOICE,MLW-088,19.187,72.8411,MLW-088,19.187,72.8411
7ECBC03D,+91-63990-93222,+91-75300-35400,2025-04-30T09:05:00,321,VOICE,BOM-244,19.098664,72.848871,BOM-519,19.066451,72.877942
7539D946,+91-80720-61640,+91-88200-32365,2025-05-06T08:58:00,57,SMS,BOM-519,19.066434,72.878097,BOM-103,18.963594,72.834135
5AAC7009,+91-93400-94677,+91-91761-78218,2025-05-02T12:43:00,21,SMS,BOM-318,19.119254,72.846303,BOM-702,19.075525,72.877583
91EFB5FA,+91-93400-72330,+91-80720-36129,2025-04-26T22:36:00,441,VOICE,BOM-519,19.065967,72.878071,BOM-519,19.066431,72.878817
6D16D32F,+91-91761-75509,+91-93400-58787,2025-05-19T20:28:00,304,VOICE,BOM-103,18.963733,72.83442,BOM-702,19.07624,72.877727
6ECAEC37,+91-93400-70205,+91-87890-62443,2025-04-17T20:48:00,1033,VOICE,BOM-808,19.054252,72.900373,BOM-447,19.044677,72.85599
3C0D2F95,+91-89120-72815,+91-89120-38743,2025-04-29T22:48:00,491,VOICE,BOM-519,19.066455,72.878336,BOM-447,19.044121,72.856171
620A6943,+91-75300-24330,+91-80720-17493,2025-05-09T18:57:00,50,SMS,BOM-808,19.054443,72.900345,BOM-244,19.099025,72.84935
EF096F77,+91-80720-89417,+91-63990-28903,2025-04-24T20:57:00,1391,VOICE,BOM-103,18.962885,72.83428,BOM-244,19.099446,72.849054
C8BDF761,+91-75300-95707,+91-93400-16367,2025-04-29T14:26:00,42,SMS,BOM-103,18.963044,72.83421,BOM-244,19.099441,72.848888
20D9F49E,+91-70420-72726,+91-63990-82443,2025-05-11T08:33:00,38,SMS,BOM-447,19.044718,72.855686,BOM-808,19.054667,72.900424
22F26BCD,+91-80720-27410,+91-80720-77957,2025-05-13T17:18:00,994,VOICE,BOM-447,19.044076,72.855889,BOM-621,19.135825,72.829554
5B5BA618,+91-75300-98554,+91-80720-49568,2025-05-12T12:07:00,1245,VOICE,BOM-519,19.066187,72.87806,BOM-808,19.054761,72.900568
96E60EAC,+91-87890-91372,+91-80720-66864,2025-05-03T12:48:00,891,VOICE,BOM-901,19.029925,72.855232,BOM-212,19.04109,72.863982
E940037A,+91-80720-21030,+91-77540-81086,2025-04-29T12:41:00,1404,VOICE,BOM-901,19.029431,72.855567,BOM-103,18.963081,72.834442
C0EE67F9,+91-87890-26531,+91-63990-88377,2025-05-09T13:16:00,729,VOICE,BOM-519,19.066187,72.877985,BOM-447,19.044215,72.855494
C4AF0743,+91-93400-39848,+91-75300-12633,2025-05-16T17:21:00,53,SMS,BOM-808,19.054084,72.900364,BOM-808,19.054142,72.900326
86218001,+91-80720-57476,+91-63990-81631,2025-04-27T16:13:00,937,VOICE,BOM-212,19.04171,72.863318,BOM-702,19.076053,72.877394
628C3B45,+91-75300-19101,+91-63990-48095,2025-05-05T11:01:00,708,VOICE,BOM-244,19.099476,72.848513,BOM-103,18.96365,72.834186
973C3A5B,+91-89120-94856,+91-87890-39355,2025-05-17T11:03:00,326,VOICE,BOM-103,18.962933,72.834607,BOM-519,19.066092,72.878238
B9E40038,+91-80720-55415,+91-91761-76760,2025-05-18T19:33:00,1767,VOICE,BOM-212,19.041491,72.86339,BOM-519,19.066133,72.87803
78698281,+91-70420-84925,+91-88200-76120,2025-05-01T23:12:00,1191,VOICE,BOM-318,19.11989,72.846457,BOM-103,18.963774,72.833787
1359714D,+91-80720-42883,+91-80720-90272,2025-04-26T19:41:00,480,VOICE,BOM-901,19.029622,72.855549,BOM-702,19.076082,72.877889
C0B0FDBC,+91-93400-48855,+91-70420-48904,2025-05-17T11:08:00,9,SMS,BOM-702,19.075762,72.877209,BOM-901,19.029496,72.85574
528A63C8,+91-91761-45138,+91-87890-31682,2025-05-03T21:57:00,766,VOICE,BOM-808,19.054599,72.90083,BOM-318,19.119624,72.847293
4A7F4BDA,+91-80720-52886,+91-88200-25938,2025-04-17T13:55:00,85,VOICE,BOM-447,19.044733,72.855357,BOM-103,18.962854,72.83418
80A7786D,+91-91761-38563,+91-80720-41353,2025-05-20T21:01:00,1316,VOICE,BOM-318,19.119572,72.846425,BOM-702,19.075937,72.877236
180FC990,+91-93400-21058,+91-88200-99801,2025-05-01T23:58:00,6,SMS,BOM-621,19.135594,72.829627,BOM-901,19.030014,72.855533
BBD8CACD,+91-88200-25640,+91-91761-38595,2025-05-11T07:54:00,1766,VOICE,BOM-103,18.962891,72.834448,BOM-519,19.066565,72.878613
A33F47AB,+91-91761-84622,+91-80720-48952,2025-05-12T21:15:00,194,VOICE,BOM-447,19.044303,72.855313,BOM-244,19.099294,72.848897
E0550DA0,+91-77540-75350,+91-88200-86011,2025-05-06T08:15:00,1787,VOICE,BOM-702,19.07605,72.877317,BOM-447,19.044218,72.85589
13F1C8A0,+91-80720-93524,+91-75300-35759,2025-05-04T23:28:00,427,VOICE,BOM-621,19.136438,72.829732,BOM-103,18.963576,72.834268
8AB96BE4,+91-87890-19427,+91-88200-10884,2025-05-06T12:58:00,18,SMS,BOM-447,19.043981,72.856106,BOM-808,19.054552,72.900067
FA44B0EC,+91-93400-49472,+91-87890-68092,2025-04-27T19:15:00,1050,VOICE,BOM-447,19.044225,72.855762,BOM-244,19.099267,72.848722
4887FEFF,+91-96200-22222,+91-96200-11111,2025-04-17T14:23:00,1599,VOICE,BOM-244,19.099444,72.848811,BOM-318,19.119838,72.846499
373B3AB6,+91-80720-97150,+91-87890-94492,2025-05-10T16:18:00,354,VOICE,BOM-519,19.06676,72.878482,BOM-702,19.075648,72.878093
0709461E,+91-80720-71071,+91-77540-66589,2025-04-24T07:27:00,11,SMS,BOM-318,19.119586,72.84721,BOM-212,19.041692,72.864141
9AB3F55C,+91-91761-13221,+91-89120-42599,2025-04-24T10:30:00,392,VOICE,BOM-318,19.119631,72.846586,BOM-702,19.076245,72.878019
D9F1D1D0,+91-75300-45294,+91-77540-36700,2025-04-20T12:09:00,35,SMS,BOM-103,18.963325,72.834694,BOM-103,18.963368,72.834244
722F0E1E,+91-89120-23908,+91-87890-94926,2025-05-05T22:14:00,1254,VOICE,BOM-702,19.07621,72.877964,BOM-621,19.135939,72.830042
E7D7175C,+91-80720-26301,+91-93400-75421,2025-04-30T15:44:00,1162,VOICE,BOM-212,19.041279,72.863545,BOM-621,19.136173,72.829918
DB41AD62,+91-75300-70986,+91-89120-61101,2025-05-04T14:35:00,54,SMS,BOM-519,19.066008,72.87861,BOM-318,19.119364,72.847009
83D2763A,+91-93400-82410,+91-89120-56908,2025-05-12T18:43:00,1514,VOICE,BOM-318,19.119531,72.846855,BOM-519,19.066063,72.878702
BD6AEFB4,+91-93400-65585,+91-93400-57047,2025-05-11T09:52:00,897,VOICE,BOM-318,19.120179,72.846841,BOM-808,19.054014,72.900394
CB720604,+91-87890-18463,+91-93400-84725,2025-05-02T19:49:00,1282,VOICE,BOM-621,19.135737,72.829196,BOM-808,19.05425,72.900663
EFAB89AC,+91-70420-55472,+91-63990-62148,2025-05-12T22:53:00,359,VOICE,BOM-901,19.029515,72.855176,BOM-702,19.076191,72.877915
83FDACF9,+91-63990-11130,+91-87890-68495,2025-05-14T14:58:00,1007,VOICE,BOM-702,19.07558,72.877832,BOM-103,18.962955,72.83371
02D27C54,+91-89120-71567,+91-88200-61745,2025-04-28T23:03:00,478,VOICE,BOM-808,19.054774,72.90052,BOM-808,19.054375,72.900666
74EA4163,+91-96200-22222,+91-96200-11111,2025-04-25T07:38:00,32,SMS,BOM-901,19.02999,72.854981,BOM-212,19.041325,72.863513
83F2636C,+91-77540-72351,+91-77540-11084,2025-04-28T12:18:00,1411,VOICE,BOM-244,19.098984,72.849296,BOM-808,19.054186,72.900239
A2AD3A44,+91-77540-23946,+91-75300-20031,2025-05-12T10:13:00,1658,VOICE,BOM-621,19.136137,72.829833,BOM-519,19.066741,72.878713
80C19F40,+91-87890-82083,+91-91761-96186,2025-04-25T10:40:00,839,VOICE,BOM-901,19.029126,72.855147,BOM-621,19.135761,72.829863
D9278690,+91-91761-41917,+91-93400-21606,2025-04-23T12:28:00,1064,VOICE,BOM-212,19.04091,72.863762,BOM-901,19.030015,72.854861
04FE3000,+91-80720-80079,+91-70420-47514,2025-04-22T23:30:00,1430,VOICE,BOM-447,19.044552,72.856218,BOM-447,19.044669,72.856053
749AF948,+91-75300-58993,+91-91761-68912,2025-04-27T19:25:00,721,VOICE,BOM-621,19.136004,72.829764,BOM-447,19.044016,72.855988
CFEEBA81,+91-89120-13866,+91-77540-93585,2025-05-15T08:04:00,1043,VOICE,BOM-103,18.963062,72.834247,BOM-212,19.041153,72.863707
7C22E108,+91-91761-33259,+91-75300-20197,2025-04-24T17:02:00,1696,VOICE,BOM-808,19.054925,72.900006,BOM-318,19.119929,72.846455
D40740D8,+91-93400-25916,+91-87890-49381,2025-04-25T18:48:00,131,VOICE,BOM-212,19.041575,72.863287,BOM-244,19.099256,72.849272
C51978AA,+91-88200-99703,+91-88200-24860,2025-04-23T11:55:00,623,VOICE,BOM-621,19.135626,72.829943,BOM-212,19.041281,72.864053
0DB6F8C4,+91-96200-33333,+91-96200-11111,2025-05-11T19:15:00,1311,VOICE,BOM-447,19.044263,72.85551,BOM-318,19.119704,72.846826
001AB515,+91-80720-99218,+91-75300-85698,2025-05-11T14:02:00,911,VOICE,BOM-103,18.963264,72.834587,BOM-702,19.076065,72.878143
4C4F9A35,+91-96200-33333,+91-96200-11111,2025-04-19T23:59:00,811,VOICE,BOM-901,19.029884,72.85557,BOM-103,18.963205,72.833915
7806441B,+91-89120-86779,+91-88200-77774,2025-05-20T13:07:00,31,SMS,BOM-318,19.119929,72.846558,BOM-103,18.963523,72.834619
C4F02AB6,+91-88200-65069,+91-93400-48754,2025-05-18T19:21:00,962,VOICE,BOM-318,19.119332,72.847198,BOM-519,19.065829,72.878421
55B5AEE8,+91-77540-96675,+91-93400-67147,2025-05-19T16:41:00,1688,VOICE,BOM-901,19.029225,72.855355,BOM-212,19.040978,72.864093
7C0B2322,+91-88200-64215,+91-63990-58203,2025-04-16T22:32:00,1403,VOICE,BOM-621,19.136408,72.829354,BOM-519,19.066322,72.87811
1F741039,+91-87890-58415,+91-87890-34155,2025-04-26T21:09:00,12,SMS,BOM-103,18.963655,72.833842,BOM-621,19.136225,72.829666
C58EF69A,+91-70420-63214,+91-91761-69120,2025-05-05T12:17:00,1521,VOICE,BOM-447,19.044691,72.855787,BOM-244,19.098989,72.849213
25B4A6A2,+91-89120-89421,+91-70420-84406,2025-05-09T18:36:00,1333,VOICE,BOM-808,19.054598,72.900151,BOM-318,19.120072,72.846308
13310133,+91-93400-73053,+91-80720-47935,2025-05-13T09:45:00,649,VOICE,BOM-244,19.099168,72.848923,BOM-212,19.041099,72.863724
E25A8838,+91-77540-23380,+91-77540-58628,2025-05-09T08:38:00,1792,VOICE,BOM-103,18.963677,72.833968,BOM-318,19.119226,72.846869
128D6A88,+91-70420-54403,+91-63990-99264,2025-04-22T09:37:00,508,VOICE,BOM-808,19.054005,72.900068,BOM-318,19.119584,72.846775
1F0F31A0,+91-87890-11466,+91-75300-80200,2025-05-15T21:13:00,24,SMS,BOM-702,19.076182,72.877316,BOM-447,19.044558,72.856095
789955E1,+91-80720-73405,+91-89120-40783,2025-04-26T18:32:00,22,SMS,BOM-318,19.119687,72.846367,BOM-702,19.076228,72.877647
06F52B99,+91-93400-63097,+91-75300-74137,2025-04-15T17:48:00,1440,VOICE,BOM-103,18.962971,72.834482,BOM-318,19.119812,72.846557
D4B6B1C4,+91-87890-62693,+91-93400-86962,2025-04-21T18:54:00,1517,VOICE,BOM-212,19.041724,72.864024,BOM-808,19.054703,72.900805
5EB1E8BB,+91-93400-93902,+91-75300-10366,2025-04-17T16:17:00,319,VOICE,BOM-702,19.076304,72.877594,BOM-621,19.135874,72.829554
278166CA,+91-63990-60624,+91-88200-41853,2025-05-07T10:54:00,601,VOICE,BOM-212,19.041038,72.863527,BOM-447,19.044245,72.855956
B04CBC49,+91-89120-15287,+91-93400-65998,2025-04-18T15:44:00,810,VOICE,BOM-519,19.066549,72.878193,BOM-519,19.066485,72.878395
AF96703C,+91-87890-39489,+91-75300-72798,2025-04-19T09:50:00,1484,VOICE,BOM-318,19.119949,72.846529,BOM-901,19.029558,72.85485
208D717E,+91-88200-27371,+91-87890-87783,2025-04-29T18:46:00,36,SMS,BOM-244,19.099485,72.848939,BOM-621,19.135578,72.829861
EFE890E7,+91-80720-77531,+91-80720-53250,2025-05-20T12:24:00,611,VOICE,BOM-519,19.066401,72.878593,BOM-702,19.075989,72.877285
F0F701DB,+91-70420-83597,+91-77540-37607,2025-04-27T16:45:00,1428,VOICE,BOM-901,19.029819,72.855674,BOM-244,19.099476,72.849077
2CF471DF,+91-93400-62926,+91-93400-47819,2025-05-02T17:25:00,11,SMS,BOM-103,18.9636,72.833724,BOM-447,19.044469,72.856067
6CC9F473,+91-80720-58100,+91-89120-82921,2025-05-10T19:26:00,21,SMS,BOM-808,19.054619,72.900567,BOM-808,19.054924,72.900197
E59AB600,+91-77540-57383,+91-80720-98597,2025-05-06T15:38:00,1702,VOICE,BOM-901,19.029836,72.85552,BOM-447,19.044085,72.855404
4EBDE1C0,+91-93400-10818,+91-89120-18898,2025-04-25T23:54:00,44,SMS,BOM-318,19.119965,72.84678,BOM-808,19.054857,72.900661
BDBF29CF,+91-75300-15355,+91-75300-32439,2025-04-17T23:15:00,346,VOICE,BOM-702,19.075766,72.877513,BOM-519,19.066099,72.878586
89091E29,+91-91761-13558,+91-75300-78650,2025-05-01T21:46:00,1120,VOICE,BOM-702,19.075687,72.877946,BOM-318,19.119487,72.846573
BDA5074E,+91-80720-80417,+91-70420-45230,2025-04-30T20:37:00,1308,VOICE,BOM-901,19.02991,72.855246,BOM-244,19.098697,72.848717
4F131893,+91-70420-58434,+91-88200-12057,2025-04-23T14:31:00,861,VOICE,BOM-318,19.119257,72.846382,BOM-447,19.044149,72.855812
832D99C6,+91-91761-98977,+91-75300-94107,2025-05-05T15:39:00,1639,VOICE,BOM-519,19.066447,72.877986,BOM-702,19.07577,72.878085
16F2EDB5,+91-93400-30140,+91-87890-53371,2025-05-19T12:56:00,37,SMS,BOM-621,19.136298,72.829631,BOM-702,19.075681,72.877442
E77F4F9C,+91-80720-38718,+91-80720-51689,2025-05-06T07:53:00,350,VOICE,BOM-519,19.066557,72.8779,BOM-702,19.07639,72.877204
E6AB0203,+91-70420-19746,+91-77540-53991,2025-04-30T23:53:00,18,SMS,BOM-901,19.03,72.855014,BOM-244,19.098995,72.849013
E0AB2191,+91-88200-90363,+91-93400-49700,2025-05-14T08:36:00,27,SMS,BOM-212,19.041892,72.863455,BOM-901,19.029892,72.855407
50A20A79,+91-89120-69786,+91-89120-42865,2025-05-05T16:14:00,23,SMS,BOM-808,19.054391,72.900707,BOM-103,18.963693,72.83394
AADB49CE,+91-89120-15285,+91-89120-14882,2025-05-05T20:07:00,1081,VOICE,BOM-244,19.098721,72.848513,BOM-621,19.135921,72.829756
68F5B05B,+91-89120-73262,+91-88200-30236,2025-05-08T16:45:00,308,VOICE,BOM-244,19.099386,72.849039,BOM-318,19.119817,72.846818
FF5A32BB,+91-75300-39259,+91-80720-50716,2025-04-19T09:08:00,932,VOICE,BOM-103,18.963358,72.834505,BOM-244,19.09886,72.848889
FAEAB7C7,+91-70420-75555,+91-93400-96636,2025-05-13T14:04:00,5,SMS,BOM-103,18.963102,72.83374,BOM-621,19.135853,72.8297
1F61FAF5,+91-89120-59559,+91-75300-36810,2025-04-27T08:34:00,1060,VOICE,BOM-519,19.065869,72.878141,BOM-808,19.054109,72.900244
7CFB2902,+91-70420-24491,+91-63990-95493,2025-04-30T16:14:00,30,SMS,BOM-702,19.075502,72.878114,BOM-318,19.119672,72.846748
DFBD0B27,+91-88200-59750,+91-77540-68458,2025-05-16T16:36:00,54,SMS,BOM-702,19.075764,72.877657,BOM-808,19.054665,72.900358
5E9E831D,+91-77540-30354,+91-87890-38202,2025-04-16T18:58:00,1631,VOICE,BOM-447,19.044794,72.856016,BOM-901,19.029344,72.855793
B1EA20B9,+91-63990-70936,+91-77540-77733,2025-04-20T19:59:00,1627,VOICE,BOM-318,19.119507,72.846493,BOM-103,18.963737,72.834379
CEC11424,+91-87890-64176,+91-89120-52444,2025-05-20T15:31:00,435,VOICE,BOM-808,19.054654,72.900421,BOM-519,19.066212,72.878014
C7D25B50,+91-70420-73854,+91-91761-88200,2025-05-17T18:21:00,1576,VOICE,BOM-621,19.135829,72.829447,BOM-103,18.963625,72.833926
FA586D84,+91-77540-93120,+91-63990-22689,2025-04-21T20:56:00,1706,VOICE,BOM-519,19.066566,72.878332,BOM-621,19.13558,72.829311
45138355,+91-63990-21896,+91-80720-50707,2025-04-29T15:14:00,502,VOICE,BOM-702,19.075426,72.877725,BOM-901,19.029775,72.855081
A77F86B5,+91-80720-24864,+91-88200-97144,2025-04-28T11:05:00,863,VOICE,BOM-212,19.040987,72.863324,BOM-103,18.963003,72.833816
97FC74D8,+91-88200-75062,+91-75300-21317,2025-04-28T23:56:00,1712,VOICE,BOM-621,19.135787,72.830057,BOM-244,19.099495,72.848751
BE1B8D3B,+91-87890-64534,+91-75300-23007,2025-04-17T11:49:00,1674,VOICE,BOM-318,19.119973,72.846324,BOM-318,19.120114,72.84724
A23A622C,+91-70420-48164,+91-88200-64703,2025-04-27T15:22:00,969,VOICE,BOM-519,19.066733,72.878347,BOM-621,19.13563,72.829781
9DF11721,+91-87890-65150,+91-77540-84497,2025-04-18T08:51:00,25,SMS,BOM-808,19.054479,72.900796,BOM-519,19.066546,72.87887
81E5F3CB,+91-89120-90716,+91-87890-40150,2025-05-19T13:33:00,1337,VOICE,BOM-244,19.099486,72.849471,BOM-447,19.044454,72.855373
8A0CF928,+91-87890-35273,+91-70420-89097,2025-04-19T22:47:00,45,SMS,BOM-103,18.963735,72.834602,BOM-808,19.054893,72.900004
8AB4BE27,+91-93400-12587,+91-75300-15086,2025-05-02T15:22:00,30,SMS,BOM-901,19.03003,72.8557,BOM-244,19.098812,72.848586
C7707029,+91-89120-23686,+91-70420-32170,2025-04-21T13:39:00,1288,VOICE,BOM-447,19.044757,72.856109,BOM-621,19.136077,72.829502
47148B2F,+91-89120-76604,+91-91761-19466,2025-05-10T13:58:00,396,VOICE,BOM-702,19.075869,72.878116,BOM-447,19.044109,72.855506
8D2A7630,+91-63990-90685,+91-70420-41993,2025-05-08T09:04:00,202,VOICE,BOM-621,19.136456,72.829189,BOM-318,19.119207,72.846526
DBEAA9F1,+91-80720-63701,+91-75300-94667,2025-05-15T09:39:00,1310,VOICE,BOM-318,19.120005,72.846968,BOM-621,19.135793,72.829647
06E2200F,+91-89120-21430,+91-88200-31033,2025-05-13T22:06:00,14,SMS,BOM-621,19.135686,72.829846,BOM-212,19.041479,72.863891
443A7CBF,+91-89120-47362,+91-87890-98996,2025-04-20T15:15:00,14,SMS,BOM-702,19.075996,72.877452,BOM-621,19.136275,72.829209
7BB1B19A,+91-93400-92536,+91-89120-72851,2025-05-17T11:54:00,1075,VOICE,BOM-808,19.05429,72.90054,BOM-447,19.04392,72.855917
54B81377,+91-63990-72519,+91-88200-47310,2025-05-18T21:06:00,1372,VOICE,BOM-447,19.044213,72.855741,BOM-447,19.044625,72.856109
3A1D8CF2,+91-93400-38726,+91-75300-92404,2025-05-08T11:57:00,406,VOICE,BOM-447,19.043936,72.855537,BOM-808,19.054122,72.90004
714D7C88,+91-88200-64608,+91-80720-19616,2025-04-24T22:39:00,439,VOICE,BOM-318,19.120148,72.846666,BOM-103,18.963347,72.834011
88A640C3,+91-87890-21201,+91-75300-71215,2025-05-01T07:32:00,29,SMS,BOM-519,19.065883,72.878617,BOM-103,18.963705,72.834325
059F3011,+91-75300-25278,+91-80720-15774,2025-04-26T17:38:00,846,VOICE,BOM-901,19.029832,72.855621,BOM-318,19.12003,72.847
B225104B,+91-70420-74079,+91-80720-11925,2025-04-19T19:53:00,20,SMS,BOM-244,19.098681,72.84935,BOM-244,19.098857,72.849055
F97FC965,+91-87890-94304,+91-80720-35031,2025-04-16T18:27:00,212,VOICE,BOM-901,19.029791,72.855799,BOM-519,19.06642,72.878173
CF66B9B6,+91-77540-25167,+91-75300-89437,2025-04-18T20:46:00,1200,VOICE,BOM-318,19.119784,72.846455,BOM-318,19.119274,72.846559
A3AB7BD9,+91-75300-48391,+91-63990-49068,2025-04-15T13:59:00,1767,VOICE,BOM-519,19.066761,72.878864,BOM-318,19.119638,72.847226
C8C783CB,+91-80720-56459,+91-89120-86957,2025-05-17T08:41:00,1023,VOICE,BOM-702,19.076176,72.878125,BOM-447,19.044613,72.85593
FA7641A2,+91-91761-52037,+91-63990-67212,2025-05-09T14:06:00,47,SMS,BOM-621,19.135757,72.829656,BOM-808,19.054046,72.900875
3234BBA5,+91-88200-72447,+91-91761-74921,2025-04-18T15:04:00,40,SMS,BOM-621,19.135562,72.829498,BOM-212,19.041757,72.863683
4F50DBBE,+91-87890-20204,+91-89120-85999,2025-05-02T11:35:00,6,SMS,BOM-318,19.119891,72.846801,BOM-702,19.07576,72.87724
700F3057,+91-89120-28802,+91-70420-23708,2025-05-12T07:06:00,1572,VOICE,BOM-447,19.044197,72.855526,BOM-621,19.135754,72.829945
55E98217,+91-91761-42834,+91-77540-43290,2025-05-12T08:11:00,1045,VOICE,BOM-318,19.119455,72.846463,BOM-318,19.119428,72.846713
756D7D2C,+91-75300-98040,+91-77540-86054,2025-05-19T12:05:00,12,SMS,BOM-519,19.066279,72.878392,BOM-621,19.136391,72.829305
61C32DD9,+91-91761-14856,+91-75300-46890,2025-04-15T17:32:00,1028,VOICE,BOM-244,19.099115,72.848781,BOM-621,19.136448,72.829833
C8C86677,+91-75300-91161,+91-87890-16302,2025-04-22T23:01:00,447,VOICE,BOM-103,18.963478,72.834204,BOM-244,19.098984,72.848709
C6DC1EAE,+91-77540-63730,+91-77540-60603,2025-05-13T10:38:00,11,SMS,BOM-519,19.065985,72.878507,BOM-318,19.119432,72.847072
AB89EE2A,+91-93400-69089,+91-80720-72800,2025-05-07T11:54:00,9,SMS,BOM-212,19.041803,72.86365,BOM-244,19.098693,72.848805
09EA6343,+91-91761-37215,+91-89120-94533,2025-05-04T18:12:00,688,VOICE,BOM-212,19.041876,72.863269,BOM-519,19.06633,72.878418
A35D3B40,+91-70420-75016,+91-63990-95465,2025-05-19T11:12:00,1320,VOICE,BOM-621,19.136274,72.829546,BOM-212,19.041849,72.863253
6A82B414,+91-77540-44258,+91-75300-70021,2025-04-22T10:52:00,59,SMS,BOM-519,19.066271,72.878831,BOM-519,19.066374,72.878248
79C93E74,+91-63990-45766,+91-70420-95995,2025-05-16T15:19:00,52,SMS,BOM-318,19.119911,72.847261,BOM-447,19.044852,72.856297
89F2F712,+91-89120-28291,+91-87890-50486,2025-04-27T11:19:00,1012,VOICE,BOM-447,19.044173,72.855679,BOM-244,19.09874,72.849416
3820A534,+91-75300-14770,+91-75300-67293,2025-04-18T17:44:00,13,SMS,BOM-519,19.066178,72.878183,BOM-901,19.029406,72.855042
CE1A9B44,+91-63990-75392,+91-75300-40612,2025-05-07T15:27:00,667,VOICE,BOM-901,19.029456,72.855504,BOM-318,19.12009,72.847076
6D62554D,+91-93400-66365,+91-80720-79331,2025-04-16T11:20:00,681,VOICE,BOM-901,19.02926,72.855481,BOM-318,19.119749,72.846504
3CBCAD66,+91-91761-65110,+91-87890-24704,2025-05-07T08:57:00,44,SMS,BOM-702,19.075809,72.878059,BOM-702,19.076034,72.877664
E0FF1128,+91-70420-33769,+91-87890-28528,2025-04-17T09:05:00,48,SMS,BOM-447,19.044035,72.856266,BOM-808,19.054142,72.900379
674D87B6,+91-80720-51629,+91-89120-71575,2025-05-01T14:14:00,625,VOICE,BOM-519,19.066596,72.877971,BOM-103,18.962978,72.834337
79853D48,+91-89120-66590,+91-87890-79316,2025-05-01T22:17:00,261,VOICE,BOM-702,19.075809,72.877927,BOM-447,19.044617,72.855358
597F4F52,+91-75300-16772,+91-70420-49477,2025-04-16T10:28:00,57,SMS,BOM-808,19.054874,72.900813,BOM-318,19.120081,72.846305
BCC57EB1,+91-87890-27465,+91-77540-55745,2025-05-19T09:00:00,1222,VOICE,BOM-212,19.041173,72.863681,BOM-244,19.098911,72.849301
D99965B9,+91-91761-75164,+91-70420-13833,2025-04-26T10:49:00,71,VOICE,BOM-702,19.075949,72.877784,BOM-103,18.963755,72.834643
92A13D50,+91-63990-28094,+91-77540-84275,2025-05-03T16:03:00,1563,VOICE,BOM-519,19.066566,72.877909,BOM-519,19.066472,72.878645
EAE5EA62,+91-88200-64557,+91-70420-94717,2025-05-13T15:55:00,19,SMS,BOM-621,19.135757,72.83006,BOM-621,19.136118,72.829844
7D6CD895,+91-91761-77667,+91-80720-21761,2025-05-20T21:08:00,44,SMS,BOM-244,19.098669,72.848892,BOM-901,19.029257,72.855071
F1C3AA48,+91-88200-19568,+91-88200-92789,2025-05-20T12:05:00,23,SMS,BOM-702,19.075608,72.878004,BOM-621,19.135857,72.829283
32CE117B,+91-96200-33333,+91-96200-11111,2025-05-13T15:15:00,184,VOICE,BOM-702,19.076149,72.877342,BOM-808,19.054434,72.900687
3C525A85,+91-75300-48566,+91-70420-64744,2025-04-29T10:08:00,685,VOICE,BOM-702,19.076028,72.878156,BOM-212,19.041023,72.863775
606B9A85,+91-77540-16649,+91-91761-33190,2025-05-06T09:31:00,1560,VOICE,BOM-447,19.044514,72.855576,BOM-318,19.119282,72.847291
221AA722,+91-75300-69317,+91-80720-10393,2025-05-15T20:54:00,725,VOICE,BOM-621,19.136069,72.830038,BOM-212,19.041795,72.863482
C64EF801,+91-87890-69982,+91-63990-90585,2025-05-05T21:08:00,1530,VOICE,BOM-318,19.11967,72.846473,BOM-212,19.0409,72.863723
1CD5C99E,+91-96200-33333,+91-96200-44444,2025-05-07T09:05:00,939,VOICE,BOM-318,19.119977,72.846557,BOM-103,18.963014,72.833806
023FDC29,+91-89120-15578,+91-75300-72489,2025-05-18T18:41:00,330,VOICE,BOM-244,19.099348,72.849408,BOM-621,19.136115,72.829909
11217A70,+91-80720-76763,+91-75300-97585,2025-05-05T10:18:00,19,SMS,BOM-318,19.119786,72.846578,BOM-808,19.054214,72.900405
6A13C93A,+91-80720-32145,+91-91761-23514,2025-05-08T17:08:00,20,SMS,BOM-808,19.054105,72.900575,BOM-702,19.07633,72.877799
6C968319,+91-93400-80094,+91-75300-12727,2025-05-11T16:09:00,1118,VOICE,BOM-702,19.076187,72.877316,BOM-244,19.09928,72.849287
D2FAA8E5,+91-80720-84632,+91-87890-75173,2025-05-04T11:51:00,95,VOICE,BOM-447,19.044784,72.855709,BOM-244,19.098729,72.849096
F45F05D0,+91-93400-27014,+91-77540-29284,2025-04-22T16:51:00,1009,VOICE,BOM-901,19.030076,72.854879,BOM-103,18.963083,72.834126
DC0F5BC0,+91-93400-52896,+91-77540-75585,2025-05-01T15:22:00,1154,VOICE,BOM-212,19.041026,72.863605,BOM-702,19.075859,72.877785
A9903649,+91-87890-42378,+91-88200-41109,2025-04-19T23:18:00,1691,VOICE,BOM-702,19.075835,72.877774,BOM-244,19.099471,72.849028
BBC8D2C5,+91-70420-38472,+91-80720-21693,2025-05-18T10:14:00,1273,VOICE,BOM-212,19.041451,72.864173,BOM-702,19.07547,72.877882
F29AEA43,+91-80720-34738,+91-93400-36287,2025-05-06T21:20:00,1797,VOICE,BOM-519,19.066646,72.878261,BOM-901,19.02968,72.855168
E8686201,+91-75300-32825,+91-93400-26871,2025-05-06T18:16:00,21,SMS,BOM-901,19.029355,72.854816,BOM-901,19.02968,72.854832
99D0BF42,+91-93400-83348,+91-87890-59680,2025-04-15T18:51:00,9,SMS,BOM-808,19.054483,72.900223,BOM-244,19.098769,72.848984
E336FDA7,+91-91761-92708,+91-88200-73907,2025-04-15T16:34:00,244,VOICE,BOM-519,19.066683,72.878133,BOM-901,19.030067,72.855236
E20AFA2D,+91-80720-95176,+91-75300-87158,2025-04-29T17:30:00,43,SMS,BOM-621,19.135745,72.829864,BOM-808,19.054818,72.900123
9A9C1EE6,+91-93400-17937,+91-93400-13074,2025-04-30T18:24:00,1304,VOICE,BOM-318,19.119286,72.847203,BOM-447,19.044863,72.855563
31CA406B,+91-75300-16247,+91-89120-61904,2025-04-15T09:27:00,1545,VOICE,BOM-212,19.041358,72.863418,BOM-318,19.119911,72.846741
F1F0889C,+91-70420-98545,+91-77540-20736,2025-05-09T12:06:00,20,SMS,BOM-447,19.043904,72.855754,BOM-519,19.066087,72.878652
9CB8EDF9,+91-80720-67194,+91-63990-41067,2025-05-07T07:59:00,15,SMS,BOM-702,19.075969,72.877465,BOM-621,19.135762,72.829597
C4248466,+91-88200-86710,+91-93400-99089,2025-05-01T11:49:00,731,VOICE,BOM-212,19.041547,72.863651,BOM-702,19.076267,72.877584
AF67CF1B,+91-96200-33333,+91-96200-44444,2025-05-06T18:54:00,1181,VOICE,BOM-808,19.054506,72.900969,BOM-519,19.066354,72.878618
4AD2BFE9,+91-91761-43880,+91-80720-40898,2025-04-16T14:33:00,33,SMS,BOM-519,19.066582,72.878062,BOM-702,19.075424,72.877652
61F1A797,+91-87890-75004,+91-91761-72153,2025-05-06T09:56:00,1077,VOICE,BOM-212,19.041229,72.863493,BOM-702,19.076186,72.877247
0A7BB29A,+91-88200-14182,+91-88200-43370,2025-05-13T07:30:00,15,SMS,BOM-244,19.098851,72.848863,BOM-621,19.135589,72.829723
C6A8001C,+91-88200-33668,+91-63990-65457,2025-05-15T09:26:00,1388,VOICE,BOM-702,19.075786,72.877578,BOM-808,19.054748,72.90048
657D08E2,+91-96200-22222,+91-96200-11111,2025-05-06T18:36:00,20,SMS,BOM-318,19.119977,72.846807,BOM-808,19.054549,72.900484
CD64C880,+91-75300-97938,+91-75300-37763,2025-05-12T14:40:00,1543,VOICE,BOM-318,19.119422,72.847017,BOM-901,19.030018,72.855739
26D6705C,+91-91761-13907,+91-91761-24385,2025-04-15T20:12:00,47,SMS,BOM-212,19.04139,72.863818,BOM-808,19.054495,72.900726
3969C0E0,+91-70420-57697,+91-87890-25075,2025-04-17T18:55:00,1080,VOICE,BOM-621,19.136032,72.829554,BOM-447,19.044775,72.856254
6210E48B,+91-89120-37256,+91-80720-22344,2025-04-16T11:24:00,421,VOICE,BOM-212,19.041384,72.863857,BOM-103,18.963586,72.834417
92CD692C,+91-75300-81312,+91-87890-57739,2025-04-24T10:43:00,1215,VOICE,BOM-901,19.0295,72.855445,BOM-808,19.054202,72.900151
0960BBA4,+91-70420-25896,+91-70420-82404,2025-04-20T19:49:00,1666,VOICE,BOM-808,19.054034,72.900877,BOM-702,19.075575,72.877501
AF8FC86F,+91-93400-37303,+91-70420-77283,2025-05-14T12:54:00,1333,VOICE,BOM-244,19.098701,72.848651,BOM-103,18.963639,72.834425
15A4FF70,+91-75300-87198,+91-80720-41379,2025-04-16T07:01:00,1362,VOICE,BOM-901,19.029432,72.8556,BOM-244,19.099102,72.849267
C262F4EA,+91-96200-33333,+91-96200-11111,2025-05-01T13:32:00,920,VOICE,BOM-901,19.029926,72.855061,BOM-212,19.041194,72.863533
B06594E5,+91-63990-87149,+91-87890-97323,2025-04-29T23:12:00,21,SMS,BOM-447,19.044614,72.855664,BOM-702,19.075572,72.87796
736F7D21,+91-75300-29512,+91-93400-49691,2025-05-20T09:15:00,66,VOICE,BOM-702,19.075811,72.877935,BOM-318,19.119609,72.847269
4977689B,+91-77540-31047,+91-63990-96611,2025-05-10T08:11:00,44,SMS,BOM-901,19.029495,72.855226,BOM-808,19.054463,72.900845
5C1E6F43,+91-88200-55437,+91-88200-63085,2025-04-16T12:59:00,392,VOICE,BOM-103,18.963673,72.833878,BOM-447,19.044115,72.855595
ACAC5D7B,+91-77540-83751,+91-75300-65422,2025-05-08T14:01:00,772,VOICE,BOM-318,19.119923,72.84722,BOM-519,19.066039,72.87819
D4A8868B,+91-80720-95260,+91-63990-54236,2025-05-06T15:28:00,589,VOICE,BOM-702,19.07621,72.877518,BOM-318,19.119753,72.846634
08A86A91,+91-80720-97929,+91-87890-67011,2025-05-12T23:22:00,303,VOICE,BOM-808,19.054774,72.900226,BOM-447,19.04463,72.856148
77D5C5BF,+91-80720-98781,+91-63990-32180,2025-05-02T08:59:00,423,VOICE,BOM-519,19.066638,72.878525,BOM-103,18.963196,72.834566
11FF81E9,+91-80720-56165,+91-88200-42801,2025-05-02T15:14:00,430,VOICE,BOM-103,18.962847,72.833761,BOM-212,19.041119,72.863468
FF3D48D4,+91-75300-54511,+91-63990-68332,2025-04-20T21:12:00,1394,VOICE,BOM-519,19.065873,72.878872,BOM-318,19.119248,72.846777
B51F7D4A,+91-93400-64351,+91-88200-51183,2025-05-17T16:20:00,60,SMS,BOM-808,19.05458,72.900081,BOM-702,19.075948,72.878059
423D4B7C,+91-91761-45776,+91-63990-48470,2025-04-15T19:14:00,1270,VOICE,BOM-103,18.963618,72.834336,BOM-244,19.098552,72.84875
BF35E2A4,+91-77540-94211,+91-70420-29151,2025-04-22T14:39:00,1172,VOICE,BOM-244,19.09855,72.848797,BOM-103,18.963605,72.83415
D5E2F2F7,+91-77540-42287,+91-87890-77244,2025-05-11T13:43:00,665,VOICE,BOM-901,19.029928,72.855785,BOM-901,19.029845,72.85506
8C86C466,+91-91761-28473,+91-77540-71115,2025-04-29T19:12:00,42,SMS,BOM-318,19.119994,72.847241,BOM-519,19.066726,72.878638
6FDA4C53,+91-80720-60604,+91-93400-61909,2025-04-21T21:09:00,58,SMS,BOM-901,19.029173,72.855634,BOM-621,19.13585,72.829729
5B4E54A7,+91-63990-81754,+91-70420-94717,2025-05-14T15:47:00,160,VOICE,BOM-447,19.044038,72.855705,BOM-447,19.044592,72.855844
F52BDAAB,+91-88200-37589,+91-63990-73768,2025-05-03T14:41:00,29,SMS,BOM-702,19.075509,72.877387,BOM-318,19.11957,72.846704
1EF56347,+91-93400-26001,+91-87890-19825,2025-05-17T10:36:00,1789,VOICE,BOM-103,18.9634,72.834087,BOM-901,19.029476,72.855479
55760848,+91-87890-22729,+91-93400-99049,2025-04-26T19:52:00,1707,VOICE,BOM-621,19.136324,72.829935,BOM-519,19.066679,72.878669
60BE538C,+91-91761-84697,+91-91761-75311,2025-04-30T10:13:00,674,VOICE,BOM-244,19.09904,72.849053,BOM-244,19.098997,72.84926
41EEE611,+91-89120-41629,+91-63990-84442,2025-05-08T12:51:00,310,VOICE,BOM-621,19.13635,72.829818,BOM-519,19.065912,72.878617
D049F984,+91-70420-33152,+91-88200-57171,2025-04-20T10:00:00,585,VOICE,BOM-244,19.099328,72.849148,BOM-519,19.066662,72.878009
FCBFC2C9,+91-93400-76781,+91-80720-87739,2025-04-20T09:29:00,36,SMS,BOM-702,19.075554,72.8775,BOM-901,19.0298,72.855623
5E270AE8,+91-88200-45042,+91-91761-92199,2025-05-19T07:07:00,1783,VOICE,BOM-103,18.963566,72.8339,BOM-318,19.119819,72.846994
D7B10D9F,+91-88200-37112,+91-80720-56464,2025-04-17T08:56:00,643,VOICE,BOM-621,19.135632,72.829474,BOM-318,19.119956,72.847268
2B75096C,+91-75300-44311,+91-63990-31432,2025-05-11T20:23:00,25,SMS,BOM-621,19.135511,72.829565,BOM-318,19.119244,72.846609
F0DAF817,+91-91761-79311,+91-70420-93450,2025-05-14T21:10:00,334,VOICE,BOM-212,19.041044,72.863327,BOM-808,19.054274,72.900343
FB6EC3E1,+91-89120-15590,+91-77540-95524,2025-05-10T17:26:00,930,VOICE,BOM-621,19.135745,72.829224,BOM-447,19.044326,72.855321
F237D78E,+91-88200-75053,+91-93400-23426,2025-05-20T07:56:00,1392,VOICE,BOM-519,19.066753,72.878053,BOM-212,19.041778,72.863423
3BF58606,+91-80720-87284,+91-88200-92816,2025-05-08T13:33:00,1547,VOICE,BOM-212,19.041324,72.863715,BOM-808,19.054114,72.90033
16B80F6F,+91-75300-62784,+91-80720-29932,2025-04-22T07:30:00,996,VOICE,BOM-244,19.098564,72.849056,BOM-318,19.119624,72.846982
46B66DCA,+91-77540-98747,+91-88200-52944,2025-05-16T21:52:00,45,SMS,BOM-901,19.029399,72.855186,BOM-447,19.044285,72.855947
88C5CD55,+91-96200-44444,+91-93400-66125,2025-05-08T21:52:00,5,SMS,MLW-088,19.187,72.8411,BOM-447,19.04414,72.855723
16AC886B,+91-77540-36841,+91-89120-88829,2025-04-20T21:45:00,493,VOICE,BOM-901,19.029599,72.854996,BOM-621,19.135661,72.829937
A1C72D70,+91-96200-22222,+91-96200-11111,2025-05-20T15:38:00,1072,VOICE,BOM-519,19.066483,72.878888,BOM-621,19.135739,72.83006
3FEF0315,+91-77540-92682,+91-93400-80039,2025-04-26T20:35:00,910,VOICE,BOM-447,19.044826,72.856003,BOM-808,19.054411,72.900342
52BFE8E7,+91-77540-54604,+91-77540-50139,2025-05-09T23:16:00,1152,VOICE,BOM-212,19.040968,72.864183,BOM-447,19.044817,72.855671
9F3011F3,+91-96200-22222,+91-96200-33333,2025-05-15T07:06:00,502,VOICE,BOM-901,19.029569,72.855728,BOM-702,19.075931,72.877631
76C32EBF,+91-77540-70584,+91-80720-79928,2025-04-29T09:02:00,1681,VOICE,BOM-519,19.06604,72.878857,BOM-447,19.044117,72.856008
2F1E060C,+91-87890-15707,+91-77540-27460,2025-04-18T09:36:00,1622,VOICE,BOM-621,19.136351,72.829759,BOM-808,19.054688,72.900293
93E8809D,+91-91761-59080,+91-88200-14568,2025-04-25T19:55:00,1159,VOICE,BOM-447,19.044557,72.855404,BOM-621,19.136162,72.82951
16B77DEA,+91-89120-51977,+91-77540-57502,2025-05-06T13:01:00,162,VOICE,BOM-244,19.09905,72.848902,BOM-901,19.029997,72.855616
9AF4929A,+91-87890-61103,+91-88200-97799,2025-05-16T16:38:00,378,VOICE,BOM-519,19.065903,72.878517,BOM-212,19.041619,72.864175
88ABB2DE,+91-88200-92292,+91-70420-71665,2025-04-19T22:15:00,1379,VOICE,BOM-318,19.119286,72.846704,BOM-447,19.044891,72.855505
913F3083,+91-91761-42438,+91-75300-22697,2025-05-14T14:21:00,1021,VOICE,BOM-318,19.119511,72.847264,BOM-621,19.136257,72.830052
6992521D,+91-89120-95233,+91-91761-65008,2025-04-30T16:39:00,10,SMS,BOM-702,19.07573,72.877274,BOM-621,19.136259,72.829964
B007350A,+91-77540-55335,+91-87890-12391,2025-05-06T23:46:00,1615,VOICE,BOM-103,18.9635,72.834608,BOM-103,18.962863,72.833867
237ADB1B,+91-96200-11111,+91-70420-24371,2025-04-29T22:44:00,5,SMS,BKC-112,19.0656,72.8669,BOM-447,19.044475,72.855857
BB2EC75D,+91-89120-19133,+91-70420-62974,2025-05-10T16:30:00,1287,VOICE,BOM-519,19.066535,72.878708,BOM-901,19.029571,72.855271
43856B44,+91-77540-56256,+91-93400-80994,2025-04-26T22:47:00,1524,VOICE,BOM-318,19.119853,72.847173,BOM-103,18.96341,72.833793
5E7CCBCF,+91-87890-81613,+91-63990-52989,2025-04-18T21:14:00,18,SMS,BOM-808,19.054116,72.90098,BOM-447,19.044359,72.855621
8E3E651A,+91-96200-22222,+91-96200-11111,2025-04-28T10:53:00,1269,VOICE,BOM-244,19.099351,72.848621,BOM-702,19.075578,72.878124
0F6C00A2,+91-89120-23040,+91-80720-74637,2025-05-05T23:02:00,1617,VOICE,BOM-901,19.030006,72.855786,BOM-621,19.135908,72.829648
F7E615AE,+91-80720-31637,+91-70420-40658,2025-04-18T12:45:00,440,VOICE,BOM-621,19.136235,72.829107,BOM-901,19.029543,72.855163
A4C47594,+91-63990-47958,+91-75300-52080,2025-04-15T21:45:00,1529,VOICE,BOM-318,19.11982,72.846977,BOM-212,19.041405,72.864103
D1697885,+91-77540-86149,+91-80720-59371,2025-05-06T07:00:00,517,VOICE,BOM-244,19.0993,72.848749,BOM-519,19.065955,72.878825
9654A055,+91-80720-56170,+91-70420-28123,2025-05-13T14:10:00,346,VOICE,BOM-621,19.135734,72.829811,BOM-621,19.135857,72.82922
119463F2,+91-91761-78854,+91-70420-45148,2025-05-09T18:45:00,27,SMS,BOM-318,19.119315,72.846912,BOM-244,19.098971,72.84935
DDF39731,+91-89120-15182,+91-89120-97281,2025-04-28T07:23:00,1750,VOICE,BOM-901,19.030009,72.855066,BOM-244,19.0993,72.849001
64AAA145,+91-75300-12662,+91-87890-20076,2025-04-22T17:51:00,835,VOICE,BOM-702,19.075878,72.877301,BOM-447,19.044453,72.855463
37C48B8F,+91-70420-63968,+91-91761-91707,2025-04-16T07:55:00,264,VOICE,BOM-244,19.09916,72.849162,BOM-621,19.13635,72.829479
A6C8BA7F,+91-96200-33333,+91-96200-11111,2025-05-12T08:52:00,1066,VOICE,BOM-212,19.04187,72.864123,BOM-103,18.963089,72.834533
C39913F0,+91-93400-99878,+91-93400-62576,2025-05-07T14:59:00,511,VOICE,BOM-244,19.098515,72.849233,BOM-318,19.119797,72.8467
CAC123A5,+91-80720-77463,+91-70420-27745,2025-04-21T17:35:00,1259,VOICE,BOM-447,19.044166,72.855616,BOM-244,19.099214,72.848654
1BA4D8D4,+91-63990-77349,+91-88200-49196,2025-04-23T09:08:00,49,VOICE,BOM-621,19.135698,72.829181,BOM-519,19.065833,72.87888
7047F753,+91-70420-42002,+91-70420-26629,2025-04-15T07:22:00,38,SMS,BOM-447,19.044851,72.855825,BOM-519,19.06607,72.878857
C4115564,+91-63990-58790,+91-80720-59646,2025-05-07T17:57:00,277,VOICE,BOM-447,19.044079,72.855691,BOM-519,19.06606,72.878255
9662DE7A,+91-96200-11111,+91-96200-44444,2025-05-16T07:07:00,1183,VOICE,BOM-318,19.119846,72.846525,BOM-702,19.075845,72.877685
53F720F3,+91-77540-14928,+91-70420-34067,2025-05-04T10:45:00,843,VOICE,BOM-447,19.044109,72.856195,BOM-621,19.135681,72.829739
60F2D3E3,+91-75300-53850,+91-91761-18316,2025-05-08T18:03:00,916,VOICE,BOM-901,19.029212,72.855191,BOM-244,19.099141,72.848979
FB0FAAE9,+91-70420-34349,+91-75300-28821,2025-04-22T09:18:00,56,SMS,BOM-621,19.135682,72.829932,BOM-212,19.04115,72.863987
000ED539,+91-75300-20236,+91-63990-61513,2025-05-11T14:00:00,171,VOICE,BOM-901,19.029761,72.854915,BOM-212,19.041325,72.863888
E547CBC6,+91-96200-11111,+91-96200-44444,2025-05-02T09:31:00,1284,VOICE,BOM-212,19.0417,72.863882,BOM-621,19.136404,72.830071
769230D7,+91-96200-22222,+91-96200-11111,2025-04-24T20:59:00,1157,VOICE,BOM-103,18.963415,72.833767,BOM-808,19.054197,72.900767
69A7758A,+91-96200-11111,+91-96200-22222,2025-04-28T11:50:00,1551,VOICE,BOM-901,19.029587,72.854979,BOM-212,19.041228,72.864034
0CFF525B,+91-91761-51248,+91-89120-39272,2025-04-30T14:35:00,1701,VOICE,BOM-808,19.054514,72.900529,BOM-519,19.066134,72.878213
A2C71185,+91-93400-90841,+91-88200-77551,2025-05-18T14:53:00,840,VOICE,BOM-808,19.054115,72.900282,BOM-212,19.041359,72.863371
08271FA9,+91-96200-44444,+91-96200-11111,2025-05-16T17:47:00,21,SMS,BOM-621,19.13587,72.829639,BOM-702,19.076052,72.877653
BA80BB5B,+91-87890-67033,+91-88200-41086,2025-05-18T20:46:00,31,VOICE,BOM-447,19.044095,72.855426,BOM-808,19.054396,72.90023
240DE3BB,+91-89120-28773,+91-87890-56761,2025-04-17T07:19:00,39,SMS,BOM-901,19.02996,72.855443,BOM-447,19.044422,72.855529
9D5825A6,+91-93400-23593,+91-87890-20440,2025-04-29T20:08:00,1430,VOICE,BOM-808,19.054809,72.900078,BOM-212,19.041111,72.8638
3D62E73C,+91-93400-77077,+91-89120-30887,2025-05-03T09:57:00,1322,VOICE,BOM-702,19.076208,72.877619,BOM-901,19.029353,72.855733
CFF36525,+91-88200-46453,+91-88200-18029,2025-04-30T13:23:00,45,VOICE,BOM-318,19.120196,72.846923,BOM-103,18.963403,72.834383
C50D13D8,+91-87890-13779,+91-88200-18000,2025-05-17T07:07:00,21,SMS,BOM-103,18.963776,72.834342,BOM-212,19.041247,72.863244
D37AFEB1,+91-63990-29309,+91-89120-48992,2025-04-23T08:17:00,31,SMS,BOM-519,19.066034,72.878713,BOM-212,19.041688,72.863369
8BE199DD,+91-91761-40934,+91-88200-43825,2025-04-18T12:34:00,600,VOICE,BOM-103,18.96293,72.833851,BOM-447,19.044014,72.855653
CDBFE92C,+91-87890-16384,+91-75300-94895,2025-04-23T17:16:00,331,VOICE,BOM-808,19.054233,72.900848,BOM-447,19.04478,72.855911
C454B5F6,+91-70420-83412,+91-87890-44446,2025-05-14T07:36:00,776,VOICE,BOM-318,19.119972,72.847123,BOM-519,19.066612,72.878718
1107D058,+91-75300-88439,+91-89120-93139,2025-05-11T10:39:00,1496,VOICE,BOM-447,19.044144,72.855738,BOM-519,19.065859,72.878362
1003FCD2,+91-91761-42086,+91-91761-14905,2025-05-03T10:18:00,1261,VOICE,BOM-212,19.040922,72.863983,BOM-621,19.136039,72.829777
4409ADC7,+91-77540-43743,+91-91761-49763,2025-05-17T14:59:00,49,SMS,BOM-702,19.075975,72.877764,BOM-519,19.065837,72.878108
8E5FA392,+91-91761-68616,+91-63990-28511,2025-05-03T14:43:00,1746,VOICE,BOM-447,19.044178,72.855857,BOM-519,19.0661,72.87821
63EFE476,+91-70420-42943,+91-88200-24052,2025-05-14T17:49:00,1086,VOICE,BOM-447,19.044784,72.855363,BOM-212,19.041272,72.863438
856E1C51,+91-77540-13486,+91-91761-23708,2025-05-19T23:49:00,571,VOICE,BOM-318,19.119864,72.846869,BOM-519,19.066332,72.878307
585A3A59,+91-77540-48450,+91-88200-87845,2025-04-21T22:10:00,50,SMS,BOM-103,18.963505,72.833878,BOM-901,19.029905,72.855052
440589E0,+91-75300-26407,+91-91761-30602,2025-05-03T08:40:00,877,VOICE,BOM-519,19.06664,72.878175,BOM-702,19.075699,72.878034
20BCBEFA,+91-96200-22222,+91-96200-33333,2025-05-20T17:28:00,446,VOICE,BOM-621,19.135958,72.82966,BOM-447,19.044448,72.855349
55C77FCE,+91-77540-29933,+91-87890-56713,2025-04-25T18:03:00,6,SMS,BOM-702,19.075988,72.877808,BOM-318,19.12013,72.846841
9C256335,+91-80720-57873,+91-88200-32202,2025-05-09T17:10:00,1427,VOICE,BOM-519,19.066235,72.878583,BOM-318,19.119936,72.846509
0C854687,+91-93400-82335,+91-89120-53221,2025-04-16T11:00:00,1684,VOICE,BOM-702,19.075585,72.87754,BOM-621,19.135657,72.829751
16194D85,+91-63990-67350,+91-75300-69421,2025-04-30T09:12:00,699,VOICE,BOM-621,19.136236,72.829812,BOM-901,19.030022,72.85564
BAE09321,+91-80720-34013,+91-93400-18213,2025-05-06T22:28:00,1012,VOICE,BOM-519,19.066034,72.877903,BOM-244,19.098683,72.84939
B0F40AC8,+91-91761-85910,+91-80720-83647,2025-05-11T15:23:00,27,SMS,BOM-621,19.135641,72.829429,BOM-318,19.119843,72.846801
DD239547,+91-88200-12842,+91-87890-51907,2025-05-19T20:23:00,542,VOICE,BOM-621,19.136358,72.829154,BOM-808,19.054028,72.900849
D026C892,+91-87890-45551,+91-91761-80374,2025-05-14T12:10:00,219,VOICE,BOM-519,19.066695,72.878751,BOM-447,19.043906,72.855634
6D889A93,+91-63990-29186,+91-80720-49409,2025-05-03T18:24:00,42,SMS,BOM-212,19.04189,72.863948,BOM-244,19.09924,72.848786
30259961,+91-91761-36694,+91-80720-83850,2025-05-10T07:04:00,1275,VOICE,BOM-519,19.066675,72.878519,BOM-901,19.02941,72.855742
ED778DC1,+91-89120-92016,+91-87890-44024,2025-04-18T17:36:00,614,VOICE,BOM-244,19.099013,72.84899,BOM-519,19.066169,72.878213
B2588DFB,+91-87890-15879,+91-89120-38044,2025-04-16T20:58:00,1131,VOICE,BOM-318,19.119987,72.847061,BOM-212,19.041155,72.863707
1B5BDBE4,+91-87890-89558,+91-91761-62145,2025-04-18T13:18:00,1071,VOICE,BOM-519,19.066308,72.878699,BOM-212,19.041698,72.863682
6060F960,+91-75300-76846,+91-88200-41979,2025-05-06T12:02:00,482,VOICE,BOM-901,19.02991,72.855458,BOM-621,19.136025,72.829195
D9509112,+91-63990-49157,+91-77540-70779,2025-05-18T20:18:00,43,SMS,BOM-621,19.135688,72.830035,BOM-318,19.120047,72.8464
96975B6E,+91-75300-50335,+91-77540-79029,2025-05-17T14:48:00,379,VOICE,BOM-621,19.136441,72.829499,BOM-103,18.963072,72.834015
2FFEC10D,+91-88200-93343,+91-91761-59851,2025-05-18T09:04:00,67,VOICE,BOM-621,19.135572,72.829442,BOM-212,19.041352,72.863505
85ACF221,+91-70420-45104,+91-87890-75596,2025-04-27T15:31:00,155,VOICE,BOM-212,19.041587,72.864041,BOM-702,19.075659,72.877787
DE6D3868,+91-87890-78245,+91-77540-52816,2025-04-22T23:22:00,399,VOICE,BOM-808,19.054222,72.90089,BOM-318,19.119278,72.846791
B4CCF083,+91-93400-37489,+91-75300-22246,2025-05-10T19:02:00,35,SMS,BOM-519,19.066322,72.878293,BOM-901,19.029291,72.855264
A888AF3D,+91-77540-78961,+91-87890-24310,2025-04-27T19:06:00,743,VOICE,BOM-244,19.099388,72.849285,BOM-447,19.044043,72.855323
FC1BD8A7,+91-89120-20506,+91-80720-38517,2025-04-22T23:15:00,1116,VOICE,BOM-318,19.119667,72.846751,BOM-318,19.119345,72.847029
DC1E806B,+91-75300-21889,+91-77540-39357,2025-05-16T23:38:00,1590,VOICE,BOM-808,19.054859,72.900684,BOM-212,19.04133,72.863986
90937114,+91-75300-85815,+91-77540-62632,2025-05-05T16:07:00,38,SMS,BOM-702,19.075797,72.877265,BOM-103,18.963139,72.834222
113DE6CD,+91-93400-73251,+91-63990-25223,2025-04-17T11:23:00,600,VOICE,BOM-702,19.075557,72.878008,BOM-244,19.099175,72.849323
0D16BBDB,+91-93400-25345,+91-87890-67306,2025-04-24T08:29:00,997,VOICE,BOM-621,19.136245,72.829501,BOM-901,19.029625,72.855707
5D4994AC,+91-80720-92408,+91-70420-77475,2025-05-10T08:19:00,1305,VOICE,BOM-212,19.041246,72.864155,BOM-519,19.066798,72.878229
5EBDA7C1,+91-63990-15874,+91-89120-67346,2025-05-10T19:12:00,381,VOICE,BOM-702,19.075438,72.877555,BOM-103,18.963193,72.834115
6AE38378,+91-80720-11914,+91-63990-99704,2025-05-20T10:22:00,1598,VOICE,BOM-103,18.963747,72.833839,BOM-212,19.041362,72.863986
F56A75D6,+91-89120-19196,+91-89120-26515,2025-05-05T10:23:00,1353,VOICE,BOM-103,18.963782,72.833878,BOM-103,18.963571,72.833802
8FFB12C1,+91-88200-58212,+91-87890-35890,2025-05-03T18:15:00,15,SMS,BOM-901,19.029589,72.855521,BOM-702,19.075946,72.877735
14647050,+91-88200-76979,+91-75300-50143,2025-04-24T12:08:00,1783,VOICE,BOM-318,19.119556,72.84638,BOM-519,19.066105,72.878434
5E1CD8D6,+91-80720-15496,+91-88200-91792,2025-05-03T15:24:00,44,SMS,BOM-702,19.076095,72.877636,BOM-212,19.041205,72.863692
0AF3AC24,+91-89120-85938,+91-70420-83560,2025-05-17T10:00:00,251,VOICE,BOM-901,19.029951,72.854929,BOM-808,19.054642,72.900722
E502BC5D,+91-70420-12357,+91-63990-65753,2025-04-24T15:12:00,45,SMS,BOM-318,19.12008,72.846436,BOM-901,19.029671,72.855708
91128D4B,+91-80720-59741,+91-93400-17066,2025-04-15T11:42:00,47,SMS,BOM-519,19.066374,72.878783,BOM-702,19.076149,72.877933
E91F7996,+91-93400-70929,+91-75300-19388,2025-04-26T09:30:00,9,SMS,BOM-808,19.054352,72.900538,BOM-244,19.098865,72.848631
B94FAEE1,+91-77540-68560,+91-91761-27531,2025-05-12T17:16:00,1696,VOICE,BOM-103,18.963237,72.834242,BOM-244,19.098663,72.848616
00F92499,+91-77540-15765,+91-91761-89738,2025-04-21T12:40:00,281,VOICE,BOM-103,18.963659,72.833861,BOM-519,19.065972,72.878304
CD40196A,+91-88200-84876,+91-63990-58604,2025-05-17T09:18:00,30,SMS,BOM-702,19.076086,72.877764,BOM-212,19.041378,72.863775
8F80E1A9,+91-70420-23589,+91-77540-23682,2025-05-19T07:50:00,1291,VOICE,BOM-212,19.040953,72.863997,BOM-447,19.044054,72.856166
AF2C901B,+91-91761-43855,+91-87890-76436,2025-05-10T09:56:00,1520,VOICE,BOM-808,19.054349,72.900825,BOM-212,19.041075,72.863277
5BFBFFBA,+91-91761-57882,+91-70420-99594,2025-05-04T15:57:00,6,SMS,BOM-702,19.075681,72.877337,BOM-808,19.054863,72.900366
27F866FB,+91-63990-51235,+91-70420-93255,2025-04-29T23:34:00,162,VOICE,BOM-702,19.075743,72.877328,BOM-519,19.066762,72.878447
F6E49DA7,+91-75300-58441,+91-75300-54941,2025-04-20T15:39:00,1316,VOICE,BOM-519,19.066055,72.878807,BOM-244,19.099327,72.84879
28BEDC90,+91-63990-37963,+91-87890-12824,2025-04-16T07:12:00,47,VOICE,BOM-244,19.098766,72.849438,BOM-621,19.135808,72.829634
7C5DB529,+91-89120-38456,+91-88200-24895,2025-05-05T09:46:00,1625,VOICE,BOM-702,19.076189,72.87728,BOM-447,19.044268,72.855899
10CBEEA9,+91-80720-56792,+91-77540-58187,2025-05-04T15:00:00,35,SMS,BOM-244,19.099465,72.848768,BOM-212,19.041726,72.863851
8D80D608,+91-87890-43213,+91-87890-96201,2025-05-19T13:44:00,461,VOICE,BOM-621,19.136246,72.829436,BOM-447,19.044342,72.855995
CD4F0D3F,+91-87890-41642,+91-80720-93813,2025-04-24T09:05:00,1654,VOICE,BOM-808,19.054851,72.900425,BOM-519,19.066358,72.878756
CA63CA62,+91-70420-39455,+91-63990-34382,2025-05-03T08:34:00,50,SMS,BOM-318,19.119429,72.846487,BOM-901,19.030096,72.855675
90EA8B51,+91-89120-76284,+91-87890-89545,2025-05-05T09:13:00,205,VOICE,BOM-519,19.065831,72.878116,BOM-808,19.05477,72.90081
8DAFAF64,+91-91761-26413,+91-91761-66737,2025-05-11T15:48:00,44,SMS,BOM-103,18.963214,72.834422,BOM-244,19.09865,72.848926
3D56BA0F,+91-87890-10824,+91-91761-71219,2025-05-19T20:52:00,1409,VOICE,BOM-808,19.054042,72.900276,BOM-808,19.054536,72.90052
9936563E,+91-70420-89618,+91-93400-23768,2025-04-28T16:10:00,1692,VOICE,BOM-447,19.044267,72.855884,BOM-621,19.136284,72.829529
4A51BCBB,+91-63990-94659,+91-63990-64422,2025-05-12T14:40:00,1381,VOICE,BOM-212,19.040908,72.86372,BOM-103,18.963538,72.83377
1E47D41C,+91-77540-14710,+91-93400-91782,2025-05-18T17:44:00,15,SMS,BOM-447,19.044801,72.855315,BOM-318,19.119404,72.84711
08C3D24B,+91-88200-97487,+91-91761-81582,2025-04-26T23:36:00,55,SMS,BOM-702,19.075902,72.878086,BOM-702,19.075495,72.877334
F666802B,+91-88200-95013,+91-80720-36203,2025-04-26T15:59:00,1245,VOICE,BOM-519,19.066541,72.878139,BOM-621,19.135972,72.829883
6C1103E8,+91-87890-47057,+91-63990-69304,2025-04-25T09:42:00,633,VOICE,BOM-103,18.963661,72.834277,BOM-901,19.029672,72.854901
5FAF3D75,+91-93400-49474,+91-87890-95049,2025-05-06T13:52:00,31,SMS,BOM-447,19.044372,72.855629,BOM-808,19.054906,72.900172
1FA47261,+91-77540-89885,+91-77540-12289,2025-05-09T11:12:00,1128,VOICE,BOM-519,19.065908,72.878102,BOM-212,19.041314,72.864029
C449700A,+91-75300-89599,+91-93400-26891,2025-04-26T22:31:00,34,SMS,BOM-702,19.075868,72.877933,BOM-808,19.054628,72.900067
1473E83B,+91-80720-44573,+91-91761-80267,2025-05-11T14:26:00,383,VOICE,BOM-519,19.066325,72.87877,BOM-901,19.030037,72.855591
A01CA7E1,+91-75300-96270,+91-88200-45424,2025-05-18T08:55:00,48,VOICE,BOM-519,19.066217,72.878071,BOM-447,19.044089,72.855631
50750592,+91-70420-53082,+91-70420-58100,2025-05-15T12:21:00,1631,VOICE,BOM-808,19.054502,72.900258,BOM-901,19.029758,72.854875
83242402,+91-77540-11147,+91-87890-33966,2025-05-19T19:59:00,388,VOICE,BOM-447,19.044737,72.856152,BOM-244,19.09875,72.848683
EC3D33C5,+91-87890-42389,+91-70420-75125,2025-04-20T15:00:00,902,VOICE,BOM-901,19.029508,72.855651,BOM-901,19.030088,72.855632
CC40F815,+91-80720-26401,+91-88200-10114,2025-04-25T16:19:00,952,VOICE,BOM-808,19.054082,72.900424,BOM-244,19.099384,72.848752
DE509F96,+91-96200-33333,+91-96200-11111,2025-05-08T08:29:00,1244,VOICE,BOM-447,19.044308,72.855634,BOM-447,19.04394,72.855455
18D45A2F,+91-91761-73845,+91-80720-53506,2025-04-18T21:18:00,279,VOICE,BOM-103,18.962905,72.833709,BOM-103,18.963313,72.834412
D814E278,+91-91761-40962,+91-88200-36537,2025-05-19T17:29:00,365,VOICE,BOM-103,18.963678,72.834477,BOM-318,19.120095,72.846847
BC3541A2,+91-63990-96365,+91-87890-99856,2025-04-28T15:18:00,38,SMS,BOM-447,19.044714,72.855847,BOM-212,19.04175,72.863802
57068365,+91-89120-49868,+91-63990-38792,2025-04-27T18:54:00,687,VOICE,BOM-621,19.135773,72.82916,BOM-318,19.120052,72.846817
4048210B,+91-96200-11111,+91-88200-35117,2025-04-29T22:06:00,5,SMS,BKC-112,19.0656,72.8669,BOM-901,19.029119,72.855567
AC9AA9E3,+91-77540-96651,+91-75300-35797,2025-04-26T07:32:00,762,VOICE,BOM-901,19.029719,72.855086,BOM-447,19.044289,72.855305
807F1197,+91-75300-34951,+91-63990-37017,2025-05-17T15:36:00,752,VOICE,BOM-318,19.119355,72.846309,BOM-621,19.136249,72.829553
49E0C46F,+91-75300-54989,+91-75300-96128,2025-05-02T10:57:00,1440,VOICE,BOM-621,19.135783,72.829241,BOM-318,19.120071,72.846965
6551897C,+91-88200-36150,+91-70420-23728,2025-04-26T13:48:00,1708,VOICE,BOM-244,19.099177,72.849067,BOM-808,19.054388,72.900398
FCF39F4F,+91-91761-85285,+91-80720-65915,2025-04-26T17:41:00,47,SMS,BOM-244,19.099336,72.849443,BOM-901,19.029347,72.855491
730DBD55,+91-80720-84716,+91-75300-53813,2025-04-19T18:45:00,964,VOICE,BOM-318,19.1192,72.84709,BOM-702,19.076326,72.877248
4886E9E8,+91-63990-45568,+91-80720-85793,2025-05-19T07:33:00,755,VOICE,BOM-808,19.054859,72.900237,BOM-244,19.099214,72.848598
8D56BEBB,+91-91761-94361,+91-77540-57091,2025-05-05T23:49:00,23,SMS,BOM-519,19.066314,72.878065,BOM-808,19.0543,72.90044
6783C1E1,+91-80720-90374,+91-63990-90704,2025-05-02T17:29:00,1410,VOICE,BOM-702,19.076078,72.878076,BOM-901,19.029304,72.855225
9554E477,+91-70420-59205,+91-89120-36671,2025-05-07T10:29:00,1526,VOICE,BOM-212,19.041079,72.864171,BOM-519,19.065867,72.878527
C9769364,+91-77540-29609,+91-93400-79959,2025-05-11T08:46:00,332,VOICE,BOM-447,19.044794,72.856217,BOM-244,19.098553,72.848523
609F2061,+91-63990-66267,+91-88200-19741,2025-05-05T18:43:00,829,VOICE,BOM-702,19.075414,72.878189,BOM-808,19.054442,72.900365
4694D448,+91-91761-69447,+91-75300-15682,2025-05-05T16:29:00,461,VOICE,BOM-103,18.963295,72.834009,BOM-519,19.066409,72.878356
D1B0E063,+91-87890-32125,+91-75300-58398,2025-04-20T13:07:00,250,VOICE,BOM-103,18.963665,72.83459,BOM-621,19.136412,72.829811
14D11CCF,+91-70420-44068,+91-88200-48820,2025-05-14T10:50:00,649,VOICE,BOM-103,18.963619,72.833967,BOM-621,19.136385,72.829262
25C725FF,+91-96200-11111,+91-96200-33333,2025-05-02T12:54:00,799,VOICE,BOM-447,19.044092,72.855397,BOM-103,18.963017,72.834488
9F5EFC79,+91-93400-60526,+91-63990-23351,2025-04-21T12:09:00,31,SMS,BOM-244,19.099344,72.849037,BOM-808,19.05426,72.900736
B6B7C02A,+91-87890-75110,+91-80720-28984,2025-05-08T08:44:00,982,VOICE,BOM-447,19.0447,72.855904,BOM-212,19.041015,72.86393
D94084A0,+91-80720-86635,+91-70420-35390,2025-04-28T09:29:00,1686,VOICE,BOM-103,18.963785,72.833742,BOM-702,19.076148,72.878
D8C2F72B,+91-63990-69316,+91-80720-95018,2025-05-11T23:20:00,1162,VOICE,BOM-621,19.136352,72.829791,BOM-103,18.963409,72.83417
90308D33,+91-75300-47463,+91-77540-30546,2025-05-13T12:11:00,48,VOICE,BOM-808,19.054685,72.900468,BOM-103,18.963573,72.834488
B81A2103,+91-77540-62400,+91-70420-41187,2025-05-16T15:17:00,1778,VOICE,BOM-901,19.02952,72.854953,BOM-244,19.099357,72.849099
7904737F,+91-75300-23327,+91-77540-60483,2025-05-08T19:57:00,1583,VOICE,BOM-702,19.076113,72.87734,BOM-621,19.136183,72.829519
2268B8BC,+91-77540-59284,+91-88200-17351,2025-04-29T11:43:00,849,VOICE,BOM-702,19.075831,72.878051,BOM-212,19.04101,72.863359
8F4F5528,+91-63990-49183,+91-87890-15457,2025-04-26T09:58:00,784,VOICE,BOM-901,19.0298,72.855183,BOM-103,18.963193,72.833825
F4246A5B,+91-87890-73797,+91-88200-75835,2025-04-28T07:07:00,1131,VOICE,BOM-519,19.066652,72.878872,BOM-103,18.963685,72.834461
00BFE561,+91-89120-29035,+91-63990-57346,2025-05-03T18:57:00,1020,VOICE,BOM-244,19.098986,72.849183,BOM-519,19.065973,72.878586
77A43D9B,+91-96200-11111,+91-96200-22222,2025-05-09T09:15:00,1607,VOICE,BOM-808,19.054922,72.90027,BOM-447,19.043951,72.856208
C7B62336,+91-75300-68359,+91-88200-61612,2025-05-09T09:15:00,476,VOICE,BOM-447,19.044757,72.855952,BOM-212,19.041492,72.863585
64AB7B73,+91-70420-20093,+91-88200-12827,2025-05-15T20:44:00,1457,VOICE,BOM-212,19.041684,72.863642,BOM-621,19.136478,72.829141
F1E0FF6E,+91-89120-25641,+91-93400-14234,2025-05-03T14:04:00,1700,VOICE,BOM-318,19.119358,72.847066,BOM-212,19.041808,72.863701
4F435E52,+91-89120-29669,+91-80720-79582,2025-05-16T14:09:00,412,VOICE,BOM-103,18.963669,72.834126,BOM-212,19.041261,72.863873
A8DB674D,+91-75300-84908,+91-75300-77828,2025-04-24T09:59:00,437,VOICE,BOM-447,19.044405,72.855737,BOM-244,19.098724,72.848594
59FF6726,+91-89120-44427,+91-75300-12186,2025-04-27T07:17:00,582,VOICE,BOM-519,19.066043,72.878833,BOM-103,18.963339,72.834623
BE29F0CE,+91-63990-19683,+91-89120-82334,2025-05-12T15:41:00,777,VOICE,BOM-519,19.066289,72.878342,BOM-447,19.044592,72.855383
211C5EB1,+91-88200-53763,+91-63990-21613,2025-05-11T10:19:00,1481,VOICE,BOM-901,19.029754,72.855053,BOM-901,19.029375,72.855779
0DF2A323,+91-77540-74744,+91-63990-29160,2025-05-14T18:49:00,11,SMS,BOM-103,18.963012,72.834582,BOM-621,19.13639,72.82983
3D362E0E,+91-70420-88973,+91-88200-74655,2025-04-23T22:05:00,37,VOICE,BOM-808,19.054656,72.900393,BOM-901,19.029794,72.855556
FCE3109A,+91-70420-20535,+91-70420-17485,2025-05-07T18:00:00,1463,VOICE,BOM-212,19.041226,72.863867,BOM-318,19.119905,72.846779
3A00DC7B,+91-87890-72751,+91-93400-63884,2025-05-02T20:08:00,1387,VOICE,BOM-901,19.029492,72.855723,BOM-318,19.119328,72.847111
4F453152,+91-80720-68551,+91-91761-62112,2025-04-19T15:00:00,41,SMS,BOM-244,19.098541,72.849208,BOM-702,19.0761,72.877343
A7F32F1B,+91-70420-50554,+91-88200-60838,2025-05-08T07:35:00,733,VOICE,BOM-447,19.044333,72.855346,BOM-244,19.098928,72.849486
31223D7F,+91-89120-52390,+91-87890-74787,2025-04-30T16:57:00,793,VOICE,BOM-212,19.041334,72.863722,BOM-212,19.041743,72.86371
3405A67D,+91-77540-46037,+91-91761-48607,2025-05-19T09:09:00,18,VOICE,BOM-103,18.963405,72.83397,BOM-212,19.041124,72.864073
F130BAAC,+91-89120-79398,+91-93400-74033,2025-05-03T20:04:00,362,VOICE,BOM-447,19.044361,72.855753,BOM-212,19.041827,72.863689
E4635E2F,+91-70420-68471,+91-77540-41003,2025-05-12T12:39:00,67,VOICE,BOM-519,19.066203,72.878604,BOM-103,18.963452,72.834659
52B00267,+91-80720-28538,+91-63990-31971,2025-04-28T07:39:00,29,SMS,BOM-447,19.044294,72.855445,BOM-621,19.135675,72.829544
ADB62E06,+91-93400-72376,+91-88200-53119,2025-05-03T20:56:00,1158,VOICE,BOM-621,19.136499,72.829495,BOM-808,19.054661,72.900731
CCF1C3E3,+91-91761-91905,+91-93400-84747,2025-04-15T17:37:00,288,VOICE,BOM-212,19.041561,72.863492,BOM-318,19.119928,72.846482
97F8FFB2,+91-77540-29021,+91-91761-31990,2025-04-26T20:04:00,1326,VOICE,BOM-901,19.029523,72.855204,BOM-621,19.136213,72.82986
6701A960,+91-77540-58392,+91-75300-95887,2025-05-10T14:36:00,1680,VOICE,BOM-519,19.066439,72.87863,BOM-103,18.962954,72.833957
DAF39235,+91-75300-23384,+91-89120-95546,2025-05-10T22:20:00,36,SMS,BOM-808,19.054081,72.900267,BOM-103,18.962859,72.833975
19A510A9,+91-91761-42967,+91-75300-76384,2025-05-19T23:09:00,1760,VOICE,BOM-901,19.0301,72.855479,BOM-901,19.02932,72.854998
BE6B0DCE,+91-75300-40954,+91-70420-84952,2025-05-04T19:48:00,134,VOICE,BOM-621,19.135531,72.829151,BOM-318,19.119453,72.846998
E29573C8,+91-75300-57038,+91-89120-46003,2025-05-10T22:11:00,45,SMS,BOM-901,19.029899,72.855685,BOM-447,19.044621,72.856145
C5B5ECBC,+91-87890-36987,+91-63990-21070,2025-05-05T23:18:00,884,VOICE,BOM-621,19.135925,72.829898,BOM-212,19.041626,72.863347
CB8B4717,+91-80720-89520,+91-88200-41804,2025-05-09T15:30:00,36,SMS,BOM-318,19.119347,72.846969,BOM-901,19.029551,72.854974
F570EBE7,+91-91761-68953,+91-87890-31589,2025-04-29T09:07:00,70,VOICE,BOM-212,19.041315,72.863388,BOM-103,18.962834,72.834214
E657BA1B,+91-91761-58822,+91-87890-17899,2025-05-02T13:53:00,40,SMS,BOM-244,19.099276,72.848685,BOM-901,19.029499,72.855065
78258C97,+91-89120-59344,+91-70420-70856,2025-04-22T14:20:00,43,SMS,BOM-808,19.054409,72.900969,BOM-244,19.098797,72.848825
ADE97ECD,+91-75300-14852,+91-91761-59362,2025-04-26T09:53:00,30,SMS,BOM-447,19.044341,72.856259,BOM-103,18.963169,72.833759
67AD3BE1,+91-89120-43796,+91-77540-53930,2025-05-04T16:27:00,1433,VOICE,BOM-702,19.075755,72.878021,BOM-519,19.066146,72.878221
2D26FD49,+91-87890-33830,+91-80720-40697,2025-04-27T14:31:00,231,VOICE,BOM-103,18.963238,72.834282,BOM-519,19.066559,72.878119
10738B17,+91-87890-55681,+91-87890-45579,2025-05-18T07:31:00,85,VOICE,BOM-212,19.041806,72.863486,BOM-901,19.029501,72.855153
0BDBBEF4,+91-87890-22267,+91-70420-29736,2025-05-01T17:23:00,51,SMS,BOM-702,19.075472,72.87724,BOM-519,19.065979,72.87799
AA5B619C,+91-93400-75225,+91-70420-31914,2025-05-14T22:02:00,680,VOICE,BOM-519,19.0663,72.877995,BOM-702,19.075559,72.877981
FC800407,+91-93400-62234,+91-75300-91794,2025-05-04T20:51:00,49,SMS,BOM-702,19.075882,72.877808,BOM-702,19.076074,72.877485
D3710723,+91-77540-22551,+91-87890-81916,2025-05-18T21:04:00,858,VOICE,BOM-244,19.09884,72.84933,BOM-318,19.119525,72.847298
28D2057B,+91-80720-43678,+91-75300-20183,2025-05-17T09:27:00,35,SMS,BOM-244,19.09888,72.848588,BOM-519,19.065925,72.8786
F8C05C04,+91-70420-99550,+91-89120-24704,2025-04-15T15:25:00,435,VOICE,BOM-103,18.963694,72.834067,BOM-447,19.044283,72.856171
4E1108BB,+91-70420-97686,+91-80720-95512,2025-04-27T23:26:00,44,VOICE,BOM-447,19.044307,72.85619,BOM-212,19.04164,72.863371
DCDD0C95,+91-77540-64674,+91-80720-82442,2025-05-09T09:47:00,640,VOICE,BOM-901,19.029168,72.855202,BOM-212,19.04156,72.864058
4CC22AEB,+91-88200-20583,+91-93400-55221,2025-05-02T20:59:00,10,SMS,BOM-621,19.135504,72.829486,BOM-244,19.099121,72.849359
E66DDB12,+91-96200-33333,+91-96200-44444,2025-05-12T17:03:00,895,VOICE,BOM-447,19.044066,72.85538,BOM-519,19.065821,72.878574
BA4EA850,+91-93400-47439,+91-63990-45587,2025-05-19T10:32:00,51,SMS,BOM-103,18.96373,72.833828,BOM-702,19.075797,72.877415
F557893F,+91-75300-33233,+91-89120-31057,2025-05-11T12:25:00,1553,VOICE,BOM-808,19.054754,72.900619,BOM-901,19.029612,72.855137
7F315578,+91-91761-52934,+91-63990-15063,2025-04-19T18:48:00,1198,VOICE,BOM-808,19.054994,72.900612,BOM-103,18.962866,72.834546
FDE4F331,+91-77540-71354,+91-88200-32944,2025-05-07T18:09:00,594,VOICE,BOM-103,18.963605,72.834224,BOM-318,19.119295,72.847119
0CEFF6E9,+91-63990-40897,+91-88200-36192,2025-04-27T17:16:00,14,SMS,BOM-621,19.135531,72.829626,BOM-212,19.041261,72.86391
B9D57406,+91-70420-92209,+91-70420-84201,2025-04-17T08:03:00,968,VOICE,BOM-901,19.029347,72.854823,BOM-901,19.029167,72.855072
56F63176,+91-77540-21778,+91-63990-84914,2025-05-11T22:35:00,22,VOICE,BOM-318,19.119282,72.847091,BOM-621,19.135936,72.829922
AC942443,+91-93400-30715,+91-75300-56862,2025-04-15T21:21:00,327,VOICE,BOM-621,19.136235,72.829266,BOM-244,19.099451,72.849231
9FBC18B1,+91-93400-76743,+91-75300-26257,2025-05-10T08:56:00,1197,VOICE,BOM-447,19.044146,72.855538,BOM-901,19.029191,72.85554
97AEF29B,+91-63990-28465,+91-63990-28537,2025-05-16T22:53:00,1151,VOICE,BOM-621,19.135746,72.82945,BOM-244,19.098617,72.84949
16C33A0C,+91-88200-13413,+91-80720-75718,2025-04-30T19:25:00,57,SMS,BOM-808,19.05464,72.90092,BOM-244,19.09945,72.849386
8A95A70D,+91-63990-68110,+91-89120-42341,2025-05-19T18:31:00,752,VOICE,BOM-244,19.099153,72.848798,BOM-702,19.075622,72.878047
B76C7B33,+91-87890-50479,+91-87890-90183,2025-04-24T17:42:00,56,SMS,BOM-244,19.09896,72.848886,BOM-212,19.041034,72.86396
E9A39511,+91-87890-98032,+91-93400-52139,2025-05-16T20:00:00,549,VOICE,BOM-447,19.044681,72.855387,BOM-447,19.044105,72.855546
513AF544,+91-91761-13917,+91-77540-60305,2025-04-20T13:51:00,443,VOICE,BOM-519,19.066371,72.878341,BOM-103,18.963598,72.834074
988DE6B9,+91-75300-83712,+91-87890-78721,2025-04-20T14:26:00,871,VOICE,BOM-702,19.076302,72.877543,BOM-808,19.054396,72.900239
E9B0DDDA,+91-70420-93726,+91-91761-37487,2025-05-16T11:05:00,60,SMS,BOM-212,19.041073,72.86344,BOM-808,19.054259,72.900848
223C1B3A,+91-70420-60997,+91-77540-26603,2025-05-04T08:20:00,383,VOICE,BOM-702,19.076126,72.878139,BOM-103,18.963778,72.833749
1CA03E43,+91-87890-14889,+91-88200-76023,2025-05-19T17:34:00,47,SMS,BOM-212,19.041596,72.863734,BOM-519,19.066595,72.878849
69796FCC,+91-80720-30561,+91-87890-53331,2025-05-10T12:49:00,15,SMS,BOM-103,18.963261,72.83429,BOM-808,19.054943,72.900771
64EAD3A5,+91-80720-48002,+91-88200-85831,2025-04-24T21:13:00,780,VOICE,BOM-901,19.029753,72.855293,BOM-519,19.066581,72.87812
7566E90B,+91-87890-46990,+91-75300-43974,2025-04-24T12:03:00,598,VOICE,BOM-447,19.044732,72.856027,BOM-447,19.044023,72.855928
74B05D03,+91-91761-13446,+91-63990-86045,2025-04-23T22:20:00,546,VOICE,BOM-103,18.962915,72.834435,BOM-447,19.044194,72.856098
2364B8C9,+91-80720-30310,+91-93400-66946,2025-04-21T20:25:00,434,VOICE,BOM-519,19.06605,72.878465,BOM-244,19.099496,72.848514
FA622F55,+91-87890-27194,+91-63990-42428,2025-04-17T08:35:00,1066,VOICE,BOM-318,19.119801,72.846632,BOM-212,19.041755,72.864087
A24C3036,+91-87890-24936,+91-91761-51970,2025-05-03T20:00:00,1496,VOICE,BOM-519,19.06604,72.878208,BOM-702,19.076172,72.87739
6DF25597,+91-89120-41727,+91-80720-64102,2025-05-07T14:31:00,1298,VOICE,BOM-244,19.098739,72.848562,BOM-901,19.03,72.85517
688D7554,+91-93400-82970,+91-93400-16559,2025-04-27T14:25:00,1345,VOICE,BOM-244,19.098674,72.848579,BOM-244,19.098598,72.84882
39C7BE33,+91-88200-22783,+91-75300-50658,2025-05-17T16:07:00,408,VOICE,BOM-447,19.04404,72.855531,BOM-318,19.119806,72.847082
0EC50480,+91-96200-44444,+91-96200-11111,2025-05-02T19:30:00,1153,VOICE,BOM-702,19.075586,72.877374,BOM-244,19.098953,72.8489
5AD024CF,+91-75300-94217,+91-75300-23388,2025-04-28T09:56:00,268,VOICE,BOM-447,19.044803,72.855324,BOM-103,18.96296,72.834193
7E2B4FA0,+91-75300-40399,+91-87890-95563,2025-04-22T08:29:00,640,VOICE,BOM-519,19.065854,72.878713,BOM-318,19.1202,72.846851
C993DD0B,+91-87890-67692,+91-88200-78960,2025-05-14T22:07:00,1681,VOICE,BOM-519,19.066265,72.878579,BOM-808,19.054754,72.900623
94CB64C2,+91-77540-93286,+91-87890-89603,2025-05-07T07:30:00,40,SMS,BOM-808,19.054939,72.900185,BOM-621,19.136379,72.829829
9377E7C1,+91-63990-25831,+91-87890-42422,2025-05-18T07:54:00,11,SMS,BOM-212,19.041705,72.863715,BOM-901,19.029996,72.854823
3BBB1375,+91-93400-19620,+91-91761-43787,2025-04-28T23:30:00,178,VOICE,BOM-901,19.029497,72.855006,BOM-621,19.135531,72.829565
70C1E9C7,+91-93400-19019,+91-91761-76578,2025-05-17T12:42:00,1418,VOICE,BOM-318,19.119212,72.846562,BOM-447,19.044416,72.856299
6185FD01,+91-88200-69773,+91-75300-78706,2025-04-20T12:35:00,156,VOICE,BOM-519,19.0663,72.878109,BOM-901,19.030055,72.854893
E998CCEA,+91-87890-67283,+91-80720-59071,2025-05-05T14:28:00,259,VOICE,BOM-447,19.04413,72.85542,BOM-212,19.041562,72.863518
DB76C70B,+91-75300-58730,+91-70420-50832,2025-04-23T14:45:00,41,SMS,BOM-808,19.054625,72.900588,BOM-244,19.099381,72.849086
228C49A7,+91-77540-54255,+91-80720-77005,2025-05-01T18:02:00,8,SMS,BOM-702,19.076203,72.877214,BOM-447,19.043962,72.855994
D2E3400A,+91-77540-55350,+91-63990-25740,2025-05-16T23:01:00,1759,VOICE,BOM-103,18.963545,72.834486,BOM-244,19.099141,72.849327
09FB6BA0,+91-91761-59727,+91-87890-10259,2025-05-11T12:19:00,664,VOICE,BOM-318,19.119975,72.846376,BOM-621,19.135866,72.829195
7E3253D0,+91-96200-33333,+91-96200-44444,2025-04-15T12:54:00,44,SMS,BOM-621,19.136142,72.829871,BOM-621,19.136089,72.829625
509C0EE6,+91-87890-78511,+91-77540-19473,2025-04-28T16:50:00,780,VOICE,BOM-901,19.029826,72.854901,BOM-318,19.119791,72.846475
FAF38440,+91-63990-61415,+91-91761-24614,2025-05-06T20:36:00,381,VOICE,BOM-212,19.041695,72.863495,BOM-702,19.075843,72.877932
FC2F8ED2,+91-89120-33948,+91-91761-85931,2025-04-20T17:12:00,1295,VOICE,BOM-808,19.054085,72.900087,BOM-103,18.96364,72.834227
5800FB72,+91-87890-66717,+91-75300-82865,2025-05-09T15:48:00,1253,VOICE,BOM-621,19.135562,72.829272,BOM-318,19.119493,72.847005
3B6E213E,+91-96200-11111,+91-96200-44444,2025-04-21T13:35:00,35,SMS,BOM-621,19.135595,72.82954,BOM-212,19.041154,72.863715
C789DAEB,+91-88200-18138,+91-93400-46944,2025-04-15T17:08:00,156,VOICE,BOM-244,19.098611,72.849351,BOM-621,19.136431,72.830038
0E17216F,+91-87890-65887,+91-77540-42538,2025-05-13T18:51:00,682,VOICE,BOM-519,19.066271,72.878361,BOM-103,18.962997,72.834415
1A6E38B6,+91-93400-74928,+91-77540-16990,2025-04-22T19:07:00,854,VOICE,BOM-318,19.119831,72.847061,BOM-212,19.041012,72.86383
E2A69E54,+91-89120-85242,+91-80720-22970,2025-04-28T19:37:00,30,SMS,BOM-318,19.119609,72.846311,BOM-519,19.066446,72.878115
3018EE31,+91-91761-52321,+91-80720-62292,2025-04-17T20:16:00,36,SMS,BOM-212,19.041304,72.863527,BOM-702,19.075677,72.878
BD8F8A42,+91-93400-18945,+91-70420-65251,2025-04-26T09:14:00,1177,VOICE,BOM-244,19.09933,72.849138,BOM-808,19.054391,72.900164
1967AFB4,+91-87890-19394,+91-75300-37423,2025-05-12T16:18:00,58,VOICE,BOM-901,19.02916,72.855075,BOM-808,19.054107,72.900002
374726F0,+91-93400-49781,+91-89120-24853,2025-05-17T22:16:00,22,SMS,BOM-901,19.029366,72.855376,BOM-808,19.054698,72.900111
9A0D6FDE,+91-80720-56129,+91-87890-97594,2025-05-08T09:15:00,47,SMS,BOM-519,19.066792,72.878154,BOM-702,19.075822,72.877751
9F58095C,+91-89120-80567,+91-88200-64486,2025-05-14T15:27:00,945,VOICE,BOM-244,19.099117,72.848905,BOM-318,19.119573,72.847079
77C30A07,+91-88200-32762,+91-93400-91757,2025-05-20T17:29:00,360,VOICE,BOM-447,19.043991,72.855542,BOM-702,19.075986,72.877966
BB5D0347,+91-87890-36099,+91-87890-28758,2025-05-11T20:19:00,207,VOICE,BOM-318,19.119317,72.84694,BOM-702,19.075512,72.877352
B600CCA6,+91-77540-38440,+91-80720-62281,2025-05-02T07:39:00,60,VOICE,BOM-103,18.963591,72.834382,BOM-621,19.136332,72.830064
74442710,+91-89120-28647,+91-88200-12597,2025-05-10T08:51:00,1533,VOICE,BOM-318,19.119843,72.846685,BOM-212,19.041066,72.863473
02CEB7AD,+91-89120-82908,+91-93400-52046,2025-04-27T14:26:00,320,VOICE,BOM-244,19.09893,72.848966,BOM-447,19.044337,72.856033
1AE8A97F,+91-91761-14693,+91-91761-19113,2025-05-03T22:00:00,47,SMS,BOM-808,19.054598,72.900466,BOM-212,19.041018,72.863526
88ECBCE7,+91-87890-94043,+91-77540-92706,2025-05-06T14:45:00,1799,VOICE,BOM-702,19.076043,72.877228,BOM-447,19.044699,72.856074
FB7786C9,+91-96200-22222,+91-96200-33333,2025-05-10T20:48:00,1299,VOICE,BOM-702,19.075447,72.877775,BOM-901,19.029176,72.855306
C2B04100,+91-96200-33333,+91-96200-44444,2025-05-07T22:24:00,161,VOICE,BOM-519,19.066409,72.877951,BOM-519,19.065894,72.878028
12BFFCDE,+91-88200-94955,+91-77540-22887,2025-05-03T19:27:00,56,SMS,BOM-212,19.041318,72.864021,BOM-808,19.054115,72.900474
9226746E,+91-80720-14041,+91-88200-71605,2025-04-23T17:36:00,27,SMS,BOM-318,19.120131,72.846909,BOM-621,19.135758,72.829841
D24EE26B,+91-88200-30030,+91-91761-49155,2025-04-27T14:36:00,825,VOICE,BOM-244,19.098816,72.849366,BOM-318,19.119366,72.846394
DE5275AF,+91-63990-63514,+91-88200-63542,2025-05-16T11:44:00,356,VOICE,BOM-318,19.119629,72.847086,BOM-244,19.09891,72.849129
4EC5E8D1,+91-77540-76864,+91-80720-82430,2025-05-02T19:44:00,51,SMS,BOM-621,19.135808,72.82993,BOM-702,19.076004,72.877454
56A0065A,+91-89120-19416,+91-63990-99363,2025-05-15T15:25:00,581,VOICE,BOM-621,19.136005,72.829737,BOM-808,19.054837,72.900575
0208914A,+91-91761-91217,+91-75300-69827,2025-05-19T22:30:00,683,VOICE,BOM-447,19.044356,72.855815,BOM-447,19.044078,72.855642
13566589,+91-80720-81063,+91-91761-81615,2025-05-02T22:05:00,226,VOICE,BOM-244,19.098984,72.849286,BOM-318,19.119511,72.846989
1B513E69,+91-75300-46018,+91-70420-34424,2025-05-12T16:47:00,956,VOICE,BOM-212,19.041734,72.863624,BOM-212,19.041183,72.864178
1F334A89,+91-96200-22222,+91-96200-33333,2025-04-18T16:56:00,421,VOICE,BOM-103,18.963295,72.834019,BOM-702,19.07624,72.877578
A22DF477,+91-70420-71872,+91-89120-66678,2025-05-01T21:12:00,634,VOICE,BOM-244,19.098666,72.848596,BOM-519,19.066724,72.878514
39196A73,+91-88200-52412,+91-88200-62015,2025-04-26T23:13:00,43,SMS,BOM-808,19.054495,72.900922,BOM-808,19.0544,72.900701
3C49DA14,+91-63990-79891,+91-75300-43183,2025-04-29T08:33:00,971,VOICE,BOM-808,19.054386,72.900643,BOM-244,19.098721,72.849162
F3E99D47,+91-93400-41037,+91-63990-73119,2025-05-12T18:58:00,1225,VOICE,BOM-621,19.136117,72.829223,BOM-244,19.09932,72.849124
876D55AC,+91-89120-64059,+91-70420-42602,2025-04-28T18:27:00,1554,VOICE,BOM-621,19.136051,72.829544,BOM-244,19.099231,72.848667
40B6C500,+91-77540-96818,+91-70420-68079,2025-04-30T20:58:00,819,VOICE,BOM-212,19.040983,72.863844,BOM-901,19.029839,72.855059
EB53E03D,+91-77540-33463,+91-80720-43553,2025-04-21T11:30:00,1247,VOICE,BOM-318,19.119556,72.84711,BOM-212,19.041173,72.863982
FC7236A3,+91-96200-22222,+91-96200-33333,2025-04-20T11:32:00,750,VOICE,BOM-621,19.136336,72.829675,BOM-212,19.04184,72.863406
B86CBBD1,+91-80720-95669,+91-80720-24949,2025-04-28T20:39:00,41,SMS,BOM-519,19.066361,72.878775,BOM-808,19.054734,72.900837
1DF42895,+91-96200-22222,+91-96200-11111,2025-04-22T07:24:00,351,VOICE,BOM-808,19.054481,72.900404,BOM-808,19.054978,72.900574
579B8185,+91-88200-19838,+91-80720-97430,2025-05-15T18:55:00,30,SMS,BOM-519,19.066447,72.878262,BOM-318,19.119933,72.846405
77B2DCA9,+91-93400-29897,+91-80720-18486,2025-05-17T17:04:00,1334,VOICE,BOM-519,19.066448,72.878627,BOM-519,19.066368,72.878092
B6EC059B,+91-77540-70491,+91-88200-60784,2025-05-19T20:53:00,1391,VOICE,BOM-621,19.136005,72.829513,BOM-244,19.099105,72.849408
1A5CFFE2,+91-91761-64400,+91-75300-91063,2025-05-09T10:27:00,657,VOICE,BOM-447,19.044079,72.855525,BOM-519,19.065863,72.878058
6C707452,+91-87890-42385,+91-70420-61649,2025-05-09T16:50:00,1181,VOICE,BOM-702,19.075571,72.877276,BOM-702,19.075475,72.878109
23AC04BC,+91-75300-73611,+91-88200-82657,2025-05-19T12:47:00,31,SMS,BOM-901,19.02959,72.854846,BOM-621,19.136395,72.829882
B55A6714,+91-89120-35647,+91-91761-81767,2025-04-22T07:58:00,816,VOICE,BOM-808,19.054693,72.900898,BOM-318,19.119947,72.846807
038849E9,+91-93400-99056,+91-77540-41396,2025-05-07T20:10:00,52,SMS,BOM-519,19.066269,72.877987,BOM-212,19.041727,72.86388
2E1FC653,+91-91761-30969,+91-70420-49764,2025-04-20T17:33:00,958,VOICE,BOM-702,19.075813,72.878,BOM-244,19.098596,72.849104
0F6A156C,+91-88200-85212,+91-75300-84599,2025-05-16T07:39:00,340,VOICE,BOM-212,19.04117,72.86375,BOM-212,19.041575,72.863495
8E6612FC,+91-96200-44444,+91-96200-11111,2025-05-11T23:34:00,45,SMS,BOM-901,19.029345,72.855676,BOM-318,19.119367,72.846633
A295325D,+91-87890-11264,+91-77540-82072,2025-04-21T11:22:00,633,VOICE,BOM-519,19.066033,72.878404,BOM-212,19.040964,72.863243
CD748293,+91-89120-99733,+91-70420-46558,2025-05-20T22:09:00,1799,VOICE,BOM-103,18.963585,72.834206,BOM-808,19.054982,72.900763
690AE83E,+91-70420-56422,+91-77540-75828,2025-05-11T17:27:00,1026,VOICE,BOM-808,19.05448,72.900856,BOM-447,19.044404,72.855622
09271FB8,+91-89120-24292,+91-88200-25111,2025-05-01T19:48:00,1073,VOICE,BOM-702,19.075676,72.877259,BOM-702,19.076241,72.877635
414074F3,+91-96200-22222,+91-96200-33333,2025-05-20T17:05:00,969,VOICE,BOM-808,19.054711,72.90012,BOM-318,19.119226,72.847077
FAC07E77,+91-89120-79827,+91-88200-16193,2025-05-16T12:05:00,396,VOICE,BOM-212,19.040941,72.863739,BOM-212,19.041207,72.863889
5765F050,+91-93400-99796,+91-77540-37688,2025-04-22T23:19:00,665,VOICE,BOM-318,19.119654,72.847022,BOM-212,19.041013,72.863689
379B1E3C,+91-75300-21813,+91-87890-24179,2025-04-18T08:30:00,1424,VOICE,BOM-318,19.119469,72.846443,BOM-447,19.043971,72.855624
ACBD92E6,+91-70420-24190,+91-88200-16060,2025-05-13T17:57:00,614,VOICE,BOM-244,19.09881,72.849155,BOM-103,18.962951,72.834146
C350E7EC,+91-63990-49866,+91-93400-52133,2025-05-07T16:55:00,30,SMS,BOM-621,19.136305,72.829128,BOM-212,19.041537,72.863636
DB11B9C1,+91-63990-86092,+91-80720-23675,2025-05-14T18:23:00,48,SMS,BOM-621,19.135627,72.829168,BOM-519,19.066433,72.878679
0A8B63E0,+91-80720-40588,+91-80720-84439,2025-04-16T20:09:00,649,VOICE,BOM-447,19.044745,72.855576,BOM-901,19.029326,72.854895
BF9152BE,+91-89120-46725,+91-89120-16301,2025-05-09T23:45:00,1561,VOICE,BOM-621,19.136253,72.829756,BOM-447,19.044254,72.855377
4528F7BD,+91-89120-57375,+91-80720-84475,2025-04-23T15:48:00,753,VOICE,BOM-702,19.075817,72.877304,BOM-519,19.065929,72.878453
D080CEBF,+91-89120-73117,+91-88200-11813,2025-04-29T09:08:00,14,SMS,BOM-901,19.029193,72.855642,BOM-901,19.029697,72.855145
83F91B90,+91-87890-88602,+91-91761-53596,2025-05-19T23:29:00,255,VOICE,BOM-621,19.135502,72.829563,BOM-103,18.963502,72.834466
1AD9AFE7,+91-63990-97389,+91-88200-79417,2025-04-24T16:39:00,1366,VOICE,BOM-519,19.066096,72.878743,BOM-212,19.041743,72.863514
196DD73B,+91-88200-55936,+91-75300-37458,2025-05-01T11:31:00,1742,VOICE,BOM-318,19.119538,72.847172,BOM-244,19.098544,72.848548
2629A66F,+91-75300-92322,+91-88200-20757,2025-04-25T11:04:00,60,SMS,BOM-519,19.066559,72.878088,BOM-621,19.136364,72.829983
DEF512B8,+91-93400-51460,+91-63990-30943,2025-05-20T07:44:00,1376,VOICE,BOM-212,19.041661,72.8642,BOM-702,19.075517,72.877407
2898D462,+91-93400-76555,+91-89120-85703,2025-04-17T16:45:00,32,SMS,BOM-318,19.119684,72.846769,BOM-901,19.029746,72.855775
2D6173F9,+91-63990-47355,+91-80720-86232,2025-04-19T13:14:00,793,VOICE,BOM-621,19.135672,72.83006,BOM-808,19.054987,72.900264
EC41F005,+91-80720-27314,+91-80720-42430,2025-04-20T18:13:00,25,SMS,BOM-212,19.041449,72.86379,BOM-244,19.098504,72.848781
43177EA3,+91-80720-86421,+91-77540-13219,2025-05-19T16:20:00,750,VOICE,BOM-702,19.075615,72.878149,BOM-621,19.13551,72.829962
FAD9279B,+91-93400-22519,+91-87890-74569,2025-04-18T16:11:00,1170,VOICE,BOM-244,19.099262,72.848582,BOM-103,18.962862,72.833808
57DC1BFB,+91-87890-40607,+91-63990-54176,2025-04-30T13:16:00,43,SMS,BOM-901,19.029153,72.854925,BOM-103,18.963095,72.833749
6B1BA70F,+91-87890-13591,+91-93400-83524,2025-04-28T20:19:00,741,VOICE,BOM-212,19.04099,72.863827,BOM-244,19.098511,72.849371
E9ED3998,+91-91761-64118,+91-70420-88750,2025-04-17T19:10:00,206,VOICE,BOM-519,19.065996,72.878848,BOM-901,19.029546,72.85486
468E3BDA,+91-80720-35978,+91-80720-60521,2025-05-17T10:52:00,1235,VOICE,BOM-244,19.098547,72.848615,BOM-901,19.029611,72.855125
96635CA1,+91-80720-31973,+91-93400-61699,2025-04-28T18:32:00,932,VOICE,BOM-519,19.066109,72.878569,BOM-702,19.076353,72.877912
CD830F33,+91-96200-22222,+91-96200-33333,2025-04-22T11:14:00,28,SMS,BOM-318,19.11974,72.846498,BOM-244,19.098694,72.849353
8F57AF24,+91-89120-89163,+91-80720-74183,2025-04-22T18:26:00,41,SMS,BOM-702,19.075495,72.877444,BOM-244,19.098673,72.848636
729CB56D,+91-88200-33276,+91-93400-97089,2025-05-11T17:32:00,39,SMS,BOM-621,19.1359,72.829634,BOM-244,19.098602,72.848761
8846FD71,+91-70420-47109,+91-75300-82533,2025-05-01T17:15:00,1132,VOICE,BOM-621,19.136222,72.829827,BOM-519,19.066165,72.8787
9FD88EB7,+91-91761-13771,+91-80720-50854,2025-04-26T20:36:00,960,VOICE,BOM-244,19.099479,72.849363,BOM-519,19.06634,72.878706
AD04000F,+91-89120-37236,+91-75300-15233,2025-04-26T12:57:00,1198,VOICE,BOM-808,19.054261,72.900527,BOM-519,19.066199,72.878707
C3436FAF,+91-96200-22222,+91-96200-11111,2025-04-30T10:32:00,1347,VOICE,BOM-103,18.963215,72.834592,BOM-212,19.04158,72.863843
D7A7E610,+91-96200-33333,+91-96200-11111,2025-05-03T19:32:00,348,VOICE,BOM-519,19.066091,72.878389,BOM-318,19.119611,72.84727
F55535B3,+91-93400-88845,+91-88200-31996,2025-05-05T18:10:00,841,VOICE,BOM-447,19.044796,72.855922,BOM-901,19.029773,72.855783
89C830C4,+91-80720-92952,+91-93400-19558,2025-04-19T07:28:00,8,SMS,BOM-212,19.041844,72.863808,BOM-447,19.043968,72.856251
54499FFD,+91-70420-29347,+91-88200-90215,2025-04-27T18:06:00,22,SMS,BOM-212,19.041758,72.863292,BOM-901,19.029775,72.855659
3A263C28,+91-63990-41623,+91-75300-13347,2025-04-24T23:59:00,1409,VOICE,BOM-702,19.07573,72.878045,BOM-103,18.963688,72.834146
4E4F5153,+91-93400-49733,+91-88200-90969,2025-05-20T13:35:00,1309,VOICE,BOM-447,19.044215,72.856249,BOM-621,19.135502,72.829915
61C9E3EA,+91-88200-93624,+91-88200-85881,2025-05-20T23:50:00,510,VOICE,BOM-519,19.066425,72.878333,BOM-244,19.0987,72.849299
B59905BF,+91-96200-33333,+91-96200-11111,2025-05-02T14:30:00,111,VOICE,BOM-447,19.044745,72.855394,BOM-702,19.075628,72.87729
4EBD4A2E,+91-70420-80142,+91-63990-39409,2025-05-17T20:16:00,1033,VOICE,BOM-244,19.098644,72.848632,BOM-103,18.963482,72.834398
A97EFB58,+91-87890-54712,+91-89120-81084,2025-05-15T14:22:00,199,VOICE,BOM-621,19.13615,72.829495,BOM-447,19.044867,72.855493
496F9FBD,+91-91761-77838,+91-80720-53972,2025-05-13T10:34:00,12,SMS,BOM-447,19.044639,72.856134,BOM-519,19.066087,72.878568
8FB8FAA9,+91-80720-14250,+91-93400-97070,2025-04-30T23:36:00,1137,VOICE,BOM-447,19.044138,72.855496,BOM-212,19.040906,72.863747
F9AB5BB2,+91-96200-44444,+91-87890-59114,2025-04-29T23:00:00,5,SMS,BKC-112,19.0656,72.8669,BOM-808,19.054599,72.900225
906409A0,+91-96200-11111,+91-96200-22222,2025-04-16T09:11:00,59,VOICE,BOM-318,19.1195,72.846369,BOM-103,18.963615,72.83464
80B54AF8,+91-63990-44671,+91-91761-16385,2025-04-15T08:38:00,1219,VOICE,BOM-103,18.963246,72.834374,BOM-808,19.054796,72.900441
64FD01CE,+91-96200-11111,+91-96200-44444,2025-04-27T19:07:00,1659,VOICE,BOM-808,19.05446,72.900785,BOM-901,19.030022,72.855267
F908BABA,+91-77540-90910,+91-87890-27160,2025-05-18T21:31:00,1186,VOICE,BOM-447,19.043913,72.855446,BOM-318,19.119892,72.847286
855A2747,+91-87890-20755,+91-91761-96512,2025-04-19T08:06:00,47,SMS,BOM-212,19.041314,72.863714,BOM-901,19.029829,72.85565
AF6EF428,+91-63990-80196,+91-80720-99985,2025-05-11T12:24:00,466,VOICE,BOM-244,19.099184,72.849183,BOM-808,19.054342,72.900803
3B2C0350,+91-91761-66771,+91-63990-18803,2025-05-17T16:46:00,1546,VOICE,BOM-901,19.029929,72.854847,BOM-103,18.963529,72.834369
BF75C48B,+91-87890-46906,+91-89120-87469,2025-05-02T21:05:00,54,SMS,BOM-901,19.029868,72.855788,BOM-621,19.135672,72.829919
AE54E6D0,+91-91761-10253,+91-91761-86350,2025-05-10T09:30:00,1426,VOICE,BOM-901,19.029297,72.855267,BOM-318,19.119891,72.847084
49CB552B,+91-87890-66057,+91-87890-62293,2025-04-20T14:28:00,1038,VOICE,BOM-702,19.076129,72.877595,BOM-808,19.054966,72.900957
9C18FFD2,+91-88200-72065,+91-93400-41781,2025-04-26T18:14:00,62,VOICE,BOM-519,19.066254,72.878576,BOM-621,19.13605,72.829401
BA4D0010,+91-91761-21480,+91-77540-26563,2025-04-18T17:59:00,52,SMS,BOM-808,19.054543,72.900097,BOM-212,19.04154,72.86382
0FDFEEAD,+91-93400-73658,+91-63990-70462,2025-04-30T10:42:00,45,SMS,BOM-244,19.098694,72.848697,BOM-244,19.098841,72.848695
0F2E797D,+91-87890-44358,+91-77540-92848,2025-05-08T18:39:00,47,SMS,BOM-808,19.054827,72.900247,BOM-519,19.066332,72.878172
CDEC34CC,+91-91761-68484,+91-91761-43672,2025-05-14T13:36:00,343,VOICE,BOM-519,19.065906,72.878623,BOM-808,19.054102,72.900777
E1638BD6,+91-77540-93147,+91-80720-71208,2025-05-12T07:35:00,985,VOICE,BOM-244,19.098783,72.849332,BOM-808,19.054991,72.900712
D2A4854D,+91-96200-22222,+91-96200-11111,2025-05-06T09:48:00,1060,VOICE,BOM-808,19.054042,72.900669,BOM-447,19.043919,72.855408
2136DEBE,+91-75300-53528,+91-77540-29431,2025-05-13T17:14:00,1590,VOICE,BOM-808,19.054772,72.900224,BOM-901,19.029817,72.854865
DD4A155D,+91-63990-30940,+91-88200-56688,2025-05-15T11:33:00,1098,VOICE,BOM-212,19.041619,72.863485,BOM-519,19.066585,72.878123
8355766D,+91-70420-57729,+91-87890-36554,2025-05-02T16:49:00,137,VOICE,BOM-519,19.066135,72.878437,BOM-808,19.054127,72.90099
F1AD9600,+91-89120-42717,+91-75300-13792,2025-04-26T15:48:00,543,VOICE,BOM-901,19.029528,72.855516,BOM-212,19.04148,72.864085
CF97F6FB,+91-87890-47932,+91-63990-69081,2025-05-08T14:13:00,1642,VOICE,BOM-447,19.044195,72.855357,BOM-212,19.041755,72.863368
855FAD96,+91-88200-82824,+91-63990-33224,2025-04-20T17:57:00,607,VOICE,BOM-901,19.030035,72.855118,BOM-901,19.029347,72.855057
394F4A79,+91-91761-27881,+91-91761-49062,2025-04-29T07:19:00,1231,VOICE,BOM-103,18.96356,72.834236,BOM-212,19.041268,72.863966
1DA16832,+91-70420-32045,+91-70420-73411,2025-05-05T17:39:00,548,VOICE,BOM-244,19.099017,72.848718,BOM-318,19.120061,72.847068
2BCBBD71,+91-88200-84965,+91-87890-28252,2025-04-25T08:22:00,51,SMS,BOM-901,19.030006,72.855798,BOM-318,19.119698,72.8467
37159854,+91-87890-89083,+91-93400-99679,2025-05-20T15:03:00,237,VOICE,BOM-808,19.05492,72.90031,BOM-519,19.0661,72.878858
619EBFDB,+91-88200-54343,+91-87890-80014,2025-04-16T07:54:00,1263,VOICE,BOM-212,19.04117,72.863632,BOM-901,19.029265,72.855755
8437D247,+91-96200-11111,+91-96200-33333,2025-05-02T20:11:00,1189,VOICE,BOM-702,19.076151,72.877302,BOM-103,18.962827,72.834665
BC5BC182,+91-93400-79626,+91-89120-28647,2025-04-16T14:38:00,1140,VOICE,BOM-519,19.066199,72.878424,BOM-212,19.041168,72.863476
907857FD,+91-89120-33291,+91-70420-84279,2025-05-17T17:40:00,127,VOICE,BOM-318,19.119693,72.846308,BOM-519,19.065927,72.878668
707FFB53,+91-63990-29287,+91-75300-52713,2025-05-18T09:44:00,1543,VOICE,BOM-808,19.054927,72.900409,BOM-212,19.041674,72.864136
8C270D58,+91-70420-24559,+91-91761-39558,2025-05-03T13:48:00,642,VOICE,BOM-318,19.119456,72.847094,BOM-702,19.075746,72.877352
79B492AD,+91-93400-65235,+91-70420-89820,2025-04-27T19:54:00,365,VOICE,BOM-519,19.065841,72.877977,BOM-901,19.029523,72.854832
4654431F,+91-89120-21821,+91-75300-49532,2025-04-29T10:07:00,1064,VOICE,BOM-244,19.099255,72.849047,BOM-621,19.136487,72.830073
EEF11636,+91-87890-93338,+91-75300-26144,2025-04-23T19:58:00,22,SMS,BOM-244,19.099484,72.84949,BOM-621,19.135804,72.829777
05151938,+91-89120-23375,+91-91761-20143,2025-05-08T13:18:00,1710,VOICE,BOM-212,19.041233,72.863787,BOM-808,19.054184,72.900283
DCB94716,+91-80720-33943,+91-75300-95632,2025-04-30T13:37:00,22,SMS,BOM-808,19.054729,72.900365,BOM-808,19.054127,72.900495
294CF4E7,+91-87890-68659,+91-80720-25869,2025-05-14T19:39:00,19,SMS,BOM-901,19.029165,72.854837,BOM-621,19.136294,72.829698
F7932CAF,+91-75300-59702,+91-89120-29055,2025-04-25T14:07:00,1530,VOICE,BOM-519,19.066168,72.878188,BOM-702,19.075514,72.877388
BDDF3AD0,+91-96200-33333,+91-96200-11111,2025-05-13T07:11:00,1331,VOICE,BOM-808,19.054184,72.900234,BOM-702,19.076235,72.877926
539DF56D,+91-80720-82730,+91-93400-63742,2025-04-26T22:54:00,28,VOICE,BOM-901,19.029286,72.855293,BOM-702,19.076385,72.878064
BBFCE9C6,+91-91761-50331,+91-63990-36343,2025-05-01T07:58:00,1728,VOICE,BOM-447,19.044571,72.855337,BOM-621,19.136308,72.830006
2BA29933,+91-96200-22222,+91-96200-33333,2025-05-01T09:07:00,766,VOICE,BOM-103,18.96343,72.8345,BOM-318,19.120079,72.846957
2DD33A80,+91-87890-14090,+91-80720-77609,2025-05-02T10:35:00,50,SMS,BOM-621,19.135687,72.829299,BOM-702,19.075987,72.877627
559B1A4D,+91-91761-65310,+91-91761-26568,2025-04-15T15:22:00,531,VOICE,BOM-702,19.075603,72.877342,BOM-621,19.13577,72.829214
D06FDB8B,+91-91761-90852,+91-77540-52114,2025-04-20T08:35:00,1030,VOICE,BOM-808,19.054696,72.900372,BOM-808,19.054304,72.900521
C5B3F5DE,+91-88200-61242,+91-75300-71385,2025-05-03T10:03:00,91,VOICE,BOM-519,19.065901,72.878394,BOM-212,19.041671,72.863317
BBFCC60F,+91-63990-47216,+91-75300-15912,2025-05-13T20:17:00,1260,VOICE,BOM-901,19.029592,72.855262,BOM-621,19.135988,72.829781
AB71EFFD,+91-93400-11755,+91-75300-90159,2025-05-15T20:06:00,250,VOICE,BOM-702,19.076064,72.877324,BOM-519,19.06599,72.878804
4B8D13EE,+91-96200-11111,+91-96200-33333,2025-04-22T07:23:00,1208,VOICE,BOM-808,19.054806,72.900964,BOM-318,19.119901,72.846778
3E772C16,+91-96200-33333,+91-96200-44444,2025-05-12T22:59:00,46,SMS,BOM-212,19.041782,72.863516,BOM-808,19.054045,72.900488
4EE526FF,+91-77540-65262,+91-91761-89084,2025-05-16T19:05:00,918,VOICE,BOM-621,19.136162,72.829969,BOM-702,19.075822,72.87751
228A9983,+91-89120-41671,+91-80720-64591,2025-05-14T15:42:00,59,SMS,BOM-318,19.119662,72.846871,BOM-103,18.963248,72.834679
66DCA8AF,+91-80720-89876,+91-87890-84736,2025-05-02T12:43:00,920,VOICE,BOM-702,19.075741,72.877877,BOM-621,19.135632,72.829746
6CAB8447,+91-93400-90581,+91-63990-46215,2025-05-09T14:23:00,1427,VOICE,BOM-901,19.029706,72.855767,BOM-244,19.098722,72.849104
ADA86ACF,+91-87890-14670,+91-77540-37959,2025-04-17T23:42:00,189,VOICE,BOM-212,19.0411,72.863359,BOM-621,19.136224,72.829987
BA1ECBF9,+91-93400-86290,+91-87890-44601,2025-04-25T22:02:00,1738,VOICE,BOM-318,19.119302,72.846762,BOM-212,19.04143,72.863912
24107BB5,+91-70420-11396,+91-88200-24514,2025-05-14T09:43:00,998,VOICE,BOM-212,19.041822,72.863736,BOM-702,19.076321,72.877683
843CF9E5,+91-63990-70040,+91-80720-34429,2025-05-10T22:36:00,1036,VOICE,BOM-447,19.044184,72.855916,BOM-212,19.041297,72.863367
AE4F5504,+91-70420-76436,+91-87890-88186,2025-04-29T19:18:00,29,SMS,BOM-244,19.098906,72.848614,BOM-901,19.029406,72.854805
0A4E64A1,+91-93400-10986,+91-87890-79033,2025-04-25T09:59:00,432,VOICE,BOM-621,19.135974,72.829643,BOM-901,19.029378,72.85536
FFA06B7F,+91-63990-86878,+91-70420-55646,2025-05-10T14:32:00,622,VOICE,BOM-447,19.043918,72.855664,BOM-318,19.120031,72.847219
81E8864C,+91-77540-89228,+91-87890-80681,2025-04-29T18:10:00,42,SMS,BOM-447,19.044072,72.85564,BOM-702,19.075774,72.877922
65BCBF7B,+91-93400-96583,+91-80720-97587,2025-04-25T08:05:00,1096,VOICE,BOM-901,19.029866,72.855151,BOM-621,19.136327,72.829242
785A7CFB,+91-93400-26120,+91-77540-41159,2025-05-13T23:39:00,541,VOICE,BOM-808,19.05415,72.900046,BOM-212,19.041598,72.863938
20793B0B,+91-75300-17129,+91-70420-39038,2025-05-04T16:22:00,1284,VOICE,BOM-212,19.041851,72.864016,BOM-519,19.065892,72.878439
A479E648,+91-88200-57152,+91-75300-93190,2025-05-11T13:56:00,505,VOICE,BOM-103,18.963733,72.833792,BOM-447,19.044001,72.855837
8DF2B9E4,+91-91761-38681,+91-63990-48425,2025-04-15T13:01:00,36,SMS,BOM-702,19.07546,72.877947,BOM-244,19.099248,72.84949
E87087E7,+91-77540-43603,+91-89120-26811,2025-05-19T20:49:00,1579,VOICE,BOM-808,19.054027,72.900308,BOM-447,19.044191,72.855634
0B7EBE81,+91-75300-49005,+91-88200-23435,2025-04-19T22:14:00,380,VOICE,BOM-808,19.054397,72.900002,BOM-447,19.044286,72.856145
945A1633,+91-80720-96369,+91-63990-63272,2025-04-16T07:27:00,370,VOICE,BOM-244,19.099382,72.84895,BOM-318,19.119331,72.846687
03B57F0F,+91-87890-65195,+91-77540-31900,2025-05-07T22:49:00,894,VOICE,BOM-702,19.07582,72.877374,BOM-447,19.044117,72.855593
C25536ED,+91-96200-44444,+91-96200-11111,2025-04-18T23:20:00,328,VOICE,BOM-621,19.135543,72.829965,BOM-103,18.962973,72.833892
7A07366B,+91-80720-80972,+91-75300-54091,2025-05-10T17:48:00,774,VOICE,BOM-901,19.029823,72.85557,BOM-702,19.07557,72.877293
796A7A62,+91-87890-35023,+91-89120-83997,2025-04-25T15:32:00,17,VOICE,BOM-318,19.119931,72.846399,BOM-103,18.963249,72.83414
5B537521,+91-89120-37242,+91-77540-11646,2025-04-16T07:45:00,57,SMS,BOM-808,19.054001,72.900433,BOM-702,19.076239,72.877882
E8F6F933,+91-96200-44444,+91-96200-11111,2025-05-03T11:05:00,746,VOICE,BOM-103,18.963332,72.833751,BOM-702,19.076292,72.877988
9DF35CAF,+91-89120-32473,+91-70420-21300,2025-04-25T22:30:00,53,SMS,BOM-447,19.044047,72.855562,BOM-519,19.066485,72.878244
668DF1D3,+91-80720-84782,+91-87890-23951,2025-05-09T16:46:00,547,VOICE,BOM-519,19.066027,72.878728,BOM-103,18.963624,72.833998
E0B8E9D5,+91-77540-32412,+91-93400-92824,2025-05-15T13:28:00,1204,VOICE,BOM-901,19.030018,72.854909,BOM-447,19.04434,72.855497
1B81E57E,+91-75300-91807,+91-77540-99821,2025-05-02T23:09:00,882,VOICE,BOM-519,19.066256,72.878796,BOM-621,19.136136,72.829413
9AE2D75A,+91-63990-98963,+91-75300-74754,2025-05-06T20:45:00,965,VOICE,BOM-447,19.044326,72.855562,BOM-318,19.119937,72.847056
6E075D06,+91-70420-64048,+91-87890-96587,2025-05-12T13:22:00,186,VOICE,BOM-621,19.136225,72.82911,BOM-244,19.098551,72.849332
BA1864CA,+91-96200-33333,+91-96200-11111,2025-05-18T18:19:00,24,SMS,BOM-519,19.066389,72.878871,BOM-447,19.044638,72.855462
0B0C7243,+91-89120-24054,+91-91761-77803,2025-04-18T10:50:00,5,SMS,BOM-447,19.044105,72.855606,BOM-621,19.136377,72.829509
3AC4219F,+91-93400-39090,+91-88200-84469,2025-05-09T11:32:00,34,SMS,BOM-212,19.04107,72.863915,BOM-901,19.029877,72.855486
A54F20F3,+91-93400-16439,+91-80720-24398,2025-04-20T22:59:00,1132,VOICE,BOM-318,19.119968,72.847141,BOM-318,19.119297,72.847248
19C7D6EB,+91-93400-54244,+91-77540-99485,2025-05-07T11:49:00,1783,VOICE,BOM-103,18.963462,72.833769,BOM-901,19.029714,72.855605
7C97D2E5,+91-93400-22488,+91-75300-97034,2025-04-18T20:40:00,44,SMS,BOM-318,19.119618,72.847194,BOM-447,19.044581,72.855382
9A525DEE,+91-91761-12149,+91-93400-41632,2025-05-19T14:14:00,43,SMS,BOM-447,19.04441,72.856082,BOM-808,19.054012,72.900703
6CBD8B57,+91-77540-70687,+91-93400-64088,2025-05-01T22:19:00,934,VOICE,BOM-447,19.044307,72.856192,BOM-702,19.075616,72.877727
EC1A7638,+91-96200-11111,+91-96200-44444,2025-05-17T15:13:00,1289,VOICE,BOM-901,19.029719,72.855681,BOM-447,19.044094,72.855682
CCF88795,+91-87890-84408,+91-87890-48226,2025-04-27T18:11:00,331,VOICE,BOM-212,19.041699,72.863544,BOM-103,18.962858,72.833969
1C947978,+91-89120-38433,+91-75300-95025,2025-05-12T15:26:00,42,VOICE,BOM-702,19.075833,72.877313,BOM-621,19.135589,72.829983
E1BFFB28,+91-77540-36207,+91-89120-35734,2025-05-09T14:49:00,1583,VOICE,BOM-621,19.135765,72.829476,BOM-702,19.075772,72.877827
00FADCB9,+91-77540-34408,+91-91761-98219,2025-05-16T19:26:00,1413,VOICE,BOM-808,19.054941,72.900851,BOM-901,19.029767,72.855259
74BC91B8,+91-91761-86922,+91-89120-97518,2025-04-20T16:11:00,1027,VOICE,BOM-103,18.963296,72.834245,BOM-519,19.065854,72.877999
9A2EB09E,+91-87890-23870,+91-75300-71206,2025-04-17T13:01:00,31,SMS,BOM-808,19.054526,72.900324,BOM-901,19.029595,72.85486
F983FCF2,+91-89120-64974,+91-87890-54535,2025-05-11T08:00:00,669,VOICE,BOM-702,19.075943,72.877568,BOM-808,19.054804,72.90004
C31116CB,+91-70420-47830,+91-93400-89289,2025-05-01T09:16:00,1179,VOICE,BOM-212,19.041743,72.863627,BOM-519,19.065935,72.878207
27491378,+91-91761-68414,+91-77540-58009,2025-04-23T10:55:00,46,SMS,BOM-447,19.043959,72.856226,BOM-244,19.098909,72.849236
46298BD5,+91-63990-51045,+91-87890-61165,2025-04-18T19:31:00,851,VOICE,BOM-103,18.963348,72.834598,BOM-519,19.066096,72.878274
EDBA7F98,+91-88200-24271,+91-80720-51780,2025-04-23T13:57:00,1502,VOICE,BOM-901,19.029619,72.855085,BOM-103,18.962913,72.834248
0BF0E643,+91-89120-10598,+91-63990-40424,2025-05-04T22:44:00,257,VOICE,BOM-519,19.066202,72.878679,BOM-318,19.119695,72.847172
22CABBF7,+91-96200-33333,+91-96200-11111,2025-04-25T14:31:00,16,SMS,BOM-447,19.044161,72.855535,BOM-519,19.06608,72.87823
601CF7F3,+91-70420-12183,+91-63990-58664,2025-04-22T10:32:00,187,VOICE,BOM-447,19.044102,72.856089,BOM-103,18.963396,72.833872
80D7CF76,+91-91761-10372,+91-88200-58511,2025-05-03T11:54:00,725,VOICE,BOM-318,19.119445,72.847027,BOM-244,19.09936,72.84921
DA1EBBC6,+91-89120-61354,+91-93400-89469,2025-05-13T20:32:00,693,VOICE,BOM-901,19.029384,72.855368,BOM-212,19.041033,72.863548
3B2C0F2A,+91-63990-35837,+91-87890-24905,2025-05-17T19:37:00,31,SMS,BOM-901,19.029533,72.855092,BOM-702,19.075577,72.877254
F5CEA4B8,+91-75300-80136,+91-63990-29947,2025-04-25T16:04:00,1048,VOICE,BOM-103,18.963258,72.83441,BOM-702,19.076222,72.877576
8394DF85,+91-93400-69301,+91-91761-95651,2025-05-06T12:52:00,32,SMS,BOM-901,19.029454,72.854806,BOM-212,19.041854,72.86328
FE79A2D3,+91-63990-40677,+91-70420-33711,2025-04-27T23:49:00,1365,VOICE,BOM-447,19.044487,72.855434,BOM-244,19.099346,72.848571
29C9C9DE,+91-87890-37984,+91-75300-86363,2025-05-01T11:37:00,913,VOICE,BOM-318,19.119367,72.846921,BOM-621,19.135551,72.829576
265C2B0E,+91-80720-44679,+91-93400-92393,2025-05-12T10:59:00,9,SMS,BOM-702,19.076008,72.877286,BOM-318,19.119257,72.847255
F37170E6,+91-63990-21455,+91-89120-40171,2025-04-21T17:26:00,214,VOICE,BOM-621,19.136415,72.829582,BOM-901,19.029393,72.855414
BCBB84FD,+91-91761-65744,+91-75300-47296,2025-04-23T09:19:00,36,SMS,BOM-808,19.054104,72.900995,BOM-621,19.13598,72.829897
65FB0F2C,+91-89120-69275,+91-75300-51738,2025-05-05T16:44:00,614,VOICE,BOM-901,19.029484,72.855435,BOM-519,19.06639,72.878896
7BC0FE1B,+91-70420-77703,+91-75300-51296,2025-05-07T15:03:00,22,SMS,BOM-519,19.066664,72.878858,BOM-103,18.963225,72.834313
B4F60CB8,+91-63990-75584,+91-89120-74681,2025-05-11T11:29:00,1084,VOICE,BOM-318,19.11928,72.847099,BOM-103,18.963032,72.833995
E07358D1,+91-77540-12724,+91-87890-21389,2025-04-16T08:05:00,28,SMS,BOM-318,19.119975,72.846695,BOM-447,19.044273,72.855309
45240A80,+91-96200-22222,+91-96200-11111,2025-05-11T23:27:00,32,SMS,BOM-244,19.098915,72.848944,BOM-447,19.044082,72.855774
EE42A481,+91-96200-11111,+91-96200-44444,2025-04-23T12:27:00,833,VOICE,BOM-901,19.029337,72.855197,BOM-808,19.054044,72.900195
9C615650,+91-77540-14764,+91-70420-10781,2025-04-15T10:31:00,717,VOICE,BOM-447,19.044735,72.855659,BOM-901,19.029542,72.855342
FAE6EDAD,+91-87890-93628,+91-88200-39605,2025-04-20T22:33:00,40,SMS,BOM-702,19.075609,72.877764,BOM-808,19.054798,72.900185
E7FE025C,+91-70420-42058,+91-91761-33550,2025-04-27T22:04:00,316,VOICE,BOM-103,18.963241,72.834145,BOM-621,19.136273,72.829936
BD3EA78E,+91-63990-19375,+91-87890-91938,2025-04-30T22:51:00,1196,VOICE,BOM-212,19.041849,72.863571,BOM-244,19.09915,72.848647
9A1DDE30,+91-75300-70569,+91-89120-61727,2025-04-25T12:56:00,658,VOICE,BOM-702,19.076103,72.878048,BOM-244,19.099388,72.849046
63CF4A89,+91-91761-61226,+91-87890-43654,2025-05-14T19:00:00,223,VOICE,BOM-447,19.044204,72.856198,BOM-621,19.136316,72.829892
E29652E7,+91-77540-49620,+91-88200-16414,2025-04-19T22:33:00,204,VOICE,BOM-447,19.044479,72.85601,BOM-447,19.044664,72.855606
356D7723,+91-77540-75359,+91-87890-26246,2025-05-18T20:43:00,1752,VOICE,BOM-318,19.119234,72.846968,BOM-702,19.075952,72.877282
908CFC0F,+91-89120-17287,+91-75300-70594,2025-05-01T10:49:00,44,SMS,BOM-519,19.066461,72.878822,BOM-702,19.075686,72.877501
7CE81C0A,+91-93400-87362,+91-63990-75926,2025-04-16T10:04:00,40,SMS,BOM-318,19.119276,72.847213,BOM-901,19.029354,72.855673
9826D66F,+91-75300-95942,+91-88200-92751,2025-04-20T13:45:00,1294,VOICE,BOM-702,19.075747,72.877353,BOM-702,19.076201,72.877634
8C5ABCBC,+91-93400-41565,+91-91761-93569,2025-05-15T14:40:00,1383,VOICE,BOM-447,19.043926,72.855803,BOM-244,19.098753,72.848559
A82D3678,+91-63990-22464,+91-87890-61240,2025-05-07T19:07:00,352,VOICE,BOM-808,19.054809,72.900645,BOM-447,19.044802,72.855529
671A2151,+91-63990-89835,+91-88200-70688,2025-05-03T09:06:00,415,VOICE,BOM-901,19.029873,72.855336,BOM-702,19.076155,72.87743
BEB499DE,+91-75300-94418,+91-80720-46669,2025-05-19T19:47:00,71,VOICE,BOM-318,19.119367,72.846886,BOM-103,18.963039,72.834392
31CF98C6,+91-70420-86084,+91-93400-65987,2025-04-19T16:33:00,50,VOICE,BOM-212,19.041805,72.863737,BOM-702,19.075819,72.877976
EF11514A,+91-63990-82230,+91-89120-87367,2025-05-15T20:53:00,59,SMS,BOM-103,18.963527,72.834007,BOM-244,19.099003,72.848819
0C6A637C,+91-80720-45501,+91-63990-57720,2025-05-13T18:19:00,1710,VOICE,BOM-212,19.041426,72.863637,BOM-702,19.076112,72.877929
E2E617C7,+91-77540-93655,+91-80720-28192,2025-05-11T10:29:00,164,VOICE,BOM-447,19.044369,72.855671,BOM-447,19.044836,72.855375
25BD252F,+91-88200-70505,+91-88200-40757,2025-04-30T19:10:00,595,VOICE,BOM-318,19.119826,72.847178,BOM-318,19.119738,72.846728
98E415CD,+91-87890-10563,+91-89120-94242,2025-05-03T11:43:00,805,VOICE,BOM-212,19.041868,72.863852,BOM-212,19.040963,72.863652
C4BDA6CC,+91-80720-98698,+91-75300-47596,2025-04-20T15:59:00,851,VOICE,BOM-103,18.963552,72.834243,BOM-212,19.041097,72.863236
05195B98,+91-96200-44444,+91-96200-11111,2025-05-11T12:22:00,1768,VOICE,BOM-702,19.075898,72.877566,BOM-318,19.119315,72.846868
E0799026,+91-89120-34460,+91-91761-34420,2025-05-10T23:01:00,1117,VOICE,BOM-621,19.135501,72.829439,BOM-808,19.054023,72.90052
7B08869C,+91-91761-97532,+91-88200-11673,2025-05-17T13:02:00,929,VOICE,BOM-212,19.041189,72.863496,BOM-901,19.030018,72.854898
03FA87AF,+91-89120-78781,+91-87890-48242,2025-05-04T07:17:00,421,VOICE,BOM-212,19.041263,72.863244,BOM-212,19.04175,72.86388
DB3819F9,+91-80720-11129,+91-77540-99966,2025-05-06T20:47:00,12,SMS,BOM-702,19.076235,72.87757,BOM-519,19.066116,72.877976
993DCE1B,+91-80720-35350,+91-75300-85348,2025-04-23T23:31:00,1570,VOICE,BOM-702,19.07579,72.877442,BOM-212,19.041747,72.863301
480C9F28,+91-63990-94511,+91-93400-25147,2025-04-22T14:42:00,149,VOICE,BOM-212,19.041886,72.863634,BOM-519,19.065982,72.878076
3A571687,+91-88200-80855,+91-75300-97951,2025-05-09T23:14:00,980,VOICE,BOM-621,19.136045,72.829595,BOM-103,18.963568,72.834575
CD05195D,+91-87890-87685,+91-91761-85888,2025-04-19T21:22:00,1292,VOICE,BOM-103,18.963379,72.834287,BOM-212,19.041621,72.863701
D6E50CD8,+91-77540-10022,+91-89120-67983,2025-04-18T09:14:00,776,VOICE,BOM-447,19.044567,72.856196,BOM-447,19.044896,72.855462
A2B12D31,+91-89120-86088,+91-70420-36086,2025-04-22T22:29:00,1186,VOICE,BOM-244,19.098792,72.848743,BOM-702,19.075805,72.877884
2C605DD6,+91-75300-10158,+91-70420-60273,2025-05-20T19:44:00,933,VOICE,BOM-519,19.066298,72.878575,BOM-318,19.1192,72.847037
34D54E3F,+91-77540-92387,+91-63990-32027,2025-04-28T22:35:00,137,VOICE,BOM-621,19.135951,72.829147,BOM-901,19.02962,72.854842
B2723E2C,+91-77540-39477,+91-63990-57657,2025-05-02T17:41:00,22,SMS,BOM-244,19.098983,72.849394,BOM-901,19.029514,72.85556
573F6437,+91-77540-33595,+91-91761-68576,2025-05-15T23:38:00,544,VOICE,BOM-103,18.963051,72.833929,BOM-519,19.065994,72.878045
5688CDE5,+91-91761-88735,+91-87890-64197,2025-05-10T10:40:00,1677,VOICE,BOM-244,19.098546,72.849398,BOM-621,19.135795,72.829536
FD26857F,+91-77540-49496,+91-91761-83410,2025-05-14T13:14:00,59,VOICE,BOM-901,19.029546,72.855003,BOM-702,19.075613,72.877699
7B945BFD,+91-77540-41220,+91-89120-44515,2025-04-19T09:37:00,1581,VOICE,BOM-808,19.054801,72.900153,BOM-447,19.04413,72.855803
C7986568,+91-77540-96265,+91-63990-89092,2025-05-07T20:12:00,1432,VOICE,BOM-702,19.075416,72.877501,BOM-212,19.041233,72.863453
AE19B94E,+91-88200-87370,+91-70420-20978,2025-04-28T10:39:00,1687,VOICE,BOM-447,19.04418,72.855439,BOM-447,19.0447,72.855988
8F57D74E,+91-70420-23206,+91-88200-50797,2025-05-17T13:33:00,886,VOICE,BOM-212,19.041055,72.863716,BOM-212,19.041119,72.86366
2EF3E81F,+91-80720-15250,+91-63990-86544,2025-04-17T22:05:00,1213,VOICE,BOM-702,19.075709,72.878087,BOM-212,19.041063,72.863812
DC5C6FDC,+91-89120-82750,+91-88200-36303,2025-04-24T10:45:00,14,SMS,BOM-103,18.962978,72.833729,BOM-103,18.963333,72.833734
23DD06C1,+91-96200-33333,+91-96200-11111,2025-05-01T23:51:00,776,VOICE,BOM-103,18.963705,72.834008,BOM-621,19.136027,72.829301
9194CACC,+91-93400-33074,+91-88200-98912,2025-04-24T11:08:00,1687,VOICE,BOM-519,19.066414,72.878563,BOM-901,19.029481,72.855761
932B94EB,+91-70420-91863,+91-75300-49154,2025-05-02T16:37:00,28,SMS,BOM-702,19.07574,72.877407,BOM-447,19.044773,72.855744
CE9D91A0,+91-93400-74591,+91-77540-87341,2025-05-07T12:21:00,1595,VOICE,BOM-901,19.029488,72.85568,BOM-318,19.120005,72.847101
6B2AA465,+91-75300-12354,+91-89120-27661,2025-05-03T13:06:00,1604,VOICE,BOM-103,18.96288,72.834135,BOM-702,19.076027,72.87788
93649387,+91-63990-89803,+91-91761-69835,2025-04-30T11:07:00,1402,VOICE,BOM-103,18.963256,72.834174,BOM-621,19.135673,72.829742
3305BAA2,+91-89120-17171,+91-80720-75954,2025-04-28T23:18:00,133,VOICE,BOM-519,19.06649,72.878523,BOM-212,19.040951,72.863825
FC5F98A8,+91-77540-32547,+91-87890-24638,2025-05-02T10:14:00,57,SMS,BOM-244,19.099074,72.849427,BOM-244,19.098529,72.848758
3A5851A7,+91-63990-54473,+91-80720-53575,2025-05-18T12:13:00,13,SMS,BOM-901,19.029208,72.854972,BOM-901,19.029893,72.855666
B6E110F7,+91-89120-26375,+91-91761-22126,2025-04-15T16:37:00,38,VOICE,BOM-519,19.066788,72.878545,BOM-621,19.136045,72.829891
20DC6C5F,+91-89120-32124,+91-91761-35960,2025-05-12T20:34:00,47,SMS,BOM-318,19.119782,72.84671,BOM-212,19.04163,72.864048
85CAE1B1,+91-77540-50802,+91-87890-73022,2025-05-04T10:15:00,198,VOICE,BOM-901,19.02975,72.85574,BOM-621,19.135598,72.829997
3F642C31,+91-89120-76960,+91-88200-65632,2025-05-01T13:01:00,7,SMS,BOM-808,19.054077,72.900671,BOM-447,19.044081,72.855511
A1B1169C,+91-80720-60893,+91-75300-42528,2025-04-27T14:48:00,1586,VOICE,BOM-318,19.119286,72.846986,BOM-212,19.041116,72.863712
FAC1AB29,+91-89120-80091,+91-91761-70092,2025-04-29T11:13:00,33,SMS,BOM-808,19.054679,72.900549,BOM-519,19.066681,72.878588
7AE93C68,+91-63990-24044,+91-80720-30617,2025-05-15T23:36:00,820,VOICE,BOM-901,19.029447,72.855027,BOM-702,19.076388,72.877314
FA64BA42,+91-63990-93939,+91-80720-66879,2025-04-26T19:34:00,1147,VOICE,BOM-318,19.119562,72.846782,BOM-702,19.07545,72.877908
B02E45D5,+91-89120-57141,+91-87890-54472,2025-05-08T08:52:00,49,SMS,BOM-702,19.075941,72.877729,BOM-901,19.029892,72.855012
90558A5B,+91-93400-84481,+91-93400-66761,2025-05-10T20:24:00,53,SMS,BOM-318,19.119592,72.846331,BOM-244,19.099465,72.849194
5A45749F,+91-80720-67959,+91-75300-63430,2025-05-19T21:33:00,55,SMS,BOM-901,19.029673,72.85487,BOM-244,19.098781,72.848617
DA8C1FF7,+91-70420-94525,+91-87890-98884,2025-04-25T18:26:00,633,VOICE,BOM-621,19.135692,72.829164,BOM-212,19.041604,72.863623
A4EDCE0F,+91-91761-37393,+91-75300-60121,2025-04-16T13:20:00,37,SMS,BOM-318,19.119568,72.846872,BOM-103,18.963365,72.834041
90D933B5,+91-91761-91273,+91-91761-42597,2025-04-18T17:25:00,1438,VOICE,BOM-212,19.0418,72.863376,BOM-318,19.119687,72.847198
CF02C683,+91-91761-83429,+91-93400-71026,2025-05-04T21:23:00,1032,VOICE,BOM-808,19.054726,72.900301,BOM-901,19.029115,72.855741
630DEEDB,+91-63990-69324,+91-75300-89937,2025-04-15T19:11:00,1020,VOICE,BOM-447,19.044866,72.856252,BOM-103,18.96319,72.834503
8FD85E66,+91-75300-39477,+91-77540-38265,2025-05-09T14:20:00,1195,VOICE,BOM-244,19.09949,72.849046,BOM-808,19.054698,72.900755
CB0632A2,+91-63990-14352,+91-87890-23393,2025-04-21T08:15:00,57,SMS,BOM-621,19.135541,72.829528,BOM-447,19.044701,72.856161
C91C26E6,+91-91761-18392,+91-80720-85565,2025-05-16T15:33:00,1633,VOICE,BOM-447,19.044047,72.856175,BOM-447,19.044831,72.855548
1EB53F35,+91-75300-69893,+91-91761-65818,2025-04-26T18:48:00,15,SMS,BOM-808,19.054786,72.900538,BOM-244,19.099351,72.849308
9E45B05C,+91-80720-22947,+91-93400-92059,2025-05-18T21:56:00,1603,VOICE,BOM-318,19.120029,72.847226,BOM-447,19.044422,72.855882
F8C8618A,+91-63990-65070,+91-88200-12340,2025-05-18T11:34:00,452,VOICE,BOM-447,19.044851,72.85562,BOM-621,19.135937,72.829494
A7F9680A,+91-87890-49895,+91-91761-97509,2025-05-11T19:43:00,1607,VOICE,BOM-318,19.119527,72.846416,BOM-621,19.136399,72.829858
B0F65FB8,+91-75300-18438,+91-89120-47864,2025-05-17T20:44:00,26,SMS,BOM-808,19.054996,72.900679,BOM-519,19.066197,72.878759
D6A37F24,+91-96200-22222,+91-96200-11111,2025-05-03T14:02:00,52,SMS,BOM-519,19.066277,72.878779,BOM-212,19.041053,72.86363
723E6F63,+91-93400-28672,+91-89120-36599,2025-04-26T17:33:00,985,VOICE,BOM-808,19.054032,72.90057,BOM-244,19.099038,72.849216
D347B4EB,+91-88200-82584,+91-80720-50462,2025-04-18T13:44:00,419,VOICE,BOM-212,19.041608,72.863831,BOM-901,19.02956,72.855054
46BAF0C4,+91-88200-28113,+91-93400-72607,2025-05-18T09:06:00,149,VOICE,BOM-212,19.040992,72.86332,BOM-621,19.135553,72.830031
3EA35554,+91-77540-39880,+91-70420-37759,2025-04-25T11:48:00,895,VOICE,BOM-901,19.029786,72.855656,BOM-103,18.963306,72.834063
06A588DD,+91-96200-44444,+91-96200-11111,2025-04-23T20:28:00,647,VOICE,BOM-519,19.06609,72.87839,BOM-447,19.043981,72.855912
FCC4CF17,+91-70420-18473,+91-70420-45096,2025-04-28T19:37:00,291,VOICE,BOM-212,19.041024,72.863719,BOM-103,18.9634,72.834507
E8A5C666,+91-88200-58272,+91-91761-39442,2025-04-17T13:46:00,1386,VOICE,BOM-318,19.120197,72.846996,BOM-318,19.120109,72.846574
B487A04F,+91-91761-61922,+91-89120-26735,2025-04-25T12:45:00,682,VOICE,BOM-519,19.0666,72.878415,BOM-212,19.041574,72.863551
021CDEC4,+91-87890-11713,+91-77540-42649,2025-04-27T19:37:00,167,VOICE,BOM-702,19.076239,72.877337,BOM-447,19.044758,72.855701
9B3C59CC,+91-91761-17148,+91-93400-94075,2025-05-09T11:27:00,1554,VOICE,BOM-519,19.066007,72.878232,BOM-621,19.135743,72.829666
987E8B22,+91-91761-98713,+91-80720-18618,2025-04-15T09:36:00,1362,VOICE,BOM-103,18.963009,72.833981,BOM-621,19.135687,72.829301
1362210E,+91-93400-19464,+91-77540-34165,2025-05-03T13:33:00,1319,VOICE,BOM-621,19.135857,72.829358,BOM-212,19.040983,72.86348
A19E88DD,+91-75300-48644,+91-77540-43087,2025-05-19T22:56:00,1067,VOICE,BOM-212,19.041838,72.864102,BOM-702,19.076113,72.878046
22B9A7A3,+91-91761-94632,+91-70420-38416,2025-05-03T12:28:00,1440,VOICE,BOM-702,19.075822,72.87754,BOM-519,19.06677,72.878869
1AC3ABBE,+91-77540-63549,+91-80720-55220,2025-04-25T07:26:00,360,VOICE,BOM-519,19.066587,72.878694,BOM-103,18.962852,72.83381
070A3CEB,+91-91761-87678,+91-87890-27306,2025-04-23T09:49:00,25,SMS,BOM-244,19.098543,72.849201,BOM-447,19.044024,72.85621
2BA0894C,+91-88200-58261,+91-93400-91528,2025-05-06T21:20:00,707,VOICE,BOM-318,19.119887,72.847172,BOM-212,19.041494,72.86377
83B86BB9,+91-91761-55916,+91-89120-28824,2025-05-18T11:50:00,350,VOICE,BOM-318,19.119721,72.846729,BOM-212,19.041577,72.863365
64BC5A32,+91-80720-33047,+91-63990-88050,2025-05-05T09:14:00,1452,VOICE,BOM-447,19.044181,72.856119,BOM-901,19.029819,72.855676
6F0C6042,+91-96200-44444,+91-89120-54495,2025-04-29T23:21:00,5,SMS,BKC-112,19.0656,72.8669,BOM-103,18.963514,72.834461
4899C038,+91-88200-59698,+91-77540-46019,2025-05-08T14:35:00,228,VOICE,BOM-702,19.07598,72.877883,BOM-808,19.054955,72.900447
E72A5715,+91-91761-47670,+91-75300-15256,2025-04-23T08:15:00,191,VOICE,BOM-244,19.09885,72.849291,BOM-318,19.11974,72.846642
6ECEF3BC,+91-70420-50631,+91-80720-51259,2025-05-20T22:41:00,1619,VOICE,BOM-621,19.136005,72.829152,BOM-808,19.05404,72.9004
A0920164,+91-70420-21352,+91-75300-62106,2025-04-20T19:46:00,1361,VOICE,BOM-212,19.041106,72.863859,BOM-621,19.136003,72.830054
A10C0B01,+91-77540-54144,+91-77540-83461,2025-05-13T10:54:00,1083,VOICE,BOM-212,19.041009,72.8633,BOM-621,19.135779,72.829701
F034071E,+91-70420-88075,+91-80720-38610,2025-04-21T11:00:00,1564,VOICE,BOM-519,19.066717,72.878536,BOM-702,19.076254,72.877586
93C118F1,+91-70420-99378,+91-93400-18945,2025-04-18T20:20:00,1440,VOICE,BOM-901,19.02923,72.85548,BOM-318,19.119756,72.847011
8C8302B2,+91-87890-68636,+91-89120-76148,2025-04-15T23:14:00,52,SMS,BOM-103,18.963793,72.834696,BOM-318,19.119211,72.846985
4C2370DF,+91-77540-23495,+91-63990-58336,2025-05-14T16:51:00,1652,VOICE,BOM-103,18.962822,72.834203,BOM-318,19.12003,72.846346
09300840,+91-91761-91564,+91-70420-37267,2025-05-12T17:10:00,117,VOICE,BOM-702,19.076076,72.878034,BOM-901,19.029292,72.854974
49F0A6D9,+91-63990-17442,+91-89120-62662,2025-05-06T14:25:00,514,VOICE,BOM-621,19.135651,72.829629,BOM-447,19.044613,72.856209
315DE323,+91-70420-48228,+91-77540-48535,2025-05-05T23:45:00,39,SMS,BOM-244,19.099098,72.848825,BOM-318,19.119906,72.846683
2461EE60,+91-96200-11111,+91-96200-33333,2025-05-14T12:25:00,49,SMS,BOM-519,19.065871,72.878043,BOM-244,19.098706,72.848543
0168DF29,+91-77540-26228,+91-91761-96992,2025-04-23T20:15:00,235,VOICE,BOM-702,19.075659,72.878101,BOM-901,19.030025,72.854857
3B6440E8,+91-88200-79546,+91-75300-65857,2025-05-18T11:42:00,1106,VOICE,BOM-901,19.029158,72.854921,BOM-621,19.135871,72.829608
9A2EA47C,+91-91761-21608,+91-89120-80866,2025-04-16T07:38:00,917,VOICE,BOM-519,19.066308,72.878875,BOM-447,19.044138,72.856068
7C01E939,+91-89120-66519,+91-77540-40298,2025-04-20T14:57:00,1365,VOICE,BOM-244,19.099075,72.849454,BOM-103,18.96376,72.834115
526584C8,+91-80720-88621,+91-80720-92393,2025-05-07T23:35:00,1728,VOICE,BOM-621,19.135858,72.82936,BOM-702,19.075677,72.877665
DABE8CBD,+91-80720-85333,+91-70420-47367,2025-05-05T11:15:00,58,SMS,BOM-702,19.075791,72.877657,BOM-212,19.041509,72.86346
D79BECEE,+91-80720-88608,+91-70420-94263,2025-05-04T23:51:00,1147,VOICE,BOM-702,19.076093,72.877226,BOM-621,19.135665,72.829558
16E8BBE8,+91-63990-77539,+91-93400-77674,2025-04-16T09:19:00,1740,VOICE,BOM-519,19.06627,72.878164,BOM-318,19.119359,72.846544
DCE364DA,+91-80720-64077,+91-63990-51498,2025-05-06T19:09:00,214,VOICE,BOM-702,19.075751,72.878018,BOM-901,19.029548,72.854957
3AD70FB6,+91-91761-84412,+91-87890-82494,2025-05-19T13:04:00,23,VOICE,BOM-447,19.044786,72.855789,BOM-447,19.04478,72.856208
9676C802,+91-80720-96417,+91-88200-63631,2025-04-23T21:48:00,29,SMS,BOM-702,19.076101,72.877223,BOM-318,19.119481,72.846315
F2BCB580,+91-77540-86609,+91-70420-47389,2025-05-07T08:34:00,1677,VOICE,BOM-244,19.099451,72.849327,BOM-318,19.12002,72.846763
33752313,+91-63990-32615,+91-77540-94661,2025-05-05T14:18:00,279,VOICE,BOM-519,19.066008,72.878688,BOM-808,19.054712,72.90047
06898BF7,+91-77540-83213,+91-70420-83461,2025-05-11T12:38:00,45,SMS,BOM-808,19.054172,72.900149,BOM-212,19.041471,72.863839
865D6384,+91-63990-66629,+91-91761-65713,2025-05-09T11:15:00,1454,VOICE,BOM-212,19.041244,72.863902,BOM-621,19.136358,72.829905
003B4D6B,+91-88200-78642,+91-70420-11113,2025-04-24T07:27:00,298,VOICE,BOM-244,19.098517,72.848594,BOM-103,18.963468,72.834684
26AD8E22,+91-93400-80960,+91-77540-96036,2025-04-25T18:00:00,1443,VOICE,BOM-447,19.044765,72.855602,BOM-519,19.06621,72.878367
378DEF5C,+91-77540-30581,+91-80720-37638,2025-05-05T09:10:00,1424,VOICE,BOM-519,19.065921,72.877909,BOM-103,18.963088,72.834137
5D0924EE,+91-63990-13366,+91-77540-84968,2025-05-16T08:39:00,949,VOICE,BOM-212,19.041724,72.863381,BOM-702,19.075876,72.877455
D5AE5C49,+91-70420-31832,+91-80720-96511,2025-04-15T22:17:00,606,VOICE,BOM-212,19.04119,72.864091,BOM-702,19.076251,72.878013
6AA4C9AD,+91-87890-87745,+91-88200-40865,2025-05-09T21:35:00,156,VOICE,BOM-702,19.076324,72.877724,BOM-212,19.041496,72.863322
69AA2D94,+91-93400-30689,+91-87890-82383,2025-05-03T07:22:00,537,VOICE,BOM-901,19.029988,72.855393,BOM-318,19.119943,72.84723
9EDA4D92,+91-63990-26859,+91-80720-66841,2025-05-06T22:54:00,37,SMS,BOM-103,18.963421,72.83421,BOM-103,18.963546,72.834437
A8FE90C5,+91-77540-85598,+91-87890-12341,2025-05-17T18:36:00,45,VOICE,BOM-244,19.098645,72.848802,BOM-318,19.119537,72.8467
21D58AF1,+91-70420-71621,+91-75300-10619,2025-05-03T07:44:00,17,SMS,BOM-212,19.041797,72.864031,BOM-103,18.963776,72.833913
229B7B6D,+91-88200-59386,+91-91761-36747,2025-04-23T13:53:00,809,VOICE,BOM-447,19.044505,72.855743,BOM-212,19.041688,72.863257
043BB4BA,+91-96200-33333,+91-96200-11111,2025-04-18T15:11:00,1685,VOICE,BOM-212,19.041318,72.86341,BOM-621,19.136162,72.829223
539F801A,+91-93400-17976,+91-93400-38256,2025-05-01T20:50:00,6,SMS,BOM-103,18.963287,72.8341,BOM-318,19.119534,72.846651
322B1804,+91-87890-84541,+91-91761-32124,2025-04-17T21:15:00,1363,VOICE,BOM-702,19.075793,72.877327,BOM-318,19.119886,72.84727
4456703A,+91-89120-71751,+91-91761-92108,2025-04-27T13:28:00,936,VOICE,BOM-702,19.07613,72.877458,BOM-318,19.120056,72.846841
FC9B189D,+91-80720-56145,+91-89120-34410,2025-04-20T15:24:00,1707,VOICE,BOM-702,19.075929,72.877616,BOM-318,19.119798,72.846574
B28DA622,+91-80720-27756,+91-93400-92564,2025-05-14T21:32:00,1635,VOICE,BOM-621,19.136011,72.830023,BOM-702,19.075542,72.877618
54BB2D6E,+91-91761-98567,+91-87890-85226,2025-05-04T21:44:00,1121,VOICE,BOM-808,19.054366,72.900003,BOM-103,18.963344,72.833743
6AAC0441,+91-88200-23682,+91-87890-95402,2025-05-01T12:56:00,606,VOICE,BOM-447,19.044056,72.855894,BOM-212,19.041599,72.86393
AF7A9F4B,+91-89120-54290,+91-87890-75218,2025-05-13T09:41:00,54,SMS,BOM-447,19.044163,72.855331,BOM-901,19.029946,72.85569
A7A55B9C,+91-89120-43259,+91-80720-17158,2025-04-20T16:48:00,40,SMS,BOM-519,19.06595,72.878078,BOM-103,18.962918,72.834409
0F135795,+91-77540-35405,+91-91761-28850,2025-05-04T12:35:00,1230,VOICE,BOM-901,19.02931,72.85519,BOM-808,19.054064,72.900768
A6E8B944,+91-75300-49522,+91-63990-41208,2025-05-02T18:03:00,1085,VOICE,BOM-621,19.135687,72.829442,BOM-244,19.098924,72.848661
49A71536,+91-70420-18142,+91-93400-60289,2025-05-12T08:11:00,53,SMS,BOM-621,19.13614,72.829488,BOM-621,19.136074,72.829171
5BA61FFA,+91-87890-76299,+91-88200-94095,2025-04-28T22:11:00,952,VOICE,BOM-901,19.029744,72.855442,BOM-702,19.075763,72.877236
DA13E772,+91-77540-72863,+91-91761-91857,2025-04-24T21:43:00,9,SMS,BOM-103,18.963401,72.83414,BOM-901,19.029418,72.855422
8574F74F,+91-91761-70140,+91-75300-87352,2025-04-23T14:22:00,1378,VOICE,BOM-244,19.099093,72.848544,BOM-103,18.962862,72.83447
158E142A,+91-89120-73792,+91-87890-39668,2025-04-16T09:02:00,472,VOICE,BOM-212,19.04141,72.864031,BOM-244,19.099246,72.848644
B798E7E1,+91-63990-33151,+91-70420-21611,2025-05-14T10:55:00,1261,VOICE,BOM-212,19.041509,72.863903,BOM-519,19.066135,72.877973
4534FD32,+91-87890-24428,+91-93400-72160,2025-05-18T14:29:00,288,VOICE,BOM-901,19.029723,72.854909,BOM-519,19.06653,72.878691
44169DA0,+91-89120-58810,+91-75300-36655,2025-04-28T12:21:00,917,VOICE,BOM-519,19.065874,72.878693,BOM-808,19.054362,72.900038
18D262BF,+91-89120-55011,+91-93400-63760,2025-05-03T10:11:00,911,VOICE,BOM-808,19.054203,72.900346,BOM-318,19.119773,72.846522
D023A2BB,+91-88200-17598,+91-70420-97590,2025-04-17T19:29:00,49,SMS,BOM-621,19.135737,72.829514,BOM-621,19.136228,72.82977
93022112,+91-75300-40911,+91-89120-86731,2025-05-06T11:26:00,1167,VOICE,BOM-519,19.066521,72.877992,BOM-808,19.054068,72.900667
ACF76153,+91-87890-25224,+91-93400-95243,2025-04-15T12:18:00,959,VOICE,BOM-318,19.120088,72.847259,BOM-808,19.054098,72.900644
B916CAE1,+91-88200-67518,+91-63990-88767,2025-04-24T07:30:00,918,VOICE,BOM-212,19.04108,72.863254,BOM-212,19.041864,72.864103
8665C340,+91-75300-85162,+91-75300-83783,2025-04-22T15:42:00,1601,VOICE,BOM-103,18.963151,72.83437,BOM-447,19.044189,72.856031
01967B09,+91-77540-11891,+91-77540-13488,2025-05-10T16:03:00,1625,VOICE,BOM-318,19.119889,72.846864,BOM-447,19.044111,72.855336
5D90CB99,+91-91761-10382,+91-91761-22492,2025-05-20T20:15:00,1194,VOICE,BOM-244,19.099218,72.8489,BOM-901,19.029482,72.854951
71023EAD,+91-91761-89201,+91-77540-64564,2025-04-23T16:34:00,1291,VOICE,BOM-318,19.119384,72.847133,BOM-621,19.135726,72.829262
267FC914,+91-87890-78880,+91-93400-10102,2025-04-29T21:06:00,699,VOICE,BOM-103,18.963556,72.833986,BOM-702,19.076241,72.87804
C9962C5B,+91-75300-60168,+91-93400-57270,2025-04-28T23:18:00,57,SMS,BOM-808,19.054172,72.900392,BOM-318,19.119721,72.846451
40901247,+91-89120-30227,+91-88200-54635,2025-05-18T12:02:00,20,SMS,BOM-808,19.054418,72.900966,BOM-212,19.041407,72.864063
0D6934EB,+91-63990-96979,+91-93400-91561,2025-04-26T11:04:00,722,VOICE,BOM-519,19.066041,72.878014,BOM-901,19.029682,72.855577
3AE4F033,+91-93400-29553,+91-88200-99887,2025-05-08T23:27:00,676,VOICE,BOM-244,19.098577,72.849148,BOM-702,19.075929,72.877686
D99BDB15,+91-88200-15271,+91-77540-54930,2025-04-20T21:25:00,26,SMS,BOM-212,19.041556,72.864104,BOM-212,19.040931,72.86419
0AB275A5,+91-91761-46836,+91-75300-11605,2025-05-10T15:17:00,505,VOICE,BOM-621,19.135623,72.829654,BOM-447,19.044069,72.8554
4CB06FB5,+91-87890-89085,+91-70420-14048,2025-04-30T07:05:00,1476,VOICE,BOM-212,19.041775,72.863555,BOM-318,19.11955,72.846414
25AC14DA,+91-63990-54117,+91-75300-65437,2025-05-07T23:57:00,1780,VOICE,BOM-318,19.120177,72.846606,BOM-808,19.054147,72.900621
0AE45366,+91-70420-61381,+91-89120-52087,2025-05-13T07:52:00,179,VOICE,BOM-212,19.041546,72.864192,BOM-212,19.041767,72.863998
589806F0,+91-96200-33333,+91-96200-11111,2025-04-29T14:07:00,922,VOICE,BOM-808,19.054524,72.90028,BOM-808,19.054227,72.900783
D02D47BC,+91-70420-87719,+91-70420-19818,2025-04-19T14:53:00,1695,VOICE,BOM-808,19.054543,72.900873,BOM-447,19.04458,72.855714
E59C12DA,+91-91761-46747,+91-80720-52518,2025-05-10T23:35:00,1566,VOICE,BOM-901,19.029244,72.855134,BOM-447,19.043928,72.855519
B9D83BA4,+91-88200-65087,+91-80720-26709,2025-04-21T16:13:00,25,VOICE,BOM-318,19.120103,72.847036,BOM-519,19.066533,72.878284
FC75A2A6,+91-88200-15594,+91-88200-88610,2025-04-20T15:35:00,1436,VOICE,BOM-519,19.066794,72.878503,BOM-318,19.119781,72.847153
004F0199,+91-89120-13526,+91-89120-57692,2025-04-18T07:57:00,57,SMS,BOM-212,19.041755,72.863212,BOM-702,19.076008,72.87752
0E7F3647,+91-93400-17907,+91-93400-92296,2025-04-29T21:54:00,768,VOICE,BOM-901,19.029661,72.855668,BOM-621,19.13553,72.829117
20032374,+91-89120-67481,+91-80720-48203,2025-05-13T21:44:00,42,SMS,BOM-318,19.119793,72.846681,BOM-519,19.066736,72.878139
55E7C8AA,+91-80720-94390,+91-80720-98313,2025-04-18T11:21:00,1016,VOICE,BOM-447,19.044788,72.856126,BOM-212,19.04104,72.863591
623029AD,+91-70420-49119,+91-70420-66436,2025-04-19T07:44:00,1782,VOICE,BOM-244,19.099221,72.849403,BOM-318,19.120047,72.846791
6ECFE571,+91-96200-33333,+91-96200-11111,2025-05-06T12:33:00,669,VOICE,BOM-447,19.04479,72.856079,BOM-519,19.066663,72.878862
186B075F,+91-89120-97318,+91-80720-23061,2025-04-17T20:55:00,1502,VOICE,BOM-901,19.029152,72.855707,BOM-808,19.054347,72.900206
505B40AE,+91-91761-46838,+91-63990-42695,2025-05-01T18:19:00,860,VOICE,BOM-702,19.076229,72.877279,BOM-808,19.054511,72.900603
8008F69E,+91-96200-11111,+91-96200-33333,2025-04-16T20:48:00,293,VOICE,BOM-244,19.099396,72.849166,BOM-519,19.065974,72.878724
5F96F60E,+91-77540-17629,+91-80720-91289,2025-05-18T18:34:00,635,VOICE,BOM-244,19.099474,72.849108,BOM-519,19.066451,72.878485
22EA2558,+91-75300-61249,+91-88200-55702,2025-04-16T13:41:00,465,VOICE,BOM-808,19.054128,72.900521,BOM-702,19.07626,72.87769
0F7D1F1A,+91-88200-31981,+91-89120-36415,2025-04-25T19:27:00,1643,VOICE,BOM-103,18.96309,72.834023,BOM-621,19.135691,72.829248
813B0874,+91-70420-75425,+91-87890-76599,2025-05-09T22:52:00,299,VOICE,BOM-808,19.054466,72.900175,BOM-702,19.075777,72.877236
05123AF2,+91-88200-94927,+91-77540-63340,2025-05-03T19:19:00,52,SMS,BOM-702,19.075922,72.877713,BOM-621,19.136104,72.829175
540F5AAE,+91-87890-24525,+91-87890-52340,2025-05-16T10:04:00,1636,VOICE,BOM-808,19.054051,72.900684,BOM-901,19.029552,72.854841
0E008A76,+91-70420-37725,+91-91761-96543,2025-05-04T10:34:00,54,VOICE,BOM-519,19.066366,72.878358,BOM-702,19.076265,72.87722
AB40217F,+91-63990-84676,+91-87890-33228,2025-04-17T19:34:00,298,VOICE,BOM-103,18.962941,72.834182,BOM-447,19.044227,72.855305
7958E4D1,+91-75300-52843,+91-63990-19009,2025-05-15T23:33:00,1609,VOICE,BOM-702,19.076008,72.877299,BOM-318,19.119407,72.847156
0C3A8152,+91-77540-69990,+91-87890-39515,2025-04-21T17:30:00,47,SMS,BOM-318,19.119403,72.846659,BOM-318,19.119953,72.846499
4F57E47A,+91-91761-35997,+91-93400-53472,2025-04-27T19:56:00,497,VOICE,BOM-103,18.963642,72.833787,BOM-447,19.044606,72.855463
559D9DAB,+91-96200-33333,+91-96200-11111,2025-04-19T10:06:00,1685,VOICE,BOM-244,19.099461,72.849172,BOM-244,19.099002,72.849117
E208E032,+91-75300-85084,+91-93400-16161,2025-05-15T23:50:00,1441,VOICE,BOM-447,19.044009,72.855475,BOM-103,18.963319,72.834443
0BD8DAEC,+91-87890-74883,+91-63990-81471,2025-05-03T12:34:00,1498,VOICE,BOM-103,18.963352,72.833895,BOM-212,19.041889,72.863496
1A931237,+91-77540-58145,+91-80720-30664,2025-04-16T20:22:00,104,VOICE,BOM-212,19.041235,72.863837,BOM-702,19.075956,72.877366
335B694A,+91-96200-22222,+91-96200-11111,2025-04-23T18:46:00,1169,VOICE,BOM-702,19.075785,72.878114,BOM-447,19.044096,72.85546
6B6E3205,+91-89120-52378,+91-80720-84523,2025-05-13T11:53:00,980,VOICE,BOM-621,19.135717,72.829941,BOM-212,19.041434,72.863917
DFBB6091,+91-87890-75834,+91-75300-63553,2025-04-18T19:56:00,808,VOICE,BOM-808,19.054471,72.900093,BOM-103,18.963338,72.834309
86B119C3,+91-87890-20543,+91-77540-61723,2025-04-16T21:45:00,1785,VOICE,BOM-103,18.963212,72.834372,BOM-808,19.054679,72.90088
071CBC3E,+91-63990-53167,+91-77540-49956,2025-04-29T23:35:00,159,VOICE,BOM-447,19.04426,72.85561,BOM-447,19.04445,72.855764
60CAFDA3,+91-89120-37233,+91-93400-39042,2025-04-19T20:38:00,28,SMS,BOM-447,19.04468,72.855859,BOM-318,19.11986,72.846617
55BFFED9,+91-96200-11111,+91-96200-33333,2025-04-29T13:17:00,226,VOICE,BOM-901,19.029894,72.854846,BOM-901,19.029234,72.855522
BB26F4A5,+91-88200-60665,+91-93400-29587,2025-05-18T21:22:00,457,VOICE,BOM-103,18.963614,72.834679,BOM-244,19.099139,72.848834
3889D229,+91-91761-43031,+91-91761-69436,2025-05-16T21:35:00,238,VOICE,BOM-901,19.029289,72.855493,BOM-212,19.041601,72.864083
FA7A8DD1,+91-63990-35818,+91-89120-84349,2025-04-16T16:48:00,1490,VOICE,BOM-519,19.065913,72.878326,BOM-318,19.119228,72.846741
C74D9774,+91-70420-13462,+91-63990-98206,2025-05-04T11:07:00,59,VOICE,BOM-212,19.041026,72.8639,BOM-447,19.044267,72.855329
43B785F1,+91-96200-11111,+91-96200-33333,2025-04-24T16:14:00,1314,VOICE,BOM-103,18.962916,72.834306,BOM-901,19.029746,72.854951
621612DF,+91-93400-11649,+91-80720-78951,2025-05-06T07:28:00,17,SMS,BOM-447,19.04452,72.855641,BOM-244,19.099231,72.848949
B42BEFA4,+91-77540-82791,+91-87890-37670,2025-04-18T07:43:00,1437,VOICE,BOM-447,19.044364,72.8561,BOM-702,19.075592,72.877391
07592991,+91-80720-86982,+91-75300-37525,2025-05-05T22:42:00,504,VOICE,BOM-212,19.041522,72.86361,BOM-318,19.119357,72.846749
44E304A0,+91-93400-85142,+91-70420-47164,2025-04-17T08:57:00,1510,VOICE,BOM-621,19.13576,72.829971,BOM-212,19.041684,72.863662
D0FBEBC7,+91-80720-94445,+91-87890-14326,2025-04-24T08:34:00,916,VOICE,BOM-103,18.963774,72.833851,BOM-103,18.963512,72.83443
1F90810A,+91-87890-82334,+91-88200-36639,2025-04-20T16:42:00,56,SMS,BOM-447,19.044018,72.855554,BOM-702,19.075887,72.877565
08FDEA9D,+91-91761-73945,+91-80720-79011,2025-04-17T23:16:00,46,SMS,BOM-244,19.099393,72.849185,BOM-244,19.098991,72.849098
3460E1F4,+91-63990-96889,+91-88200-99717,2025-05-10T17:17:00,1088,VOICE,BOM-103,18.963128,72.834554,BOM-447,19.044222,72.856146
0427CDDF,+91-89120-80411,+91-91761-79620,2025-04-17T12:21:00,13,SMS,BOM-808,19.054127,72.900719,BOM-901,19.029497,72.854956
B91EEF96,+91-77540-31109,+91-88200-67233,2025-05-14T12:10:00,1481,VOICE,BOM-808,19.054905,72.900837,BOM-212,19.041558,72.863792
C0A97F33,+91-91761-76606,+91-93400-72578,2025-04-30T23:00:00,21,SMS,BOM-244,19.098817,72.849257,BOM-318,19.119995,72.846611
C2305EAE,+91-80720-50325,+91-70420-96276,2025-04-28T09:14:00,754,VOICE,BOM-519,19.066541,72.878454,BOM-244,19.099065,72.84851
585AD852,+91-70420-88875,+91-87890-50386,2025-05-11T21:33:00,130,VOICE,BOM-447,19.044074,72.855815,BOM-519,19.065993,72.878156
EF02F41C,+91-93400-69959,+91-70420-65799,2025-05-12T13:11:00,1101,VOICE,BOM-901,19.029215,72.855621,BOM-702,19.075586,72.877252
9F150898,+91-75300-28226,+91-80720-34977,2025-05-12T12:20:00,1376,VOICE,BOM-103,18.963541,72.834438,BOM-621,19.135587,72.829662
6F22AAA5,+91-88200-50755,+91-70420-96404,2025-05-04T11:18:00,1353,VOICE,BOM-519,19.065898,72.878822,BOM-519,19.066727,72.878354
CBB7B523,+91-70420-74271,+91-75300-82078,2025-04-16T23:23:00,57,SMS,BOM-519,19.066167,72.878844,BOM-103,18.963638,72.834645
AF94B5F8,+91-87890-11171,+91-77540-53660,2025-04-27T12:07:00,27,SMS,BOM-901,19.029458,72.855087,BOM-808,19.054615,72.900277
D68EA877,+91-87890-23252,+91-77540-61455,2025-04-30T14:38:00,349,VOICE,BOM-519,19.066349,72.878508,BOM-103,18.963394,72.833824
57C7AC05,+91-91761-49186,+91-89120-74306,2025-05-03T14:44:00,934,VOICE,BOM-901,19.029753,72.855335,BOM-901,19.029225,72.855691
29B83302,+91-96200-11111,+91-96200-44444,2025-04-29T20:46:00,462,VOICE,BOM-103,18.962962,72.833864,BOM-702,19.075412,72.877553
4FB29A78,+91-88200-36879,+91-77540-98813,2025-05-15T08:09:00,755,VOICE,BOM-808,19.054314,72.900827,BOM-244,19.09872,72.849475
4CE476EF,+91-63990-14875,+91-93400-17597,2025-05-04T12:27:00,985,VOICE,BOM-519,19.066165,72.878149,BOM-621,19.135621,72.82932
0C52473A,+91-96200-11111,+91-96200-22222,2025-04-24T18:23:00,1221,VOICE,BOM-103,18.96282,72.833827,BOM-621,19.136307,72.829165
D88BC353,+91-89120-78440,+91-93400-42621,2025-05-05T10:19:00,160,VOICE,BOM-519,19.06583,72.877902,BOM-621,19.136422,72.829832
8D3F3031,+91-80720-61925,+91-77540-32195,2025-05-03T10:37:00,26,SMS,BOM-519,19.066013,72.878037,BOM-621,19.135533,72.830046
EAF805C0,+91-93400-17787,+91-80720-50248,2025-04-27T22:54:00,19,SMS,BOM-808,19.054829,72.900459,BOM-621,19.136474,72.829878
9678DA60,+91-89120-34493,+91-80720-78898,2025-04-22T19:38:00,56,SMS,BOM-901,19.029434,72.855675,BOM-702,19.076031,72.877481
8D255A60,+91-87890-71042,+91-70420-69150,2025-05-08T23:14:00,279,VOICE,BOM-702,19.075866,72.87779,BOM-808,19.05442,72.900809
5FEFF4ED,+91-70420-68568,+91-80720-42497,2025-04-21T14:00:00,888,VOICE,BOM-244,19.098666,72.849485,BOM-808,19.05492,72.90002
3B1D6E24,+91-89120-30586,+91-87890-72903,2025-05-11T23:19:00,1127,VOICE,BOM-103,18.962821,72.834365,BOM-103,18.963378,72.834074
39601D4D,+91-75300-74072,+91-87890-46554,2025-04-28T08:18:00,751,VOICE,BOM-808,19.054787,72.900513,BOM-318,19.119533,72.84667
9B9EAC01,+91-96200-33333,+91-96200-44444,2025-05-13T20:38:00,1387,VOICE,BOM-808,19.054863,72.900664,BOM-519,19.066377,72.878795
BB649BAB,+91-88200-38887,+91-87890-41433,2025-04-17T13:57:00,613,VOICE,BOM-621,19.136422,72.830079,BOM-519,19.066292,72.878746
4D741F1C,+91-75300-36378,+91-93400-31419,2025-04-20T12:39:00,1323,VOICE,BOM-244,19.099369,72.849258,BOM-103,18.963428,72.834489
C2A2B5A2,+91-91761-10261,+91-89120-65109,2025-04-25T17:29:00,45,SMS,BOM-519,19.066133,72.878763,BOM-621,19.13637,72.829307
D51E8121,+91-77540-16675,+91-80720-57948,2025-04-23T23:12:00,196,VOICE,BOM-212,19.041623,72.86385,BOM-808,19.054848,72.90061
566A01DF,+91-77540-49521,+91-88200-90027,2025-04-18T08:42:00,31,SMS,BOM-901,19.029334,72.855406,BOM-103,18.963573,72.834506
AF193A34,+91-89120-13720,+91-80720-39069,2025-05-16T15:28:00,369,VOICE,BOM-621,19.135707,72.829428,BOM-519,19.066461,72.878639
759778C6,+91-80720-18598,+91-88200-64431,2025-05-12T17:50:00,1615,VOICE,BOM-702,19.075427,72.877385,BOM-103,18.963321,72.834205
3944AAE4,+91-70420-81558,+91-70420-70023,2025-05-04T13:20:00,410,VOICE,BOM-103,18.962879,72.834095,BOM-808,19.054086,72.900554
54B68AA5,+91-63990-80216,+91-63990-47243,2025-04-27T08:01:00,555,VOICE,BOM-318,19.119425,72.84726,BOM-808,19.054981,72.900997
36261CCE,+91-88200-95786,+91-88200-46705,2025-04-26T18:00:00,32,SMS,BOM-103,18.96348,72.834674,BOM-808,19.054377,72.90052
EEEC371E,+91-77540-55712,+91-80720-95342,2025-04-17T09:28:00,234,VOICE,BOM-808,19.054856,72.900383,BOM-103,18.963047,72.834469
F6650F7B,+91-77540-77399,+91-75300-44889,2025-05-01T11:52:00,423,VOICE,BOM-212,19.041891,72.863251,BOM-103,18.963384,72.833921
CEA3717E,+91-89120-53595,+91-75300-76121,2025-04-24T10:09:00,855,VOICE,BOM-519,19.065812,72.878056,BOM-318,19.119752,72.84711
B0053343,+91-89120-98568,+91-63990-42165,2025-05-11T10:01:00,1676,VOICE,BOM-519,19.066558,72.878179,BOM-808,19.054962,72.900437
C5A59185,+91-75300-25300,+91-91761-21431,2025-05-19T15:12:00,1224,VOICE,BOM-901,19.029117,72.855789,BOM-621,19.136283,72.82993
887AA8E7,+91-63990-42161,+91-77540-97588,2025-05-07T22:15:00,1267,VOICE,BOM-808,19.054761,72.900784,BOM-103,18.963564,72.83416
09D25CE9,+91-89120-47345,+91-80720-63155,2025-05-10T09:10:00,1463,VOICE,BOM-702,19.076066,72.878129,BOM-212,19.040944,72.863757
DB15D3C5,+91-75300-84876,+91-93400-45153,2025-04-26T08:39:00,57,SMS,BOM-103,18.962943,72.834323,BOM-447,19.044203,72.855489
CACF7A35,+91-89120-87292,+91-80720-15286,2025-05-09T21:45:00,1072,VOICE,BOM-702,19.07582,72.877783,BOM-318,19.119386,72.84666
E980D23E,+91-89120-63158,+91-88200-18375,2025-05-01T18:08:00,19,SMS,BOM-318,19.119867,72.847152,BOM-212,19.041512,72.863477
810F3571,+91-75300-44025,+91-80720-18470,2025-04-16T18:39:00,800,VOICE,BOM-901,19.029754,72.855541,BOM-244,19.099419,72.848578
494F2F21,+91-77540-90085,+91-80720-36549,2025-05-01T17:52:00,242,VOICE,BOM-318,19.119698,72.846303,BOM-519,19.066757,72.878382
0ABF15EC,+91-87890-40791,+91-80720-34792,2025-05-17T21:55:00,210,VOICE,BOM-808,19.054473,72.900119,BOM-447,19.044598,72.856091
4DCF4411,+91-91761-51112,+91-80720-20508,2025-05-04T17:50:00,28,VOICE,BOM-519,19.065996,72.878405,BOM-103,18.962956,72.833981
FD611F2E,+91-88200-79994,+91-91761-66502,2025-04-29T10:46:00,1696,VOICE,BOM-318,19.119337,72.847012,BOM-103,18.96296,72.833704
F13C857D,+91-80720-30739,+91-93400-79726,2025-04-19T19:11:00,51,SMS,BOM-519,19.066453,72.878328,BOM-519,19.066477,72.87868
39D0949F,+91-75300-55441,+91-80720-65896,2025-04-16T07:51:00,740,VOICE,BOM-318,19.119829,72.847066,BOM-318,19.119563,72.847277
A43A7127,+91-93400-88402,+91-70420-83242,2025-05-18T22:47:00,46,SMS,BOM-519,19.065914,72.87802,BOM-621,19.136095,72.829384
848C7D9D,+91-70420-41490,+91-77540-19809,2025-05-16T20:22:00,280,VOICE,BOM-519,19.066452,72.878353,BOM-901,19.029663,72.855248
75FF1385,+91-93400-69303,+91-63990-81499,2025-05-19T18:35:00,326,VOICE,BOM-318,19.119557,72.846583,BOM-519,19.066196,72.878211
99137853,+91-88200-57196,+91-91761-67941,2025-05-11T14:56:00,1154,VOICE,BOM-808,19.054449,72.900549,BOM-447,19.044124,72.855429
A229E8A9,+91-77540-95498,+91-80720-12638,2025-04-29T08:55:00,1479,VOICE,BOM-519,19.065971,72.87854,BOM-621,19.136456,72.829605
36E3CDCD,+91-63990-73381,+91-77540-42009,2025-04-29T11:27:00,1039,VOICE,BOM-808,19.054962,72.900802,BOM-244,19.09922,72.849052
99E458F7,+91-87890-77742,+91-89120-73795,2025-05-08T21:55:00,243,VOICE,BOM-318,19.120025,72.846495,BOM-621,19.136282,72.829823
FDAA658D,+91-91761-11394,+91-91761-79838,2025-04-24T18:01:00,709,VOICE,BOM-447,19.044213,72.855904,BOM-808,19.054583,72.900994
9C3DF9E9,+91-91761-70826,+91-87890-49406,2025-05-18T21:49:00,54,SMS,BOM-212,19.04182,72.863351,BOM-103,18.962883,72.834517
612E2666,+91-91761-23506,+91-70420-31217,2025-05-12T23:38:00,1651,VOICE,BOM-702,19.075407,72.877581,BOM-702,19.076285,72.878009
5AD40FF7,+91-93400-27609,+91-77540-31354,2025-04-18T10:20:00,1428,VOICE,BOM-447,19.044337,72.855654,BOM-318,19.119219,72.84642
4093B182,+91-63990-86615,+91-89120-21534,2025-05-14T08:01:00,15,SMS,BOM-103,18.962965,72.834567,BOM-212,19.041682,72.863967
062E6A30,+91-96200-22222,+91-96200-33333,2025-04-30T17:31:00,800,VOICE,BOM-212,19.041002,72.864098,BOM-103,18.96306,72.834571
B0BC068B,+91-88200-80835,+91-80720-96406,2025-05-04T20:49:00,331,VOICE,BOM-519,19.066048,72.878827,BOM-702,19.075567,72.877683
91CD2FD7,+91-63990-81502,+91-91761-27326,2025-04-18T16:24:00,425,VOICE,BOM-244,19.099066,72.848929,BOM-103,18.962809,72.834311
8685B26D,+91-96200-11111,+91-96200-33333,2025-05-09T12:13:00,876,VOICE,BOM-702,19.076044,72.87769,BOM-318,19.119962,72.847185
47BB74B9,+91-77540-81954,+91-80720-32919,2025-05-17T10:24:00,642,VOICE,BOM-702,19.075696,72.877575,BOM-244,19.099196,72.849354
635CB61B,+91-80720-32686,+91-63990-71721,2025-05-07T11:43:00,1287,VOICE,BOM-901,19.029903,72.85488,BOM-808,19.054927,72.90074
1E70D416,+91-87890-97908,+91-75300-86475,2025-04-26T16:28:00,1296,VOICE,BOM-212,19.041132,72.86348,BOM-621,19.13588,72.829377
1A2E9346,+91-89120-94598,+91-93400-44927,2025-05-08T22:17:00,25,SMS,BOM-318,19.119915,72.84708,BOM-318,19.119235,72.847074
4E43BC49,+91-93400-45611,+91-70420-51115,2025-04-27T14:36:00,1601,VOICE,BOM-318,19.119621,72.846907,BOM-808,19.054992,72.900332
D701C812,+91-80720-68686,+91-80720-72118,2025-04-25T10:37:00,119,VOICE,BOM-702,19.075976,72.877209,BOM-901,19.029451,72.855766
83C437C4,+91-70420-72725,+91-63990-65265,2025-05-02T16:18:00,115,VOICE,BOM-808,19.054122,72.900166,BOM-103,18.963582,72.834696
93C53F66,+91-70420-17281,+91-93400-43401,2025-04-23T12:55:00,770,VOICE,BOM-808,19.05413,72.900275,BOM-808,19.054714,72.900495
604A8BF8,+91-89120-74082,+91-80720-74303,2025-05-15T13:38:00,710,VOICE,BOM-212,19.041347,72.863579,BOM-318,19.11978,72.847001
38B64846,+91-93400-73457,+91-87890-17978,2025-04-22T15:18:00,897,VOICE,BOM-318,19.119869,72.84662,BOM-808,19.054815,72.900097
1EBF18EC,+91-80720-35553,+91-75300-29254,2025-05-12T20:17:00,595,VOICE,BOM-808,19.054464,72.900994,BOM-212,19.040997,72.863276
4B0C75D6,+91-77540-50067,+91-91761-88396,2025-04-24T14:36:00,1693,VOICE,BOM-318,19.11937,72.847292,BOM-808,19.054214,72.900057
DB4C2E2A,+91-75300-91827,+91-75300-51049,2025-04-16T09:29:00,25,SMS,BOM-901,19.02961,72.855091,BOM-244,19.098887,72.849173
1231A6B3,+91-89120-49499,+91-63990-87710,2025-05-01T20:34:00,471,VOICE,BOM-244,19.099,72.848611,BOM-212,19.040963,72.863807
4002D89C,+91-77540-67745,+91-77540-54391,2025-04-27T08:25:00,58,SMS,BOM-244,19.098633,72.849333,BOM-103,18.962916,72.83412
7A38F827,+91-80720-28145,+91-91761-29388,2025-04-17T14:46:00,48,SMS,BOM-808,19.054451,72.900681,BOM-621,19.135637,72.82983
E12E41E3,+91-93400-85935,+91-88200-54986,2025-05-19T16:15:00,1420,VOICE,BOM-447,19.044316,72.855854,BOM-621,19.13595,72.829141
03D30979,+91-80720-31618,+91-77540-43838,2025-05-02T19:46:00,44,VOICE,BOM-808,19.054035,72.900137,BOM-318,19.120108,72.847206
3A38361E,+91-70420-14772,+91-63990-56905,2025-04-29T09:25:00,47,SMS,BOM-702,19.076186,72.877746,BOM-244,19.099492,72.848978
E815CA3D,+91-63990-10921,+91-88200-33446,2025-05-19T19:20:00,111,VOICE,BOM-244,19.099015,72.848724,BOM-808,19.05442,72.900304
CCDD5D1D,+91-77540-63117,+91-87890-27392,2025-04-25T14:07:00,1553,VOICE,BOM-244,19.099398,72.849076,BOM-519,19.066593,72.878346
5FD53E7D,+91-77540-24711,+91-80720-88076,2025-05-20T23:54:00,52,SMS,BOM-808,19.054953,72.900605,BOM-244,19.098608,72.84889
