call_id,caller_msisdn,callee_msisdn,start_timestamp,duration_sec,call_type,caller_tower_id,caller_tower_lat,caller_tower_lon,callee_tower_id,callee_tower_lat,callee_tower_lon
BCB683A4,+91-91761-12427,+91-93400-77056,2025-02-03T23:12:00,229,VOICE,BOM-702,19.076289,72.877981,BOM-702,19.076022,72.87814
6ED431C2,+91-63990-28793,+91-88200-23341,2025-03-09T21:22:00,1751,VOICE,BOM-447,19.044261,72.855545,BOM-702,19.076236,72.877278
A99639AC,+91-80720-58038,+91-87890-21385,2025-03-22T11:56:00,1422,VOICE,BOM-103,18.963252,72.833755,BOM-212,19.041763,72.863629
9386F968,+91-63990-37762,+91-89120-47584,2025-02-27T09:43:00,1652,VOICE,BOM-103,18.963139,72.834218,BOM-212,19.041094,72.863204
D00F783F,+91-75300-27186,+91-88200-90395,2025-02-26T23:40:00,8,SMS,BOM-901,19.029257,72.854861,BOM-244,19.09869,72.849136
CC92A1BB,+91-93400-87572,+91-89120-61399,2025-02-04T16:51:00,1373,VOICE,BOM-318,19.119432,72.847002,BOM-244,19.098644,72.848725
F1374304,+91-75300-72856,+91-87890-26009,2025-04-05T21:21:00,27,SMS,BOM-244,19.099221,72.848673,BOM-447,19.043947,72.85543
29137793,+91-91761-72123,+91-63990-95896,2025-02-17T14:36:00,243,VOICE,BOM-901,19.02928,72.855361,BOM-901,19.029426,72.855379
1193785C,+91-97300-77777,+91-91761-47876,2025-02-28T17:53:00,9,SMS,BOM-212,19.041666,72.864194,BOM-901,19.02937,72.855008
1CFA63EA,+91-91761-84660,+91-89120-43384,2025-02-27T08:11:00,724,VOICE,BOM-901,19.029218,72.855357,BOM-244,19.099454,72.84948
27512694,+91-75300-53071,+91-75300-33905,2025-02-17T07:50:00,914,VOICE,BOM-103,18.963608,72.834427,BOM-447,19.044014,72.855852
309F727A,+91-93400-16909,+91-89120-49234,2025-03-18T19:02:00,1177,VOICE,BOM-808,19.054447,72.90098,BOM-702,19.07607,72.877633
964736DE,+91-88200-39685,+91-93400-37927,2025-03-22T12:28:00,25,SMS,BOM-519,19.066748,72.878195,BOM-447,19.044759,72.855992
47FFE1E4,+91-89120-18173,+91-93400-98534,2025-01-21T08:24:00,55,SMS,BOM-244,19.099093,72.849153,BOM-519,19.066084,72.878459
E7763ED0,+91-97300-11111,+91-97300-22222,2025-03-19T23:13:00,1404,VOICE,BOM-212,19.041135,72.863822,BOM-447,19.044066,72.855771
FEFBEA84,+91-87890-84922,+91-80720-45371,2025-01-24T08:05:00,1533,VOICE,BOM-318,19.119245,72.846382,BOM-901,19.029912,72.855267
BDBD3BF5,+91-89120-69867,+91-93400-86292,2025-04-11T08:29:00,29,SMS,BOM-808,19.054486,72.900702,BOM-621,19.136144,72.829282
CFF94594,+91-63990-66057,+91-63990-15847,2025-03-05T18:01:00,1472,VOICE,BOM-318,19.119627,72.847249,BOM-808,19.054513,72.90041
4752E7A7,+91-77540-47082,+91-91761-64862,2025-04-08T23:35:00,1011,VOICE,BOM-901,19.029459,72.855668,BOM-621,19.135937,72.829445
84B3BAF9,+91-97300-33333,+91-97300-11111,2025-03-31T23:46:00,512,VOICE,BOM-318,19.119243,72.846467,BOM-621,19.136314,72.829514
72BC1364,+91-89120-86715,+91-88200-99962,2025-04-01T13:00:00,5,SMS,BOM-447,19.044181,72.855709,BOM-447,19.044619,72.856143
8DDE085B,+91-75300-99952,+91-80720-47921,2025-02-14T21:42:00,1526,VOICE,BOM-621,19.135697,72.82978,BOM-318,19.119497,72.846404
0558208E,+91-88200-83293,+91-88200-67283,2025-04-06T12:40:00,5,SMS,BOM-318,19.120079,72.84663,BOM-621,19.135522,72.829776
0A676C18,+91-93400-97103,+91-75300-69839,2025-03-19T21:39:00,261,VOICE,BOM-318,19.119453,72.84659,BOM-519,19.066317,72.878611
306562A5,+91-88200-80635,+91-93400-43493,2025-01-26T07:34:00,1034,VOICE,BOM-702,19.075436,72.878102,BOM-702,19.075459,72.878133
8F42A979,+91-70420-90677,+91-89120-37828,2025-04-17T08:26:00,32,SMS,BOM-621,19.135626,72.829734,BOM-212,19.041628,72.863293
DEE9D559,+91-75300-97532,+91-93400-60970,2025-02-03T11:07:00,1497,VOICE,BOM-702,19.075444,72.878054,BOM-212,19.04114,72.863456
004C08FF,+91-93400-96661,+91-89120-48134,2025-03-27T16:30:00,10,SMS,BOM-621,19.135894,72.829334,BOM-244,19.099226,72.848549
DE14343A,+91-80720-35760,+91-70420-14851,2025-04-18T13:59:00,351,VOICE,BOM-447,19.044308,72.855702,BOM-447,19.04432,72.855728
1BBEE674,+91-77540-70436,+91-80720-14328,2025-02-16T07:43:00,582,VOICE,BOM-808,19.054262,72.900759,BOM-808,19.054229,72.900577
08348451,+91-80720-74768,+91-70420-55866,2025-03-28T14:39:00,34,SMS,BOM-447,19.044007,72.856197,BOM-702,19.07577,72.878067
1AE9498F,+91-87890-76965,+91-89120-76984,2025-02-13T07:56:00,1082,VOICE,BOM-808,19.054822,72.90091,BOM-447,19.044672,72.855769
A0B6ED8D,+91-97300-11111,+91-97300-22222,2025-03-16T22:15:00,1759,VOICE,BOM-702,19.076085,72.877782,BOM-447,19.04414,72.855572
1952FEAB,+91-75300-78228,+91-89120-34892,2025-03-07T17:30:00,1329,VOICE,BOM-103,18.963136,72.834104,BOM-702,19.075941,72.877671
15EBB800,+91-91761-74572,+91-77540-22857,2025-04-18T11:43:00,1235,VOICE,BOM-103,18.963034,72.834418,BOM-244,19.099185,72.848577
3677C5AA,+91-87890-61362,+91-63990-17612,2025-02-23T22:11:00,1060,VOICE,BOM-621,19.135654,72.829997,BOM-244,19.098523,72.848607
F03D9E3A,+91-91761-26052,+91-70420-44847,2025-03-07T07:21:00,843,VOICE,BOM-212,19.04101,72.863873,BOM-621,19.136229,72.829586
627E957D,+91-89120-71177,+91-88200-63292,2025-02-20T11:12:00,38,SMS,BOM-103,18.963116,72.834153,BOM-244,19.099206,72.849141
36A4EB01,+91-77540-45535,+91-93400-71032,2025-02-19T07:08:00,46,SMS,BOM-103,18.96379,72.833716,BOM-318,19.119943,72.846321
1B110ADA,+91-63990-64735,+91-77540-62494,2025-04-15T18:05:00,425,VOICE,BOM-103,18.963642,72.834058,BOM-901,19.029786,72.854982
7735D751,+91-91761-53233,+91-88200-12718,2025-04-09T20:28:00,951,VOICE,BOM-901,19.029932,72.855503,BOM-318,19.120042,72.8466
7C9B512A,+91-80720-80966,+91-75300-31685,2025-01-22T13:37:00,11,SMS,BOM-447,19.044714,72.855421,BOM-447,19.044176,72.85557
4415A758,+91-91761-17081,+91-88200-43897,2025-03-20T08:04:00,751,VOICE,BOM-244,19.098958,72.848557,BOM-808,19.054314,72.900171
C2E1D81A,+91-80720-85101,+91-89120-19232,2025-02-03T08:52:00,152,VOICE,BOM-212,19.041751,72.863886,BOM-318,19.120029,72.846487
8B6A67F5,+91-93400-81973,+91-75300-50728,2025-02-18T12:51:00,139,VOICE,BOM-318,19.119815,72.847295,BOM-621,19.13632,72.829636
8FD8D51E,+91-89120-21722,+91-70420-41333,2025-01-20T13:14:00,42,SMS,BOM-244,19.098616,72.848571,BOM-103,18.963135,72.833701
7A1ABE3A,+91-80720-22341,+91-89120-80609,2025-04-15T08:38:00,910,VOICE,BOM-447,19.044687,72.855948,BOM-244,19.098738,72.848681
A8DD4E37,+91-63990-29164,+91-88200-28769,2025-02-12T17:08:00,22,SMS,BOM-519,19.066182,72.878011,BOM-103,18.963595,72.834234
FBCC8E4A,+91-93400-75138,+91-77540-32264,2025-01-30T08:21:00,34,SMS,BOM-519,19.066011,72.878414,BOM-447,19.04432,72.855632
81B1D0EB,+91-77540-41414,+91-89120-63896,2025-04-21T17:18:00,1309,VOICE,BOM-519,19.066482,72.878116,BOM-103,18.963445,72.833708
B7BEC379,+91-89120-52766,+91-91761-62209,2025-01-18T20:32:00,1736,VOICE,BOM-318,19.120171,72.846758,BOM-702,19.076111,72.877272
33534905,+91-80720-32131,+91-91761-23934,2025-04-21T11:22:00,1624,VOICE,BOM-901,19.029867,72.855036,BOM-901,19.029912,72.855315
0B7024AA,+91-87890-24305,+91-77540-50462,2025-02-06T14:10:00,52,SMS,BOM-621,19.136491,72.829554,BOM-212,19.04137,72.86401
FA3F7918,+91-93400-17328,+91-77540-85225,2025-03-22T14:01:00,1353,VOICE,BOM-318,19.119352,72.84634,BOM-621,19.136377,72.829909
89A1282E,+91-70420-52549,+91-63990-42934,2025-02-10T09:28:00,1602,VOICE,BOM-212,19.041637,72.863846,BOM-621,19.13634,72.829495
600FE0FA,+91-75300-94059,+91-70420-83092,2025-03-02T19:56:00,531,VOICE,BOM-702,19.076357,72.877537,BOM-103,18.963689,72.834691
8D6B75AA,+91-75300-19737,+91-70420-13975,2025-04-02T10:11:00,1504,VOICE,BOM-621,19.136023,72.830054,BOM-212,19.041118,72.863283
19F2727C,+91-75300-14775,+91-87890-85430,2025-01-26T10:15:00,1550,VOICE,BOM-103,18.963753,72.834342,BOM-212,19.041132,72.863673
26A3AE51,+91-77540-10586,+91-63990-65864,2025-02-07T19:48:00,44,SMS,BOM-621,19.135513,72.829795,BOM-447,19.044359,72.855767
601553C3,+91-70420-49523,+91-63990-77575,2025-03-23T19:44:00,1119,VOICE,BOM-901,19.029501,72.855688,BOM-621,19.136438,72.829274
E88F1A9C,+91-77540-79579,+91-77540-57849,2025-03-15T20:49:00,389,VOICE,BOM-901,19.030048,72.854997,BOM-808,19.05402,72.900829
12130278,+91-75300-84754,+91-77540-93024,2025-01-21T17:24:00,378,VOICE,BOM-318,19.11935,72.846796,BOM-447,19.044131,72.855941
0D8C5746,+91-91761-60799,+91-70420-66548,2025-04-13T08:49:00,38,SMS,BOM-318,19.120129,72.847027,BOM-901,19.029719,72.855698
A504E51C,+91-77540-18426,+91-87890-14417,2025-01-25T07:06:00,1196,VOICE,BOM-447,19.044244,72.855964,BOM-621,19.136233,72.829768
1F5D09BA,+91-75300-83136,+91-70420-47236,2025-03-06T17:53:00,26,SMS,BOM-702,19.075718,72.877379,BOM-808,19.054436,72.900255
C7E05D0E,+91-70420-36681,+91-77540-98788,2025-02-10T15:48:00,396,VOICE,BOM-621,19.135975,72.82928,BOM-901,19.030014,72.854844
A95DCBE5,+91-87890-48689,+91-75300-91185,2025-02-08T10:35:00,470,VOICE,BOM-212,19.041049,72.863492,BOM-901,19.029104,72.855731
4078CE02,+91-91761-31871,+91-63990-82470,2025-03-07T23:30:00,1342,VOICE,BOM-519,19.06627,72.878272,BOM-901,19.029631,72.855586
340302E8,+91-77540-99584,+91-80720-40680,2025-03-29T17:06:00,590,VOICE,BOM-901,19.029545,72.855311,BOM-901,19.029327,72.855322
31D4C845,+91-87890-96707,+91-93400-25744,2025-02-11T17:44:00,24,SMS,BOM-447,19.044428,72.855607,BOM-621,19.135528,72.829552
A6E30386,+91-75300-53526,+91-87890-46528,2025-01-16T12:31:00,206,VOICE,BOM-318,19.11945,72.846456,BOM-447,19.044858,72.856039
3008CFB4,+91-87890-35203,+91-91761-46193,2025-02-21T13:47:00,371,VOICE,BOM-447,19.044889,72.855814,BOM-212,19.041717,72.86353
51CDB9B0,+91-89120-11649,+91-80720-71798,2025-01-23T08:25:00,1011,VOICE,BOM-103,18.96374,72.834389,BOM-212,19.041446,72.863722
D2731EBF,+91-63990-95289,+91-87890-73911,2025-02-09T07:49:00,27,SMS,BOM-519,19.06614,72.878554,BOM-103,18.963004,72.834426
94DA509B,+91-77540-23981,+91-93400-15276,2025-03-03T21:21:00,220,VOICE,BOM-447,19.043909,72.855398,BOM-244,19.099106,72.84889
D7885680,+91-97300-22222,+91-97300-11111,2025-01-28T10:10:00,27,SMS,BOM-244,19.099192,72.848809,BOM-447,19.044117,72.855431
73116DA2,+91-87890-84016,+91-93400-43523,2025-03-15T23:06:00,1589,VOICE,BOM-808,19.054517,72.900514,BOM-212,19.040907,72.863828
764593E1,+91-93400-26842,+91-89120-60929,2025-04-02T16:54:00,17,SMS,BOM-318,19.119255,72.847226,BOM-519,19.066526,72.878656
27C0A906,+91-80720-36254,+91-93400-77802,2025-03-11T10:50:00,863,VOICE,BOM-901,19.029792,72.855649,BOM-212,19.041331,72.863629
9980875F,+91-75300-13687,+91-80720-81252,2025-04-05T21:09:00,853,VOICE,BOM-244,19.098901,72.849365,BOM-901,19.029596,72.855287
A34DB270,+91-63990-51928,+91-70420-83850,2025-02-01T23:56:00,842,VOICE,BOM-702,19.076334,72.877298,BOM-318,19.119648,72.847227
7BFF71BE,+91-93400-59686,+91-70420-25477,2025-03-25T09:06:00,54,SMS,BOM-447,19.044105,72.855848,BOM-519,19.065951,72.878255
E23873AA,+91-88200-98263,+91-87890-83006,2025-04-17T12:43:00,342,VOICE,BOM-318,19.119776,72.846626,BOM-808,19.054337,72.900817
E253A010,+91-88200-91768,+91-63990-58434,2025-01-27T07:51:00,1254,VOICE,BOM-318,19.12003,72.846325,BOM-808,19.054328,72.900724
954BF004,+91-87890-72611,+91-63990-40884,2025-02-13T07:49:00,979,VOICE,BOM-244,19.0986,72.848602,BOM-702,19.076054,72.87801
1B812850,+91-63990-91467,+91-91761-69925,2025-03-26T12:52:00,15,SMS,BOM-702,19.075614,72.877726,BOM-901,19.02939,72.855026
89A2AD87,+91-97300-66666,+91-97300-22222,2025-04-23T19:17:00,45,SMS,BKC-112,19.0656,72.8669,BOM-808,19.05474,72.900539
940A2A3A,+91-87890-75480,+91-89120-41291,2025-04-04T13:40:00,632,VOICE,BOM-103,18.963465,72.833785,BOM-447,19.044028,72.856271
511FF477,+91-93400-59213,+91-80720-47169,2025-02-11T16:41:00,894,VOICE,BOM-621,19.136032,72.830007,BOM-901,19.029177,72.855759
B46B751C,+91-91761-25097,+91-63990-35610,2025-03-03T12:40:00,1518,VOICE,BOM-621,19.135801,72.829881,BOM-447,19.044351,72.856283
542D1962,+91-75300-44100,+91-77540-23819,2025-03-28T13:11:00,60,VOICE,BOM-808,19.054934,72.900067,BOM-318,19.119884,72.84716
CB64277C,+91-87890-62537,+91-91761-45699,2025-03-12T08:11:00,1399,VOICE,BOM-901,19.02992,72.855249,BOM-318,19.119531,72.847179
57E5AF93,+91-97300-77777,+91-77540-15707,2025-03-18T20:26:00,1110,VOICE,BOM-901,19.029618,72.854915,BOM-103,18.963466,72.833819
05C2222E,+91-75300-78165,+91-77540-76750,2025-02-17T07:19:00,880,VOICE,BOM-318,19.119686,72.846477,BOM-212,19.041029,72.864027
AB5335BE,+91-97300-33333,+91-97300-11111,2025-02-21T16:22:00,65,VOICE,BOM-808,19.054591,72.900988,BOM-212,19.04179,72.863447
5FD00378,+91-70420-68424,+91-80720-15596,2025-03-05T07:59:00,1537,VOICE,BOM-212,19.041603,72.863831,BOM-447,19.044124,72.855462
D862EA7E,+91-80720-64636,+91-91761-58210,2025-02-07T14:02:00,1238,VOICE,BOM-901,19.029317,72.855548,BOM-621,19.136115,72.829433
95F1E1C5,+91-75300-56711,+91-77540-33491,2025-03-09T14:10:00,1095,VOICE,BOM-244,19.098781,72.849488,BOM-702,19.076279,72.877927
3097FF40,+91-93400-16375,+91-87890-12674,2025-03-17T15:12:00,1102,VOICE,BOM-901,19.029258,72.855462,BOM-447,19.044375,72.856204
A659A47D,+91-75300-51694,+91-89120-58228,2025-03-21T13:36:00,206,VOICE,BOM-702,19.07584,72.877792,BOM-702,19.076039,72.877507
3EC59879,+91-88200-12984,+91-87890-47622,2025-01-25T15:32:00,319,VOICE,BOM-621,19.136256,72.829895,BOM-447,19.044083,72.855639
E4724B5C,+91-75300-37418,+91-91761-60527,2025-04-22T15:31:00,1787,VOICE,BOM-212,19.041549,72.86346,BOM-318,19.119872,72.846314
F6471BA2,+91-91761-50283,+91-88200-70994,2025-01-28T10:22:00,40,SMS,BOM-901,19.029294,72.855582,BOM-103,18.962885,72.834589
51D88553,+91-63990-31455,+91-91761-30069,2025-01-19T19:55:00,1417,VOICE,BOM-447,19.044039,72.855538,BOM-447,19.044609,72.855664
EDB0F328,+91-75300-19342,+91-77540-77232,2025-03-11T23:39:00,1665,VOICE,BOM-702,19.075751,72.877692,BOM-103,18.96334,72.833927
4513FE4D,+91-93400-42564,+91-70420-79834,2025-04-24T17:05:00,1127,VOICE,BOM-808,19.054058,72.900569,BOM-318,19.119508,72.846918
0A4D72FD,+91-75300-50442,+91-93400-62679,2025-02-02T21:41:00,1081,VOICE,BOM-212,19.041461,72.86339,BOM-901,19.029825,72.855674
10D33F51,+91-89120-45536,+91-80720-30808,2025-04-24T19:17:00,1155,VOICE,BOM-103,18.963239,72.834152,BOM-702,19.076139,72.877436
337A196B,+91-87890-64330,+91-91761-70372,2025-03-20T17:25:00,15,SMS,BOM-212,19.041369,72.864138,BOM-808,19.054926,72.900675
4CE873BF,+91-97300-77777,+91-70420-83065,2025-04-06T07:22:00,56,SMS,BOM-447,19.04398,72.856203,BOM-621,19.136364,72.830064
8B76E096,+91-93400-62420,+91-80720-45899,2025-02-27T18:52:00,188,VOICE,BOM-318,19.1198,72.846551,BOM-212,19.041812,72.863729
C5F0C26E,+91-77540-77036,+91-91761-35000,2025-02-28T10:37:00,51,SMS,BOM-447,19.04469,72.855671,BOM-808,19.054906,72.900333
B2771B67,+91-70420-20304,+91-70420-82401,2025-04-03T21:52:00,784,VOICE,BOM-244,19.099183,72.848851,BOM-244,19.099286,72.84895
C119D9D3,+91-80720-30921,+91-75300-87674,2025-03-20T12:08:00,1070,VOICE,BOM-244,19.099036,72.849291,BOM-212,19.041332,72.863356
2B584C24,+91-88200-51090,+91-93400-52146,2025-02-09T18:48:00,1412,VOICE,BOM-318,19.119944,72.846727,BOM-519,19.066728,72.878379
A9B1479B,+91-91761-23800,+91-89120-78993,2025-03-29T07:11:00,1643,VOICE,BOM-901,19.029565,72.854994,BOM-103,18.963756,72.834203
77253424,+91-70420-56447,+91-87890-74628,2025-03-01T18:04:00,1732,VOICE,BOM-808,19.054622,72.900225,BOM-318,19.119387,72.847122
F4DFADBD,+91-75300-19725,+91-70420-30320,2025-03-14T09:39:00,735,VOICE,BOM-103,18.962888,72.83416,BOM-244,19.09892,72.848551
558EA0EB,+91-89120-62476,+91-75300-56883,2025-02-21T18:02:00,676,VOICE,BOM-621,19.136041,72.829986,BOM-244,19.099014,72.849321
245A1F51,+91-97300-11111,+91-97300-22222,2025-03-07T18:57:00,5,SMS,BOM-103,18.96333,72.833747,BOM-621,19.136397,72.829608
270C64AC,+91-75300-16133,+91-77540-32595,2025-03-28T07:44:00,1066,VOICE,BOM-702,19.075789,72.878057,BOM-103,18.962846,72.833838
C91B5CDB,+91-93400-83652,+91-91761-57450,2025-02-03T18:55:00,455,VOICE,BOM-447,19.044523,72.855492,BOM-702,19.076089,72.878132
FFB1AC50,+91-93400-13098,+91-63990-30345,2025-01-17T19:33:00,648,VOICE,BOM-103,18.963436,72.834509,BOM-244,19.099126,72.849088
BC721076,+91-63990-72334,+91-87890-23086,2025-02-06T09:54:00,19,SMS,BOM-103,18.962965,72.834014,BOM-808,19.05492,72.900168
118AE878,+91-88200-82825,+91-70420-25785,2025-03-22T22:06:00,198,VOICE,BOM-519,19.066611,72.877909,BOM-808,19.054189,72.900035
82E08C7D,+91-75300-82262,+91-63990-64667,2025-03-23T16:59:00,925,VOICE,BOM-318,19.119561,72.846631,BOM-318,19.120072,72.846489
87EACA9B,+91-87890-32703,+91-91761-39713,2025-02-20T09:29:00,42,SMS,BOM-318,19.119963,72.847048,BOM-212,19.041358,72.863236
B747FC5B,+91-87890-10621,+91-89120-18313,2025-04-12T12:24:00,329,VOICE,BOM-103,18.963255,72.834338,BOM-447,19.044626,72.856212
4C4EFF4B,+91-97300-11111,+91-97300-33333,2025-04-24T08:29:00,1281,VOICE,BOM-212,19.041403,72.863935,BOM-447,19.044274,72.856177
2481B631,+91-63990-64963,+91-80720-57514,2025-02-16T18:45:00,1361,VOICE,BOM-808,19.054105,72.90052,BOM-447,19.043927,72.85538
BF910CEA,+91-91761-10628,+91-89120-45605,2025-03-21T16:45:00,10,SMS,BOM-103,18.962856,72.834226,BOM-318,19.119999,72.846863
EBD2B715,+91-93400-97507,+91-63990-72741,2025-03-02T19:11:00,28,SMS,BOM-621,19.135841,72.829925,BOM-447,19.044134,72.855605
E4AD69B1,+91-89120-79177,+91-63990-50950,2025-04-19T15:30:00,411,VOICE,BOM-519,19.066078,72.878419,BOM-318,19.1198,72.847
CC71D113,+91-91761-34149,+91-93400-27684,2025-03-07T08:05:00,27,SMS,BOM-621,19.135644,72.829723,BOM-103,18.963321,72.834655
80200C71,+91-93400-69127,+91-91761-45943,2025-03-06T15:49:00,1670,VOICE,BOM-808,19.05401,72.900537,BOM-702,19.076272,72.877285
D9FCF46F,+91-80720-46494,+91-70420-70758,2025-04-08T09:55:00,909,VOICE,BOM-808,19.054821,72.900598,BOM-244,19.09851,72.848557
E5BBD4FE,+91-89120-97006,+91-77540-21177,2025-03-10T12:23:00,1237,VOICE,BOM-244,19.098695,72.84942,BOM-702,19.075649,72.877618
CC63BA1E,+91-70420-60025,+91-70420-60322,2025-02-28T19:04:00,244,VOICE,BOM-901,19.029942,72.855272,BOM-808,19.054485,72.900212
70C9D525,+91-87890-60981,+91-70420-61723,2025-03-02T13:58:00,1314,VOICE,BOM-244,19.098713,72.84912,BOM-808,19.054867,72.900912
34058659,+91-87890-48675,+91-93400-95523,2025-02-22T11:17:00,21,SMS,BOM-702,19.075559,72.877239,BOM-244,19.098788,72.848542
A02A99C6,+91-87890-72229,+91-93400-33683,2025-01-25T22:40:00,37,SMS,BOM-702,19.075693,72.877661,BOM-901,19.030024,72.855262
A09E4346,+91-77540-75817,+91-77540-48185,2025-01-23T13:25:00,783,VOICE,BOM-519,19.065891,72.878122,BOM-621,19.136085,72.829524
99672875,+91-89120-58254,+91-89120-93968,2025-03-05T13:20:00,1656,VOICE,BOM-103,18.963647,72.834051,BOM-447,19.044266,72.856115
F36B629D,+91-63990-25065,+91-77540-26235,2025-03-12T14:07:00,480,VOICE,BOM-447,19.04452,72.856075,BOM-447,19.044628,72.85535
FB736F1C,+91-77540-66249,+91-88200-45568,2025-02-12T19:01:00,1046,VOICE,BOM-244,19.099031,72.848735,BOM-808,19.054137,72.900549
1DC37451,+91-93400-74572,+91-91761-37084,2025-04-14T20:30:00,1062,VOICE,BOM-318,19.119942,72.846425,BOM-519,19.066541,72.87827
1C214192,+91-89120-96238,+91-70420-88940,2025-01-23T14:24:00,149,VOICE,BOM-901,19.029743,72.855117,BOM-244,19.098629,72.849409
4FDE96F6,+91-93400-85168,+91-93400-96457,2025-04-15T18:49:00,33,SMS,BOM-808,19.054783,72.900957,BOM-621,19.135681,72.82914
AC501806,+91-77540-56626,+91-89120-78001,2025-03-12T22:05:00,973,VOICE,BOM-519,19.066026,72.878232,BOM-519,19.066302,72.878399
D025A403,+91-87890-93161,+91-77540-94243,2025-04-18T10:48:00,1700,VOICE,BOM-318,19.119689,72.846428,BOM-702,19.075905,72.877303
3A5B906B,+91-77540-65267,+91-91761-81085,2025-02-15T18:32:00,757,VOICE,BOM-103,18.963325,72.834474,BOM-901,19.029759,72.85562
4F16054E,+91-87890-94047,+91-93400-87694,2025-03-12T12:59:00,650,VOICE,BOM-212,19.040928,72.863947,BOM-318,19.120183,72.846601
A7D646CB,+91-63990-86952,+91-87890-46048,2025-03-05T18:59:00,204,VOICE,BOM-901,19.029846,72.855272,BOM-519,19.066084,72.878575
0A1A3C4D,+91-97300-11111,+91-97300-22222,2025-03-09T15:54:00,1594,VOICE,BOM-702,19.07612,72.877244,BOM-621,19.136282,72.829271
A7872BB4,+91-93400-36879,+91-88200-29449,2025-03-04T17:57:00,48,SMS,BOM-103,18.963,72.83387,BOM-447,19.043961,72.855615
AE5358AB,+91-77540-18129,+91-87890-45136,2025-03-07T07:00:00,41,SMS,BOM-212,19.04178,72.864112,BOM-244,19.098671,72.84883
986C9D9D,+91-89120-87274,+91-80720-93371,2025-03-23T08:14:00,981,VOICE,BOM-901,19.029784,72.855052,BOM-244,19.099077,72.849286
AB559CDF,+91-80720-26908,+91-93400-98792,2025-01-24T16:42:00,567,VOICE,BOM-318,19.119282,72.846651,BOM-318,19.119543,72.847155
15A2FE0A,+91-87890-66318,+91-89120-59501,2025-04-02T07:40:00,113,VOICE,BOM-318,19.119416,72.846878,BOM-519,19.066243,72.878631
5DA0548C,+91-97300-22222,+91-97300-33333,2025-04-11T19:02:00,41,SMS,BOM-244,19.099297,72.848702,BOM-244,19.098763,72.848574
93712C7E,+91-77540-71806,+91-89120-70452,2025-04-10T23:41:00,1185,VOICE,BOM-519,19.065858,72.877958,BOM-901,19.030052,72.854941
1B0F756E,+91-63990-31552,+91-91761-37404,2025-04-17T14:17:00,105,VOICE,BOM-212,19.041242,72.863319,BOM-901,19.029505,72.855262
247CD445,+91-80720-76009,+91-88200-82629,2025-04-21T10:47:00,14,SMS,BOM-808,19.054643,72.900861,BOM-103,18.963277,72.83392
DEF3BA78,+91-88200-18826,+91-63990-52015,2025-03-11T22:03:00,32,SMS,BOM-901,19.029912,72.855347,BOM-702,19.075518,72.877625
9483FF85,+91-75300-43837,+91-77540-34646,2025-03-05T09:47:00,662,VOICE,BOM-519,19.066358,72.878123,BOM-808,19.054389,72.900639
4035A8F8,+91-75300-46980,+91-91761-36741,2025-03-12T12:16:00,32,SMS,BOM-901,19.029967,72.855545,BOM-318,19.119367,72.847212
98AAF224,+91-89120-47892,+91-91761-68519,2025-04-07T20:40:00,1148,VOICE,BOM-447,19.044734,72.855826,BOM-808,19.054864,72.900934
8C469199,+91-75300-95523,+91-88200-44347,2025-04-12T23:45:00,28,SMS,BOM-103,18.963508,72.833953,BOM-447,19.044069,72.856063
4465AD15,+91-87890-11184,+91-87890-49766,2025-01-17T10:10:00,926,VOICE,BOM-103,18.963142,72.834125,BOM-519,19.0667,72.878656
DF380D4E,+91-63990-85221,+91-77540-15948,2025-03-25T22:34:00,662,VOICE,BOM-519,19.066061,72.878395,BOM-447,19.044487,72.856255
073E49F3,+91-77540-66099,+91-87890-46185,2025-04-16T23:52:00,1169,VOICE,BOM-808,19.054079,72.900168,BOM-702,19.075548,72.878085
D9D5A59D,+91-93400-90694,+91-87890-82457,2025-04-08T07:49:00,58,SMS,BOM-318,19.119981,72.847118,BOM-901,19.029864,72.85565
C2B3D617,+91-97300-11111,+91-97300-33333,2025-04-14T14:02:00,41,SMS,BOM-901,19.029429,72.855571,BOM-103,18.963516,72.833961
AE8EA06D,+91-93400-69740,+91-93400-36747,2025-01-30T08:51:00,57,SMS,BOM-621,19.135938,72.829125,BOM-519,19.065886,72.87837
FE6AA214,+91-97300-77777,+91-75300-68505,2025-02-25T11:42:00,691,VOICE,BOM-702,19.076394,72.878105,BOM-702,19.076273,72.877622
07C7E792,+91-70420-78860,+91-77540-15278,2025-03-06T13:22:00,55,SMS,BOM-318,19.119996,72.846804,BOM-244,19.099049,72.848543
9B2E4DDD,+91-70420-38759,+91-89120-81447,2025-03-19T23:40:00,875,VOICE,BOM-621,19.135924,72.830051,BOM-244,19.098808,72.849097
425BF513,+91-63990-68361,+91-63990-39665,2025-04-13T10:05:00,519,VOICE,BOM-212,19.041647,72.863659,BOM-519,19.06666,72.878403
697865E9,+91-70420-23747,+91-89120-53790,2025-04-02T16:59:00,1083,VOICE,BOM-901,19.029353,72.855155,BOM-519,19.066003,72.878313
CF128DEC,+91-80720-96514,+91-63990-88136,2025-01-22T22:50:00,1769,VOICE,BOM-519,19.066356,72.8787,BOM-447,19.0445,72.855353
09959E4F,+91-89120-10901,+91-70420-73456,2025-04-11T21:39:00,23,SMS,BOM-318,19.119918,72.847176,BOM-447,19.044506,72.855763
F313C628,+91-80720-91061,+91-88200-95044,2025-02-18T08:01:00,1278,VOICE,BOM-901,19.029467,72.85532,BOM-621,19.136411,72.830092
9139FA0C,+91-89120-57240,+91-89120-16580,2025-03-17T07:56:00,1293,VOICE,BOM-901,19.030033,72.854862,BOM-519,19.06604,72.878848
1E05356B,+91-75300-51798,+91-87890-46891,2025-01-18T17:44:00,1010,VOICE,BOM-702,19.075752,72.877383,BOM-212,19.041821,72.863621
B7C3134A,+91-70420-66307,+91-75300-39478,2025-04-07T19:59:00,11,SMS,BOM-318,19.119963,72.846384,BOM-318,19.119416,72.846762
3128115A,+91-89120-27785,+91-63990-96035,2025-03-24T19:03:00,1020,VOICE,BOM-519,19.066307,72.878223,BOM-702,19.075763,72.877249
E8C23082,+91-80720-23248,+91-91761-59430,2025-02-01T18:49:00,22,SMS,BOM-103,18.96377,72.834591,BOM-621,19.135895,72.829806
520AD322,+91-80720-71250,+91-80720-82069,2025-03-11T17:34:00,949,VOICE,BOM-621,19.136456,72.829883,BOM-318,19.119239,72.847137
8D221DFD,+91-63990-26960,+91-80720-24490,2025-03-23T07:27:00,581,VOICE,BOM-519,19.066643,72.878404,BOM-212,19.041008,72.863847
1E669857,+91-75300-26660,+91-91761-19701,2025-04-05T23:05:00,1562,VOICE,BOM-244,19.098855,72.849041,BOM-212,19.041064,72.863626
9651A366,+91-93400-17348,+91-80720-98501,2025-03-31T12:21:00,1751,VOICE,BOM-103,18.963783,72.833982,BOM-447,19.044158,72.855673
0B799719,+91-63990-88872,+91-89120-63943,2025-04-09T20:36:00,31,SMS,BOM-103,18.963227,72.834486,BOM-447,19.043951,72.855767
4F52DDE8,+91-77540-92142,+91-63990-33005,2025-01-21T16:13:00,37,SMS,BOM-103,18.96359,72.834499,BOM-702,19.07593,72.877495
C86D4A06,+91-89120-26949,+91-63990-25355,2025-02-28T12:59:00,26,VOICE,BOM-702,19.076151,72.87775,BOM-447,19.04476,72.85586
5B68B53C,+91-91761-14524,+91-87890-37079,2025-01-19T10:25:00,605,VOICE,BOM-318,19.120033,72.847158,BOM-901,19.02947,72.8554
D792AAB3,+91-93400-20174,+91-70420-37375,2025-02-01T13:14:00,1675,VOICE,BOM-621,19.135743,72.829815,BOM-901,19.029336,72.855547
119408DE,+91-87890-24376,+91-70420-49537,2025-04-11T23:08:00,847,VOICE,BOM-621,19.136165,72.82948,BOM-318,19.119848,72.84633
472C32B7,+91-97300-11111,+91-97300-22222,2025-03-17T23:11:00,1631,VOICE,BOM-244,19.099055,72.849413,BOM-808,19.054759,72.900723
4F4CA571,+91-88200-67365,+91-77540-40642,2025-03-11T14:20:00,1398,VOICE,BOM-244,19.098922,72.849012,BOM-212,19.041469,72.864192
ED3AE5F5,+91-88200-52870,+91-80720-23547,2025-03-14T09:16:00,1770,VOICE,BOM-447,19.044773,72.855585,BOM-103,18.963614,72.834019
294CC511,+91-75300-21011,+91-80720-46172,2025-04-15T08:24:00,1555,VOICE,BOM-447,19.043914,72.855979,BOM-808,19.054474,72.900285
F2353FB5,+91-77540-19656,+91-89120-45927,2025-04-24T07:41:00,560,VOICE,BOM-808,19.054232,72.900337,BOM-103,18.963761,72.834519
22F4A774,+91-80720-51719,+91-93400-46068,2025-04-17T17:21:00,55,SMS,BOM-621,19.135507,72.829999,BOM-244,19.099118,72.848981
2A3B732B,+91-80720-96090,+91-63990-47635,2025-02-02T08:41:00,21,SMS,BOM-519,19.066792,72.878216,BOM-212,19.041571,72.864007
17CBDA60,+91-77540-13425,+91-91761-32396,2025-02-06T16:18:00,32,SMS,BOM-212,19.041872,72.863613,BOM-212,19.041373,72.864028
48FC6E7F,+91-80720-94863,+91-93400-43121,2025-02-12T09:21:00,1721,VOICE,BOM-318,19.119801,72.847143,BOM-621,19.136085,72.829705
BAC50709,+91-89120-75487,+91-93400-43542,2025-01-28T14:22:00,715,VOICE,BOM-621,19.136192,72.82955,BOM-808,19.054254,72.900885
C5245A39,+91-80720-50293,+91-91761-51827,2025-04-16T23:01:00,52,SMS,BOM-621,19.135645,72.829214,BOM-447,19.044681,72.856289
E89F49F3,+91-97300-77777,+91-63990-16763,2025-02-17T07:55:00,1251,VOICE,BOM-318,19.119638,72.847295,BOM-519,19.066484,72.878473
A61F7D98,+91-91761-88212,+91-63990-36377,2025-04-17T23:43:00,376,VOICE,BOM-808,19.054312,72.900596,BOM-318,19.120033,72.847066
108A412B,+91-93400-81442,+91-87890-55887,2025-01-20T13:23:00,1299,VOICE,BOM-244,19.099099,72.849427,BOM-519,19.065888,72.878564
2ABA917D,+91-89120-51407,+91-89120-74450,2025-04-21T16:27:00,198,VOICE,BOM-244,19.099033,72.848923,BOM-702,19.075779,72.878112
2CD4261E,+91-89120-54320,+91-77540-74273,2025-04-07T12:01:00,63,VOICE,BOM-901,19.029456,72.85485,BOM-318,19.119526,72.846693
64D2D8C6,+91-89120-68710,+91-89120-76929,2025-01-15T09:13:00,1009,VOICE,BOM-318,19.119948,72.846342,BOM-244,19.098934,72.849408
C13503A8,+91-63990-20423,+91-63990-35408,2025-03-05T21:42:00,9,SMS,BOM-901,19.030017,72.855258,BOM-318,19.119798,72.847016
40BCFBA9,+91-93400-64179,+91-75300-18972,2025-02-02T12:00:00,877,VOICE,BOM-519,19.066161,72.878294,BOM-212,19.04114,72.86351
3C95C14E,+91-89120-49120,+91-80720-82975,2025-02-20T16:10:00,25,SMS,BOM-621,19.136081,72.82942,BOM-901,19.030034,72.855168
AD09EFA9,+91-75300-88786,+91-88200-10486,2025-01-29T09:36:00,1049,VOICE,BOM-447,19.044739,72.856209,BOM-901,19.0297,72.855707
33ED2EFA,+91-88200-33548,+91-63990-82476,2025-01-31T09:22:00,852,VOICE,BOM-901,19.030089,72.854888,BOM-318,19.120129,72.846376
DCB2E089,+91-91761-34773,+91-93400-49937,2025-02-18T07:43:00,1774,VOICE,BOM-244,19.09926,72.849249,BOM-519,19.066744,72.878453
7FAF709A,+91-91761-69005,+91-91761-90010,2025-01-26T21:06:00,269,VOICE,BOM-212,19.041034,72.864171,BOM-244,19.098541,72.849476
6E38F542,+91-89120-46066,+91-75300-41499,2025-04-14T15:20:00,624,VOICE,BOM-318,19.119836,72.847111,BOM-901,19.029234,72.855072
DC23CFBE,+91-77540-88923,+91-87890-70664,2025-04-04T13:39:00,1390,VOICE,BOM-808,19.054917,72.900257,BOM-808,19.054602,72.900629
7F49B01B,+91-93400-25752,+91-87890-33300,2025-01-29T16:29:00,1358,VOICE,BOM-519,19.0666,72.877932,BOM-519,19.065957,72.877949
1C794E38,+91-93400-73122,+91-77540-34613,2025-04-13T07:16:00,27,SMS,BOM-901,19.029802,72.855093,BOM-808,19.054928,72.900283
6974B46D,+91-75300-86822,+91-93400-46406,2025-03-02T22:58:00,847,VOICE,BOM-212,19.04184,72.863563,BOM-808,19.054207,72.900389
EBE00CE2,+91-89120-37792,+91-89120-12786,2025-02-15T08:24:00,1656,VOICE,BOM-212,19.041277,72.863867,BOM-447,19.044065,72.855383
0A3FE0A5,+91-88200-77189,+91-77540-77678,2025-04-15T07:57:00,1329,VOICE,BOM-318,19.119347,72.847181,BOM-244,19.098853,72.849445
066592E2,+91-80720-63932,+91-63990-95799,2025-03-30T13:17:00,127,VOICE,BOM-702,19.076252,72.877541,BOM-901,19.029865,72.854965
BD18171F,+91-91761-68767,+91-88200-77697,2025-02-12T16:03:00,1763,VOICE,BOM-808,19.054946,72.900352,BOM-621,19.13636,72.829925
E1960B11,+91-88200-28510,+91-70420-32698,2025-03-31T23:05:00,441,VOICE,BOM-447,19.044659,72.855818,BOM-519,19.066722,72.878118
BAE3DFE4,+91-75300-90179,+91-77540-23738,2025-04-05T20:58:00,1376,VOICE,BOM-103,18.962825,72.834499,BOM-447,19.0445,72.855861
A3BF4CE0,+91-97300-33333,+91-97300-11111,2025-03-01T07:06:00,1194,VOICE,BOM-244,19.098715,72.849303,BOM-318,19.120185,72.846694
E77BBFFA,+91-80720-43205,+91-91761-87796,2025-02-11T10:05:00,51,SMS,BOM-103,18.963768,72.834118,BOM-212,19.040996,72.864104
05B9D233,+91-75300-67099,+91-80720-35363,2025-04-02T20:48:00,1641,VOICE,BOM-621,19.135972,72.829423,BOM-212,19.041754,72.863207
26BC560E,+91-63990-64996,+91-87890-97718,2025-01-25T17:52:00,1254,VOICE,BOM-244,19.098868,72.848994,BOM-702,19.075786,72.878026
D6118449,+91-97300-11111,+91-97300-22222,2025-01-21T11:40:00,888,VOICE,BOM-244,19.09885,72.84897,BOM-702,19.075825,72.878117
D68A2F44,+91-75300-30390,+91-80720-51308,2025-03-07T08:09:00,1389,VOICE,BOM-318,19.119501,72.847109,BOM-901,19.029407,72.855196
2D0C71B1,+91-80720-37374,+91-89120-28738,2025-04-09T11:56:00,446,VOICE,BOM-447,19.044805,72.856268,BOM-318,19.119297,72.846531
DC9113FC,+91-77540-51643,+91-87890-13733,2025-02-05T19:47:00,218,VOICE,BOM-103,18.962841,72.834417,BOM-447,19.044616,72.85605
CA2ABCF3,+91-87890-99645,+91-80720-44431,2025-01-30T22:19:00,78,VOICE,BOM-212,19.041573,72.863846,BOM-212,19.041587,72.863533
F1EDFCE9,+91-77540-85321,+91-70420-15525,2025-03-30T10:32:00,991,VOICE,BOM-519,19.066428,72.878668,BOM-103,18.963391,72.834473
83C6AD10,+91-87890-81276,+91-93400-58029,2025-03-02T21:19:00,1124,VOICE,BOM-702,19.07584,72.878187,BOM-901,19.029183,72.855243
CC6646F8,+91-87890-56926,+91-70420-44287,2025-03-14T15:47:00,295,VOICE,BOM-621,19.13569,72.829328,BOM-901,19.029893,72.855038
0472FB06,+91-93400-47416,+91-87890-34859,2025-02-06T11:10:00,927,VOICE,BOM-318,19.120028,72.847229,BOM-447,19.044085,72.855795
402CFC02,+91-87890-88330,+91-88200-51346,2025-03-07T21:22:00,22,SMS,BOM-808,19.05466,72.900496,BOM-808,19.054936,72.900804
37894C32,+91-87890-23594,+91-88200-82307,2025-04-11T21:48:00,1594,VOICE,BOM-212,19.04093,72.863601,BOM-519,19.06668,72.878312
7FAD41C2,+91-93400-13150,+91-91761-92967,2025-03-17T09:42:00,195,VOICE,BOM-519,19.066675,72.878809,BOM-318,19.119632,72.84634
4116E679,+91-70420-37196,+91-91761-31100,2025-01-27T20:48:00,970,VOICE,BOM-447,19.043996,72.855456,BOM-212,19.041732,72.864024
69304C77,+91-80720-56031,+91-70420-10151,2025-03-11T19:22:00,1138,VOICE,BOM-702,19.076305,72.87725,BOM-621,19.135828,72.829569
42A389DD,+91-87890-32534,+91-70420-61319,2025-01-15T14:39:00,8,SMS,BOM-447,19.044605,72.855848,BOM-621,19.136077,72.82986
15584EDA,+91-75300-85324,+91-89120-58283,2025-03-29T12:58:00,158,VOICE,BOM-244,19.099195,72.848611,BOM-808,19.054338,72.900909
08400938,+91-93400-24389,+91-88200-41666,2025-02-23T20:12:00,210,VOICE,BOM-702,19.075759,72.877851,BOM-519,19.06665,72.878686
4DC55506,+91-77540-36323,+91-75300-61371,2025-02-09T16:31:00,1681,VOICE,BOM-808,19.054553,72.900527,BOM-212,19.041758,72.863672
02CCF9E1,+91-88200-32499,+91-87890-30180,2025-01-19T08:38:00,1416,VOICE,BOM-244,19.099099,72.848913,BOM-244,19.098845,72.849038
A91BD1A4,+91-88200-93057,+91-75300-91663,2025-01-24T15:20:00,1258,VOICE,BOM-447,19.044502,72.855324,BOM-519,19.066422,72.878265
7F427AEC,+91-70420-55639,+91-75300-61279,2025-02-19T10:55:00,1349,VOICE,BOM-519,19.066382,72.878555,BOM-901,19.02911,72.855545
B2561B97,+91-75300-80005,+91-80720-62561,2025-03-18T13:33:00,490,VOICE,BOM-244,19.099189,72.849402,BOM-447,19.044739,72.855592
5F0867D1,+91-97300-11111,+91-97300-22222,2025-01-30T17:41:00,992,VOICE,BOM-808,19.054602,72.900779,BOM-702,19.07627,72.877303
14CCA786,+91-97300-11111,+91-97300-22222,2025-03-02T19:38:00,1348,VOICE,BOM-808,19.054913,72.900316,BOM-447,19.044587,72.855683
EDFB098B,+91-77540-92527,+91-77540-85787,2025-04-22T17:35:00,44,SMS,BOM-901,19.029708,72.855789,BOM-103,18.963099,72.833956
2007607D,+91-63990-45369,+91-75300-88255,2025-03-30T20:14:00,1108,VOICE,BOM-103,18.963289,72.833815,BOM-103,18.963711,72.834296
304C2FD3,+91-93400-36344,+91-87890-10022,2025-01-27T20:17:00,39,SMS,BOM-702,19.076064,72.87802,BOM-808,19.054935,72.900624
E1D35991,+91-75300-51778,+91-88200-83614,2025-03-09T22:39:00,50,SMS,BOM-519,19.066529,72.878059,BOM-519,19.066635,72.878254
86A8DF35,+91-87890-94391,+91-88200-40236,2025-02-02T12:13:00,297,VOICE,BOM-621,19.135659,72.829533,BOM-901,19.030085,72.855356
1BAF5914,+91-97300-66666,+91-97300-11111,2025-03-05T14:43:00,1787,VOICE,BKC-112,19.0656,72.8669,BOM-447,19.044444,72.856207
2963B170,+91-93400-69563,+91-88200-97581,2025-04-20T13:06:00,1688,VOICE,BOM-702,19.075558,72.877562,BOM-901,19.029907,72.854923
D92FE54E,+91-97300-77777,+91-87890-80920,2025-03-24T10:24:00,1373,VOICE,BOM-519,19.06668,72.878707,BOM-621,19.135608,72.829524
87F1D31A,+91-75300-23983,+91-75300-41222,2025-01-26T08:45:00,1340,VOICE,BOM-519,19.065823,72.877928,BOM-702,19.075622,72.877233
DBF6FB63,+91-63990-59010,+91-80720-39223,2025-02-11T17:11:00,1244,VOICE,BOM-702,19.075876,72.877253,BOM-244,19.098918,72.849189
D14BEC6F,+91-75300-91652,+91-87890-80512,2025-02-02T22:59:00,1579,VOICE,BOM-808,19.054597,72.900039,BOM-103,18.963259,72.833812
255ECFB7,+91-97300-22222,+91-97300-11111,2025-04-01T14:38:00,440,VOICE,BOM-212,19.040929,72.863882,BOM-212,19.041871,72.863705
E557F329,+91-75300-59292,+91-77540-77045,2025-04-11T14:09:00,1740,VOICE,BOM-103,18.962865,72.834609,BOM-212,19.041737,72.864153
7A6C5E0F,+91-63990-43065,+91-75300-59968,2025-04-13T19:28:00,1733,VOICE,BOM-901,19.029135,72.855278,BOM-901,19.029194,72.855422
70CC4A5A,+91-80720-56916,+91-87890-73241,2025-04-03T23:54:00,558,VOICE,BOM-212,19.041445,72.863548,BOM-244,19.099094,72.849013
56C6688D,+91-88200-14900,+91-88200-96930,2025-03-14T09:33:00,712,VOICE,BOM-103,18.963115,72.834408,BOM-318,19.119348,72.84676
453BC05E,+91-63990-83507,+91-89120-96753,2025-04-20T09:36:00,1129,VOICE,BOM-212,19.040903,72.86365,BOM-212,19.041388,72.863597
C1CCCAA9,+91-63990-35823,+91-89120-12125,2025-03-12T13:52:00,26,SMS,BOM-808,19.054314,72.900419,BOM-244,19.098572,72.848593
43578C69,+91-89120-96381,+91-93400-28442,2025-02-26T22:11:00,8,SMS,BOM-621,19.136396,72.829878,BOM-447,19.044525,72.855652
EB278F37,+91-80720-27514,+91-77540-28955,2025-03-10T10:10:00,1724,VOICE,BOM-244,19.099113,72.849339,BOM-901,19.029548,72.855367
0FD4348F,+91-91761-96352,+91-93400-61253,2025-01-31T17:37:00,289,VOICE,BOM-103,18.963228,72.83419,BOM-212,19.041011,72.863894
B69F38D9,+91-63990-33933,+91-63990-90599,2025-03-09T20:59:00,15,SMS,BOM-901,19.029888,72.855304,BOM-519,19.066015,72.87871
35C7A114,+91-63990-88993,+91-70420-78573,2025-01-30T15:18:00,7,SMS,BOM-318,19.119805,72.846704,BOM-702,19.076388,72.877383
4DB14EB8,+91-97300-11111,+91-97300-22222,2025-03-11T23:20:00,1637,VOICE,BOM-318,19.119441,72.846355,BOM-621,19.136391,72.829526
AA0FA228,+91-63990-17764,+91-63990-18117,2025-04-16T07:39:00,15,SMS,BOM-901,19.029355,72.854811,BOM-702,19.07549,72.877855
F9FE2678,+91-70420-76678,+91-91761-12795,2025-04-17T22:41:00,1231,VOICE,BOM-103,18.963314,72.833882,BOM-447,19.04448,72.855429
A38AE7E2,+91-93400-39810,+91-70420-55254,2025-02-21T08:48:00,41,SMS,BOM-808,19.05437,72.900276,BOM-318,19.119585,72.847171
5CF231C1,+91-70420-29684,+91-89120-69491,2025-02-06T17:52:00,25,SMS,BOM-702,19.076285,72.877314,BOM-808,19.054215,72.900056
74C7C84B,+91-75300-64162,+91-91761-84091,2025-02-11T14:19:00,879,VOICE,BOM-702,19.075509,72.877892,BOM-318,19.119355,72.847253
7F114250,+91-89120-89360,+91-89120-10034,2025-03-11T07:19:00,1050,VOICE,BOM-808,19.054616,72.900388,BOM-244,19.09947,72.848884
FFBFC5F0,+91-97300-77777,+91-91761-86941,2025-03-08T09:17:00,1631,VOICE,BOM-244,19.098798,72.848929,BOM-244,19.098828,72.849159
4684DBD2,+91-80720-61894,+91-70420-36700,2025-02-07T23:37:00,1389,VOICE,BOM-103,18.963759,72.834183,BOM-244,19.098803,72.849194
42921748,+91-70420-63773,+91-88200-11861,2025-04-03T08:23:00,1311,VOICE,BOM-447,19.044129,72.85571,BOM-212,19.041765,72.863294
D3DA384A,+91-80720-17578,+91-70420-41769,2025-02-08T16:40:00,445,VOICE,BOM-244,19.098689,72.849135,BOM-621,19.136221,72.829244
67C3D904,+91-93400-80876,+91-87890-23254,2025-04-15T11:59:00,42,SMS,BOM-212,19.041687,72.863343,BOM-519,19.066721,72.87804
1320CAA4,+91-77540-25916,+91-93400-36320,2025-01-22T16:15:00,260,VOICE,BOM-103,18.963666,72.83424,BOM-901,19.029974,72.855152
4D4CBB5A,+91-87890-22620,+91-91761-43793,2025-02-25T12:50:00,53,SMS,BOM-901,19.029135,72.854838,BOM-103,18.963605,72.834172
C5EB0C17,+91-93400-56885,+91-63990-50581,2025-02-18T09:57:00,1255,VOICE,BOM-519,19.066149,72.87881,BOM-901,19.029794,72.855323
0BCB102F,+91-93400-35722,+91-80720-66825,2025-02-25T08:38:00,476,VOICE,BOM-103,18.962866,72.83388,BOM-318,19.119988,72.846906
439DF7CE,+91-80720-73880,+91-75300-11249,2025-03-14T13:06:00,434,VOICE,BOM-519,19.065915,72.878219,BOM-519,19.066073,72.878399
C8079E85,+91-97300-33333,+91-97300-11111,2025-01-22T07:22:00,1318,VOICE,BOM-318,19.120142,72.846527,BOM-447,19.044775,72.856086
A8784AD0,+91-93400-32455,+91-89120-73252,2025-02-28T22:01:00,611,VOICE,BOM-447,19.044523,72.856154,BOM-103,18.962893,72.834527
0B83280D,+91-91761-49746,+91-88200-31129,2025-02-22T11:52:00,474,VOICE,BOM-447,19.044252,72.856192,BOM-808,19.054945,72.900658
14EA39ED,+91-77540-40400,+91-87890-59048,2025-01-30T18:20:00,1558,VOICE,BOM-103,18.963452,72.834304,BOM-901,19.029418,72.855609
23CB5797,+91-97300-11111,+91-97300-33333,2025-04-11T15:51:00,1219,VOICE,BOM-244,19.099187,72.848887,BOM-519,19.066318,72.878348
BB6A5739,+91-80720-95971,+91-77540-74267,2025-02-19T08:03:00,21,SMS,BOM-519,19.066554,72.878287,BOM-103,18.963702,72.83433
69E4C349,+91-63990-93144,+91-80720-11831,2025-04-03T20:02:00,494,VOICE,BOM-103,18.963527,72.83462,BOM-318,19.119883,72.84651
23094023,+91-97300-22222,+91-97300-33333,2025-02-18T12:35:00,927,VOICE,BOM-519,19.066414,72.878111,BOM-244,19.099243,72.849118
D8D3493E,+91-70420-71658,+91-63990-93784,2025-03-30T08:30:00,45,VOICE,BOM-244,19.098886,72.849049,BOM-808,19.054465,72.900264
40794B2E,+91-80720-20559,+91-77540-91315,2025-03-17T11:18:00,1100,VOICE,BOM-901,19.029118,72.855233,BOM-519,19.066278,72.878437
2D8A599E,+91-93400-37203,+91-63990-86458,2025-01-24T17:28:00,989,VOICE,BOM-103,18.963748,72.833908,BOM-447,19.044592,72.855328
505E6972,+91-91761-11715,+91-93400-22630,2025-02-22T21:23:00,1403,VOICE,BOM-103,18.963772,72.834223,BOM-808,19.054085,72.900981
910393F0,+91-97300-22222,+91-97300-11111,2025-03-12T15:46:00,962,VOICE,BOM-519,19.066334,72.877967,BOM-212,19.041426,72.863463
4B16C1EF,+91-70420-23168,+91-70420-33298,2025-04-02T10:21:00,1418,VOICE,BOM-212,19.041739,72.863751,BOM-103,18.962881,72.833821
80878F0A,+91-97300-11111,+91-97300-33333,2025-02-17T15:13:00,13,SMS,BOM-212,19.04174,72.863374,BOM-901,19.030094,72.855654
78AC40AF,+91-89120-74070,+91-93400-29888,2025-02-21T20:01:00,1373,VOICE,BOM-901,19.029851,72.855559,BOM-702,19.075417,72.877336
EB96ADD2,+91-77540-77971,+91-80720-60150,2025-03-25T16:33:00,1771,VOICE,BOM-901,19.029814,72.855779,BOM-447,19.044723,72.855904
2D1EC901,+91-70420-24249,+91-77540-72615,2025-04-04T22:06:00,43,SMS,BOM-447,19.044441,72.855554,BOM-212,19.041219,72.863899
61FF9870,+91-70420-42516,+91-70420-13882,2025-02-23T18:49:00,1790,VOICE,BOM-447,19.044427,72.855459,BOM-702,19.075403,72.878031
B1C56D18,+91-93400-89741,+91-88200-72671,2025-02-01T17:07:00,411,VOICE,BOM-103,18.963754,72.83429,BOM-519,19.066102,72.878486
A2BB888B,+91-80720-91050,+91-89120-39187,2025-03-26T11:42:00,20,SMS,BOM-519,19.066786,72.878807,BOM-447,19.044506,72.855635
1C440ACF,+91-93400-75884,+91-77540-17517,2025-01-30T10:04:00,82,VOICE,BOM-702,19.075572,72.878134,BOM-318,19.120145,72.84683
6EB9370C,+91-97300-77777,+91-75300-64896,2025-03-27T14:14:00,764,VOICE,BOM-702,19.075802,72.877709,BOM-244,19.099055,72.849026
29378A6A,+91-75300-52232,+91-87890-71526,2025-01-29T12:03:00,918,VOICE,BOM-519,19.066779,72.877988,BOM-103,18.962843,72.833744
3733AFF1,+91-77540-13285,+91-63990-77687,2025-02-16T19:01:00,442,VOICE,BOM-621,19.135677,72.830009,BOM-244,19.099225,72.848558
9F15A3FD,+91-87890-26456,+91-80720-68689,2025-03-02T20:14:00,1216,VOICE,BOM-447,19.044841,72.856113,BOM-702,19.075501,72.877484
B7168742,+91-63990-54812,+91-80720-76021,2025-02-11T22:01:00,954,VOICE,BOM-447,19.044609,72.855493,BOM-901,19.029864,72.855456
4D18B3D8,+91-93400-38049,+91-63990-67750,2025-04-12T22:29:00,652,VOICE,BOM-212,19.040933,72.863935,BOM-103,18.963052,72.834285
F8D117FC,+91-88200-69379,+91-80720-51527,2025-03-14T14:31:00,414,VOICE,BOM-103,18.963277,72.834569,BOM-318,19.119944,72.846766
EFE04CC0,+91-87890-33900,+91-91761-87746,2025-04-23T19:51:00,26,SMS,BOM-212,19.041205,72.863886,BOM-103,18.963177,72.83416
29F9066D,+91-77540-84482,+91-75300-92789,2025-03-04T15:57:00,1256,VOICE,BOM-103,18.963459,72.834459,BOM-901,19.029164,72.855676
EF06A1B8,+91-97300-11111,+91-97300-33333,2025-02-04T07:26:00,8,SMS,BOM-103,18.963769,72.834042,BOM-103,18.963544,72.834045
15B4D97A,+91-80720-33032,+91-91761-80328,2025-04-08T20:43:00,17,SMS,BOM-212,19.041564,72.86346,BOM-212,19.041736,72.863855
DC6D457B,+91-93400-81830,+91-75300-66397,2025-04-20T16:42:00,1505,VOICE,BOM-447,19.044891,72.855967,BOM-702,19.076129,72.877812
AA5E8CEF,+91-63990-84645,+91-89120-89521,2025-03-28T13:42:00,1181,VOICE,BOM-212,19.041787,72.863828,BOM-621,19.136062,72.829918
F5D5E08C,+91-87890-90124,+91-77540-37589,2025-03-08T22:33:00,1264,VOICE,BOM-447,19.044137,72.856138,BOM-212,19.04135,72.863479
B87D5BCD,+91-88200-95481,+91-77540-50493,2025-02-26T21:54:00,527,VOICE,BOM-244,19.099151,72.848562,BOM-318,19.120009,72.846534
8F4884CE,+91-91761-19165,+91-89120-85558,2025-01-29T12:00:00,14,SMS,BOM-621,19.136432,72.829164,BOM-702,19.076151,72.877269
94283CE0,+91-87890-31101,+91-75300-81847,2025-03-16T22:28:00,786,VOICE,BOM-318,19.119543,72.847066,BOM-808,19.054155,72.900567
E868BDD1,+91-89120-64415,+91-77540-18583,2025-04-09T21:49:00,645,VOICE,BOM-103,18.963771,72.833987,BOM-318,19.11985,72.846546
21ED7718,+91-77540-39056,+91-89120-48270,2025-02-06T21:07:00,1504,VOICE,BOM-621,19.135643,72.829589,BOM-808,19.054667,72.900297
412020F3,+91-91761-89636,+91-91761-92823,2025-03-24T23:04:00,568,VOICE,BOM-318,19.120051,72.846851,BOM-702,19.076027,72.877454
F2B04A0F,+91-75300-69782,+91-77540-58575,2025-04-13T12:12:00,324,VOICE,BOM-244,19.099003,72.849481,BOM-447,19.044685,72.855489
B0FBBE2A,+91-70420-53850,+91-77540-39746,2025-04-08T14:59:00,1730,VOICE,BOM-244,19.099477,72.848744,BOM-901,19.029384,72.855175
FEF1D3B9,+91-75300-19421,+91-70420-57509,2025-03-24T13:31:00,1244,VOICE,BOM-103,18.963229,72.833761,BOM-702,19.076275,72.877499
359C606A,+91-63990-38261,+91-89120-21833,2025-03-06T16:49:00,18,SMS,BOM-244,19.098951,72.849023,BOM-808,19.054366,72.900907
797A99AD,+91-91761-10201,+91-91761-79553,2025-03-24T12:13:00,41,SMS,BOM-901,19.029103,72.855362,BOM-901,19.029576,72.855662
5D5F825B,+91-80720-72092,+91-89120-18696,2025-03-20T15:40:00,51,VOICE,BOM-447,19.043928,72.855315,BOM-212,19.041128,72.863259
3E64C420,+91-75300-77901,+91-88200-56649,2025-03-09T21:55:00,1479,VOICE,BOM-621,19.136139,72.829503,BOM-519,19.065957,72.878859
A2C523F7,+91-93400-94016,+91-89120-79300,2025-01-31T23:34:00,805,VOICE,BOM-901,19.030067,72.854841,BOM-901,19.029352,72.854905
9707B1F5,+91-91761-96283,+91-88200-61259,2025-03-17T13:48:00,6,SMS,BOM-103,18.963217,72.834588,BOM-519,19.066019,72.878483
3E0FC535,+91-88200-45144,+91-70420-55972,2025-04-21T15:04:00,1208,VOICE,BOM-244,19.099083,72.849218,BOM-244,19.099034,72.848818
F15A5E64,+91-70420-69581,+91-87890-84902,2025-02-27T08:55:00,594,VOICE,BOM-519,19.066647,72.878071,BOM-212,19.041726,72.863791
1E1CE30C,+91-80720-64421,+91-70420-69421,2025-02-14T09:37:00,107,VOICE,BOM-621,19.136397,72.829576,BOM-103,18.962941,72.834038
2855DA5A,+91-88200-84563,+91-93400-74791,2025-04-05T22:45:00,1237,VOICE,BOM-447,19.043981,72.8559,BOM-244,19.099333,72.849121
236D5687,+91-63990-84799,+91-93400-26707,2025-03-20T22:47:00,1453,VOICE,BOM-519,19.066692,72.878666,BOM-318,19.12007,72.846352
5EC9F9EA,+91-89120-52028,+91-88200-50011,2025-02-11T23:09:00,36,SMS,BOM-103,18.96295,72.833859,BOM-702,19.075981,72.877719
60877F50,+91-93400-19878,+91-89120-25383,2025-03-06T20:26:00,883,VOICE,BOM-318,19.119511,72.846974,BOM-808,19.054617,72.900546
849D7B74,+91-75300-26248,+91-87890-94232,2025-01-23T22:44:00,583,VOICE,BOM-103,18.963192,72.834152,BOM-212,19.041355,72.863934
4992A7F7,+91-80720-16274,+91-75300-99859,2025-04-06T21:13:00,629,VOICE,BOM-808,19.054523,72.900806,BOM-447,19.043937,72.855594
2147C869,+91-97300-77777,+91-63990-47470,2025-01-22T21:29:00,456,VOICE,BOM-808,19.054069,72.900275,BOM-103,18.962989,72.834342
50663DE4,+91-89120-73231,+91-91761-31487,2025-03-21T10:03:00,1157,VOICE,BOM-103,18.963244,72.834588,BOM-244,19.099059,72.848549
5D1A78CD,+91-93400-52802,+91-80720-13226,2025-04-24T07:57:00,1376,VOICE,BOM-519,19.066788,72.878421,BOM-103,18.963642,72.834368
2590FA68,+91-91761-16605,+91-70420-62449,2025-04-09T07:53:00,19,VOICE,BOM-901,19.029588,72.855755,BOM-808,19.054483,72.900363
46F74326,+91-97300-22222,+91-97300-33333,2025-04-07T10:41:00,935,VOICE,BOM-212,19.04132,72.863526,BOM-244,19.098779,72.84914
3D4A99D5,+91-75300-84429,+91-93400-29924,2025-03-02T20:59:00,1334,VOICE,BOM-103,18.963581,72.834517,BOM-901,19.02914,72.855584
9EC2A351,+91-63990-20996,+91-63990-94270,2025-02-04T07:05:00,57,SMS,BOM-318,19.11979,72.847267,BOM-212,19.041579,72.863581
FBB03E4F,+91-91761-59266,+91-75300-65320,2025-01-30T22:34:00,39,SMS,BOM-212,19.041036,72.863603,BOM-244,19.09908,72.848885
20D1BB43,+91-87890-92051,+91-75300-12328,2025-04-13T14:56:00,17,SMS,BOM-103,18.963684,72.833898,BOM-621,19.135877,72.830048
09E529D0,+91-89120-36065,+91-93400-91918,2025-04-11T11:10:00,60,SMS,BOM-621,19.136148,72.829974,BOM-621,19.13616,72.82945
BAD45FEC,+91-97300-77777,+91-87890-79816,2025-03-17T22:18:00,29,SMS,BOM-519,19.066753,72.878857,BOM-103,18.963013,72.834139
877714F7,+91-75300-31666,+91-77540-58344,2025-03-28T12:14:00,594,VOICE,BOM-808,19.054802,72.900708,BOM-519,19.065972,72.877975
8D6C0075,+91-70420-18921,+91-77540-95859,2025-03-15T19:49:00,1724,VOICE,BOM-901,19.029162,72.855658,BOM-103,18.96334,72.834605
8CB5B919,+91-75300-75517,+91-87890-19804,2025-03-01T10:35:00,1551,VOICE,BOM-519,19.066737,72.87815,BOM-318,19.119885,72.846939
7EC80317,+91-70420-81325,+91-88200-27723,2025-04-11T15:56:00,493,VOICE,BOM-808,19.054287,72.900751,BOM-447,19.043912,72.855988
D356FA05,+91-89120-40466,+91-63990-53622,2025-04-07T07:02:00,146,VOICE,BOM-244,19.098521,72.848816,BOM-103,18.963703,72.834256
B7CAD608,+91-70420-85174,+91-91761-17848,2025-03-16T14:28:00,30,SMS,BOM-702,19.075759,72.878099,BOM-901,19.029991,72.855408
7F439587,+91-63990-42744,+91-91761-40263,2025-04-12T18:47:00,1141,VOICE,BOM-702,19.076267,72.877345,BOM-212,19.041328,72.863554
188CCB8E,+91-75300-31369,+91-87890-25361,2025-02-18T14:40:00,1626,VOICE,BOM-702,19.075829,72.877608,BOM-808,19.054218,72.900481
C75DCB30,+91-87890-98009,+91-80720-69818,2025-02-12T07:39:00,1511,VOICE,BOM-103,18.963552,72.834418,BOM-244,19.09921,72.849437
77BFB5A9,+91-91761-88075,+91-91761-76231,2025-03-14T18:03:00,748,VOICE,BOM-519,19.066596,72.878605,BOM-318,19.120097,72.846994
7990B131,+91-89120-81304,+91-93400-41858,2025-02-09T13:28:00,18,SMS,BOM-519,19.066126,72.878424,BOM-702,19.076233,72.877749
FD339F58,+91-89120-35301,+91-91761-12583,2025-03-12T19:18:00,1498,VOICE,BOM-103,18.963566,72.833765,BOM-702,19.076351,72.877555
D2A57927,+91-87890-64174,+91-89120-73774,2025-01-20T22:07:00,1251,VOICE,BOM-103,18.963607,72.83428,BOM-212,19.041692,72.863318
36E0B669,+91-91761-95796,+91-77540-28365,2025-01-29T17:51:00,1770,VOICE,BOM-244,19.099273,72.849144,BOM-808,19.054189,72.900012
5515526B,+91-91761-89506,+91-75300-62812,2025-03-12T12:13:00,1052,VOICE,BOM-702,19.075721,72.877846,BOM-621,19.13572,72.829512
7A585EA3,+91-80720-91585,+91-63990-93035,2025-04-02T07:08:00,463,VOICE,BOM-103,18.963223,72.834096,BOM-212,19.041534,72.863846
A05FBB2C,+91-63990-75568,+91-70420-69936,2025-03-08T22:36:00,380,VOICE,BOM-621,19.135784,72.829361,BOM-318,19.120128,72.846956
57620475,+91-88200-40169,+91-88200-49223,2025-03-21T08:23:00,256,VOICE,BOM-901,19.029828,72.854928,BOM-901,19.030017,72.855365
DDA3181A,+91-70420-97168,+91-88200-34213,2025-01-15T13:09:00,1078,VOICE,BOM-244,19.098693,72.849276,BOM-519,19.066448,72.878791
1B1C060D,+91-63990-35259,+91-77540-96501,2025-02-20T09:38:00,13,SMS,BOM-103,18.963112,72.833806,BOM-244,19.098762,72.848939
E69AA66D,+91-87890-69614,+91-89120-72012,2025-02-01T07:32:00,1028,VOICE,BOM-318,19.119521,72.846648,BOM-808,19.054107,72.900721
6DD0949F,+91-63990-63529,+91-63990-75748,2025-03-11T18:52:00,450,VOICE,BOM-212,19.040989,72.863362,BOM-212,19.040959,72.863871
2586EB37,+91-97300-22222,+91-97300-33333,2025-03-01T07:07:00,1759,VOICE,BOM-519,19.066185,72.878758,BOM-212,19.040966,72.863528
C63A67B1,+91-93400-57402,+91-63990-28761,2025-02-26T18:37:00,877,VOICE,BOM-702,19.076382,72.877391,BOM-244,19.099231,72.848907
764B4B31,+91-88200-88396,+91-80720-55397,2025-02-20T14:25:00,1328,VOICE,BOM-519,19.06607,72.878502,BOM-621,19.136034,72.829694
B69014FD,+91-91761-37001,+91-75300-90777,2025-02-07T23:55:00,5,SMS,BOM-447,19.044232,72.855649,BOM-519,19.066194,72.878376
1D8669DC,+91-88200-94194,+91-80720-96112,2025-02-22T18:06:00,1208,VOICE,BOM-702,19.075499,72.877782,BOM-702,19.075727,72.877975
4C340FBB,+91-89120-48604,+91-91761-90739,2025-04-03T11:48:00,198,VOICE,BOM-244,19.09933,72.848766,BOM-621,19.136457,72.829742
ECF2B5C5,+91-70420-51300,+91-89120-92878,2025-04-19T18:01:00,55,SMS,BOM-808,19.054124,72.900005,BOM-621,19.136015,72.829606
858A2068,+91-75300-27672,+91-89120-72793,2025-03-11T16:10:00,1356,VOICE,BOM-808,19.05455,72.900124,BOM-318,19.119603,72.846787
DC51A800,+91-97300-66666,+91-97300-11111,2025-02-28T12:28:00,875,VOICE,BKC-112,19.0656,72.8669,BOM-702,19.075535,72.877901
50F51FB9,+91-87890-72170,+91-93400-10219,2025-04-05T07:11:00,208,VOICE,BOM-519,19.065914,72.877979,BOM-621,19.136339,72.829273
41ED98B4,+91-75300-12203,+91-91761-47508,2025-01-22T07:22:00,1160,VOICE,BOM-519,19.066511,72.878852,BOM-621,19.135848,72.829296
3059CC67,+91-89120-39771,+91-93400-19622,2025-02-11T23:27:00,1418,VOICE,BOM-621,19.136075,72.829315,BOM-702,19.076095,72.877892
2E32339B,+91-77540-39220,+91-80720-55161,2025-04-09T13:01:00,6,SMS,BOM-901,19.029992,72.855598,BOM-212,19.041518,72.863996
F162AB6E,+91-93400-74299,+91-91761-18846,2025-03-29T13:01:00,1782,VOICE,BOM-212,19.041455,72.863217,BOM-621,19.136058,72.829686
532CD9FF,+91-97300-77777,+91-77540-13371,2025-04-10T10:55:00,29,VOICE,BOM-519,19.0658,72.878232,BOM-519,19.066256,72.878054
BEC7DC68,+91-63990-15243,+91-93400-48017,2025-04-21T23:39:00,19,SMS,BOM-212,19.041009,72.863246,BOM-702,19.07578,72.877543
CF4ADA84,+91-93400-73734,+91-91761-83309,2025-01-28T10:08:00,442,VOICE,BOM-212,19.041203,72.863759,BOM-808,19.054946,72.900415
F2EACD00,+91-80720-11412,+91-89120-59854,2025-03-04T09:43:00,1274,VOICE,BOM-318,19.119821,72.84649,BOM-702,19.076353,72.877652
1A090965,+91-63990-56858,+91-89120-86733,2025-03-31T17:41:00,577,VOICE,BOM-447,19.044449,72.855312,BOM-244,19.099082,72.84906
8337561F,+91-89120-17241,+91-87890-41140,2025-03-08T16:44:00,541,VOICE,BOM-808,19.054753,72.90026,BOM-318,19.119848,72.847016
229523FA,+91-91761-17878,+91-91761-73654,2025-02-10T08:50:00,1762,VOICE,BOM-244,19.099253,72.84899,BOM-447,19.044228,72.856069
DFD97BCE,+91-97300-33333,+91-97300-11111,2025-02-21T10:31:00,1621,VOICE,BOM-808,19.054013,72.900173,BOM-318,19.119536,72.847208
D95527CB,+91-89120-98657,+91-87890-69850,2025-04-21T12:37:00,1761,VOICE,BOM-808,19.054776,72.900934,BOM-212,19.041288,72.863612
E3DE9B74,+91-75300-63302,+91-89120-56992,2025-04-10T23:10:00,10,SMS,BOM-808,19.054737,72.900095,BOM-621,19.136467,72.829729
9F41B067,+91-75300-35742,+91-77540-89439,2025-02-13T13:20:00,13,SMS,BOM-621,19.135613,72.829447,BOM-901,19.030004,72.855355
77C52A0A,+91-63990-27502,+91-63990-69580,2025-01-25T23:34:00,853,VOICE,BOM-901,19.029162,72.855009,BOM-212,19.041483,72.863612
7DE05150,+91-91761-75704,+91-87890-28164,2025-03-15T19:31:00,22,SMS,BOM-212,19.041333,72.863442,BOM-901,19.02938,72.855208
05D01427,+91-80720-45032,+91-80720-44718,2025-03-22T14:22:00,695,VOICE,BOM-808,19.054021,72.900351,BOM-621,19.136219,72.830031
308948AF,+91-77540-15682,+91-93400-21871,2025-03-11T21:27:00,934,VOICE,BOM-244,19.098514,72.849397,BOM-808,19.054022,72.900337
ABFFD1B6,+91-87890-53026,+91-80720-31041,2025-02-02T21:26:00,1775,VOICE,BOM-901,19.029913,72.855219,BOM-447,19.044845,72.856229
54FE9F07,+91-88200-19825,+91-93400-73994,2025-04-23T19:24:00,5,SMS,BOM-103,18.963675,72.834084,BOM-447,19.044328,72.85623
18303570,+91-75300-16928,+91-77540-24393,2025-03-15T08:13:00,30,SMS,BOM-212,19.041117,72.863363,BOM-318,19.119751,72.846403
EC855892,+91-88200-22865,+91-93400-19946,2025-02-16T13:59:00,41,SMS,BOM-318,19.120043,72.846385,BOM-318,19.119726,72.84707
D0DD53FD,+91-87890-88682,+91-93400-80760,2025-04-05T15:44:00,962,VOICE,BOM-212,19.041272,72.863624,BOM-808,19.05469,72.900602
9CA5D054,+91-63990-10957,+91-87890-88506,2025-03-05T08:39:00,399,VOICE,BOM-519,19.065808,72.878786,BOM-901,19.029271,72.855191
CABD0C43,+91-97300-66666,+91-97300-77777,2025-02-28T10:39:00,51,SMS,BKC-112,19.0656,72.8669,BOM-519,19.065941,72.877958
A5AF43C8,+91-77540-18146,+91-93400-11084,2025-02-06T18:06:00,969,VOICE,BOM-212,19.041292,72.864076,BOM-212,19.041502,72.863915
18465FA2,+91-70420-82992,+91-63990-66106,2025-01-17T12:08:00,19,SMS,BOM-212,19.04131,72.864045,BOM-212,19.041612,72.863475
FA61A865,+91-63990-94167,+91-77540-52728,2025-04-13T21:24:00,24,SMS,BOM-808,19.054564,72.90092,BOM-702,19.075998,72.878091
7BD11B1F,+91-63990-52534,+91-75300-21478,2025-02-02T10:08:00,1095,VOICE,BOM-621,19.135558,72.829488,BOM-901,19.02935,72.855717
9A8224C0,+91-77540-81852,+91-63990-82278,2025-02-01T22:46:00,1017,VOICE,BOM-212,19.041488,72.864199,BOM-103,18.96326,72.833887
50043028,+91-93400-25001,+91-63990-48136,2025-01-26T09:38:00,1451,VOICE,BOM-519,19.066234,72.87832,BOM-447,19.044873,72.856278
7BB62FDB,+91-63990-91004,+91-80720-71432,2025-02-16T14:40:00,721,VOICE,BOM-318,19.119366,72.847009,BOM-244,19.099295,72.849017
A60C6686,+91-93400-95422,+91-70420-19956,2025-03-11T22:19:00,83,VOICE,BOM-318,19.120166,72.847055,BOM-447,19.044732,72.855704
A72CDD57,+91-77540-45406,+91-70420-91145,2025-01-26T13:17:00,1303,VOICE,BOM-901,19.029607,72.854816,BOM-447,19.044387,72.855874
A47644D3,+91-75300-18206,+91-80720-77983,2025-01-31T17:27:00,45,SMS,BOM-702,19.07551,72.877414,BOM-212,19.041356,72.863669
BBBA5E1C,+91-97300-66666,+91-97300-22222,2025-01-23T19:56:00,50,SMS,BKC-112,19.0656,72.8669,BOM-621,19.135711,72.829138
9C8BD3BD,+91-91761-67323,+91-88200-40631,2025-03-31T18:33:00,1066,VOICE,BOM-519,19.066727,72.87842,BOM-808,19.054297,72.900967
8A35FE74,+91-80720-39643,+91-80720-23801,2025-03-27T22:01:00,38,SMS,BOM-212,19.041233,72.864108,BOM-244,19.099431,72.84862
8426D1BB,+91-89120-98684,+91-80720-99805,2025-03-12T11:12:00,387,VOICE,BOM-103,18.963543,72.833806,BOM-212,19.04109,72.863796
4E1BDEA0,+91-88200-82386,+91-91761-92033,2025-02-18T20:20:00,429,VOICE,BOM-447,19.04451,72.855449,BOM-318,19.119321,72.846814
F13AEAC7,+91-63990-18692,+91-77540-24332,2025-03-19T16:20:00,52,SMS,BOM-702,19.075841,72.877723,BOM-318,19.119632,72.846514
72429DC8,+91-88200-57864,+91-89120-28101,2025-02-27T21:59:00,34,SMS,BOM-808,19.054381,72.900561,BOM-447,19.044696,72.85605
D9B885EC,+91-89120-84807,+91-77540-34377,2025-01-18T16:41:00,41,SMS,BOM-519,19.066298,72.877946,BOM-212,19.041074,72.863401
2379CDC6,+91-97300-77777,+91-80720-49481,2025-04-16T11:53:00,1727,VOICE,BOM-318,19.119748,72.846409,BOM-318,19.119416,72.846854
269AA6D8,+91-88200-22850,+91-88200-67925,2025-03-08T21:18:00,29,SMS,BOM-318,19.120009,72.847055,BOM-447,19.044776,72.855636
557A6325,+91-77540-12101,+91-70420-81090,2025-03-24T10:18:00,1123,VOICE,BOM-244,19.098811,72.849187,BOM-702,19.075662,72.8779
C5C83E05,+91-77540-57287,+91-75300-70000,2025-03-10T17:31:00,1706,VOICE,BOM-901,19.029673,72.855767,BOM-244,19.098596,72.849102
B40CCBC0,+91-77540-30914,+91-63990-44870,2025-01-22T13:17:00,643,VOICE,BOM-519,19.066075,72.878083,BOM-103,18.963322,72.834388
B5866920,+91-80720-42232,+91-88200-33346,2025-04-09T15:38:00,1111,VOICE,BOM-103,18.963667,72.834527,BOM-244,19.098903,72.84927
7EBB0C0B,+91-70420-40266,+91-80720-55414,2025-01-28T12:10:00,25,SMS,BOM-103,18.962885,72.834484,BOM-901,19.029275,72.855757
0325B14A,+91-91761-48988,+91-89120-41527,2025-02-07T22:15:00,1103,VOICE,BOM-103,18.963606,72.834119,BOM-447,19.044764,72.855958
EE1769A9,+91-70420-44442,+91-70420-91916,2025-02-10T14:25:00,911,VOICE,BOM-318,19.120195,72.847078,BOM-702,19.076229,72.877386
C1092E50,+91-75300-44023,+91-91761-71397,2025-04-10T22:55:00,1166,VOICE,BOM-702,19.076051,72.877278,BOM-103,18.963471,72.8347
296A01D5,+91-63990-30016,+91-70420-86402,2025-01-24T20:00:00,1211,VOICE,BOM-621,19.136452,72.829577,BOM-318,19.120064,72.846368
721CA877,+91-89120-55064,+91-80720-86692,2025-04-14T23:06:00,1109,VOICE,BOM-519,19.065989,72.878814,BOM-244,19.099145,72.849449
989C25D5,+91-88200-37042,+91-91761-85710,2025-03-14T17:32:00,1565,VOICE,BOM-702,19.075827,72.877674,BOM-519,19.066266,72.878525
70ACF759,+91-75300-57850,+91-88200-56307,2025-02-13T23:56:00,716,VOICE,BOM-901,19.029656,72.855488,BOM-901,19.029193,72.854903
6C8C987A,+91-91761-81224,+91-93400-47051,2025-03-30T16:09:00,737,VOICE,BOM-318,19.119643,72.846719,BOM-901,19.029582,72.855527
090E91D3,+91-70420-43499,+91-89120-85841,2025-01-26T11:37:00,894,VOICE,BOM-519,19.06657,72.878047,BOM-447,19.044798,72.855962
6479249C,+91-70420-16899,+91-75300-46181,2025-02-21T07:48:00,970,VOICE,BOM-901,19.02949,72.854917,BOM-318,19.119422,72.846689
3CAC174D,+91-63990-86672,+91-75300-23444,2025-02-04T22:47:00,1743,VOICE,BOM-702,19.075889,72.877912,BOM-901,19.029291,72.854821
477FBFD3,+91-63990-68474,+91-87890-92644,2025-01-15T07:06:00,965,VOICE,BOM-808,19.054911,72.900586,BOM-702,19.075591,72.877772
32B82516,+91-87890-81167,+91-70420-79301,2025-01-26T12:46:00,54,SMS,BOM-318,19.120048,72.846996,BOM-808,19.054014,72.90008
354E24AE,+91-77540-35539,+91-75300-63438,2025-02-14T12:30:00,8,SMS,BOM-519,19.066206,72.878698,BOM-244,19.098721,72.849004
872CAD05,+91-97300-11111,+91-97300-22222,2025-02-13T23:18:00,229,VOICE,BOM-808,19.054637,72.900464,BOM-808,19.054592,72.900696
A9435D8A,+91-63990-41953,+91-91761-93877,2025-02-22T13:12:00,32,VOICE,BOM-103,18.963729,72.83468,BOM-212,19.04177,72.863327
41CDB7A3,+91-93400-53603,+91-91761-97056,2025-02-05T21:44:00,21,SMS,BOM-103,18.963659,72.834185,BOM-808,19.054413,72.900767
96EF02E2,+91-88200-85231,+91-91761-53528,2025-04-15T09:31:00,471,VOICE,BOM-519,19.066722,72.878421,BOM-519,19.066209,72.878063
A7CBD8EB,+91-91761-87773,+91-75300-14571,2025-03-06T07:59:00,112,VOICE,BOM-244,19.099084,72.848811,BOM-702,19.075576,72.878198
CB3DAA5B,+91-89120-15804,+91-89120-77590,2025-01-26T09:09:00,92,VOICE,BOM-318,19.120158,72.846374,BOM-212,19.041888,72.863845
1E63B918,+91-63990-63253,+91-89120-41789,2025-01-30T18:51:00,369,VOICE,BOM-212,19.04184,72.863635,BOM-702,19.075622,72.877558
A17A1A04,+91-77540-15573,+91-88200-78328,2025-03-12T11:41:00,145,VOICE,BOM-519,19.066456,72.878676,BOM-621,19.135986,72.82994
789FD2EA,+91-75300-97759,+91-75300-30487,2025-02-03T16:41:00,151,VOICE,BOM-519,19.066732,72.877979,BOM-103,18.963624,72.833804
660B7CB5,+91-80720-21677,+91-75300-67034,2025-03-09T14:40:00,1524,VOICE,BOM-212,19.040926,72.864107,BOM-103,18.963068,72.83407
830C8911,+91-93400-78730,+91-70420-23115,2025-02-06T10:51:00,541,VOICE,BOM-621,19.135903,72.829309,BOM-447,19.04407,72.855746
2E4E4D96,+91-77540-82487,+91-91761-76354,2025-04-10T09:00:00,1489,VOICE,BOM-244,19.099259,72.848848,BOM-318,19.119305,72.847171
34480941,+91-88200-17342,+91-63990-74917,2025-03-27T13:24:00,59,SMS,BOM-808,19.054881,72.900681,BOM-244,19.098929,72.849396
E4583996,+91-75300-50406,+91-75300-95940,2025-03-23T19:00:00,1234,VOICE,BOM-519,19.066437,72.87839,BOM-318,19.119751,72.847289
01483692,+91-88200-61359,+91-87890-28267,2025-03-08T14:46:00,1472,VOICE,BOM-519,19.066771,72.878102,BOM-702,19.075816,72.877381
C8DE8091,+91-63990-49467,+91-89120-70429,2025-04-11T10:53:00,14,SMS,BOM-244,19.098624,72.8489,BOM-103,18.962895,72.834524
7F488FFF,+91-89120-84626,+91-70420-72737,2025-01-19T10:39:00,448,VOICE,BOM-447,19.044267,72.856246,BOM-621,19.135945,72.8295
4D1BCD8C,+91-89120-31187,+91-70420-80956,2025-02-25T10:22:00,1613,VOICE,BOM-318,19.11934,72.84716,BOM-808,19.054916,72.900962
A085B9A0,+91-87890-47343,+91-89120-35784,2025-02-20T21:44:00,483,VOICE,BOM-447,19.044133,72.855943,BOM-808,19.054943,72.900466
1480D85F,+91-88200-14704,+91-93400-43846,2025-02-09T16:50:00,914,VOICE,BOM-212,19.041564,72.863253,BOM-702,19.076217,72.878165
081393B7,+91-89120-24531,+91-63990-25381,2025-04-07T09:05:00,1096,VOICE,BOM-621,19.135647,72.83002,BOM-808,19.054642,72.900964
583B041F,+91-63990-33445,+91-87890-17630,2025-03-22T23:49:00,1784,VOICE,BOM-212,19.041844,72.863855,BOM-808,19.054233,72.900241
2003724E,+91-97300-33333,+91-97300-11111,2025-04-16T22:56:00,1167,VOICE,BOM-318,19.119888,72.846577,BOM-702,19.075905,72.877614
6C9D4AD5,+91-77540-68284,+91-88200-29121,2025-02-03T19:53:00,54,SMS,BOM-808,19.054931,72.900226,BOM-244,19.098815,72.849361
F5151FAE,+91-88200-23386,+91-91761-83378,2025-03-19T18:45:00,462,VOICE,BOM-621,19.136006,72.82975,BOM-103,18.963572,72.833774
E2E70997,+91-75300-19831,+91-75300-42549,2025-02-17T22:18:00,1240,VOICE,BOM-318,19.119696,72.846818,BOM-318,19.119257,72.846846
79B0F33A,+91-91761-94762,+91-88200-85683,2025-03-10T12:47:00,641,VOICE,BOM-702,19.075583,72.877706,BOM-621,19.136449,72.8291
F916A89D,+91-70420-87839,+91-75300-48786,2025-04-01T19:35:00,11,SMS,BOM-901,19.02956,72.855518,BOM-519,19.065857,72.878803
DAA60266,+91-97300-11111,+91-97300-22222,2025-04-20T18:10:00,1570,VOICE,BOM-519,19.066339,72.878034,BOM-447,19.044344,72.855746
2560864C,+91-80720-34803,+91-63990-27079,2025-02-19T07:32:00,182,VOICE,BOM-244,19.098834,72.84918,BOM-808,19.054261,72.900395
85D688FD,+91-70420-21151,+91-91761-27447,2025-03-29T10:23:00,769,VOICE,BOM-519,19.066257,72.878887,BOM-318,19.120176,72.846373
F04C8428,+91-97300-33333,+91-97300-11111,2025-02-24T17:54:00,46,VOICE,BOM-103,18.963213,72.834553,BOM-244,19.099326,72.848963
69CDC49C,+91-89120-43235,+91-88200-14330,2025-01-23T09:31:00,1360,VOICE,BOM-519,19.066696,72.878282,BOM-212,19.041613,72.863791
724C4140,+91-93400-25450,+91-70420-33108,2025-04-23T08:32:00,1423,VOICE,BOM-318,19.119243,72.846663,BOM-621,19.135838,72.829624
6F8BAA28,+91-87890-27195,+91-80720-87377,2025-03-17T13:32:00,1383,VOICE,BOM-244,19.098528,72.848733,BOM-901,19.029304,72.855254
BA2A1E01,+91-88200-57927,+91-63990-74426,2025-03-16T15:59:00,29,SMS,BOM-103,18.963125,72.834531,BOM-621,19.135617,72.829862
88D99032,+91-80720-93364,+91-77540-98691,2025-03-27T23:35:00,1014,VOICE,BOM-447,19.044141,72.856041,BOM-318,19.119497,72.846806
3EC90FAB,+91-80720-21133,+91-77540-34493,2025-03-26T11:55:00,1461,VOICE,BOM-447,19.044887,72.855613,BOM-808,19.054304,72.900361
B0705A5B,+91-87890-45610,+91-87890-34285,2025-04-07T13:37:00,18,SMS,BOM-318,19.119472,72.84634,BOM-447,19.04421,72.855885
0C40DECE,+91-70420-54698,+91-88200-52428,2025-02-03T19:25:00,995,VOICE,BOM-212,19.041876,72.863294,BOM-212,19.041112,72.864097
8BFFC336,+91-70420-40763,+91-63990-48757,2025-03-20T22:15:00,13,SMS,BOM-702,19.076014,72.878002,BOM-447,19.044655,72.855446
11EC37D2,+91-75300-36222,+91-75300-85368,2025-04-15T18:46:00,1599,VOICE,BOM-702,19.076043,72.877401,BOM-318,19.119262,72.846917
2B834F6D,+91-87890-96292,+91-80720-20630,2025-04-09T14:25:00,178,VOICE,BOM-901,19.029545,72.854981,BOM-808,19.054005,72.900922
4530FE53,+91-97300-33333,+91-97300-11111,2025-04-09T23:12:00,1277,VOICE,BOM-318,19.119271,72.846446,BOM-244,19.099016,72.849231
47D56AE7,+91-77540-52770,+91-77540-85016,2025-02-22T15:59:00,1269,VOICE,BOM-901,19.029857,72.855179,BOM-212,19.041643,72.863917
0EEE8EF8,+91-89120-16087,+91-89120-52586,2025-04-03T08:09:00,52,SMS,BOM-244,19.099064,72.848771,BOM-519,19.066195,72.878759
67D8E978,+91-63990-14900,+91-70420-29333,2025-04-02T23:19:00,1336,VOICE,BOM-702,19.076133,72.877384,BOM-103,18.962871,72.834452
96B8E9FD,+91-93400-85001,+91-80720-33969,2025-02-05T09:38:00,535,VOICE,BOM-519,19.066499,72.878671,BOM-808,19.054032,72.900317
301F4E43,+91-93400-18172,+91-91761-57364,2025-03-26T14:58:00,60,SMS,BOM-808,19.05479,72.900932,BOM-318,19.119873,72.846356
03D39563,+91-80720-66125,+91-75300-50546,2025-04-03T08:40:00,11,SMS,BOM-103,18.963646,72.834082,BOM-103,18.963588,72.834194
FB82BEC3,+91-93400-49649,+91-87890-26118,2025-04-03T08:05:00,1148,VOICE,BOM-447,19.044891,72.85588,BOM-621,19.135701,72.829675
2DDE0BF5,+91-93400-53177,+91-89120-57358,2025-01-29T14:12:00,156,VOICE,BOM-808,19.054743,72.900373,BOM-621,19.135696,72.829345
B7E078B8,+91-75300-32924,+91-93400-69608,2025-04-23T16:59:00,31,SMS,BOM-212,19.041016,72.863542,BOM-621,19.136084,72.829767
DD52F3BC,+91-75300-40959,+91-75300-10420,2025-03-11T11:38:00,753,VOICE,BOM-103,18.963464,72.834434,BOM-244,19.099304,72.848776
5D4323AE,+91-77540-93134,+91-77540-63256,2025-03-05T23:37:00,215,VOICE,BOM-447,19.0443,72.855978,BOM-318,19.11973,72.846585
9379D547,+91-97300-11111,+91-97300-44444,2025-03-05T14:30:00,156,VOICE,BOM-244,19.098668,72.848649,BOM-621,19.136325,72.829879
E8727CE2,+91-97300-22222,+91-97300-11111,2025-03-27T20:35:00,431,VOICE,BOM-519,19.066726,72.878375,BOM-318,19.120088,72.846461
56FB4234,+91-89120-59431,+91-93400-43567,2025-02-09T20:23:00,1278,VOICE,BOM-621,19.135604,72.830033,BOM-808,19.054964,72.900178
3DC7287D,+91-63990-44435,+91-63990-79175,2025-02-20T23:56:00,1452,VOICE,BOM-103,18.963536,72.834059,BOM-318,19.120131,72.846454
CBEBF5A8,+91-77540-52308,+91-87890-70044,2025-03-08T12:00:00,41,SMS,BOM-519,19.066507,72.878821,BOM-103,18.963677,72.834634
64A4F30C,+91-80720-84369,+91-93400-24934,2025-03-26T21:14:00,492,VOICE,BOM-519,19.066127,72.878467,BOM-702,19.075452,72.877614
13FB1260,+91-77540-35987,+91-63990-59490,2025-03-09T15:40:00,848,VOICE,BOM-702,19.075908,72.877931,BOM-621,19.136116,72.829706
FB773DA3,+91-75300-11223,+91-93400-21555,2025-03-02T23:32:00,40,SMS,BOM-702,19.075439,72.877615,BOM-808,19.054445,72.90081
429C9F70,+91-80720-56699,+91-80720-66957,2025-04-19T14:09:00,909,VOICE,BOM-808,19.054709,72.900641,BOM-103,18.963681,72.834495
88E9A7AD,+91-70420-94589,+91-91761-71976,2025-03-21T20:12:00,1110,VOICE,BOM-901,19.029915,72.855578,BOM-702,19.076119,72.878177
B98CA8D6,+91-77540-20445,+91-80720-11514,2025-04-09T10:50:00,14,SMS,BOM-212,19.041875,72.86372,BOM-901,19.029355,72.855798
706B7BD0,+91-93400-91394,+91-88200-28757,2025-02-19T15:13:00,51,SMS,BOM-447,19.044497,72.855889,BOM-447,19.044695,72.855882
21DAB80C,+91-70420-33115,+91-80720-32811,2025-03-31T09:34:00,408,VOICE,BOM-808,19.054194,72.900853,BOM-318,19.11953,72.846413
BBA5E485,+91-80720-72582,+91-88200-77749,2025-01-29T19:11:00,1507,VOICE,BOM-621,19.136453,72.829575,BOM-702,19.076051,72.877539
43B9D9C5,+91-77540-16578,+91-70420-28759,2025-01-25T15:38:00,80,VOICE,BOM-103,18.963054,72.834674,BOM-702,19.076216,72.877533
1A1705C6,+91-87890-42675,+91-63990-83352,2025-04-17T16:34:00,84,VOICE,BOM-901,19.029122,72.85504,BOM-621,19.135639,72.829275
6BA9D770,+91-75300-82861,+91-77540-98185,2025-04-18T13:02:00,474,VOICE,BOM-702,19.075451,72.878157,BOM-901,19.029484,72.854839
5B3E4C7F,+91-80720-10481,+91-75300-66806,2025-03-23T22:30:00,474,VOICE,BOM-808,19.054831,72.900904,BOM-244,19.098877,72.848801
84DF4C18,+91-77540-96583,+91-87890-75647,2025-03-27T07:48:00,1198,VOICE,BOM-702,19.075662,72.877487,BOM-447,19.043928,72.855833
603B3A5F,+91-97300-22222,+91-97300-33333,2025-01-17T20:06:00,1293,VOICE,BOM-702,19.076171,72.877654,BOM-901,19.029256,72.855038
FF61CF3D,+91-70420-92649,+91-80720-61941,2025-03-16T16:52:00,444,VOICE,BOM-808,19.054699,72.900618,BOM-702,19.075599,72.877522
A16678AA,+91-91761-45708,+91-93400-47916,2025-04-18T19:41:00,552,VOICE,BOM-103,18.963127,72.834293,BOM-702,19.075507,72.877529
670E3D07,+91-87890-46457,+91-75300-25203,2025-04-01T19:18:00,503,VOICE,BOM-447,19.04428,72.856255,BOM-212,19.04175,72.864145
52A97FA4,+91-70420-66896,+91-77540-81626,2025-04-16T21:31:00,1000,VOICE,BOM-702,19.076321,72.87784,BOM-103,18.963218,72.834249
3AC343C6,+91-87890-28435,+91-63990-75901,2025-04-04T07:07:00,27,SMS,BOM-447,19.043995,72.855778,BOM-621,19.135951,72.829448
990C293D,+91-87890-28298,+91-91761-38142,2025-03-05T17:47:00,351,VOICE,BOM-901,19.029179,72.855689,BOM-901,19.029876,72.854979
46A6B65B,+91-97300-11111,+91-97300-22222,2025-04-02T17:16:00,57,SMS,BOM-318,19.11975,72.846577,BOM-447,19.044356,72.85628
7836C506,+91-88200-78252,+91-77540-99175,2025-04-07T22:45:00,1052,VOICE,BOM-212,19.041744,72.863767,BOM-808,19.054368,72.900898
8AD5C5E1,+91-89120-49299,+91-91761-54573,2025-02-11T12:32:00,827,VOICE,BOM-244,19.098732,72.849368,BOM-103,18.96283,72.833798
61436824,+91-91761-52968,+91-89120-83554,2025-04-06T19:03:00,1794,VOICE,BOM-244,19.098782,72.848857,BOM-702,19.07602,72.878163
8CAA5973,+91-87890-21578,+91-91761-35726,2025-04-13T09:20:00,98,VOICE,BOM-318,19.119508,72.84728,BOM-103,18.963004,72.834584
7CD8F280,+91-89120-54711,+91-87890-24486,2025-03-14T09:02:00,1792,VOICE,BOM-808,19.054919,72.900415,BOM-318,19.120111,72.846691
66682BEA,+91-93400-15798,+91-93400-80418,2025-01-29T16:46:00,30,SMS,BOM-447,19.044175,72.855874,BOM-318,19.119937,72.846722
35268AAC,+91-75300-28083,+91-80720-53061,2025-03-17T11:18:00,795,VOICE,BOM-808,19.054325,72.900281,BOM-621,19.135715,72.830007
7116BB1C,+91-80720-18657,+91-91761-73384,2025-01-16T16:09:00,1447,VOICE,BOM-702,19.076332,72.877925,BOM-519,19.066449,72.87881
B5636CE0,+91-87890-79204,+91-63990-15735,2025-01-17T19:17:00,528,VOICE,BOM-901,19.029791,72.855409,BOM-318,19.119792,72.847164
F7915AA5,+91-77540-75036,+91-77540-65683,2025-01-17T09:22:00,1070,VOICE,BOM-519,19.066712,72.878139,BOM-621,19.136309,72.82917
ECED9715,+91-77540-28185,+91-89120-44125,2025-03-22T10:54:00,8,SMS,BOM-621,19.136443,72.829789,BOM-901,19.029249,72.855099
AEA12CE4,+91-89120-17098,+91-63990-87189,2025-04-15T12:51:00,1322,VOICE,BOM-244,19.099303,72.848596,BOM-103,18.96366,72.834663
040072B4,+91-97300-33333,+91-97300-11111,2025-03-24T08:01:00,48,SMS,BOM-447,19.04454,72.856127,BOM-103,18.962873,72.834661
382BDFE0,+91-89120-49027,+91-87890-53468,2025-02-12T11:41:00,1676,VOICE,BOM-212,19.041869,72.864037,BOM-103,18.963059,72.833789
E05D62CD,+91-97300-22222,+91-97300-11111,2025-04-11T14:30:00,867,VOICE,BOM-212,19.041806,72.863707,BOM-702,19.075621,72.877682
334380F5,+91-97300-77777,+91-88200-39148,2025-03-28T09:40:00,1711,VOICE,BOM-244,19.099006,72.849152,BOM-702,19.07592,72.877482
F18A1D4D,+91-77540-32001,+91-75300-74156,2025-01-24T18:28:00,19,SMS,BOM-212,19.041854,72.863529,BOM-808,19.054227,72.900445
BE39E513,+91-93400-31494,+91-77540-24475,2025-04-20T18:59:00,9,SMS,BOM-519,19.06622,72.878086,BOM-519,19.066778,72.878625
04C58818,+91-77540-33001,+91-91761-25665,2025-01-24T15:58:00,1560,VOICE,BOM-901,19.029281,72.85569,BOM-702,19.075775,72.878181
7DCA6DC5,+91-77540-41062,+91-75300-23396,2025-04-19T19:05:00,1504,VOICE,BOM-519,19.066083,72.878791,BOM-212,19.040978,72.863336
A6F21090,+91-89120-33597,+91-77540-31606,2025-04-03T23:05:00,1095,VOICE,BOM-808,19.054172,72.900709,BOM-103,18.962822,72.8346
C35F0558,+91-91761-30984,+91-91761-76463,2025-03-03T17:27:00,175,VOICE,BOM-621,19.136064,72.829455,BOM-103,18.963359,72.834422
E00E1155,+91-80720-28506,+91-80720-10806,2025-01-19T16:26:00,43,SMS,BOM-901,19.029454,72.854881,BOM-447,19.044426,72.855851
B52C1791,+91-88200-20290,+91-77540-89723,2025-03-26T07:09:00,176,VOICE,BOM-519,19.065905,72.878455,BOM-808,19.054032,72.900035
A8A4F99C,+91-88200-89612,+91-93400-89001,2025-04-12T14:53:00,318,VOICE,BOM-621,19.135519,72.829897,BOM-901,19.029506,72.855383
399F0170,+91-87890-74432,+91-80720-21165,2025-03-25T17:24:00,1505,VOICE,BOM-447,19.044319,72.856248,BOM-808,19.054674,72.900878
AC43FCB7,+91-93400-14173,+91-93400-74437,2025-02-16T23:55:00,1341,VOICE,BOM-447,19.044425,72.856083,BOM-901,19.02994,72.855647
FDCA89CF,+91-97300-33333,+91-97300-11111,2025-03-12T20:43:00,227,VOICE,BOM-244,19.099075,72.848785,BOM-901,19.029132,72.85573
993D79DD,+91-77540-93144,+91-80720-52636,2025-03-24T20:00:00,1455,VOICE,BOM-318,19.119588,72.846552,BOM-447,19.044499,72.855731
8B32F655,+91-87890-99225,+91-77540-64998,2025-04-07T09:40:00,623,VOICE,BOM-212,19.04131,72.863559,BOM-702,19.075884,72.877725
259FFE77,+91-97300-77777,+91-80720-47092,2025-04-01T11:32:00,17,SMS,BOM-318,19.119696,72.846355,BOM-519,19.0659,72.878156
FFD5C5BC,+91-87890-16699,+91-75300-79769,2025-02-20T22:16:00,1157,VOICE,BOM-244,19.098793,72.849377,BOM-318,19.119996,72.847249
CF93CA80,+91-91761-56235,+91-63990-30129,2025-02-16T16:14:00,31,SMS,BOM-318,19.120038,72.847253,BOM-447,19.044324,72.856223
72681AE7,+91-75300-88771,+91-87890-26013,2025-04-16T17:08:00,1645,VOICE,BOM-103,18.96301,72.83405,BOM-808,19.054234,72.900493
74B08337,+91-87890-24318,+91-70420-60572,2025-04-22T22:30:00,26,SMS,BOM-519,19.066694,72.878142,BOM-808,19.054192,72.90064
D3A30DEC,+91-77540-20863,+91-75300-90317,2025-04-13T17:48:00,443,VOICE,BOM-212,19.041043,72.863834,BOM-901,19.02935,72.8555
579A4025,+91-70420-45533,+91-80720-42831,2025-04-14T17:58:00,10,SMS,BOM-519,19.066195,72.878095,BOM-519,19.066168,72.878652
2A297321,+91-77540-79046,+91-63990-60358,2025-01-19T23:42:00,490,VOICE,BOM-318,19.119437,72.846671,BOM-212,19.041146,72.863786
31AD5EDF,+91-77540-66515,+91-80720-40827,2025-02-11T13:59:00,37,VOICE,BOM-702,19.075828,72.878007,BOM-519,19.065908,72.878024
E5DC0135,+91-91761-80233,+91-80720-56943,2025-04-02T07:17:00,846,VOICE,BOM-212,19.04164,72.86334,BOM-212,19.041611,72.863895
DDB3F0B2,+91-87890-99688,+91-87890-14805,2025-01-31T20:41:00,1383,VOICE,BOM-103,18.963687,72.833925,BOM-103,18.963698,72.834242
EC53CE09,+91-77540-87615,+91-88200-46614,2025-04-24T07:39:00,1581,VOICE,BOM-244,19.098704,72.84941,BOM-244,19.099191,72.849188
AFE71EE3,+91-70420-90760,+91-77540-34696,2025-04-05T12:45:00,17,SMS,BOM-808,19.054767,72.900145,BOM-244,19.099473,72.84911
5E727B48,+91-70420-54085,+91-93400-97984,2025-03-25T22:21:00,1487,VOICE,BOM-103,18.963494,72.834324,BOM-519,19.06653,72.878152
93666948,+91-63990-78494,+91-75300-71284,2025-02-26T18:44:00,58,SMS,BOM-621,19.135812,72.829242,BOM-318,19.119694,72.846641
D1605F0C,+91-77540-29064,+91-87890-68185,2025-02-22T07:47:00,41,SMS,BOM-621,19.136425,72.829411,BOM-621,19.136298,72.829771
AE16148C,+91-87890-74790,+91-63990-39168,2025-01-24T20:38:00,623,VOICE,BOM-702,19.075754,72.877795,BOM-447,19.044106,72.855638
75889F21,+91-97300-77777,+91-80720-45332,2025-01-15T11:40:00,690,VOICE,BOM-621,19.135636,72.829361,BOM-244,19.098656,72.848787
AB2265CD,+91-88200-50567,+91-88200-17171,2025-04-08T11:13:00,28,SMS,BOM-808,19.054877,72.900922,BOM-244,19.099418,72.849496
BEDD448B,+91-93400-48045,+91-77540-81608,2025-02-14T09:57:00,917,VOICE,BOM-318,19.120136,72.847146,BOM-901,19.029606,72.85501
3EC7F764,+91-91761-92833,+91-88200-45995,2025-01-25T16:00:00,770,VOICE,BOM-212,19.041334,72.863869,BOM-318,19.119947,72.846768
1C47F5CF,+91-97300-22222,+91-97300-33333,2025-03-22T20:53:00,43,SMS,BOM-447,19.044419,72.855779,BOM-808,19.054232,72.900913
A803EF8C,+91-63990-38476,+91-75300-82794,2025-01-29T18:27:00,9,SMS,BOM-447,19.044073,72.856203,BOM-318,19.11937,72.846625
1CD65DB8,+91-89120-85356,+91-88200-33421,2025-03-07T14:06:00,122,VOICE,BOM-103,18.962871,72.834254,BOM-808,19.054442,72.900053
8ACD47A7,+91-63990-25201,+91-88200-32095,2025-02-18T07:20:00,1196,VOICE,BOM-621,19.135957,72.829246,BOM-519,19.06664,72.878126
06606AB9,+91-63990-13164,+91-88200-80398,2025-03-09T14:34:00,355,VOICE,BOM-621,19.135535,72.82958,BOM-244,19.099447,72.849369
B108E49C,+91-80720-98925,+91-89120-32842,2025-03-21T11:07:00,32,SMS,BOM-244,19.099343,72.849298,BOM-519,19.06677,72.87877
104A2518,+91-77540-98162,+91-75300-25918,2025-03-30T18:16:00,364,VOICE,BOM-519,19.066005,72.878156,BOM-318,19.119573,72.846856
0FF03CBA,+91-87890-72220,+91-80720-50362,2025-02-06T22:08:00,725,VOICE,BOM-212,19.041636,72.863393,BOM-702,19.075685,72.877298
C23B7F44,+91-89120-26639,+91-70420-55698,2025-01-23T08:12:00,1434,VOICE,BOM-212,19.04126,72.863503,BOM-244,19.099281,72.849158
98B33268,+91-63990-51473,+91-77540-66818,2025-04-24T23:27:00,1726,VOICE,BOM-519,19.066242,72.878272,BOM-901,19.029562,72.855476
ED7D3733,+91-93400-94176,+91-80720-93963,2025-03-22T23:06:00,865,VOICE,BOM-901,19.029427,72.855085,BOM-519,19.066591,72.878177
81C2D1A0,+91-91761-78983,+91-93400-19484,2025-01-27T21:56:00,1210,VOICE,BOM-621,19.136404,72.830009,BOM-318,19.12004,72.846537
1BBF89FF,+91-89120-68334,+91-63990-21808,2025-04-03T14:19:00,35,SMS,BOM-808,19.054044,72.900222,BOM-447,19.044614,72.855833
23D899C4,+91-91761-75879,+91-91761-73214,2025-02-01T15:50:00,1111,VOICE,BOM-244,19.099044,72.84861,BOM-808,19.05494,72.900433
25A52318,+91-70420-29225,+91-70420-99571,2025-02-12T12:54:00,59,SMS,BOM-447,19.044342,72.855822,BOM-244,19.099358,72.849214
67C58533,+91-63990-48095,+91-87890-95008,2025-04-10T11:48:00,944,VOICE,BOM-447,19.044394,72.855403,BOM-702,19.076075,72.877812
E5620CA3,+91-88200-58334,+91-93400-18170,2025-04-08T16:53:00,424,VOICE,BOM-901,19.029931,72.855637,BOM-621,19.136407,72.83006
C8E2868D,+91-89120-59955,+91-80720-21323,2025-03-03T23:38:00,146,VOICE,BOM-901,19.029172,72.855303,BOM-318,19.119793,72.847204
DED33CB7,+91-97300-77777,+91-70420-27001,2025-03-23T09:02:00,5,SMS,BOM-901,19.029488,72.85563,BOM-621,19.135708,72.82938
ACB9B658,+91-93400-77872,+91-87890-74507,2025-01-29T14:59:00,5,SMS,BOM-702,19.075928,72.877694,BOM-901,19.029828,72.85494
7A979820,+91-77540-14546,+91-89120-20710,2025-01-27T17:16:00,791,VOICE,BOM-103,18.962972,72.834306,BOM-901,19.029556,72.855556
DBB53C11,+91-75300-31548,+91-91761-37574,2025-03-15T22:21:00,567,VOICE,BOM-621,19.136296,72.829902,BOM-808,19.054653,72.900629
914F9CB8,+91-70420-60434,+91-91761-73615,2025-04-12T07:49:00,1690,VOICE,BOM-447,19.044777,72.855987,BOM-621,19.135799,72.829272
ACD49523,+91-80720-87168,+91-70420-63160,2025-03-12T22:19:00,148,VOICE,BOM-447,19.044751,72.856266,BOM-519,19.065815,72.878109
FEE91311,+91-88200-99676,+91-80720-73652,2025-02-09T11:52:00,447,VOICE,BOM-212,19.041564,72.863637,BOM-808,19.054281,72.900436
F7BBA27A,+91-63990-63050,+91-91761-28827,2025-03-19T10:58:00,193,VOICE,BOM-901,19.029324,72.855187,BOM-702,19.07638,72.877619
41C63047,+91-88200-72985,+91-77540-61551,2025-02-14T15:40:00,575,VOICE,BOM-621,19.13606,72.829578,BOM-901,19.029541,72.855245
C61F2211,+91-77540-13842,+91-91761-73027,2025-01-27T17:11:00,941,VOICE,BOM-519,19.066282,72.878759,BOM-318,19.11993,72.847211
A184CD44,+91-63990-52364,+91-63990-91219,2025-03-28T20:44:00,1132,VOICE,BOM-901,19.029889,72.855093,BOM-901,19.029178,72.855108
2EAAA1DE,+91-93400-21196,+91-63990-63706,2025-02-28T10:35:00,65,VOICE,BOM-519,19.066198,72.878784,BOM-621,19.135545,72.829679
0C73F68D,+91-80720-48140,+91-70420-60227,2025-03-30T11:25:00,104,VOICE,BOM-702,19.075684,72.877758,BOM-519,19.066148,72.878388
CBC56543,+91-97300-77777,+91-91761-83420,2025-04-15T08:35:00,728,VOICE,BOM-621,19.136026,72.829254,BOM-318,19.119638,72.847206
0819FEE1,+91-87890-43062,+91-75300-63892,2025-04-13T13:46:00,311,VOICE,BOM-702,19.075422,72.877505,BOM-808,19.054466,72.900522
78E117A7,+91-97300-11111,+91-97300-33333,2025-01-21T20:18:00,43,VOICE,BOM-519,19.065878,72.878207,BOM-901,19.029988,72.855468
2A316818,+91-75300-91547,+91-89120-12235,2025-01-16T12:32:00,351,VOICE,BOM-318,19.119475,72.846397,BOM-447,19.044607,72.855839
8DEBB27B,+91-91761-87136,+91-80720-27649,2025-01-18T22:27:00,1079,VOICE,BOM-519,19.06643,72.878393,BOM-901,19.02999,72.855563
DBD0BCEC,+91-93400-53847,+91-70420-64663,2025-03-06T18:55:00,32,SMS,BOM-447,19.044746,72.85613,BOM-447,19.044885,72.855918
CE7D3773,+91-63990-95569,+91-91761-13263,2025-02-28T20:41:00,491,VOICE,BOM-808,19.054857,72.900048,BOM-244,19.098952,72.848647
B5C99391,+91-87890-46406,+91-77540-84069,2025-04-04T19:07:00,1748,VOICE,BOM-212,19.041557,72.863632,BOM-447,19.044457,72.855555
B0E1A773,+91-93400-46789,+91-75300-62548,2025-02-23T17:02:00,1600,VOICE,BOM-447,19.044603,72.855892,BOM-621,19.136304,72.829744
C6B87743,+91-93400-33681,+91-77540-68061,2025-02-17T11:51:00,868,VOICE,BOM-702,19.075803,72.878099,BOM-103,18.963193,72.83446
015D3B18,+91-87890-97731,+91-87890-93564,2025-01-31T23:54:00,851,VOICE,BOM-103,18.963267,72.833814,BOM-447,19.04436,72.855324
6CAA2A2F,+91-93400-40588,+91-91761-79928,2025-02-26T19:52:00,551,VOICE,BOM-702,19.075516,72.877627,BOM-212,19.041596,72.864182
E34EFA52,+91-91761-11299,+91-87890-74735,2025-04-09T14:01:00,1229,VOICE,BOM-318,19.119463,72.846973,BOM-901,19.02938,72.85531
BA796A4B,+91-87890-77448,+91-93400-20901,2025-03-19T16:47:00,865,VOICE,BOM-447,19.044699,72.855374,BOM-212,19.041336,72.863712
3AF61504,+91-75300-23143,+91-77540-37520,2025-01-27T19:15:00,1566,VOICE,BOM-318,19.120086,72.846522,BOM-519,19.066506,72.878097
046D51EB,+91-91761-76117,+91-93400-99056,2025-04-03T19:51:00,769,VOICE,BOM-901,19.02997,72.855062,BOM-212,19.041557,72.863323
6980BBD0,+91-70420-72619,+91-63990-29774,2025-01-23T15:56:00,851,VOICE,BOM-519,19.066665,72.877955,BOM-318,19.119264,72.846487
F53E739A,+91-89120-73991,+91-70420-31154,2025-01-16T21:37:00,1258,VOICE,BOM-808,19.054674,72.900358,BOM-212,19.041731,72.863886
9852D176,+91-75300-72328,+91-80720-85597,2025-04-04T09:42:00,48,SMS,BOM-901,19.0293,72.855498,BOM-212,19.041154,72.864152
589F4BEE,+91-97300-77777,+91-88200-31478,2025-03-09T09:31:00,894,VOICE,BOM-318,19.119788,72.846591,BOM-244,19.099169,72.849072
63F43D22,+91-97300-22222,+91-97300-33333,2025-01-19T11:18:00,838,VOICE,BOM-318,19.119756,72.847082,BOM-808,19.054066,72.900205
A9340179,+91-97300-11111,+91-97300-33333,2025-03-15T19:59:00,66,VOICE,BOM-901,19.029305,72.855261,BOM-901,19.029986,72.85555
2AC43123,+91-77540-74140,+91-91761-24862,2025-04-08T13:36:00,1507,VOICE,BOM-447,19.04482,72.855336,BOM-447,19.04471,72.856266
B4AD2E6C,+91-91761-46540,+91-89120-35799,2025-03-18T10:02:00,218,VOICE,BOM-901,19.029498,72.855606,BOM-103,18.963718,72.834538
1073D6C4,+91-97300-33333,+91-97300-11111,2025-04-22T23:29:00,5,SMS,BOM-318,19.119711,72.84661,BOM-447,19.044372,72.855714
E9DFE76C,+91-88200-98366,+91-89120-30051,2025-03-13T18:04:00,1773,VOICE,BOM-318,19.120156,72.847043,BOM-808,19.054325,72.900546
317E419F,+91-77540-53826,+91-93400-89648,2025-04-22T10:07:00,471,VOICE,BOM-447,19.044705,72.85612,BOM-318,19.119937,72.84722
35FDE170,+91-70420-77196,+91-80720-35163,2025-04-11T12:11:00,1715,VOICE,BOM-103,18.963738,72.833881,BOM-447,19.044205,72.855819
7362ADD7,+91-88200-49895,+91-88200-42180,2025-03-21T14:47:00,55,SMS,BOM-808,19.054625,72.900488,BOM-103,18.963608,72.834606
A3354899,+91-93400-77880,+91-93400-47450,2025-04-17T20:27:00,235,VOICE,BOM-901,19.029387,72.855423,BOM-702,19.075627,72.878108
F8520963,+91-89120-66580,+91-89120-20238,2025-01-21T11:19:00,1180,VOICE,BOM-103,18.963636,72.834359,BOM-901,19.029865,72.855796
2F71246A,+91-77540-55644,+91-88200-29323,2025-03-06T23:20:00,38,VOICE,BOM-901,19.02924,72.855729,BOM-621,19.136343,72.829608
1FECD630,+91-93400-40282,+91-70420-47938,2025-02-12T15:39:00,1152,VOICE,BOM-212,19.041262,72.863767,BOM-103,18.96363,72.834391
05F13BAE,+91-89120-22386,+91-87890-55841,2025-02-23T21:02:00,593,VOICE,BOM-519,19.066009,72.877993,BOM-702,19.075989,72.877558
CF4FABCC,+91-87890-74107,+91-80720-12259,2025-04-22T22:15:00,405,VOICE,BOM-318,19.119347,72.847147,BOM-103,18.96349,72.833923
AC6065BA,+91-77540-39617,+91-63990-57814,2025-04-02T07:47:00,847,VOICE,BOM-808,19.054358,72.900816,BOM-212,19.041732,72.863622
C393652D,+91-75300-69868,+91-75300-70729,2025-04-13T23:52:00,30,SMS,BOM-447,19.044353,72.855358,BOM-702,19.075423,72.877919
DE4B9C0E,+91-87890-37674,+91-89120-93846,2025-04-08T23:05:00,1093,VOICE,BOM-103,18.963046,72.833855,BOM-702,19.076227,72.877256
3FC9E72B,+91-88200-93497,+91-63990-17818,2025-04-08T14:25:00,18,SMS,BOM-519,19.066797,72.877968,BOM-318,19.120172,72.846772
15242C7F,+91-97300-33333,+91-97300-11111,2025-02-24T12:52:00,321,VOICE,BOM-519,19.065947,72.878135,BOM-318,19.119296,72.846505
3981FA8F,+91-97300-22222,+91-97300-11111,2025-03-23T12:52:00,1260,VOICE,BOM-244,19.099453,72.849088,BOM-808,19.054726,72.900547
EFA55B75,+91-91761-73639,+91-80720-83028,2025-01-30T08:24:00,160,VOICE,BOM-244,19.099034,72.848785,BOM-103,18.962854,72.834089
83DF360E,+91-93400-49363,+91-89120-12057,2025-04-22T07:59:00,1224,VOICE,BOM-901,19.02952,72.85552,BOM-244,19.098726,72.848777
E743790C,+91-75300-85068,+91-89120-12795,2025-02-17T07:04:00,1189,VOICE,BOM-702,19.076127,72.87776,BOM-103,18.96288,72.834446
93493663,+91-63990-78479,+91-91761-72597,2025-02-13T15:10:00,1353,VOICE,BOM-621,19.13567,72.829642,BOM-621,19.135791,72.829924
B2067446,+91-88200-19366,+91-70420-43797,2025-02-22T08:31:00,1360,VOICE,BOM-212,19.041124,72.863622,BOM-808,19.05454,72.900614
314C63B8,+91-91761-15751,+91-63990-29110,2025-03-20T17:46:00,577,VOICE,BOM-318,19.119492,72.847244,BOM-702,19.076214,72.878111
688470AD,+91-97300-11111,+91-97300-33333,2025-01-24T13:22:00,50,SMS,BOM-212,19.041705,72.86395,BOM-318,19.119614,72.846365
06C15AB5,+91-70420-92432,+91-80720-56833,2025-01-18T22:27:00,1230,VOICE,BOM-621,19.135671,72.829198,BOM-212,19.041359,72.863977
0543820F,+91-93400-94494,+91-80720-64813,2025-04-05T23:07:00,952,VOICE,BOM-519,19.066227,72.878211,BOM-447,19.044569,72.855909
6D52543A,+91-77540-47022,+91-80720-33032,2025-01-25T11:15:00,1181,VOICE,BOM-808,19.054035,72.900602,BOM-519,19.066557,72.877942
ADFB4239,+91-63990-42461,+91-88200-68511,2025-02-27T18:53:00,1373,VOICE,BOM-901,19.029723,72.855097,BOM-519,19.065904,72.878584
265D6B5C,+91-87890-18403,+91-63990-81523,2025-02-06T20:42:00,1204,VOICE,BOM-901,19.029141,72.855245,BOM-318,19.12019,72.847211
9C7E0E7F,+91-89120-84256,+91-91761-69974,2025-03-13T07:43:00,49,SMS,BOM-808,19.054355,72.90092,BOM-621,19.136426,72.829833
8305D5A4,+91-80720-65005,+91-87890-51582,2025-03-20T08:41:00,85,VOICE,BOM-808,19.0547,72.900909,BOM-702,19.075501,72.877691
260EB3FD,+91-63990-94413,+91-80720-35521,2025-01-27T12:07:00,1785,VOICE,BOM-244,19.099056,72.849018,BOM-621,19.135918,72.829479
DC924E20,+91-80720-57487,+91-80720-96260,2025-02-19T21:46:00,1176,VOICE,BOM-244,19.098509,72.848724,BOM-244,19.09941,72.849216
D918391A,+91-80720-19995,+91-77540-42758,2025-03-12T20:53:00,79,VOICE,BOM-103,18.962873,72.8346,BOM-103,18.963512,72.83424
0F9EC232,+91-93400-51475,+91-91761-25903,2025-01-22T16:34:00,257,VOICE,BOM-621,19.136432,72.829629,BOM-212,19.041142,72.863734
A62D4786,+91-80720-14442,+91-91761-60935,2025-02-12T20:18:00,768,VOICE,BOM-621,19.135758,72.829719,BOM-901,19.029112,72.855139
92BE3C6B,+91-77540-20225,+91-89120-29660,2025-03-15T22:09:00,606,VOICE,BOM-519,19.066445,72.878611,BOM-621,19.135822,72.829175
E8B8736A,+91-75300-98625,+91-93400-69762,2025-01-18T20:47:00,314,VOICE,BOM-519,19.065851,72.878526,BOM-901,19.029186,72.855775
891BC2CC,+91-70420-93645,+91-77540-47390,2025-03-25T19:31:00,243,VOICE,BOM-901,19.029854,72.854958,BOM-244,19.099028,72.848816
FDC2C250,+91-89120-94141,+91-70420-56530,2025-01-26T18:33:00,1073,VOICE,BOM-103,18.963307,72.834593,BOM-103,18.963645,72.834402
285CDCEC,+91-97300-33333,+91-97300-11111,2025-01-17T23:03:00,736,VOICE,BOM-103,18.962933,72.834376,BOM-808,19.054144,72.900203
4C90B5AC,+91-70420-65020,+91-87890-13667,2025-03-01T10:05:00,379,VOICE,BOM-103,18.96353,72.833722,BOM-212,19.041559,72.863925
3CA57C9D,+91-87890-94385,+91-63990-75511,2025-01-17T17:56:00,56,SMS,BOM-621,19.1364,72.8291,BOM-447,19.044547,72.855833
543516F1,+91-93400-28104,+91-91761-94167,2025-03-30T11:55:00,38,SMS,BOM-447,19.044522,72.855443,BOM-103,18.963035,72.834501
A938C294,+91-70420-90310,+91-88200-40044,2025-03-20T13:40:00,1384,VOICE,BOM-212,19.041664,72.864052,BOM-318,19.120005,72.846392
EAE8A3CA,+91-91761-69258,+91-91761-54571,2025-01-19T22:00:00,292,VOICE,BOM-447,19.043913,72.85585,BOM-447,19.044376,72.856237
101883AB,+91-91761-18339,+91-89120-20642,2025-02-22T15:08:00,1123,VOICE,BOM-212,19.041212,72.864041,BOM-447,19.044145,72.855777
B959EF41,+91-88200-71886,+91-63990-97486,2025-04-02T13:52:00,444,VOICE,BOM-212,19.041693,72.863591,BOM-621,19.135813,72.829654
193764C1,+91-87890-46503,+91-70420-30137,2025-03-13T23:12:00,49,SMS,BOM-318,19.119859,72.846852,BOM-621,19.136118,72.829396
9722B0BF,+91-97300-22222,+91-97300-11111,2025-04-18T21:01:00,53,SMS,BOM-318,19.11983,72.846661,BOM-103,18.963752,72.834424
58841B72,+91-63990-67964,+91-89120-36821,2025-03-30T12:31:00,810,VOICE,BOM-447,19.044768,72.856004,BOM-901,19.029682,72.855397
9A54EA0B,+91-80720-95672,+91-93400-30754,2025-02-19T22:03:00,17,SMS,BOM-447,19.044411,72.855593,BOM-621,19.13568,72.829323
508881B7,+91-93400-57185,+91-88200-89851,2025-04-03T13:34:00,1188,VOICE,BOM-621,19.135867,72.830005,BOM-244,19.098667,72.848826
8275B999,+91-87890-16265,+91-63990-66993,2025-04-16T20:01:00,21,SMS,BOM-447,19.044852,72.855564,BOM-318,19.119666,72.846855
000AADD6,+91-77540-18349,+91-75300-76414,2025-01-15T23:49:00,1221,VOICE,BOM-244,19.099375,72.848991,BOM-808,19.054627,72.900483
1CE699D9,+91-63990-33374,+91-80720-53858,2025-02-13T15:55:00,44,VOICE,BOM-808,19.054002,72.90084,BOM-621,19.135919,72.829213
9043B164,+91-63990-19649,+91-77540-84684,2025-04-06T15:08:00,799,VOICE,BOM-318,19.120064,72.846594,BOM-103,18.963257,72.83383
AD22DAF5,+91-88200-15445,+91-93400-84201,2025-01-22T22:15:00,913,VOICE,BOM-244,19.099089,72.848784,BOM-519,19.066293,72.878794
320C9387,+91-80720-64398,+91-87890-88034,2025-02-25T15:53:00,1321,VOICE,BOM-103,18.963649,72.834433,BOM-808,19.054344,72.900462
823F5C61,+91-91761-70806,+91-89120-50725,2025-02-18T07:06:00,59,VOICE,BOM-702,19.076377,72.877651,BOM-702,19.076198,72.877448
1C846910,+91-89120-40089,+91-77540-72356,2025-04-02T18:38:00,19,SMS,BOM-103,18.963457,72.834022,BOM-702,19.076126,72.878062
BC99EDE6,+91-97300-66666,+91-97300-77777,2025-03-12T19:34:00,50,SMS,BKC-112,19.0656,72.8669,BOM-901,19.029911,72.855021
3698811A,+91-93400-52728,+91-70420-33907,2025-04-23T07:27:00,51,SMS,BOM-318,19.120034,72.84697,BOM-318,19.120118,72.846829
F3CC0160,+91-70420-81531,+91-87890-52058,2025-04-17T12:19:00,1138,VOICE,BOM-103,18.963237,72.834491,BOM-244,19.098929,72.849093
F5C3560F,+91-63990-89360,+91-75300-41370,2025-01-24T12:06:00,55,SMS,BOM-103,18.963615,72.834295,BOM-447,19.044563,72.855688
96B1756E,+91-80720-45206,+91-93400-17426,2025-04-01T18:14:00,225,VOICE,BOM-103,18.963376,72.834542,BOM-212,19.041772,72.864196
86D22499,+91-70420-22169,+91-89120-81672,2025-01-22T10:52:00,24,VOICE,BOM-808,19.054248,72.900165,BOM-621,19.136338,72.829335
5708CD5B,+91-89120-72478,+91-91761-85327,2025-04-05T20:06:00,27,SMS,BOM-808,19.054342,72.900485,BOM-244,19.09931,72.848556
0D540308,+91-91761-63995,+91-75300-74097,2025-01-19T08:22:00,13,SMS,BOM-103,18.9635,72.833984,BOM-519,19.066679,72.878699
CBC5F9CA,+91-87890-42071,+91-89120-63659,2025-04-09T08:48:00,19,SMS,BOM-447,19.043939,72.855766,BOM-103,18.963748,72.833873
59806F53,+91-63990-73088,+91-88200-89769,2025-02-12T13:35:00,1209,VOICE,BOM-702,19.076188,72.877254,BOM-901,19.02966,72.855761
7A5D73DE,+91-63990-43724,+91-93400-55199,2025-04-17T22:04:00,9,SMS,BOM-901,19.029115,72.854945,BOM-901,19.02987,72.8553
FD13C54F,+91-93400-32178,+91-87890-53483,2025-03-13T10:59:00,1774,VOICE,BOM-702,19.075671,72.87796,BOM-808,19.05454,72.900476
64C62892,+91-89120-74703,+91-93400-19750,2025-03-15T14:27:00,58,SMS,BOM-318,19.119449,72.846379,BOM-212,19.041612,72.863823
42BE06CE,+91-77540-69170,+91-77540-34457,2025-01-22T22:54:00,1505,VOICE,BOM-318,19.120177,72.846799,BOM-901,19.029119,72.855585
F0AB7228,+91-80720-52736,+91-87890-95376,2025-02-18T16:41:00,46,VOICE,BOM-318,19.119877,72.847056,BOM-212,19.040918,72.863891
4EB8F8A2,+91-88200-36658,+91-93400-30209,2025-03-30T19:03:00,1772,VOICE,BOM-519,19.065973,72.878548,BOM-212,19.041695,72.863354
B821FF27,+91-75300-53809,+91-88200-39957,2025-01-16T10:32:00,1091,VOICE,BOM-901,19.029236,72.855303,BOM-318,19.120054,72.846317
EC7870C7,+91-87890-75472,+91-80720-79889,2025-01-25T22:22:00,560,VOICE,BOM-447,19.044481,72.855408,BOM-244,19.099405,72.849118
F9028A5D,+91-91761-58759,+91-63990-88522,2025-01-20T12:49:00,45,SMS,BOM-808,19.054092,72.900699,BOM-901,19.030079,72.855213
F430B7E3,+91-80720-22437,+91-88200-28434,2025-04-03T11:15:00,1455,VOICE,BOM-702,19.075965,72.877449,BOM-519,19.066161,72.877982
47A53D77,+91-75300-49379,+91-88200-52713,2025-04-08T21:04:00,487,VOICE,BOM-212,19.041274,72.863955,BOM-808,19.0548,72.900834
5704CAC0,+91-75300-37007,+91-91761-69269,2025-03-28T10:32:00,479,VOICE,BOM-519,19.066619,72.878309,BOM-212,19.041319,72.863337
2CFDF1A1,+91-93400-52955,+91-80720-86963,2025-04-12T18:28:00,92,VOICE,BOM-447,19.044519,72.855593,BOM-702,19.075533,72.87772
791FA14F,+91-89120-96049,+91-87890-19303,2025-04-09T08:13:00,36,SMS,BOM-702,19.075931,72.877214,BOM-244,19.099281,72.848722
F91CBF65,+91-80720-37759,+91-70420-33490,2025-02-04T07:14:00,53,SMS,BOM-519,19.066731,72.878246,BOM-447,19.044757,72.855665
E940D4D3,+91-88200-73547,+91-80720-10169,2025-02-20T18:41:00,37,SMS,BOM-103,18.962984,72.834617,BOM-519,19.066103,72.878717
07931E02,+91-70420-48574,+91-70420-83272,2025-03-10T22:53:00,308,VOICE,BOM-702,19.076191,72.878137,BOM-103,18.963761,72.834221
E4E4CA94,+91-93400-43845,+91-87890-16789,2025-02-27T18:27:00,1518,VOICE,BOM-244,19.099314,72.848579,BOM-901,19.029847,72.855499
1F45AD24,+91-75300-95767,+91-93400-35329,2025-02-05T15:43:00,418,VOICE,BOM-702,19.076273,72.877593,BOM-103,18.963573,72.834564
28F1B696,+91-97300-11111,+91-97300-33333,2025-04-19T22:50:00,25,SMS,BOM-808,19.054166,72.900006,BOM-519,19.066686,72.878274
6E222C4E,+91-77540-31898,+91-75300-98129,2025-03-13T07:18:00,1520,VOICE,BOM-702,19.076181,72.877454,BOM-103,18.963046,72.834334
4ECE49EF,+91-70420-13215,+91-63990-22473,2025-01-29T14:27:00,333,VOICE,BOM-244,19.099195,72.849298,BOM-621,19.136481,72.829879
11D18D81,+91-80720-68669,+91-80720-21040,2025-01-22T20:36:00,34,SMS,BOM-244,19.09889,72.848725,BOM-318,19.119481,72.846885
301CE7A0,+91-75300-87879,+91-80720-43424,2025-03-11T10:40:00,106,VOICE,BOM-212,19.04163,72.863241,BOM-901,19.02969,72.855306
5E68891E,+91-87890-76773,+91-88200-67296,2025-02-13T07:09:00,13,SMS,BOM-103,18.96291,72.834251,BOM-519,19.06592,72.878291
2C8C98AF,+91-70420-71750,+91-89120-86425,2025-02-13T15:22:00,27,SMS,BOM-212,19.041769,72.86379,BOM-447,19.044738,72.856264
E7DBE12F,+91-77540-83697,+91-75300-39272,2025-01-19T14:18:00,40,SMS,BOM-808,19.054818,72.900449,BOM-447,19.044153,72.856189
1EC2EA6A,+91-93400-55284,+91-63990-28814,2025-02-08T17:50:00,367,VOICE,BOM-212,19.04179,72.864062,BOM-103,18.963272,72.834386
050E3FAD,+91-88200-97895,+91-93400-85228,2025-02-24T14:09:00,640,VOICE,BOM-621,19.136225,72.829836,BOM-702,19.076128,72.877468
A511DF58,+91-89120-24227,+91-93400-37016,2025-03-19T18:37:00,472,VOICE,BOM-621,19.135867,72.829652,BOM-519,19.066348,72.877988
0EC24AB0,+91-97300-77777,+91-70420-81727,2025-02-18T20:52:00,17,VOICE,BOM-212,19.041239,72.863853,BOM-212,19.041028,72.863411
4C379818,+91-80720-72884,+91-91761-70474,2025-02-19T16:29:00,971,VOICE,BOM-447,19.044789,72.855879,BOM-621,19.136424,72.83002
481A1D88,+91-91761-91824,+91-75300-28907,2025-04-13T09:35:00,32,SMS,BOM-901,19.029617,72.854944,BOM-244,19.098907,72.848823
6253AB41,+91-70420-54532,+91-70420-98968,2025-04-02T08:35:00,103,VOICE,BOM-808,19.054626,72.900187,BOM-447,19.044592,72.855891
B76A5A58,+91-63990-68083,+91-93400-88873,2025-03-17T09:34:00,1261,VOICE,BOM-447,19.044259,72.855876,BOM-621,19.136407,72.829601
CA86BB1E,+91-70420-25147,+91-80720-37647,2025-01-23T16:27:00,1720,VOICE,BOM-621,19.135685,72.829382,BOM-901,19.029742,72.855302
40A9E3E2,+91-88200-85385,+91-93400-83343,2025-04-07T18:59:00,757,VOICE,BOM-318,19.11988,72.847116,BOM-901,19.029111,72.855744
B7F56C84,+91-89120-23666,+91-87890-77547,2025-03-15T10:38:00,1443,VOICE,BOM-244,19.099254,72.849366,BOM-519,19.066023,72.878422
5AA27AE7,+91-87890-81614,+91-70420-83194,2025-03-13T15:20:00,213,VOICE,BOM-103,18.963373,72.833798,BOM-447,19.044247,72.856189
9A8106B4,+91-80720-28196,+91-89120-86266,2025-03-20T20:25:00,1765,VOICE,BOM-212,19.041417,72.86323,BOM-103,18.963777,72.834501
265676C9,+91-63990-73784,+91-87890-31547,2025-03-25T19:02:00,1010,VOICE,BOM-808,19.054984,72.900691,BOM-901,19.029768,72.85533
C5C88120,+91-75300-47592,+91-91761-97240,2025-02-01T22:02:00,781,VOICE,BOM-901,19.029555,72.855452,BOM-318,19.119235,72.847158
7C12A87A,+91-89120-79418,+91-93400-85257,2025-01-24T07:13:00,27,VOICE,BOM-621,19.135606,72.829152,BOM-901,19.029231,72.855562
F4160A5C,+91-97300-11111,+91-97300-33333,2025-02-24T19:11:00,1385,VOICE,BOM-519,19.066353,72.877906,BOM-244,19.099448,72.849217
EF22E466,+91-88200-16816,+91-63990-47475,2025-02-24T16:30:00,1656,VOICE,BOM-244,19.099246,72.849067,BOM-447,19.044179,72.855879
00C3EEC5,+91-63990-30226,+91-93400-50789,2025-02-20T13:27:00,1045,VOICE,BOM-702,19.075484,72.877616,BOM-103,18.963006,72.834197
6ABB23BD,+91-97300-11111,+91-97300-22222,2025-02-04T17:59:00,14,SMS,BOM-318,19.119353,72.846842,BOM-519,19.066585,72.878672
3304D59B,+91-63990-81694,+91-75300-35199,2025-03-20T15:37:00,60,VOICE,BOM-103,18.963535,72.83397,BOM-901,19.029565,72.854948
E8473BAD,+91-91761-14925,+91-93400-76110,2025-03-25T22:00:00,9,SMS,BOM-519,19.066637,72.878535,BOM-447,19.044748,72.856242
3D82DB99,+91-77540-33179,+91-93400-21538,2025-04-12T19:07:00,46,SMS,BOM-318,19.119553,72.847156,BOM-318,19.119883,72.846816
381CD582,+91-63990-77360,+91-63990-64334,2025-03-15T08:07:00,38,SMS,BOM-808,19.054691,72.900544,BOM-621,19.135968,72.82948
89D67FB0,+91-80720-98641,+91-77540-55933,2025-04-14T19:39:00,1424,VOICE,BOM-212,19.041618,72.863672,BOM-103,18.962881,72.83426
A601AC18,+91-97300-22222,+91-97300-33333,2025-04-10T14:28:00,1247,VOICE,BOM-103,18.963129,72.834334,BOM-519,19.066742,72.878896
0E4A484E,+91-77540-71025,+91-91761-44357,2025-03-26T20:12:00,1381,VOICE,BOM-244,19.098648,72.848612,BOM-808,19.054859,72.900577
FD5DAAE1,+91-91761-59000,+91-87890-16098,2025-03-12T22:49:00,1118,VOICE,BOM-103,18.963523,72.834545,BOM-808,19.054864,72.900152
3F87D13D,+91-80720-15136,+91-87890-85242,2025-04-22T08:26:00,569,VOICE,BOM-447,19.044307,72.855502,BOM-901,19.029238,72.855702
6AFD701A,+91-87890-85251,+91-91761-94484,2025-03-09T17:43:00,256,VOICE,BOM-103,18.963131,72.834641,BOM-103,18.962856,72.833877
40DA9607,+91-88200-92301,+91-80720-25794,2025-04-24T14:52:00,1782,VOICE,BOM-901,19.029751,72.855476,BOM-519,19.066119,72.878324
EDC2F9D5,+91-89120-26960,+91-87890-61109,2025-03-15T14:05:00,1427,VOICE,BOM-808,19.05428,72.900334,BOM-447,19.044408,72.855817
3BDE9339,+91-77540-33770,+91-87890-71051,2025-03-01T10:49:00,1012,VOICE,BOM-519,19.066368,72.878691,BOM-808,19.054324,72.900736
DB9FBA47,+91-80720-26658,+91-87890-43233,2025-03-01T10:24:00,1236,VOICE,BOM-621,19.136314,72.829433,BOM-901,19.029102,72.854952
EF563AC1,+91-70420-22763,+91-87890-16304,2025-03-24T10:54:00,1434,VOICE,BOM-519,19.066137,72.878128,BOM-212,19.041299,72.864017
B3522A6A,+91-77540-41362,+91-63990-86110,2025-03-19T21:37:00,1751,VOICE,BOM-447,19.044498,72.856234,BOM-318,19.120051,72.846309
3AAA6300,+91-89120-74448,+91-75300-28021,2025-02-27T16:08:00,957,VOICE,BOM-212,19.041664,72.863804,BOM-212,19.041315,72.863467
4DF703EE,+91-63990-35492,+91-75300-87997,2025-02-21T10:09:00,34,VOICE,BOM-901,19.029968,72.855179,BOM-901,19.029402,72.855049
BD401C9D,+91-77540-82520,+91-75300-48075,2025-02-24T17:15:00,19,SMS,BOM-901,19.030031,72.855296,BOM-808,19.054361,72.900621
2918147E,+91-93400-57046,+91-77540-99538,2025-04-10T18:39:00,1799,VOICE,BOM-244,19.098963,72.849275,BOM-808,19.054247,72.900362
D3D0544D,+91-91761-55500,+91-80720-21413,2025-03-25T22:44:00,386,VOICE,BOM-318,19.119439,72.84686,BOM-103,18.963016,72.833788
B14E50C7,+91-91761-56806,+91-93400-49085,2025-03-09T07:21:00,208,VOICE,BOM-244,19.098814,72.848722,BOM-808,19.054108,72.900491
D4DE4B5E,+91-70420-71441,+91-93400-98359,2025-03-02T18:32:00,1567,VOICE,BOM-212,19.041798,72.863224,BOM-318,19.120083,72.846461
25FE85CA,+91-97300-33333,+91-97300-11111,2025-04-22T23:04:00,51,VOICE,BOM-103,18.962959,72.834235,BOM-621,19.136252,72.829506
E2364B07,+91-91761-39832,+91-91761-84592,2025-01-15T08:50:00,1558,VOICE,BOM-212,19.041605,72.864007,BOM-244,19.098736,72.848606
E51407A7,+91-63990-21563,+91-91761-36047,2025-04-12T17:49:00,44,SMS,BOM-447,19.044823,72.855305,BOM-519,19.065842,72.878638
F660FB46,+91-70420-71644,+91-87890-46022,2025-01-25T10:18:00,15,SMS,BOM-244,19.099325,72.849216,BOM-103,18.963637,72.834684
78669A30,+91-89120-41474,+91-93400-81606,2025-03-14T13:01:00,1413,VOICE,BOM-808,19.054039,72.900235,BOM-318,19.120017,72.847099
FFB9C880,+91-97300-22222,+91-97300-11111,2025-04-19T22:05:00,915,VOICE,BOM-244,19.099088,72.848973,BOM-103,18.962831,72.834509
D8EB5412,+91-80720-72923,+91-88200-74980,2025-02-13T20:47:00,1552,VOICE,BOM-244,19.099142,72.849366,BOM-519,19.06601,72.878603
8EA80415,+91-91761-68311,+91-91761-67593,2025-02-01T08:27:00,34,SMS,BOM-702,19.07637,72.878081,BOM-447,19.044264,72.855877
0CEFF7A3,+91-87890-96636,+91-87890-16600,2025-04-13T22:42:00,1325,VOICE,BOM-318,19.119881,72.846529,BOM-621,19.136468,72.829206
6CA73E20,+91-87890-52949,+91-88200-60662,2025-02-25T13:00:00,548,VOICE,BOM-808,19.054288,72.900018,BOM-103,18.962912,72.833829
F963E240,+91-97300-77777,+91-70420-98368,2025-01-27T11:29:00,9,SMS,BOM-318,19.120087,72.84728,BOM-212,19.041815,72.863585
2BE3A84A,+91-70420-81864,+91-89120-83042,2025-04-13T15:46:00,1539,VOICE,BOM-103,18.963488,72.833783,BOM-901,19.029261,72.855732
7F7284F3,+91-88200-26566,+91-63990-39694,2025-04-13T18:08:00,1043,VOICE,BOM-447,19.044579,72.855829,BOM-519,19.065897,72.878093
7C9E14E9,+91-97300-11111,+91-97300-33333,2025-03-31T16:11:00,102,VOICE,BOM-212,19.041787,72.863604,BOM-901,19.029464,72.855119
A78B1842,+91-97300-66666,+91-97300-22222,2025-02-21T09:27:00,1098,VOICE,BKC-112,19.0656,72.8669,BOM-318,19.119541,72.846404
D602071F,+91-88200-94266,+91-93400-81917,2025-02-18T21:40:00,1540,VOICE,BOM-103,18.963069,72.83461,BOM-103,18.962875,72.834088
F9B09846,+91-80720-81753,+91-80720-31353,2025-03-20T07:38:00,1671,VOICE,BOM-244,19.099499,72.848968,BOM-447,19.04398,72.856143
8D47011C,+91-70420-43003,+91-75300-29370,2025-02-19T11:41:00,740,VOICE,BOM-318,19.119614,72.846792,BOM-103,18.963448,72.834211
86805BA8,+91-80720-85375,+91-75300-72497,2025-01-25T18:54:00,58,SMS,BOM-318,19.119962,72.84631,BOM-447,19.044728,72.855558
A9973959,+91-70420-59251,+91-89120-88791,2025-02-13T23:09:00,579,VOICE,BOM-702,19.075532,72.877641,BOM-103,18.963383,72.834458
5E6DC1DB,+91-87890-33215,+91-80720-92486,2025-03-03T21:08:00,540,VOICE,BOM-318,19.119579,72.846355,BOM-212,19.041119,72.863989
DE0879BF,+91-93400-27542,+91-91761-13815,2025-03-08T12:17:00,964,VOICE,BOM-318,19.120076,72.846584,BOM-702,19.076237,72.877879
806C4E64,+91-75300-49266,+91-91761-55488,2025-04-11T17:45:00,50,SMS,BOM-103,18.963184,72.833842,BOM-318,19.119817,72.847253
265C3821,+91-87890-49998,+91-63990-57592,2025-03-18T16:33:00,1649,VOICE,BOM-621,19.136239,72.82926,BOM-318,19.119903,72.846812
69C5F432,+91-89120-68181,+91-89120-57012,2025-03-15T14:29:00,28,SMS,BOM-808,19.05495,72.900744,BOM-621,19.136143,72.829122
0C7FE2C9,+91-93400-69205,+91-87890-96336,2025-01-15T11:34:00,871,VOICE,BOM-702,19.076198,72.877845,BOM-808,19.054964,72.900181
60F43A38,+91-77540-74591,+91-70420-13522,2025-01-15T23:21:00,723,VOICE,BOM-447,19.044307,72.855897,BOM-702,19.076025,72.877598
FE0DC696,+91-88200-56819,+91-70420-10217,2025-03-08T12:06:00,403,VOICE,BOM-244,19.099154,72.849183,BOM-447,19.044854,72.856219
1B098F0B,+91-75300-30520,+91-91761-88678,2025-02-03T21:30:00,387,VOICE,BOM-702,19.076031,72.877993,BOM-621,19.135855,72.829909
16DEBDAA,+91-77540-81176,+91-88200-53445,2025-01-31T19:14:00,353,VOICE,BOM-103,18.963673,72.833996,BOM-519,19.066031,72.878092
924A6134,+91-77540-84458,+91-88200-13265,2025-03-19T16:31:00,125,VOICE,BOM-702,19.076303,72.877333,BOM-212,19.041633,72.863664
5A00ED8D,+91-70420-32370,+91-75300-89918,2025-01-20T16:28:00,616,VOICE,BOM-901,19.029536,72.854888,BOM-212,19.041853,72.863545
5D0CA303,+91-75300-78531,+91-93400-61355,2025-01-21T21:10:00,1162,VOICE,BOM-103,18.963082,72.834278,BOM-519,19.066761,72.87848
0F4E0478,+91-63990-31901,+91-89120-16636,2025-04-05T22:02:00,1757,VOICE,BOM-447,19.043976,72.855578,BOM-901,19.029416,72.855442
C1D672E6,+91-77540-40705,+91-89120-50132,2025-04-17T22:49:00,312,VOICE,BOM-901,19.030062,72.8549,BOM-244,19.099175,72.849488
4F33497D,+91-93400-27419,+91-88200-97898,2025-03-22T19:25:00,39,SMS,BOM-244,19.099071,72.848802,BOM-447,19.043921,72.855487
48B38E69,+91-88200-85686,+91-88200-57646,2025-04-09T13:04:00,757,VOICE,BOM-621,19.135822,72.830087,BOM-212,19.041321,72.863415
109B3E61,+91-87890-42018,+91-89120-38205,2025-04-21T09:41:00,42,SMS,BOM-808,19.05447,72.90082,BOM-621,19.1358,72.830091
596267F4,+91-87890-28992,+91-91761-93947,2025-02-17T08:05:00,964,VOICE,BOM-808,19.054541,72.90055,BOM-519,19.066625,72.87809
880C1B5A,+91-88200-41055,+91-93400-67521,2025-03-04T09:03:00,13,SMS,BOM-901,19.029568,72.855531,BOM-901,19.029828,72.85543
B2C9E137,+91-91761-64781,+91-75300-84620,2025-03-31T13:32:00,45,SMS,BOM-103,18.963335,72.834461,BOM-702,19.07596,72.878088
8278714A,+91-75300-12368,+91-77540-24835,2025-04-11T19:17:00,49,SMS,BOM-901,19.029302,72.855397,BOM-103,18.963583,72.834014
AECBC908,+91-87890-89371,+91-75300-64427,2025-04-10T20:03:00,662,VOICE,BOM-808,19.054701,72.900889,BOM-103,18.962825,72.834039
8A2105F1,+91-91761-60880,+91-88200-49384,2025-04-09T17:54:00,1514,VOICE,BOM-519,19.066415,72.878032,BOM-244,19.099093,72.848578
7C3BCD14,+91-93400-64967,+91-70420-64028,2025-04-14T14:16:00,775,VOICE,BOM-212,19.041789,72.863236,BOM-702,19.075863,72.877433
F89F24F3,+91-88200-64334,+91-80720-89202,2025-04-19T07:11:00,1793,VOICE,BOM-318,19.120116,72.846567,BOM-621,19.135578,72.829626
BC36C4E9,+91-80720-41039,+91-93400-70811,2025-03-24T07:03:00,39,SMS,BOM-621,19.13551,72.829787,BOM-621,19.136486,72.829248
D0910F29,+91-63990-46221,+91-77540-44646,2025-03-11T09:53:00,1274,VOICE,BOM-212,19.040927,72.8635,BOM-318,19.120119,72.847229
D8D0ABE1,+91-93400-10460,+91-87890-90625,2025-02-25T17:01:00,919,VOICE,BOM-103,18.963452,72.83408,BOM-621,19.135567,72.829534
2DFF7563,+91-75300-88268,+91-88200-67975,2025-04-09T17:38:00,36,SMS,BOM-808,19.054482,72.900692,BOM-103,18.962816,72.834602
A6D784C7,+91-91761-75535,+91-89120-27472,2025-03-20T09:31:00,1006,VOICE,BOM-318,19.119476,72.846542,BOM-621,19.135968,72.829267
8BED6B1E,+91-87890-13678,+91-80720-31991,2025-03-01T11:03:00,558,VOICE,BOM-519,19.065986,72.878463,BOM-212,19.041441,72.8637
D19DCC42,+91-75300-25660,+91-75300-22249,2025-02-27T12:32:00,596,VOICE,BOM-103,18.963562,72.834681,BOM-244,19.099023,72.849227
373BAF5B,+91-75300-20376,+91-91761-10919,2025-03-29T08:04:00,1031,VOICE,BOM-621,19.136254,72.829558,BOM-212,19.041023,72.863487
C1F69731,+91-91761-70463,+91-70420-60494,2025-01-24T07:42:00,96,VOICE,BOM-447,19.044889,72.855899,BOM-901,19.029906,72.855773
2B19468E,+91-93400-75758,+91-88200-18735,2025-02-11T11:29:00,707,VOICE,BOM-621,19.136256,72.829929,BOM-621,19.135837,72.830017
EBED0BA7,+91-70420-38486,+91-93400-56944,2025-01-17T15:24:00,1454,VOICE,BOM-212,19.041221,72.863334,BOM-808,19.054349,72.900624
EA42DB0D,+91-91761-26296,+91-75300-21343,2025-02-27T20:37:00,652,VOICE,BOM-519,19.066353,72.878786,BOM-901,19.02917,72.855732
FC15D96E,+91-63990-77222,+91-77540-77142,2025-04-12T14:04:00,607,VOICE,BOM-244,19.098906,72.849189,BOM-808,19.054495,72.900542
5B94ED4A,+91-77540-62957,+91-87890-56404,2025-02-12T23:27:00,662,VOICE,BOM-212,19.041072,72.86353,BOM-318,19.119693,72.846716
2A5B7909,+91-77540-89620,+91-80720-50640,2025-04-01T08:54:00,32,SMS,BOM-244,19.099064,72.849311,BOM-901,19.029379,72.855555
780BA6AF,+91-63990-12245,+91-87890-65034,2025-02-04T08:51:00,19,SMS,BOM-103,18.963105,72.833839,BOM-212,19.041266,72.863591
F9BF83AA,+91-93400-12820,+91-91761-16580,2025-03-09T12:51:00,42,VOICE,BOM-702,19.075615,72.87801,BOM-103,18.963083,72.83449
CAC77812,+91-93400-17900,+91-89120-98655,2025-03-14T07:15:00,537,VOICE,BOM-808,19.054559,72.900161,BOM-901,19.029444,72.855747
06064511,+91-80720-96643,+91-63990-89746,2025-02-16T17:27:00,796,VOICE,BOM-103,18.963216,72.834167,BOM-621,19.135912,72.829957
4035199D,+91-97300-22222,+91-97300-11111,2025-03-13T11:37:00,431,VOICE,BOM-808,19.054629,72.900038,BOM-244,19.098525,72.849021
15080502,+91-89120-59590,+91-70420-92938,2025-02-04T20:41:00,1744,VOICE,BOM-244,19.099098,72.849407,BOM-447,19.044157,72.856015
9275C1A5,+91-80720-38480,+91-89120-85715,2025-04-06T11:59:00,1729,VOICE,BOM-103,18.963694,72.833983,BOM-318,19.119695,72.846617
3E833342,+91-70420-92479,+91-88200-72668,2025-01-22T23:50:00,1244,VOICE,BOM-702,19.076241,72.877476,BOM-808,19.054247,72.900097
F82A35CB,+91-91761-90330,+91-80720-63048,2025-01-30T20:37:00,1780,VOICE,BOM-621,19.136075,72.829518,BOM-901,19.029978,72.855196
E59CF907,+91-63990-99776,+91-87890-35981,2025-02-08T10:07:00,1684,VOICE,BOM-702,19.076192,72.877804,BOM-519,19.066377,72.878042
317FA8E8,+91-87890-17125,+91-91761-31967,2025-03-18T15:56:00,33,VOICE,BOM-447,19.044735,72.855988,BOM-103,18.963464,72.834494
940A6FBE,+91-88200-27863,+91-77540-25844,2025-04-20T17:42:00,6,SMS,BOM-808,19.054424,72.900346,BOM-447,19.044004,72.855729
24B94E96,+91-97300-11111,+91-97300-44444,2025-03-05T10:43:00,152,VOICE,BOM-212,19.041474,72.863281,BOM-103,18.963453,72.834449
668303EC,+91-77540-72727,+91-93400-82485,2025-02-22T18:58:00,750,VOICE,BOM-447,19.044694,72.855425,BOM-702,19.076063,72.877611
1D2061D8,+91-89120-86703,+91-89120-12023,2025-04-03T09:00:00,129,VOICE,BOM-318,19.119578,72.847169,BOM-244,19.09918,72.848513
278FCCA9,+91-88200-43571,+91-80720-82053,2025-01-24T23:44:00,963,VOICE,BOM-212,19.041547,72.864154,BOM-212,19.041675,72.86395
E99EB96E,+91-97300-77777,+91-70420-34523,2025-03-15T23:39:00,577,VOICE,BOM-702,19.076251,72.878122,BOM-212,19.04171,72.863762
EB44094B,+91-75300-16973,+91-91761-50025,2025-02-27T07:25:00,274,VOICE,BOM-901,19.029885,72.855751,BOM-702,19.075554,72.878108
4FE7592E,+91-87890-36050,+91-77540-36447,2025-04-18T23:55:00,860,VOICE,BOM-901,19.0294,72.855524,BOM-103,18.963526,72.834533
97C0CC63,+91-91761-56107,+91-89120-50812,2025-04-14T11:32:00,1602,VOICE,BOM-244,19.099198,72.848602,BOM-318,19.119315,72.846635
00A65ACC,+91-93400-66705,+91-89120-97086,2025-03-21T17:57:00,789,VOICE,BOM-901,19.029982,72.85567,BOM-702,19.075755,72.877819
91903E22,+91-63990-67290,+91-80720-15544,2025-04-14T08:02:00,734,VOICE,BOM-244,19.098586,72.849487,BOM-103,18.963697,72.833863
76245F54,+91-93400-35831,+91-87890-60627,2025-04-08T09:44:00,37,SMS,BOM-244,19.098598,72.848991,BOM-212,19.040956,72.863879
07F66F7C,+91-77540-16199,+91-88200-80603,2025-03-24T08:31:00,1641,VOICE,BOM-901,19.029593,72.854822,BOM-103,18.963736,72.834319
81FD0617,+91-97300-11111,+91-97300-44444,2025-03-04T15:03:00,178,VOICE,BOM-318,19.119235,72.846641,BOM-318,19.119246,72.8467
C9F0D6FC,+91-89120-70890,+91-87890-93121,2025-04-06T13:23:00,139,VOICE,BOM-103,18.963594,72.834475,BOM-103,18.96309,72.834547
F6CBF944,+91-91761-63801,+91-80720-48097,2025-04-13T16:25:00,1602,VOICE,BOM-702,19.076363,72.877648,BOM-519,19.065867,72.87879
7E0FBC13,+91-80720-23961,+91-77540-25984,2025-02-22T23:57:00,80,VOICE,BOM-808,19.054105,72.900562,BOM-244,19.099086,72.848749
B9993402,+91-75300-75880,+91-87890-94691,2025-03-31T09:06:00,1742,VOICE,BOM-702,19.075887,72.877728,BOM-901,19.029323,72.855332
C408FCDB,+91-88200-79027,+91-93400-29649,2025-04-09T11:23:00,1240,VOICE,BOM-212,19.041687,72.86392,BOM-702,19.075852,72.877359
C5C8EA26,+91-93400-52287,+91-80720-38519,2025-02-24T20:46:00,1391,VOICE,BOM-621,19.136496,72.829165,BOM-901,19.030063,72.855405
CB85A27B,+91-80720-88684,+91-80720-14130,2025-02-19T18:07:00,265,VOICE,BOM-621,19.135881,72.829638,BOM-212,19.041688,72.863518
A2A94581,+91-97300-77777,+91-77540-75375,2025-03-12T14:18:00,14,SMS,BOM-621,19.136402,72.829361,BOM-808,19.054464,72.900144
0AB68C2A,+91-93400-11443,+91-91761-45788,2025-01-28T13:59:00,79,VOICE,BOM-103,18.963505,72.833713,BOM-621,19.136341,72.829305
84DEB975,+91-89120-84617,+91-80720-55310,2025-04-09T17:52:00,14,SMS,BOM-103,18.963516,72.834087,BOM-621,19.136148,72.829199
10EAE44F,+91-77540-28218,+91-80720-98467,2025-04-03T12:28:00,816,VOICE,BOM-702,19.07606,72.877661,BOM-702,19.075573,72.87745
53637A30,+91-89120-95732,+91-63990-87045,2025-04-04T18:29:00,465,VOICE,BOM-244,19.099319,72.848964,BOM-447,19.044006,72.855847
155D16D4,+91-75300-40186,+91-91761-55759,2025-03-07T22:08:00,1709,VOICE,BOM-212,19.041463,72.863986,BOM-212,19.041858,72.863287
A07520B5,+91-70420-79649,+91-63990-16741,2025-02-23T14:29:00,27,SMS,BOM-103,18.963261,72.834469,BOM-519,19.066267,72.878392
23E85F39,+91-97300-77777,+91-63990-78667,2025-04-19T22:40:00,1624,VOICE,BOM-318,19.119251,72.847056,BOM-519,19.06581,72.877971
C5FB9F21,+91-91761-23721,+91-63990-23264,2025-04-22T21:26:00,745,VOICE,BOM-212,19.04166,72.863775,BOM-519,19.06664,72.878
166E9C33,+91-88200-32028,+91-80720-83671,2025-03-03T08:35:00,295,VOICE,BOM-808,19.054065,72.900248,BOM-447,19.044244,72.85569
6C0A7654,+91-80720-14096,+91-91761-87453,2025-03-02T14:46:00,45,VOICE,BOM-103,18.963536,72.833935,BOM-901,19.029201,72.855098
008E7A27,+91-70420-60723,+91-89120-16593,2025-02-23T14:37:00,37,SMS,BOM-103,18.96334,72.834306,BOM-244,19.098789,72.84914
FEF73A45,+91-63990-47901,+91-70420-44720,2025-01-25T11:04:00,953,VOICE,BOM-447,19.044571,72.855574,BOM-519,19.065875,72.878701
35A268F4,+91-97300-22222,+91-97300-11111,2025-03-19T23:27:00,1372,VOICE,BOM-244,19.099271,72.848857,BOM-103,18.96347,72.834455
0AC17611,+91-88200-33993,+91-89120-76388,2025-02-23T19:40:00,1056,VOICE,BOM-702,19.075857,72.878163,BOM-702,19.075417,72.878163
961B0FE9,+91-70420-14313,+91-91761-50997,2025-03-29T13:31:00,1769,VOICE,BOM-103,18.962884,72.833928,BOM-447,19.044539,72.855485
E4639F65,+91-93400-99497,+91-89120-20892,2025-04-11T12:53:00,334,VOICE,BOM-901,19.02982,72.85579,BOM-212,19.041251,72.863454
6DEAE21D,+91-88200-85352,+91-89120-26510,2025-04-24T23:24:00,1474,VOICE,BOM-447,19.044434,72.855622,BOM-519,19.066447,72.878693
1F04B071,+91-91761-31411,+91-63990-49209,2025-03-30T12:14:00,920,VOICE,BOM-318,19.119497,72.846608,BOM-702,19.076273,72.878079
801CF450,+91-89120-92445,+91-89120-79591,2025-04-02T17:36:00,594,VOICE,BOM-103,18.963336,72.834023,BOM-244,19.098834,72.84885
E8F54514,+91-88200-39162,+91-88200-29244,2025-03-10T13:10:00,433,VOICE,BOM-621,19.136033,72.829303,BOM-702,19.075772,72.87789
30BDAD04,+91-88200-26080,+91-88200-78541,2025-03-09T12:22:00,49,SMS,BOM-212,19.041268,72.863441,BOM-103,18.963343,72.834099
BAE22B12,+91-88200-36519,+91-88200-88193,2025-04-18T18:24:00,1511,VOICE,BOM-103,18.963122,72.834388,BOM-808,19.054436,72.900143
4CE9E2D4,+91-88200-77386,+91-63990-85433,2025-01-15T13:01:00,651,VOICE,BOM-702,19.075496,72.877786,BOM-901,19.029906,72.855475
CF0D385E,+91-87890-90717,+91-89120-79410,2025-03-01T19:56:00,964,VOICE,BOM-318,19.119555,72.846546,BOM-808,19.054316,72.900718
996B5803,+91-80720-35665,+91-88200-11828,2025-04-19T17:30:00,171,VOICE,BOM-447,19.044143,72.855711,BOM-318,19.119375,72.847153
47A1ABB9,+91-87890-68281,+91-80720-87885,2025-04-22T14:36:00,876,VOICE,BOM-702,19.076292,72.877366,BOM-901,19.029957,72.85573
A33F440A,+91-80720-62261,+91-89120-12736,2025-02-10T17:52:00,1599,VOICE,BOM-318,19.119917,72.846449,BOM-318,19.119695,72.846526
139B58F5,+91-89120-84110,+91-75300-25189,2025-02-04T10:40:00,24,SMS,BOM-621,19.136311,72.83003,BOM-808,19.05475,72.900744
2A1C99AB,+91-88200-81041,+91-75300-24970,2025-02-12T16:18:00,1501,VOICE,BOM-702,19.075648,72.877362,BOM-808,19.054498,72.90019
0FD180A6,+91-77540-71990,+91-87890-11675,2025-04-10T23:37:00,28,SMS,BOM-901,19.030083,72.855317,BOM-621,19.13637,72.830015
6AD26234,+91-91761-81742,+91-77540-69796,2025-04-23T14:27:00,760,VOICE,BOM-212,19.041672,72.863202,BOM-519,19.066154,72.878112
A2CAB83D,+91-75300-93678,+91-88200-47543,2025-04-22T08:39:00,55,SMS,BOM-103,18.963032,72.834391,BOM-103,18.963754,72.834481
655DB05C,+91-91761-39332,+91-89120-75567,2025-04-12T17:33:00,41,SMS,BOM-103,18.962849,72.834101,BOM-808,19.054357,72.900147
CEEF8612,+91-77540-31101,+91-88200-21162,2025-04-09T12:47:00,1564,VOICE,BOM-808,19.054245,72.90002,BOM-244,19.098906,72.849046
268E9EB8,+91-77540-80302,+91-75300-91428,2025-02-14T21:29:00,506,VOICE,BOM-519,19.066151,72.878569,BOM-621,19.136137,72.82967
474B2040,+91-77540-36867,+91-63990-88767,2025-02-24T18:37:00,1117,VOICE,BOM-318,19.119684,72.847037,BOM-808,19.054583,72.900847
FABDDC35,+91-77540-67271,+91-91761-19418,2025-03-09T13:16:00,1529,VOICE,BOM-621,19.135734,72.829159,BOM-519,19.066101,72.878161
F8FEE184,+91-80720-17682,+91-77540-15567,2025-03-12T21:34:00,1389,VOICE,BOM-103,18.963748,72.834699,BOM-244,19.099302,72.849128
39D76279,+91-75300-77318,+91-87890-95880,2025-01-21T16:30:00,1610,VOICE,BOM-702,19.076094,72.877288,BOM-318,19.120032,72.846618
81455571,+91-89120-53157,+91-80720-81385,2025-04-19T18:42:00,29,SMS,BOM-103,18.962885,72.83408,BOM-702,19.075752,72.878029
D66EC273,+91-77540-14346,+91-91761-89735,2025-02-24T18:17:00,1561,VOICE,BOM-244,19.099204,72.849243,BOM-244,19.098947,72.849322
E37D75FD,+91-63990-83412,+91-70420-25170,2025-02-06T07:01:00,1174,VOICE,BOM-447,19.044862,72.85583,BOM-212,19.041602,72.863661
DBCCF246,+91-93400-90895,+91-77540-77103,2025-03-28T13:44:00,524,VOICE,BOM-212,19.041335,72.863612,BOM-808,19.054432,72.900517
C33692B3,+91-80720-89670,+91-93400-35165,2025-02-24T20:08:00,610,VOICE,BOM-519,19.066287,72.878083,BOM-103,18.962984,72.834613
5951C904,+91-80720-24676,+91-77540-34380,2025-04-15T08:57:00,461,VOICE,BOM-621,19.135535,72.829836,BOM-702,19.076137,72.877711
20F39E31,+91-97300-77777,+91-75300-76705,2025-03-08T17:24:00,65,VOICE,BOM-808,19.054762,72.900267,BOM-103,18.963277,72.833868
0D749BBF,+91-89120-34227,+91-88200-24369,2025-03-24T11:08:00,1203,VOICE,BOM-621,19.135764,72.829848,BOM-702,19.075422,72.877687
FAA7F40A,+91-89120-32120,+91-88200-78746,2025-01-30T11:47:00,959,VOICE,BOM-244,19.099132,72.848655,BOM-103,18.962836,72.834274
CF7B4CCF,+91-88200-59899,+91-91761-96727,2025-02-11T19:10:00,1194,VOICE,BOM-212,19.04131,72.863305,BOM-519,19.0668,72.878239
2738E2FD,+91-88200-82460,+91-77540-12810,2025-04-14T14:22:00,785,VOICE,BOM-318,19.119926,72.846748,BOM-103,18.96298,72.834096
64517EA3,+91-63990-99817,+91-88200-85047,2025-03-02T22:20:00,11,SMS,BOM-103,18.963233,72.8343,BOM-901,19.029241,72.854816
FD89FE57,+91-91761-65348,+91-93400-81144,2025-04-15T11:14:00,1242,VOICE,BOM-318,19.119785,72.84677,BOM-103,18.963487,72.834171
6B6E11F4,+91-87890-28112,+91-87890-19359,2025-04-23T19:54:00,1071,VOICE,BOM-519,19.066356,72.878834,BOM-212,19.041154,72.863743
871E2F77,+91-70420-53183,+91-63990-63238,2025-03-20T07:29:00,749,VOICE,BOM-318,19.119596,72.846617,BOM-808,19.054353,72.900176
533F4045,+91-97300-22222,+91-97300-11111,2025-01-28T11:04:00,38,SMS,BOM-212,19.041348,72.863951,BOM-621,19.135678,72.829344
5D00C119,+91-91761-57549,+91-70420-59386,2025-03-21T12:07:00,30,VOICE,BOM-519,19.066778,72.878884,BOM-103,18.96292,72.83394
D5D99059,+91-88200-16783,+91-91761-18524,2025-02-27T14:34:00,12,SMS,BOM-212,19.041865,72.863322,BOM-212,19.041807,72.863634
7DBC6763,+91-93400-17163,+91-63990-29273,2025-03-10T16:25:00,1043,VOICE,BOM-103,18.963722,72.83429,BOM-901,19.029277,72.855068
5D79DF4E,+91-97300-22222,+91-97300-11111,2025-01-19T13:48:00,13,SMS,BOM-621,19.136048,72.829408,BOM-702,19.075803,72.877414
BA4E055A,+91-91761-34843,+91-88200-55201,2025-02-23T13:57:00,641,VOICE,BOM-901,19.029582,72.855756,BOM-447,19.044019,72.855472
B1B426CF,+91-75300-99878,+91-77540-29804,2025-02-01T09:55:00,1784,VOICE,BOM-212,19.041653,72.863571,BOM-212,19.040944,72.86374
432E49A0,+91-63990-14368,+91-75300-69989,2025-03-31T16:35:00,656,VOICE,BOM-901,19.029419,72.85492,BOM-447,19.043936,72.856047
003B3E95,+91-87890-58064,+91-77540-16594,2025-02-05T14:46:00,262,VOICE,BOM-447,19.044408,72.855804,BOM-621,19.136221,72.82983
128555FE,+91-93400-28201,+91-93400-23434,2025-04-03T18:07:00,216,VOICE,BOM-702,19.07567,72.878006,BOM-103,18.963719,72.834241
FD7C36F6,+91-88200-93569,+91-75300-12972,2025-03-03T21:52:00,262,VOICE,BOM-702,19.075464,72.877856,BOM-244,19.099057,72.848592
816BDCE5,+91-70420-29483,+91-63990-65885,2025-02-17T12:30:00,1105,VOICE,BOM-808,19.054625,72.900854,BOM-808,19.054894,72.900549
F09419EB,+91-97300-77777,+91-91761-31470,2025-02-09T12:18:00,101,VOICE,BOM-621,19.13574,72.829161,BOM-519,19.06649,72.878474
07CEC124,+91-63990-63416,+91-89120-67497,2025-01-20T19:55:00,1441,VOICE,BOM-103,18.962959,72.833865,BOM-808,19.054448,72.90006
2539522B,+91-91761-46613,+91-75300-59472,2025-04-19T08:49:00,172,VOICE,BOM-103,18.962975,72.834227,BOM-447,19.044452,72.855414
604CC3A6,+91-91761-11226,+91-75300-82510,2025-02-19T16:16:00,28,SMS,BOM-519,19.066419,72.878326,BOM-447,19.043928,72.855596
B0759D09,+91-70420-56920,+91-88200-17756,2025-04-20T14:27:00,1179,VOICE,BOM-702,19.07598,72.877516,BOM-447,19.044392,72.855487
E6FED56E,+91-97300-11111,+91-97300-22222,2025-04-03T15:37:00,1784,VOICE,BOM-103,18.963732,72.833881,BOM-702,19.075475,72.877773
35C2E50D,+91-75300-11698,+91-88200-59547,2025-02-03T13:14:00,1607,VOICE,BOM-901,19.03001,72.855172,BOM-244,19.099162,72.849407
3863E9A1,+91-93400-23721,+91-77540-38549,2025-04-08T15:11:00,41,VOICE,BOM-318,19.119486,72.846894,BOM-901,19.029637,72.855596
5E9A28F2,+91-89120-71066,+91-91761-40535,2025-04-22T18:38:00,1633,VOICE,BOM-244,19.099488,72.849125,BOM-103,18.963767,72.834475
5420C856,+91-89120-16677,+91-63990-32266,2025-04-02T16:19:00,68,VOICE,BOM-702,19.075573,72.877222,BOM-519,19.065837,72.878636
93F14C87,+91-97300-22222,+91-97300-11111,2025-03-27T14:49:00,1479,VOICE,BOM-244,19.098576,72.849422,BOM-447,19.044701,72.855533
CFDAFDB5,+91-89120-73734,+91-70420-78750,2025-03-12T16:49:00,36,SMS,BOM-621,19.135559,72.82972,BOM-808,19.054109,72.900268
04224707,+91-91761-78224,+91-75300-52633,2025-04-13T15:07:00,42,SMS,BOM-519,19.066501,72.878669,BOM-621,19.136412,72.829185
383242D1,+91-63990-79799,+91-77540-71214,2025-03-21T17:34:00,402,VOICE,BOM-244,19.0986,72.849144,BOM-901,19.029896,72.855284
95292F87,+91-77540-65705,+91-88200-60213,2025-04-23T08:23:00,594,VOICE,BOM-702,19.075437,72.877528,BOM-103,18.96364,72.83448
8F582111,+91-63990-38013,+91-89120-44583,2025-04-11T22:18:00,288,VOICE,BOM-621,19.135704,72.829392,BOM-447,19.04449,72.85625
2EE314DD,+91-75300-54074,+91-63990-82274,2025-02-27T08:54:00,295,VOICE,BOM-447,19.044538,72.855318,BOM-519,19.066344,72.878197
CB9C77DF,+91-93400-57038,+91-89120-53917,2025-02-25T10:03:00,15,SMS,BOM-702,19.076111,72.877855,BOM-702,19.075855,72.877208
398E3D28,+91-80720-45468,+91-88200-39259,2025-04-18T15:47:00,972,VOICE,BOM-318,19.120135,72.846473,BOM-103,18.96337,72.834069
402E56E1,+91-77540-54938,+91-77540-32809,2025-01-24T20:56:00,1575,VOICE,BOM-702,19.076003,72.877813,BOM-103,18.962949,72.833971
C463877C,+91-63990-32067,+91-87890-13249,2025-04-24T16:43:00,212,VOICE,BOM-808,19.054932,72.900092,BOM-808,19.054768,72.900288
90E78D01,+91-63990-63456,+91-75300-30189,2025-03-18T14:21:00,25,SMS,BOM-702,19.075555,72.877765,BOM-447,19.044665,72.856287
B35FD3AB,+91-88200-44625,+91-91761-38328,2025-02-13T16:42:00,1742,VOICE,BOM-318,19.119746,72.846541,BOM-519,19.066437,72.878371
665EAB2A,+91-97300-11111,+91-97300-33333,2025-03-05T15:46:00,58,SMS,BOM-901,19.029476,72.855264,BOM-702,19.075782,72.877531
E41DDF7E,+91-75300-57738,+91-87890-52947,2025-01-25T12:15:00,711,VOICE,BOM-702,19.075987,72.877615,BOM-621,19.136246,72.829187
E71693AC,+91-75300-21800,+91-80720-20548,2025-03-07T07:33:00,46,SMS,BOM-318,19.119971,72.846416,BOM-621,19.13611,72.829867
0A11EBAA,+91-89120-49368,+91-75300-79770,2025-04-10T13:34:00,1794,VOICE,BOM-318,19.119289,72.846904,BOM-901,19.029796,72.855554
864A44D6,+91-88200-81454,+91-88200-26827,2025-02-14T08:58:00,1028,VOICE,BOM-212,19.041222,72.863569,BOM-103,18.963201,72.833882
B8BB2E15,+91-75300-54646,+91-87890-62456,2025-03-19T08:00:00,987,VOICE,BOM-702,19.076084,72.87766,BOM-212,19.041894,72.863987
9D5D99A8,+91-70420-96762,+91-77540-25840,2025-03-18T19:09:00,180,VOICE,BOM-808,19.054483,72.900147,BOM-447,19.044165,72.855996
B7C6463A,+91-93400-12046,+91-88200-43147,2025-03-06T19:47:00,1118,VOICE,BOM-808,19.054296,72.900838,BOM-447,19.044798,72.856046
4E4AC9AD,+91-89120-43975,+91-87890-75189,2025-01-26T09:46:00,1708,VOICE,BOM-318,19.119496,72.846338,BOM-318,19.120084,72.847022
53E5DC05,+91-97300-77777,+91-77540-18194,2025-04-22T20:36:00,355,VOICE,BOM-519,19.066673,72.87849,BOM-808,19.054945,72.900392
D9A218E3,+91-97300-77777,+91-75300-50816,2025-03-08T10:51:00,217,VOICE,BOM-212,19.041545,72.863779,BOM-212,19.040933,72.8633
05AEA79E,+91-91761-55213,+91-88200-79631,2025-02-09T20:14:00,38,SMS,BOM-212,19.041027,72.863217,BOM-519,19.065949,72.878227
B5E30688,+91-93400-34668,+91-93400-21240,2025-03-06T22:37:00,812,VOICE,BOM-808,19.054288,72.900762,BOM-519,19.066508,72.878347
CD9BE014,+91-80720-56095,+91-89120-33921,2025-03-05T20:33:00,29,SMS,BOM-103,18.962824,72.834645,BOM-901,19.029689,72.855217
4021351A,+91-87890-53031,+91-89120-57687,2025-04-14T19:05:00,94,VOICE,BOM-244,19.099393,72.848954,BOM-621,19.135584,72.829608
FD61787C,+91-91761-52913,+91-63990-98683,2025-03-21T13:57:00,1244,VOICE,BOM-808,19.054829,72.900446,BOM-519,19.066426,72.878864
8FBBD158,+91-91761-78179,+91-93400-71539,2025-01-23T18:59:00,26,SMS,BOM-621,19.135754,72.82971,BOM-519,19.065982,72.878744
5884DF00,+91-89120-92207,+91-93400-23841,2025-02-27T09:02:00,1442,VOICE,BOM-212,19.041444,72.864181,BOM-447,19.044555,72.856263
B9E14DC0,+91-75300-40782,+91-63990-48492,2025-04-04T19:06:00,1013,VOICE,BOM-901,19.029822,72.855374,BOM-901,19.029557,72.854949
0A3EE4CD,+91-70420-32200,+91-63990-12533,2025-04-20T12:33:00,1758,VOICE,BOM-808,19.054356,72.900331,BOM-318,19.120103,72.847007
F449DF4F,+91-75300-41499,+91-77540-59458,2025-04-08T07:07:00,38,SMS,BOM-212,19.041055,72.864157,BOM-447,19.044398,72.856172
4A14833B,+91-70420-51774,+91-87890-41589,2025-02-12T21:43:00,1006,VOICE,BOM-519,19.066183,72.877978,BOM-901,19.029801,72.855284
6555C1AD,+91-77540-24321,+91-77540-64048,2025-03-22T18:01:00,18,SMS,BOM-621,19.135826,72.830061,BOM-702,19.075817,72.877888
77C053FC,+91-80720-27264,+91-80720-60857,2025-03-08T16:33:00,1454,VOICE,BOM-447,19.043902,72.855364,BOM-519,19.066019,72.878596
FB665D18,+91-88200-79964,+91-75300-56463,2025-02-26T21:53:00,5,SMS,BOM-702,19.075904,72.877753,BOM-244,19.098615,72.848888
807144B7,+91-63990-72374,+91-89120-68136,2025-04-12T23:01:00,40,SMS,BOM-621,19.135966,72.829226,BOM-244,19.099074,72.84895
F7D7B34B,+91-87890-77623,+91-89120-99301,2025-04-06T22:51:00,1596,VOICE,BOM-621,19.135665,72.829275,BOM-702,19.076013,72.87806
CC4EE58F,+91-80720-84890,+91-63990-82349,2025-04-24T21:58:00,1435,VOICE,BOM-808,19.054862,72.900941,BOM-103,18.963461,72.833998
FB7D6DB7,+91-70420-72299,+91-87890-94538,2025-02-05T23:09:00,416,VOICE,BOM-901,19.030068,72.855484,BOM-621,19.13553,72.829152
6975C4D9,+91-63990-41068,+91-91761-54242,2025-02-02T18:55:00,1341,VOICE,BOM-103,18.96293,72.833764,BOM-318,19.119857,72.846359
43B0309A,+91-88200-40431,+91-75300-21168,2025-02-25T16:36:00,8,SMS,BOM-808,19.054433,72.900448,BOM-808,19.05441,72.900485
19EB9086,+91-63990-37279,+91-63990-83204,2025-02-27T13:36:00,1053,VOICE,BOM-808,19.054722,72.900376,BOM-244,19.099152,72.849416
AE0C2980,+91-75300-78252,+91-75300-29945,2025-03-04T13:57:00,441,VOICE,BOM-212,19.040946,72.863903,BOM-103,18.963648,72.834327
D96BF300,+91-97300-77777,+91-70420-29485,2025-02-13T11:49:00,45,VOICE,BOM-447,19.043997,72.855429,BOM-103,18.963738,72.833871
79995FE6,+91-93400-96904,+91-91761-29154,2025-03-29T13:12:00,1377,VOICE,BOM-901,19.029925,72.854962,BOM-519,19.065949,72.878505
15880C44,+91-63990-85154,+91-70420-71030,2025-01-16T19:16:00,14,SMS,BOM-519,19.066134,72.878424,BOM-519,19.066747,72.878533
6774C49C,+91-88200-72958,+91-89120-38385,2025-03-22T19:19:00,551,VOICE,BOM-901,19.029921,72.855072,BOM-318,19.119243,72.846844
1273E628,+91-89120-82216,+91-63990-70670,2025-04-04T16:10:00,38,VOICE,BOM-702,19.076085,72.877545,BOM-244,19.0994,72.849286
94869377,+91-63990-70777,+91-91761-30219,2025-03-08T20:11:00,130,VOICE,BOM-901,19.029504,72.855257,BOM-901,19.029907,72.855338
F3D7E3FB,+91-93400-69465,+91-63990-11432,2025-02-18T10:37:00,1525,VOICE,BOM-901,19.029695,72.855268,BOM-702,19.075855,72.878095
2A22BECD,+91-80720-71203,+91-88200-13407,2025-03-04T08:44:00,483,VOICE,BOM-519,19.066267,72.878585,BOM-244,19.099134,72.848879
9587F028,+91-89120-82238,+91-77540-56765,2025-03-25T16:39:00,845,VOICE,BOM-702,19.075923,72.878171,BOM-621,19.136091,72.829987
71B20F01,+91-89120-31298,+91-80720-24111,2025-04-07T23:02:00,1375,VOICE,BOM-244,19.098722,72.849361,BOM-447,19.044358,72.855514
EF420A1C,+91-91761-66704,+91-77540-56941,2025-03-08T17:54:00,1700,VOICE,BOM-447,19.044846,72.855988,BOM-103,18.96308,72.834595
077E5C2B,+91-91761-53547,+91-63990-86286,2025-02-28T09:09:00,151,VOICE,BOM-808,19.054792,72.900865,BOM-103,18.963525,72.833729
9F7376D4,+91-77540-40853,+91-89120-90580,2025-02-25T11:20:00,122,VOICE,BOM-447,19.044816,72.856163,BOM-808,19.054193,72.900526
EB40A573,+91-93400-85939,+91-75300-54115,2025-02-27T19:16:00,311,VOICE,BOM-808,19.054001,72.900855,BOM-103,18.962915,72.834574
EE2C01A8,+91-80720-70484,+91-80720-67307,2025-03-03T13:40:00,1237,VOICE,BOM-702,19.075747,72.877395,BOM-621,19.136425,72.829907
8DE2095C,+91-97300-66666,+91-97300-77777,2025-01-17T18:45:00,1405,VOICE,BKC-112,19.0656,72.8669,BOM-901,19.029896,72.855611
15CF660C,+91-63990-39199,+91-75300-91798,2025-02-03T10:40:00,16,SMS,BOM-519,19.066066,72.878858,BOM-212,19.041273,72.863733
C785CCEF,+91-93400-76482,+91-91761-76129,2025-03-03T08:45:00,224,VOICE,BOM-808,19.054142,72.900465,BOM-447,19.044759,72.85593
AC4F1D1A,+91-87890-32300,+91-89120-74541,2025-03-02T09:03:00,1425,VOICE,BOM-621,19.135563,72.829822,BOM-103,18.963527,72.83385
F5A6D4BD,+91-80720-25331,+91-80720-68314,2025-02-28T10:31:00,1381,VOICE,BOM-519,19.066165,72.878096,BOM-318,19.120092,72.847132
242CDB44,+91-91761-64507,+91-89120-96020,2025-01-29T18:24:00,1239,VOICE,BOM-447,19.044335,72.855321,BOM-103,18.963445,72.834197
54D1B26D,+91-88200-40632,+91-93400-99308,2025-02-17T19:24:00,32,SMS,BOM-808,19.054531,72.900616,BOM-447,19.044893,72.85604
4BF80F2B,+91-70420-55782,+91-93400-50518,2025-01-16T18:14:00,1032,VOICE,BOM-621,19.13607,72.829997,BOM-519,19.065842,72.87844
05E5E0FF,+91-70420-56919,+91-70420-13977,2025-01-19T15:42:00,812,VOICE,BOM-702,19.075998,72.877944,BOM-901,19.029437,72.855585
F1ACB925,+91-93400-90322,+91-93400-42213,2025-03-20T13:46:00,1094,VOICE,BOM-901,19.029919,72.855354,BOM-519,19.066352,72.878696
F8143D1F,+91-97300-33333,+91-97300-11111,2025-03-10T17:38:00,44,SMS,BOM-318,19.119763,72.84648,BOM-808,19.054227,72.900716
8A099FB7,+91-77540-22960,+91-91761-69175,2025-03-14T15:39:00,979,VOICE,BOM-808,19.054325,72.900867,BOM-103,18.963692,72.834253
AF1818D7,+91-97300-66666,+91-97300-77777,2025-04-18T20:25:00,1370,VOICE,BKC-112,19.0656,72.8669,BOM-519,19.065827,72.87883
A1A5B92A,+91-93400-61963,+91-87890-50493,2025-01-24T15:34:00,55,SMS,BOM-901,19.02954,72.855434,BOM-702,19.07597,72.877766
8D1A5531,+91-97300-22222,+91-97300-11111,2025-04-11T23:40:00,416,VOICE,BOM-244,19.099174,72.848846,BOM-103,18.96368,72.83457
CBF1399A,+91-80720-81727,+91-70420-53699,2025-02-18T07:01:00,1502,VOICE,BOM-519,19.066318,72.878708,BOM-447,19.044565,72.855905
4971220F,+91-89120-72116,+91-70420-98880,2025-02-07T20:01:00,1315,VOICE,BOM-702,19.075539,72.877623,BOM-212,19.04093,72.864037
50AC6920,+91-80720-91646,+91-70420-63408,2025-01-16T16:21:00,1461,VOICE,BOM-901,19.029649,72.855083,BOM-901,19.030076,72.855142
599750B3,+91-97300-77777,+91-80720-58008,2025-02-18T09:22:00,1199,VOICE,BOM-103,18.96286,72.833703,BOM-318,19.119654,72.846434
972A2214,+91-75300-31024,+91-91761-87366,2025-02-03T15:51:00,809,VOICE,BOM-901,19.029775,72.855322,BOM-244,19.098721,72.849206
6603B33E,+91-80720-73654,+91-77540-33016,2025-01-24T11:30:00,1477,VOICE,BOM-447,19.044304,72.855813,BOM-621,19.13645,72.829494
CA6CB143,+91-91761-61434,+91-77540-72320,2025-02-21T18:07:00,927,VOICE,BOM-808,19.054663,72.900993,BOM-808,19.054115,72.90028
45E02DD1,+91-93400-70319,+91-93400-54251,2025-02-10T15:36:00,13,SMS,BOM-621,19.136486,72.829519,BOM-244,19.099466,72.849339
63BA68DD,+91-80720-62088,+91-89120-76202,2025-02-01T13:46:00,41,SMS,BOM-244,19.099243,72.848744,BOM-621,19.135634,72.829735
BF8C793C,+91-97300-66666,+91-97300-77777,2025-01-27T16:30:00,731,VOICE,BKC-112,19.0656,72.8669,BOM-244,19.09934,72.848928
20C388B0,+91-87890-28943,+91-93400-27180,2025-03-01T18:42:00,1658,VOICE,BOM-519,19.066446,72.878158,BOM-318,19.119886,72.846511
145DC060,+91-87890-36314,+91-89120-61938,2025-04-17T12:06:00,29,SMS,BOM-621,19.135553,72.829705,BOM-519,19.065946,72.878592
150365D7,+91-93400-97295,+91-77540-50372,2025-03-06T08:28:00,1209,VOICE,BOM-212,19.041293,72.86417,BOM-103,18.96365,72.834017
747A7BD5,+91-75300-99940,+91-77540-62271,2025-04-01T11:28:00,344,VOICE,BOM-244,19.09855,72.849144,BOM-519,19.06642,72.87802
0A0B5CFF,+91-63990-49597,+91-80720-12183,2025-01-30T15:40:00,1653,VOICE,BOM-318,19.119392,72.846305,BOM-808,19.054822,72.900784
A984B1A6,+91-89120-28529,+91-91761-12011,2025-02-05T09:14:00,1619,VOICE,BOM-318,19.119226,72.847121,BOM-621,19.136452,72.829972
FF72F09D,+91-75300-49883,+91-75300-69144,2025-02-14T15:42:00,573,VOICE,BOM-212,19.041117,72.864082,BOM-519,19.066236,72.878837
FDEB1DDD,+91-87890-91470,+91-63990-55911,2025-02-15T23:21:00,1182,VOICE,BOM-621,19.135539,72.830036,BOM-103,18.96309,72.834383
F0DB4359,+91-87890-51420,+91-80720-12873,2025-04-18T19:41:00,53,SMS,BOM-808,19.054013,72.900556,BOM-447,19.044479,72.855869
CC29D60A,+91-70420-94406,+91-87890-47661,2025-03-09T17:50:00,33,SMS,BOM-447,19.044012,72.855718,BOM-318,19.119871,72.847145
8106607B,+91-75300-16608,+91-80720-14284,2025-02-10T23:02:00,832,VOICE,BOM-212,19.041591,72.863535,BOM-901,19.029299,72.854925
22E6FF51,+91-70420-30356,+91-89120-79596,2025-04-17T12:09:00,1141,VOICE,BOM-244,19.099392,72.848938,BOM-621,19.135976,72.830091
42F60D78,+91-93400-36962,+91-89120-35172,2025-01-19T08:27:00,1080,VOICE,BOM-318,19.119352,72.846529,BOM-447,19.043906,72.856101
E51A7192,+91-77540-27727,+91-91761-13102,2025-02-07T11:03:00,164,VOICE,BOM-447,19.044318,72.856205,BOM-808,19.054042,72.900162
F2057F6C,+91-70420-67598,+91-70420-74851,2025-02-09T10:32:00,642,VOICE,BOM-621,19.136221,72.829263,BOM-447,19.044059,72.8553
1F8967AE,+91-97300-22222,+91-97300-33333,2025-02-10T08:54:00,413,VOICE,BOM-447,19.044871,72.855789,BOM-447,19.044634,72.855841
38ED2B47,+91-70420-97949,+91-87890-68072,2025-03-07T17:39:00,622,VOICE,BOM-621,19.136395,72.829659,BOM-103,18.963301,72.834584
EB0B3EE7,+91-97300-22222,+91-97300-11111,2025-02-10T19:01:00,1612,VOICE,BOM-808,19.054511,72.900508,BOM-702,19.076382,72.877862
0829EDB7,+91-97300-22222,+91-97300-11111,2025-03-12T09:41:00,238,VOICE,BOM-447,19.044185,72.855536,BOM-901,19.029555,72.855754
26B5537B,+91-80720-41020,+91-63990-15111,2025-02-23T13:28:00,720,VOICE,BOM-702,19.075849,72.877595,BOM-519,19.06637,72.878203
BC148AFF,+91-75300-25338,+91-80720-62491,2025-03-16T13:28:00,1379,VOICE,BOM-244,19.098996,72.849373,BOM-318,19.120049,72.846949
E32A67BC,+91-93400-69498,+91-87890-24001,2025-02-06T20:01:00,345,VOICE,BOM-808,19.054633,72.900733,BOM-621,19.135843,72.829852
D39FA12F,+91-63990-20305,+91-77540-45480,2025-04-23T17:25:00,14,SMS,BOM-901,19.029611,72.85528,BOM-447,19.044034,72.856237
B9236BBC,+91-75300-96754,+91-88200-54397,2025-01-24T21:17:00,1591,VOICE,BOM-212,19.041506,72.863385,BOM-808,19.054129,72.900904
9C8A79A5,+91-88200-41708,+91-87890-70855,2025-03-21T16:15:00,887,VOICE,BOM-901,19.030055,72.855681,BOM-621,19.135922,72.830097
392D3F3D,+91-63990-85974,+91-70420-43457,2025-04-08T22:41:00,625,VOICE,BOM-901,19.03,72.855669,BOM-447,19.044505,72.856021
53AFC008,+91-89120-90158,+91-87890-24009,2025-04-02T21:12:00,928,VOICE,BOM-212,19.041437,72.864045,BOM-318,19.12011,72.846671
82686976,+91-89120-82851,+91-93400-33297,2025-01-23T15:44:00,763,VOICE,BOM-808,19.054853,72.900963,BOM-103,18.963441,72.834122
F35A8A90,+91-91761-32630,+91-75300-44670,2025-03-29T16:23:00,6,SMS,BOM-519,19.06588,72.878302,BOM-212,19.040956,72.864033
FD3B2078,+91-70420-84221,+91-63990-51850,2025-02-23T18:45:00,1319,VOICE,BOM-702,19.075667,72.877776,BOM-212,19.041353,72.863631
4BEBC6E7,+91-93400-57673,+91-77540-39892,2025-02-27T10:00:00,868,VOICE,BOM-901,19.029133,72.855724,BOM-901,19.029727,72.854824
275EFAD6,+91-91761-24476,+91-70420-32674,2025-02-14T21:52:00,1764,VOICE,BOM-103,18.963754,72.834247,BOM-901,19.029349,72.855776
9CF9BA65,+91-97300-22222,+91-97300-33333,2025-04-21T23:39:00,1459,VOICE,BOM-103,18.963698,72.833815,BOM-621,19.13618,72.829927
26E75DF0,+91-80720-70033,+91-77540-12910,2025-03-08T18:20:00,367,VOICE,BOM-808,19.054303,72.900134,BOM-519,19.065877,72.878786
F36BEFA5,+91-97300-11111,+91-97300-33333,2025-02-14T14:36:00,470,VOICE,BOM-808,19.054225,72.90098,BOM-702,19.075881,72.877401
216DCCA4,+91-63990-78229,+91-63990-88825,2025-04-18T15:51:00,9,SMS,BOM-103,18.963733,72.834546,BOM-808,19.054322,72.900498
7770DED6,+91-93400-79487,+91-87890-49915,2025-02-23T19:04:00,958,VOICE,BOM-244,19.09923,72.849458,BOM-621,19.136094,72.829468
942D718F,+91-75300-97428,+91-93400-94501,2025-03-02T11:16:00,53,SMS,BOM-244,19.09869,72.849187,BOM-447,19.04416,72.856016
F508EA7E,+91-75300-76176,+91-80720-57110,2025-03-26T10:33:00,13,SMS,BOM-519,19.066402,72.878366,BOM-621,19.135557,72.829748
8804AFAB,+91-77540-98236,+91-89120-97985,2025-02-26T20:12:00,891,VOICE,BOM-901,19.029508,72.855147,BOM-901,19.029158,72.85488
9B9B2D75,+91-75300-97224,+91-70420-80218,2025-03-02T09:05:00,642,VOICE,BOM-244,19.099418,72.84895,BOM-702,19.076261,72.878096
CDF62B2F,+91-75300-24664,+91-70420-64871,2025-03-14T16:55:00,548,VOICE,BOM-244,19.09929,72.84929,BOM-244,19.099488,72.849285
FB44FEF3,+91-75300-31731,+91-75300-33790,2025-04-13T23:19:00,1481,VOICE,BOM-103,18.963227,72.834545,BOM-318,19.120059,72.846443
58F4E000,+91-93400-92149,+91-88200-23700,2025-02-10T10:05:00,1324,VOICE,BOM-318,19.120109,72.847244,BOM-901,19.029177,72.854861
2FA56E2B,+91-80720-47955,+91-80720-85917,2025-04-15T10:48:00,1450,VOICE,BOM-901,19.029691,72.855049,BOM-519,19.065821,72.878238
F1BF10E1,+91-89120-58356,+91-75300-39677,2025-03-04T14:05:00,1497,VOICE,BOM-901,19.029742,72.855036,BOM-447,19.044849,72.855856
B0EDD272,+91-87890-44353,+91-88200-12144,2025-03-17T15:38:00,369,VOICE,BOM-318,19.119497,72.847233,BOM-621,19.136161,72.829747
49D6B0C4,+91-70420-56094,+91-93400-15993,2025-02-17T15:50:00,1591,VOICE,BOM-212,19.041543,72.86381,BOM-621,19.136345,72.829493
E17671BF,+91-97300-33333,+91-97300-11111,2025-04-03T22:44:00,1598,VOICE,BOM-808,19.054814,72.900092,BOM-901,19.029878,72.854867
AB392EF6,+91-89120-49838,+91-87890-19841,2025-04-21T16:31:00,441,VOICE,BOM-901,19.029528,72.854996,BOM-901,19.029861,72.855707
14A17385,+91-97300-11111,+91-97300-22222,2025-01-16T11:55:00,19,SMS,BOM-519,19.066062,72.878523,BOM-318,19.120183,72.846743
D59E1058,+91-77540-91522,+91-87890-63686,2025-01-27T16:51:00,664,VOICE,BOM-621,19.135871,72.829174,BOM-212,19.041708,72.863687
D9B8FF42,+91-93400-40222,+91-70420-45681,2025-01-17T13:57:00,1379,VOICE,BOM-702,19.075948,72.877281,BOM-212,19.04126,72.863714
2721DEC6,+91-89120-85592,+91-89120-42880,2025-04-12T19:47:00,1706,VOICE,BOM-447,19.043988,72.855493,BOM-702,19.075883,72.877346
B727020F,+91-89120-57719,+91-63990-84973,2025-01-26T09:02:00,42,VOICE,BOM-103,18.963631,72.834288,BOM-702,19.075928,72.877413
FE56B77B,+91-88200-86185,+91-88200-43325,2025-01-22T22:50:00,38,SMS,BOM-702,19.076158,72.87747,BOM-244,19.099191,72.848813
AECA8DFF,+91-80720-46049,+91-89120-72733,2025-03-06T16:09:00,825,VOICE,BOM-244,19.098607,72.849384,BOM-447,19.044135,72.856171
46D30EB6,+91-89120-30285,+91-70420-18903,2025-02-13T13:28:00,1539,VOICE,BOM-621,19.135821,72.829574,BOM-621,19.136213,72.829762
509D39A9,+91-91761-83281,+91-91761-24726,2025-04-23T07:12:00,37,SMS,BOM-212,19.041234,72.864091,BOM-212,19.041365,72.863781
A9ADB468,+91-75300-90071,+91-87890-82076,2025-03-27T21:21:00,1452,VOICE,BOM-621,19.135536,72.829745,BOM-519,19.06598,72.878536
049C6E73,+91-77540-58456,+91-77540-42818,2025-01-19T21:15:00,483,VOICE,BOM-212,19.041472,72.864111,BOM-103,18.963155,72.834148
56682A28,+91-80720-49438,+91-93400-12740,2025-02-19T16:19:00,41,SMS,BOM-901,19.029633,72.855389,BOM-318,19.119996,72.846863
38715C17,+91-88200-62534,+91-89120-61167,2025-03-06T20:40:00,50,SMS,BOM-212,19.041221,72.863872,BOM-519,19.06669,72.878534
6279D8D5,+91-88200-81961,+91-88200-18092,2025-03-11T21:41:00,23,SMS,BOM-621,19.135663,72.829514,BOM-519,19.065837,72.878883
0D4C9222,+91-75300-57845,+91-70420-55935,2025-03-02T11:17:00,218,VOICE,BOM-447,19.04442,72.855943,BOM-212,19.041224,72.86321
94AA9E36,+91-77540-42395,+91-75300-30870,2025-04-18T23:04:00,1008,VOICE,BOM-318,19.119875,72.846473,BOM-447,19.044849,72.85572
4E45C5C2,+91-80720-24735,+91-77540-75565,2025-04-04T17:39:00,1238,VOICE,BOM-212,19.041524,72.863925,BOM-808,19.054325,72.900581
145E1A74,+91-87890-86909,+91-77540-27315,2025-02-27T08:16:00,10,SMS,BOM-808,19.054106,72.900077,BOM-318,19.119692,72.846413
D0D9202E,+91-70420-20778,+91-77540-26778,2025-02-11T13:41:00,1333,VOICE,BOM-447,19.043952,72.855624,BOM-519,19.065843,72.87873
74CD0B56,+91-87890-60435,+91-80720-93098,2025-01-26T22:15:00,199,VOICE,BOM-901,19.029999,72.855057,BOM-212,19.041179,72.864035
D5A35662,+91-63990-95365,+91-63990-90390,2025-03-10T22:31:00,1698,VOICE,BOM-519,19.066065,72.878209,BOM-702,19.07555,72.878148
B294B74B,+91-88200-42266,+91-80720-49130,2025-03-02T21:11:00,46,SMS,BOM-702,19.075702,72.877524,BOM-103,18.963458,72.834437
F228005A,+91-70420-16813,+91-89120-58638,2025-02-11T19:22:00,35,SMS,BOM-519,19.066298,72.878504,BOM-318,19.119613,72.847072
2D931D62,+91-91761-11013,+91-77540-73998,2025-01-28T19:40:00,1102,VOICE,BOM-103,18.962922,72.833916,BOM-244,19.099131,72.848645
4A851EA3,+91-70420-36823,+91-87890-29595,2025-02-05T17:44:00,1148,VOICE,BOM-318,19.120024,72.846525,BOM-702,19.076327,72.878164
1DB8338B,+91-87890-16580,+91-89120-89875,2025-02-11T22:22:00,451,VOICE,BOM-901,19.029516,72.855691,BOM-103,18.963746,72.833958
67D45492,+91-89120-69352,+91-91761-76993,2025-01-18T11:31:00,52,SMS,BOM-212,19.041197,72.864191,BOM-621,19.136294,72.830023
3BD27412,+91-89120-32217,+91-77540-75378,2025-01-27T07:01:00,445,VOICE,BOM-244,19.099282,72.849356,BOM-447,19.044169,72.855367
4AEB8D4D,+91-97300-22222,+91-97300-11111,2025-03-12T20:13:00,1221,VOICE,BOM-621,19.135503,72.829934,BOM-103,18.963793,72.834426
A424A4BC,+91-87890-11479,+91-87890-74787,2025-03-09T08:32:00,1675,VOICE,BOM-447,19.044338,72.85563,BOM-621,19.13592,72.829115
33F4EA8E,+91-91761-29114,+91-91761-89551,2025-02-02T18:15:00,159,VOICE,BOM-103,18.963243,72.834491,BOM-901,19.030067,72.85519
97A97B47,+91-77540-64343,+91-77540-94611,2025-04-18T16:38:00,49,SMS,BOM-621,19.136102,72.829293,BOM-318,19.119208,72.847022
6F0265E6,+91-88200-50313,+91-91761-55882,2025-01-18T21:51:00,470,VOICE,BOM-103,18.963644,72.833746,BOM-519,19.066395,72.878726
1891FF5C,+91-80720-65093,+91-89120-59194,2025-02-01T07:56:00,1373,VOICE,BOM-519,19.065993,72.878026,BOM-447,19.0443,72.856068
E2A9FA35,+91-87890-26377,+91-91761-60951,2025-03-09T14:01:00,1223,VOICE,BOM-808,19.054506,72.90022,BOM-318,19.119724,72.846534
DB83DC2B,+91-97300-11111,+91-97300-44444,2025-03-01T20:54:00,174,VOICE,BOM-901,19.02928,72.855669,BOM-103,18.963042,72.834146
0041765D,+91-93400-84604,+91-63990-53686,2025-02-17T18:10:00,1437,VOICE,BOM-702,19.075498,72.877976,BOM-702,19.075816,72.877813
27AFE672,+91-91761-55352,+91-88200-58580,2025-01-17T15:04:00,350,VOICE,BOM-808,19.054393,72.900752,BOM-702,19.076131,72.877203
442AA68C,+91-93400-75680,+91-80720-42790,2025-01-17T15:39:00,1236,VOICE,BOM-103,18.963265,72.833786,BOM-519,19.065908,72.878682
F1A1ACC5,+91-93400-65288,+91-87890-88901,2025-02-25T07:53:00,849,VOICE,BOM-318,19.119711,72.846916,BOM-901,19.029471,72.855773
5862915E,+91-80720-76459,+91-75300-85567,2025-02-07T14:03:00,619,VOICE,BOM-621,19.136106,72.829257,BOM-244,19.098767,72.849297
524F1899,+91-89120-45825,+91-91761-81934,2025-01-24T10:22:00,51,SMS,BOM-808,19.054338,72.900577,BOM-212,19.041276,72.864098
F0E544FA,+91-80720-14918,+91-75300-19184,2025-04-23T12:36:00,1446,VOICE,BOM-901,19.029248,72.855071,BOM-447,19.044636,72.855793
E9D70FAC,+91-93400-34555,+91-70420-49816,2025-01-22T19:53:00,1601,VOICE,BOM-318,19.12004,72.846494,BOM-318,19.119843,72.847281
F426EF7E,+91-89120-72471,+91-91761-55378,2025-01-28T07:34:00,32,SMS,BOM-621,19.135586,72.82927,BOM-103,18.963123,72.834069
AC132AF5,+91-97300-22222,+91-97300-11111,2025-01-26T17:08:00,44,VOICE,BOM-621,19.136392,72.829223,BOM-702,19.076037,72.877527
A76A6ED5,+91-70420-12095,+91-80720-82935,2025-02-18T15:22:00,23,SMS,BOM-103,18.963493,72.833924,BOM-808,19.054438,72.900424
01702503,+91-77540-34061,+91-93400-46042,2025-02-01T12:03:00,38,SMS,BOM-103,18.963223,72.833825,BOM-318,19.119449,72.846626
21F07783,+91-97300-22222,+91-97300-33333,2025-04-24T14:04:00,1328,VOICE,BOM-621,19.136317,72.829429,BOM-808,19.05488,72.900616
A189DE2F,+91-91761-15793,+91-87890-34558,2025-02-23T17:46:00,45,SMS,BOM-244,19.098968,72.848948,BOM-212,19.041698,72.864102
77132992,+91-91761-85225,+91-77540-66491,2025-02-25T13:27:00,54,SMS,BOM-212,19.041199,72.863217,BOM-212,19.041453,72.863761
233B0B1E,+91-75300-22905,+91-89120-47086,2025-01-17T22:10:00,589,VOICE,BOM-808,19.054103,72.900726,BOM-621,19.135618,72.82984
F4AD85A6,+91-87890-20923,+91-87890-14421,2025-03-16T21:07:00,1768,VOICE,BOM-318,19.119281,72.847291,BOM-702,19.075707,72.877531
79A60450,+91-97300-33333,+91-97300-11111,2025-04-11T08:35:00,22,SMS,BOM-244,19.09892,72.848569,BOM-318,19.11935,72.847163
3DCF0449,+91-75300-20882,+91-75300-17974,2025-02-02T10:32:00,21,SMS,BOM-702,19.076008,72.877339,BOM-244,19.098803,72.848865
31F6AD80,+91-93400-16665,+91-70420-16483,2025-02-07T11:31:00,42,VOICE,BOM-244,19.098702,72.848909,BOM-447,19.044181,72.856174
6FBE7121,+91-80720-36118,+91-70420-67699,2025-04-19T14:51:00,10,SMS,BOM-621,19.136011,72.829782,BOM-621,19.135808,72.82997
AC7EC7E8,+91-93400-20321,+91-91761-37376,2025-03-03T16:32:00,905,VOICE,BOM-808,19.054157,72.900227,BOM-808,19.05449,72.90055
49419DCE,+91-88200-51260,+91-89120-11462,2025-03-20T23:40:00,49,SMS,BOM-447,19.04396,72.855456,BOM-212,19.041826,72.863756
15D88837,+91-88200-59332,+91-77540-15766,2025-03-15T09:02:00,264,VOICE,BOM-519,19.065909,72.878337,BOM-318,19.119781,72.846925
4985AD88,+91-97300-77777,+91-77540-54315,2025-02-08T07:53:00,1409,VOICE,BOM-901,19.029382,72.855287,BOM-621,19.135514,72.829626
8DFC4BC1,+91-93400-16955,+91-77540-28071,2025-02-21T09:13:00,255,VOICE,BOM-808,19.054795,72.900406,BOM-621,19.136161,72.829839
388C4983,+91-80720-55477,+91-87890-71297,2025-01-29T12:04:00,13,SMS,BOM-901,19.029474,72.855431,BOM-519,19.066702,72.878084
473627D0,+91-77540-50982,+91-63990-14362,2025-03-04T22:07:00,1105,VOICE,BOM-244,19.099223,72.848567,BOM-519,19.065984,72.878601
518F1051,+91-75300-74470,+91-63990-43908,2025-02-23T19:40:00,1787,VOICE,BOM-244,19.098683,72.848804,BOM-212,19.04147,72.863511
29469EE9,+91-93400-77496,+91-80720-34404,2025-02-08T17:53:00,1336,VOICE,BOM-519,19.06677,72.878553,BOM-808,19.054047,72.900393
587A6140,+91-75300-75613,+91-77540-21961,2025-04-11T12:07:00,781,VOICE,BOM-702,19.076396,72.877464,BOM-244,19.099119,72.849361
72D396C7,+91-91761-31525,+91-88200-54136,2025-01-27T18:35:00,1508,VOICE,BOM-702,19.07555,72.878058,BOM-447,19.044159,72.855976
28C89AB9,+91-70420-67901,+91-63990-82822,2025-02-04T20:14:00,23,SMS,BOM-447,19.044282,72.856141,BOM-702,19.07597,72.87745
BBDA19BD,+91-87890-39997,+91-75300-97892,2025-04-14T10:31:00,1256,VOICE,BOM-519,19.06588,72.87806,BOM-212,19.04178,72.863233
D43002E5,+91-77540-77080,+91-91761-27082,2025-02-02T22:08:00,1064,VOICE,BOM-702,19.075993,72.877424,BOM-212,19.041395,72.864078
261CE598,+91-87890-84615,+91-88200-17613,2025-02-27T16:16:00,1403,VOICE,BOM-244,19.099068,72.84876,BOM-318,19.119971,72.84637
C6114AC5,+91-93400-25222,+91-77540-94928,2025-03-12T07:32:00,49,SMS,BOM-519,19.066008,72.878874,BOM-621,19.13585,72.829682
3F3272CC,+91-91761-83000,+91-63990-86377,2025-02-26T11:37:00,1526,VOICE,BOM-103,18.96296,72.834674,BOM-808,19.054154,72.900382
1D9924D8,+91-89120-22831,+91-77540-94871,2025-03-26T10:10:00,643,VOICE,BOM-808,19.05439,72.900936,BOM-318,19.119979,72.846837
33AB2D0F,+91-93400-63217,+91-63990-66068,2025-01-21T16:19:00,55,SMS,BOM-901,19.029217,72.855339,BOM-212,19.041307,72.863726
0877EF74,+91-63990-55333,+91-80720-51106,2025-04-08T10:13:00,1581,VOICE,BOM-318,19.119365,72.846454,BOM-519,19.066179,72.878239
9B91E5B7,+91-93400-70926,+91-75300-94260,2025-04-11T15:36:00,579,VOICE,BOM-244,19.099132,72.849204,BOM-212,19.04161,72.863313
FDD6AAB0,+91-88200-34985,+91-75300-42312,2025-02-14T20:16:00,568,VOICE,BOM-621,19.13559,72.829581,BOM-702,19.07588,72.878032
75B11EB2,+91-88200-16285,+91-63990-43019,2025-04-02T10:19:00,681,VOICE,BOM-519,19.066799,72.878392,BOM-702,19.076243,72.87722
63AF392C,+91-75300-85573,+91-93400-42356,2025-02-16T23:24:00,646,VOICE,BOM-808,19.054547,72.900005,BOM-318,19.120151,72.846965
8F238997,+91-70420-37195,+91-88200-80749,2025-01-26T07:07:00,525,VOICE,BOM-318,19.120002,72.846306,BOM-318,19.120047,72.846557
037CE6EA,+91-80720-77269,+91-63990-71647,2025-01-22T20:32:00,1772,VOICE,BOM-901,19.02924,72.854827,BOM-212,19.041672,72.863455
0ACF2C2D,+91-93400-44699,+91-88200-89511,2025-02-03T10:49:00,467,VOICE,BOM-318,19.119947,72.846979,BOM-212,19.041381,72.864188
A6C0649F,+91-87890-39335,+91-80720-15211,2025-01-23T20:41:00,1250,VOICE,BOM-901,19.029827,72.855537,BOM-901,19.029749,72.855054
8E900CD2,+91-63990-22655,+91-91761-94603,2025-03-31T12:24:00,1415,VOICE,BOM-519,19.066564,72.878287,BOM-103,18.963569,72.834066
08B038D4,+91-97300-33333,+91-97300-11111,2025-04-20T10:54:00,29,SMS,BOM-702,19.07603,72.877342,BOM-447,19.044702,72.856086
8CC402E6,+91-97300-66666,+91-97300-11111,2025-03-20T15:30:00,1502,VOICE,BKC-112,19.0656,72.8669,BOM-212,19.041555,72.863656
6A8E436A,+91-87890-65054,+91-77540-12221,2025-01-25T13:07:00,447,VOICE,BOM-519,19.066216,72.878816,BOM-901,19.029362,72.854986
2DA9D375,+91-75300-34601,+91-87890-96896,2025-04-06T07:07:00,1713,VOICE,BOM-901,19.029749,72.855369,BOM-447,19.044047,72.855943
53E36A94,+91-75300-38455,+91-63990-40317,2025-02-16T21:50:00,1425,VOICE,BOM-808,19.054495,72.900041,BOM-901,19.029752,72.855603
F676FC43,+91-75300-64545,+91-91761-41136,2025-02-14T13:34:00,240,VOICE,BOM-808,19.054499,72.900581,BOM-447,19.044135,72.855441
E078830F,+91-88200-62212,+91-89120-38572,2025-01-22T23:33:00,1035,VOICE,BOM-447,19.044339,72.856032,BOM-212,19.041733,72.863872
8FDF377C,+91-91761-93468,+91-87890-25033,2025-03-26T10:06:00,8,SMS,BOM-901,19.029497,72.85554,BOM-447,19.044484,72.856116
1EE6938E,+91-77540-66772,+91-89120-13036,2025-04-16T23:31:00,25,SMS,BOM-901,19.029632,72.855288,BOM-702,19.075994,72.87747
87F8BBE7,+91-91761-78087,+91-88200-18228,2025-03-01T23:14:00,1349,VOICE,BOM-621,19.135725,72.829231,BOM-244,19.09912,72.849162
DF02685C,+91-87890-98414,+91-70420-22307,2025-03-18T13:41:00,952,VOICE,BOM-702,19.075986,72.877291,BOM-318,19.119727,72.846721
1E866ECA,+91-63990-57704,+91-63990-61548,2025-04-21T17:57:00,30,SMS,BOM-621,19.135514,72.829313,BOM-808,19.054358,72.900509
6ECF9275,+91-97300-22222,+91-97300-33333,2025-02-03T12:50:00,46,SMS,BOM-103,18.962896,72.834126,BOM-702,19.07565,72.877517
9870812C,+91-91761-50601,+91-93400-76243,2025-01-30T16:17:00,853,VOICE,BOM-702,19.075483,72.878046,BOM-621,19.136093,72.829552
D03C63D5,+91-75300-31438,+91-63990-21146,2025-03-18T11:33:00,1017,VOICE,BOM-447,19.044028,72.855677,BOM-212,19.041029,72.863764
07DB02D3,+91-75300-16786,+91-93400-72052,2025-01-27T17:47:00,36,VOICE,BOM-901,19.029357,72.855315,BOM-103,18.962949,72.834238
036EFF6E,+91-75300-43091,+91-80720-34750,2025-03-29T07:57:00,45,SMS,BOM-621,19.136372,72.829348,BOM-244,19.098985,72.848632
B486E6DE,+91-89120-82039,+91-75300-70912,2025-04-04T10:42:00,15,SMS,BOM-212,19.041166,72.8636,BOM-103,18.962965,72.833935
086AA208,+91-63990-43606,+91-87890-45924,2025-03-31T09:07:00,182,VOICE,BOM-447,19.044006,72.855563,BOM-318,19.11964,72.847272
DBD2AD4D,+91-89120-93312,+91-89120-53916,2025-04-10T23:56:00,60,SMS,BOM-621,19.135655,72.83005,BOM-244,19.099326,72.84891
62239ACA,+91-88200-72597,+91-88200-60125,2025-02-26T15:00:00,474,VOICE,BOM-621,19.136439,72.829571,BOM-212,19.041183,72.863314
55F6396F,+91-80720-79452,+91-70420-81682,2025-04-16T17:56:00,620,VOICE,BOM-621,19.136022,72.829336,BOM-103,18.963284,72.834213
50D9C48B,+91-89120-72721,+91-70420-49192,2025-04-03T11:11:00,44,VOICE,BOM-702,19.075813,72.877856,BOM-212,19.041497,72.863835
B3A32ED5,+91-88200-55324,+91-93400-91245,2025-04-05T21:40:00,1368,VOICE,BOM-447,19.04399,72.856189,BOM-103,18.962948,72.834597
9536CA63,+91-63990-20298,+91-80720-55500,2025-04-23T18:23:00,103,VOICE,BOM-901,19.030031,72.855607,BOM-103,18.962923,72.834221
FB1FEC5A,+91-63990-39224,+91-89120-12251,2025-03-13T15:08:00,32,SMS,BOM-519,19.066011,72.878827,BOM-244,19.098584,72.848648
6C2978E8,+91-63990-18082,+91-89120-44596,2025-02-18T19:39:00,39,SMS,BOM-244,19.09887,72.848848,BOM-447,19.044155,72.856153
260C6783,+91-89120-82302,+91-80720-81818,2025-02-18T15:00:00,1128,VOICE,BOM-808,19.054353,72.900308,BOM-212,19.041522,72.863387
7E6C09C1,+91-87890-14094,+91-63990-83926,2025-02-27T13:56:00,1470,VOICE,BOM-212,19.041398,72.863665,BOM-212,19.041454,72.863328
329A7153,+91-97300-11111,+91-97300-22222,2025-03-21T21:48:00,1074,VOICE,BOM-103,18.962836,72.833808,BOM-447,19.044093,72.856281
53E1772C,+91-97300-33333,+91-97300-11111,2025-01-22T17:43:00,1124,VOICE,BOM-318,19.11955,72.846946,BOM-212,19.04169,72.864138
9BC621AC,+91-88200-28406,+91-89120-65860,2025-03-13T11:54:00,573,VOICE,BOM-212,19.041455,72.86337,BOM-519,19.065865,72.878656
62A37B81,+91-80720-89036,+91-93400-29192,2025-03-02T11:45:00,57,SMS,BOM-901,19.029412,72.855079,BOM-318,19.119963,72.846473
16FB4483,+91-70420-16532,+91-93400-27030,2025-03-03T23:41:00,29,SMS,BOM-519,19.066284,72.878077,BOM-808,19.054769,72.900719
96E65BB9,+91-89120-23596,+91-63990-48114,2025-03-04T09:55:00,656,VOICE,BOM-103,18.963494,72.833912,BOM-447,19.044419,72.855719
4B65E5B5,+91-70420-74250,+91-87890-79919,2025-03-05T13:21:00,1183,VOICE,BOM-901,19.029819,72.855556,BOM-901,19.029699,72.85579
F344101F,+91-88200-41118,+91-80720-54966,2025-03-03T12:20:00,203,VOICE,BOM-901,19.02993,72.855792,BOM-318,19.119289,72.846451
C5CB4D79,+91-89120-40993,+91-80720-86535,2025-03-30T15:36:00,575,VOICE,BOM-621,19.136113,72.829708,BOM-808,19.054085,72.900618
6596DBED,+91-97300-11111,+91-97300-22222,2025-03-27T10:35:00,149,VOICE,BOM-103,18.963648,72.834173,BOM-901,19.029266,72.854891
7D1A5EFA,+91-93400-57947,+91-87890-90224,2025-02-07T17:35:00,35,SMS,BOM-621,19.13582,72.829893,BOM-621,19.135812,72.829324
E9AD9E9D,+91-88200-91379,+91-91761-60657,2025-04-14T09:05:00,46,SMS,BOM-212,19.041311,72.863867,BOM-808,19.054382,72.90067
DDD7F382,+91-80720-20765,+91-75300-96721,2025-02-11T20:01:00,23,SMS,BOM-519,19.066408,72.878264,BOM-519,19.066455,72.878795
FB5CC196,+91-88200-26118,+91-91761-18629,2025-03-29T13:54:00,1023,VOICE,BOM-808,19.054721,72.900478,BOM-901,19.029737,72.854801
AFECDB74,+91-97300-66666,+91-97300-77777,2025-03-29T18:05:00,45,SMS,BKC-112,19.0656,72.8669,BOM-808,19.054034,72.900725
B2F25DED,+91-93400-92638,+91-70420-69491,2025-01-29T11:53:00,1296,VOICE,BOM-103,18.96296,72.834501,BOM-447,19.044785,72.855965
9B5E8CDC,+91-63990-72287,+91-88200-25296,2025-04-07T08:11:00,400,VOICE,BOM-808,19.05456,72.900552,BOM-901,19.02963,72.855582
A8F91439,+91-93400-25350,+91-70420-27107,2025-02-22T12:24:00,664,VOICE,BOM-244,19.099225,72.848929,BOM-519,19.066372,72.87818
3BC296ED,+91-70420-38977,+91-89120-81719,2025-01-15T10:12:00,1672,VOICE,BOM-901,19.029739,72.854873,BOM-244,19.098578,72.848865
1492EC60,+91-77540-28547,+91-87890-53420,2025-04-12T10:38:00,39,SMS,BOM-212,19.041624,72.863413,BOM-212,19.041688,72.863349
E6963F6E,+91-63990-32626,+91-70420-10020,2025-01-15T23:34:00,46,SMS,BOM-808,19.054298,72.900787,BOM-621,19.13574,72.829997
486E39A5,+91-70420-77413,+91-89120-73982,2025-02-17T18:47:00,357,VOICE,BOM-447,19.0444,72.856276,BOM-621,19.136479,72.829914
5B01C1B3,+91-75300-19430,+91-77540-38630,2025-01-24T14:09:00,1731,VOICE,BOM-103,18.96291,72.834077,BOM-901,19.029908,72.855102
CBCE7689,+91-87890-38364,+91-75300-50188,2025-03-03T19:51:00,1623,VOICE,BOM-808,19.054875,72.900616,BOM-103,18.963486,72.834683
2B659BBF,+91-80720-82950,+91-89120-25280,2025-01-19T07:19:00,537,VOICE,BOM-808,19.054037,72.900758,BOM-318,19.119742,72.846659
9D24150D,+91-87890-54064,+91-63990-34371,2025-04-06T10:09:00,361,VOICE,BOM-702,19.075658,72.878013,BOM-447,19.044477,72.855406
D9FED079,+91-75300-63802,+91-91761-95635,2025-02-22T09:09:00,47,SMS,BOM-808,19.054446,72.900896,BOM-103,18.962826,72.834347
8284DAC1,+91-89120-92612,+91-63990-50154,2025-02-27T08:25:00,58,SMS,BOM-808,19.05408,72.900307,BOM-808,19.054765,72.90011
5CAA3CE5,+91-97300-22222,+91-97300-11111,2025-04-09T10:23:00,45,SMS,BOM-519,19.066269,72.878439,BOM-519,19.065918,72.878554
C9E8C97B,+91-89120-69656,+91-93400-70301,2025-04-06T15:01:00,47,SMS,BOM-447,19.044163,72.855415,BOM-447,19.044073,72.855568
79F95B1B,+91-89120-72988,+91-75300-31778,2025-03-02T15:31:00,917,VOICE,BOM-103,18.963341,72.834064,BOM-244,19.0993,72.84879
D8337FB9,+91-91761-76086,+91-80720-58577,2025-02-27T09:20:00,16,SMS,BOM-621,19.136114,72.829334,BOM-901,19.02924,72.855401
6FCC4FC2,+91-70420-69437,+91-91761-35337,2025-04-19T10:37:00,1115,VOICE,BOM-621,19.136473,72.82943,BOM-702,19.07626,72.877975
13312370,+91-87890-55749,+91-89120-87693,2025-03-28T11:31:00,1591,VOICE,BOM-808,19.054665,72.900736,BOM-318,19.119868,72.846709
683C83BD,+91-91761-78683,+91-63990-21307,2025-04-01T23:08:00,14,SMS,BOM-808,19.054782,72.90083,BOM-808,19.054339,72.900434
2863F8FE,+91-87890-42046,+91-91761-77418,2025-02-19T18:53:00,281,VOICE,BOM-244,19.099165,72.849064,BOM-103,18.963258,72.834222
F9517434,+91-93400-16750,+91-77540-90233,2025-04-01T12:43:00,839,VOICE,BOM-519,19.066693,72.87798,BOM-212,19.041192,72.863222
CAF8903F,+91-75300-64614,+91-75300-91909,2025-04-22T19:00:00,125,VOICE,BOM-318,19.119755,72.846765,BOM-621,19.13596,72.830014
D718E631,+91-93400-72226,+91-70420-67992,2025-03-22T22:01:00,1785,VOICE,BOM-519,19.066621,72.878666,BOM-212,19.04118,72.863312
AAACB7BE,+91-80720-24065,+91-63990-81158,2025-04-20T19:25:00,344,VOICE,BOM-103,18.963409,72.83464,BOM-318,19.119725,72.847152
CA5FF75B,+91-77540-48998,+91-93400-52539,2025-04-18T22:50:00,39,VOICE,BOM-244,19.099021,72.84891,BOM-901,19.029246,72.855681
174BC316,+91-80720-49724,+91-80720-88048,2025-04-19T19:31:00,1154,VOICE,BOM-621,19.136313,72.829168,BOM-318,19.119203,72.847022
276F4D2B,+91-75300-73246,+91-91761-84317,2025-01-20T13:16:00,1352,VOICE,BOM-519,19.066346,72.878712,BOM-212,19.041364,72.864175
A835D40D,+91-89120-77728,+91-80720-75210,2025-04-04T10:50:00,1755,VOICE,BOM-702,19.076007,72.877711,BOM-318,19.120008,72.847262
589AE109,+91-77540-47800,+91-70420-30502,2025-03-12T08:41:00,417,VOICE,BOM-212,19.041251,72.863317,BOM-244,19.099315,72.849118
7C9F7F83,+91-70420-38231,+91-75300-62948,2025-04-18T12:20:00,49,SMS,BOM-808,19.054133,72.900057,BOM-244,19.098534,72.849027
176C81BC,+91-97300-77777,+91-63990-20681,2025-03-06T09:44:00,56,SMS,BOM-901,19.029483,72.855768,BOM-702,19.075924,72.877256
DFA8261E,+91-80720-12837,+91-93400-62948,2025-03-16T15:52:00,87,VOICE,BOM-244,19.098684,72.84923,BOM-621,19.135647,72.829124
2C8746A1,+91-77540-60679,+91-80720-82317,2025-02-08T12:22:00,1425,VOICE,BOM-244,19.098619,72.848719,BOM-212,19.041695,72.863908
1F47D2D0,+91-63990-79999,+91-80720-10462,2025-03-19T10:15:00,36,SMS,BOM-244,19.099346,72.84899,BOM-447,19.04484,72.855934
B71CD22D,+91-70420-25020,+91-88200-95619,2025-02-18T23:55:00,350,VOICE,BOM-702,19.075561,72.878058,BOM-901,19.029219,72.855018
417CE369,+91-77540-17741,+91-77540-70295,2025-03-03T19:40:00,535,VOICE,BOM-621,19.136117,72.829819,BOM-447,19.044407,72.855648
26357BE8,+91-93400-17725,+91-80720-67544,2025-04-02T23:40:00,1692,VOICE,BOM-212,19.041649,72.863815,BOM-244,19.098678,72.849054
0A319664,+91-70420-83756,+91-93400-59318,2025-01-24T14:43:00,148,VOICE,BOM-621,19.135812,72.829507,BOM-212,19.041522,72.863682
E5C00E73,+91-77540-85027,+91-93400-89305,2025-03-13T18:39:00,689,VOICE,BOM-519,19.066199,72.878198,BOM-318,19.119381,72.846349
50CD70E8,+91-70420-90341,+91-87890-77456,2025-03-15T09:33:00,1234,VOICE,BOM-244,19.098581,72.848967,BOM-447,19.044799,72.855797
33B05D2C,+91-80720-59891,+91-89120-51479,2025-02-21T07:08:00,207,VOICE,BOM-519,19.066561,72.878187,BOM-318,19.119886,72.84686
CBC1648D,+91-97300-77777,+91-63990-95311,2025-03-13T11:19:00,1614,VOICE,BOM-808,19.054051,72.900939,BOM-901,19.029789,72.855698
4FB63B67,+91-75300-54017,+91-91761-85712,2025-03-10T15:33:00,1221,VOICE,BOM-103,18.963305,72.834388,BOM-808,19.05499,72.900875
66E8FE11,+91-88200-37983,+91-63990-11594,2025-01-16T10:19:00,397,VOICE,BOM-519,19.065977,72.878031,BOM-244,19.098609,72.848788
0F76D5F0,+91-70420-94980,+91-93400-66372,2025-02-23T11:13:00,294,VOICE,BOM-519,19.066144,72.878081,BOM-447,19.044502,72.855401
A5F4CC73,+91-80720-37457,+91-77540-98573,2025-02-02T14:44:00,1791,VOICE,BOM-212,19.041512,72.864009,BOM-901,19.029877,72.855197
F8912AC0,+91-93400-66653,+91-63990-25406,2025-04-19T18:38:00,1519,VOICE,BOM-103,18.962962,72.833971,BOM-808,19.054246,72.900162
6F530D78,+91-97300-33333,+91-97300-11111,2025-01-19T21:13:00,58,SMS,BOM-519,19.065878,72.878464,BOM-212,19.041416,72.86339
E58B2606,+91-63990-67951,+91-93400-24847,2025-04-18T10:49:00,270,VOICE,BOM-901,19.029484,72.854802,BOM-318,19.11964,72.846392
67FF739E,+91-75300-40177,+91-93400-63413,2025-01-19T10:43:00,1207,VOICE,BOM-244,19.099075,72.849282,BOM-244,19.099483,72.849444
F006779D,+91-80720-58076,+91-89120-60817,2025-04-01T13:43:00,563,VOICE,BOM-212,19.041487,72.863771,BOM-318,19.120121,72.847187
C6F44839,+91-70420-44614,+91-80720-73895,2025-03-31T13:45:00,464,VOICE,BOM-103,18.963092,72.833715,BOM-901,19.029171,72.855311
8C26B8CD,+91-70420-76867,+91-91761-83647,2025-03-28T20:42:00,1132,VOICE,BOM-212,19.041166,72.863404,BOM-702,19.076323,72.877844
D828E149,+91-80720-57523,+91-80720-71112,2025-02-24T10:38:00,35,SMS,BOM-244,19.099293,72.849391,BOM-808,19.054027,72.900523
2A72B9C6,+91-63990-39178,+91-87890-79581,2025-01-25T20:37:00,665,VOICE,BOM-244,19.099149,72.848922,BOM-212,19.041793,72.863878
D76B8E00,+91-87890-76368,+91-89120-39791,2025-04-22T20:36:00,1454,VOICE,BOM-318,19.119367,72.847279,BOM-244,19.098605,72.848874
482849F3,+91-75300-94257,+91-77540-34520,2025-03-04T08:37:00,52,SMS,BOM-447,19.044775,72.855326,BOM-901,19.029415,72.85526
0BF44A3B,+91-88200-32575,+91-91761-30609,2025-03-10T16:59:00,14,SMS,BOM-103,18.963664,72.834342,BOM-519,19.066105,72.878136
9F6C6883,+91-93400-89612,+91-70420-59527,2025-04-12T08:59:00,15,SMS,BOM-901,19.029781,72.855558,BOM-519,19.066214,72.878612
A0EDAC0D,+91-93400-41668,+91-91761-46654,2025-03-27T22:31:00,812,VOICE,BOM-702,19.075509,72.877737,BOM-244,19.098611,72.849037
FB7BED9C,+91-87890-33365,+91-91761-40273,2025-03-13T09:25:00,24,SMS,BOM-519,19.066788,72.878562,BOM-519,19.066536,72.878753
0E92E8F5,+91-97300-77777,+91-88200-69622,2025-02-09T12:44:00,412,VOICE,BOM-103,18.962956,72.833979,BOM-318,19.119794,72.846466
4D804E99,+91-87890-75392,+91-91761-51628,2025-02-28T13:07:00,1032,VOICE,BOM-519,19.066299,72.877974,BOM-318,19.119207,72.846445
6C034325,+91-89120-15376,+91-93400-57990,2025-04-06T14:55:00,258,VOICE,BOM-901,19.029783,72.855539,BOM-519,19.066004,72.878618
85A5921C,+91-70420-99114,+91-77540-88535,2025-03-22T09:58:00,999,VOICE,BOM-318,19.11943,72.847027,BOM-318,19.119854,72.847182
81A31CDF,+91-97300-11111,+91-97300-33333,2025-02-07T21:03:00,13,SMS,BOM-702,19.0757,72.877544,BOM-318,19.11968,72.846712
1FD1464C,+91-91761-17925,+91-93400-73618,2025-03-24T20:16:00,269,VOICE,BOM-103,18.963415,72.833995,BOM-621,19.135971,72.829558
9ACEAEB9,+91-87890-61735,+91-77540-21380,2025-03-16T17:52:00,987,VOICE,BOM-244,19.09882,72.848999,BOM-103,18.962847,72.834078
D2ABCA8F,+91-89120-98470,+91-93400-34280,2025-02-21T11:17:00,1710,VOICE,BOM-447,19.044766,72.855913,BOM-212,19.041581,72.864166
572E709B,+91-75300-29973,+91-77540-48594,2025-02-23T17:18:00,798,VOICE,BOM-621,19.136198,72.829949,BOM-901,19.029978,72.855236
7EBDD15D,+91-91761-33948,+91-93400-59021,2025-02-11T21:20:00,1405,VOICE,BOM-901,19.030082,72.855265,BOM-447,19.044233,72.855432
CEC1EA51,+91-89120-14111,+91-63990-51972,2025-04-21T19:46:00,375,VOICE,BOM-318,19.119873,72.846785,BOM-212,19.041661,72.863277
96791F60,+91-80720-28257,+91-89120-92067,2025-02-03T08:29:00,316,VOICE,BOM-519,19.065846,72.878105,BOM-702,19.076136,72.87735
EBB8CF7F,+91-88200-94592,+91-70420-61967,2025-01-30T23:53:00,60,SMS,BOM-103,18.963528,72.834637,BOM-212,19.041449,72.864003
121139C6,+91-97300-22222,+91-97300-11111,2025-01-27T07:21:00,1030,VOICE,BOM-808,19.054986,72.900208,BOM-103,18.963268,72.834276
367E9FDD,+91-77540-66740,+91-63990-63639,2025-02-07T19:22:00,57,SMS,BOM-447,19.044199,72.855518,BOM-103,18.963001,72.834454
F7F83441,+91-75300-79134,+91-75300-76321,2025-03-26T09:06:00,732,VOICE,BOM-901,19.029575,72.855271,BOM-447,19.044343,72.855751
51876B26,+91-63990-42914,+91-87890-82338,2025-03-02T20:51:00,55,SMS,BOM-103,18.96349,72.834077,BOM-244,19.098671,72.849249
955D2BEE,+91-70420-90601,+91-70420-96056,2025-01-28T18:50:00,964,VOICE,BOM-621,19.136162,72.830058,BOM-244,19.099005,72.848633
A5DCA0E3,+91-89120-45488,+91-70420-61293,2025-03-08T16:19:00,59,SMS,BOM-702,19.075467,72.877663,BOM-901,19.029763,72.854952
01C17644,+91-77540-71110,+91-70420-34743,2025-04-11T11:10:00,1494,VOICE,BOM-901,19.029556,72.855415,BOM-447,19.044034,72.856077
6E441E9D,+91-89120-24526,+91-91761-99460,2025-02-22T09:25:00,570,VOICE,BOM-901,19.029719,72.855208,BOM-103,18.963338,72.833956
0AE44C03,+91-91761-90752,+91-77540-41509,2025-03-09T09:37:00,1476,VOICE,BOM-212,19.041624,72.863229,BOM-103,18.963501,72.834398
1E28BED4,+91-87890-23608,+91-87890-10279,2025-03-01T08:35:00,44,VOICE,BOM-212,19.041604,72.863875,BOM-901,19.029729,72.855515
160332EC,+91-97300-11111,+91-97300-33333,2025-02-15T23:11:00,1649,VOICE,BOM-318,19.119904,72.846955,BOM-519,19.066784,72.878769
F29CA6B0,+91-91761-12491,+91-88200-90722,2025-03-06T10:44:00,1777,VOICE,BOM-244,19.098963,72.849042,BOM-244,19.098926,72.849238
3C89B575,+91-80720-83728,+91-70420-75363,2025-03-06T15:19:00,1242,VOICE,BOM-447,19.044181,72.856084,BOM-621,19.136245,72.829806
0D102E16,+91-89120-14015,+91-80720-59335,2025-04-06T10:21:00,1296,VOICE,BOM-808,19.054256,72.900774,BOM-212,19.041281,72.863421
BBF6E59A,+91-70420-85302,+91-87890-23569,2025-02-18T21:42:00,10,SMS,BOM-808,19.054551,72.900532,BOM-244,19.099038,72.848578
5F02AD8A,+91-93400-90367,+91-93400-15400,2025-02-13T19:59:00,1268,VOICE,BOM-244,19.099063,72.848626,BOM-447,19.044148,72.855842
47976F02,+91-97300-11111,+91-97300-33333,2025-01-24T11:13:00,359,VOICE,BOM-103,18.963329,72.834314,BOM-447,19.044577,72.856243
0A30E4CF,+91-87890-16861,+91-80720-34434,2025-03-05T15:48:00,1770,VOICE,BOM-103,18.963144,72.833993,BOM-318,19.119848,72.846711
7BF71C6D,+91-89120-39240,+91-75300-20911,2025-04-16T14:12:00,742,VOICE,BOM-901,19.029676,72.854855,BOM-318,19.119872,72.847091
DE7142D0,+91-97300-11111,+91-97300-22222,2025-04-01T23:35:00,846,VOICE,BOM-447,19.044743,72.855412,BOM-901,19.029866,72.854832
B23CEE25,+91-91761-92111,+91-88200-82358,2025-01-24T11:50:00,1235,VOICE,BOM-808,19.05491,72.900712,BOM-702,19.076385,72.878031
2F6BFDD2,+91-80720-21799,+91-89120-70753,2025-03-19T23:36:00,233,VOICE,BOM-808,19.054406,72.900854,BOM-447,19.044831,72.856179
D0087DE2,+91-89120-76055,+91-88200-22300,2025-03-10T16:48:00,55,SMS,BOM-318,19.119814,72.846865,BOM-901,19.02958,72.854993
82932DC3,+91-89120-47375,+91-89120-46124,2025-02-18T21:40:00,1628,VOICE,BOM-901,19.029235,72.855155,BOM-901,19.02949,72.855387
6E9DB48E,+91-75300-80450,+91-70420-96403,2025-03-03T13:12:00,1363,VOICE,BOM-702,19.075482,72.8774,BOM-519,19.066146,72.878014
4196B349,+91-75300-19477,+91-91761-33164,2025-04-17T18:52:00,1027,VOICE,BOM-808,19.054642,72.90088,BOM-621,19.136022,72.829991
7D01769D,+91-80720-17888,+91-80720-14159,2025-03-12T15:21:00,1783,VOICE,BOM-447,19.044625,72.856004,BOM-447,19.044489,72.855877
A396F6B2,+91-93400-37080,+91-70420-88784,2025-04-08T09:12:00,1305,VOICE,BOM-244,19.099062,72.849492,BOM-808,19.054822,72.900021
4458C05B,+91-91761-36563,+91-87890-62362,2025-04-17T09:20:00,1631,VOICE,BOM-318,19.119311,72.847114,BOM-901,19.029503,72.854805
D01E65FB,+91-63990-37464,+91-87890-60192,2025-02-17T22:16:00,59,SMS,BOM-702,19.075968,72.877449,BOM-212,19.040914,72.864149
2C991C75,+91-63990-96182,+91-89120-29402,2025-02-02T17:45:00,479,VOICE,BOM-901,19.029792,72.854996,BOM-808,19.054177,72.900497
576FF1AC,+91-75300-20796,+91-91761-59214,2025-03-06T09:30:00,1739,VOICE,BOM-901,19.029257,72.855259,BOM-318,19.119312,72.846734
659D363C,+91-70420-59447,+91-80720-25992,2025-02-17T09:02:00,23,SMS,BOM-702,19.075737,72.877703,BOM-447,19.043925,72.855873
B88E57C0,+91-89120-58456,+91-70420-89462,2025-01-27T09:18:00,689,VOICE,BOM-447,19.044739,72.855469,BOM-702,19.075554,72.87773
0EF3FA47,+91-70420-97031,+91-77540-99341,2025-03-28T21:12:00,1699,VOICE,BOM-702,19.076139,72.87815,BOM-519,19.066436,72.878565
3FD64547,+91-77540-50892,+91-89120-56830,2025-04-16T18:10:00,21,SMS,BOM-519,19.066427,72.878041,BOM-212,19.041384,72.863328
1AC139C7,+91-88200-92085,+91-70420-76651,2025-03-23T18:52:00,1127,VOICE,BOM-212,19.04146,72.863338,BOM-621,19.136104,72.829761
77578EF3,+91-93400-46351,+91-91761-29642,2025-01-30T14:57:00,1470,VOICE,BOM-103,18.963219,72.834235,BOM-244,19.09916,72.848998
DAA027BE,+91-80720-73820,+91-70420-16965,2025-01-22T14:14:00,42,SMS,BOM-447,19.044157,72.856136,BOM-901,19.029366,72.854925
E0EDD536,+91-70420-52017,+91-93400-53313,2025-02-01T10:27:00,277,VOICE,BOM-244,19.098908,72.848632,BOM-318,19.119304,72.84641
26DA150F,+91-88200-16473,+91-89120-72684,2025-03-30T09:20:00,340,VOICE,BOM-318,19.12012,72.847044,BOM-447,19.04426,72.855962
15D5DF00,+91-87890-30694,+91-91761-64034,2025-04-08T20:12:00,768,VOICE,BOM-621,19.136383,72.829118,BOM-244,19.098529,72.848706
74E04F38,+91-89120-65622,+91-93400-67084,2025-03-30T20:38:00,1496,VOICE,BOM-901,19.029651,72.855542,BOM-447,19.044002,72.855757
2AFCC9BB,+91-75300-52582,+91-87890-27012,2025-03-15T14:12:00,8,SMS,BOM-318,19.119321,72.847184,BOM-808,19.054077,72.900386
D7A33759,+91-80720-63247,+91-80720-73307,2025-01-25T07:11:00,32,SMS,BOM-519,19.066704,72.877915,BOM-447,19.044011,72.856079
93BA38AC,+91-75300-10860,+91-63990-22845,2025-03-18T21:11:00,1061,VOICE,BOM-318,19.119232,72.846651,BOM-212,19.04114,72.863759
6DC567E4,+91-77540-82025,+91-89120-54150,2025-01-16T09:21:00,48,SMS,BOM-318,19.119699,72.846626,BOM-808,19.054703,72.900905
07E8164B,+91-70420-46786,+91-91761-47614,2025-01-17T23:53:00,1034,VOICE,BOM-621,19.135882,72.829711,BOM-212,19.041324,72.863511
7712C7B8,+91-89120-24124,+91-75300-91635,2025-03-06T18:48:00,31,SMS,BOM-103,18.96352,72.833807,BOM-447,19.04468,72.856135
F6AF401E,+91-70420-97196,+91-77540-49921,2025-04-15T13:32:00,1164,VOICE,BOM-702,19.075518,72.877889,BOM-808,19.054594,72.900791
754DA77E,+91-93400-71358,+91-87890-81083,2025-01-26T10:34:00,578,VOICE,BOM-103,18.963294,72.83428,BOM-447,19.044257,72.855874
808938B2,+91-87890-14603,+91-80720-36911,2025-03-19T15:35:00,58,SMS,BOM-901,19.029657,72.85493,BOM-519,19.066705,72.87828
C076ABC4,+91-91761-57968,+91-93400-94604,2025-01-20T10:58:00,1312,VOICE,BOM-103,18.963607,72.834504,BOM-244,19.098788,72.849252
83EB4E99,+91-80720-88740,+91-93400-11285,2025-02-18T11:49:00,194,VOICE,BOM-103,18.963166,72.833761,BOM-702,19.07556,72.877427
7538D1CC,+91-77540-23035,+91-87890-49209,2025-02-23T14:48:00,589,VOICE,BOM-808,19.054745,72.900168,BOM-808,19.054175,72.900771
5EBA54B7,+91-75300-12861,+91-93400-28933,2025-04-13T16:25:00,35,SMS,BOM-103,18.963707,72.833824,BOM-519,19.066507,72.878026
02058179,+91-80720-96407,+91-91761-35660,2025-02-16T15:52:00,1503,VOICE,BOM-901,19.029274,72.855489,BOM-244,19.099485,72.848955
CAB96402,+91-88200-18491,+91-63990-29024,2025-02-13T11:57:00,287,VOICE,BOM-808,19.054676,72.900674,BOM-702,19.075733,72.877832
E234CEF3,+91-97300-22222,+91-97300-11111,2025-01-19T12:05:00,829,VOICE,BOM-901,19.029163,72.854851,BOM-519,19.066044,72.878211
053852BF,+91-97300-22222,+91-97300-33333,2025-01-22T12:10:00,60,VOICE,BOM-244,19.099147,72.848791,BOM-519,19.066744,72.87797
4094C9B1,+91-88200-91589,+91-63990-29846,2025-03-08T11:23:00,38,SMS,BOM-244,19.098987,72.848621,BOM-808,19.054645,72.900146
0EB80F34,+91-87890-64521,+91-89120-60816,2025-04-24T22:24:00,10,SMS,BOM-621,19.136068,72.829345,BOM-808,19.054307,72.900551
4105D6D9,+91-70420-85179,+91-93400-31075,2025-01-30T17:24:00,1631,VOICE,BOM-318,19.119259,72.847032,BOM-808,19.054728,72.900042
0BD4959F,+91-87890-38876,+91-87890-93930,2025-04-17T11:16:00,153,VOICE,BOM-702,19.076137,72.877323,BOM-702,19.076263,72.878025
B7755785,+91-63990-31140,+91-91761-54210,2025-01-22T20:55:00,637,VOICE,BOM-103,18.963011,72.833936,BOM-318,19.120095,72.846532
9BE75A94,+91-77540-29282,+91-93400-81493,2025-04-03T11:21:00,26,SMS,BOM-103,18.963053,72.834081,BOM-519,19.066282,72.878307
BB627472,+91-89120-79421,+91-63990-45624,2025-03-21T15:01:00,1420,VOICE,BOM-901,19.029129,72.854945,BOM-447,19.044708,72.856207
F399D62D,+91-88200-42992,+91-89120-27696,2025-02-02T13:39:00,31,SMS,BOM-702,19.075537,72.877834,BOM-212,19.041539,72.863306
00507B88,+91-63990-34231,+91-87890-71997,2025-04-03T08:22:00,1581,VOICE,BOM-519,19.066483,72.878841,BOM-621,19.135976,72.829114
75FC658B,+91-63990-97494,+91-93400-28541,2025-04-20T07:05:00,1681,VOICE,BOM-621,19.135876,72.829231,BOM-621,19.136231,72.829947
10D6E5FA,+91-91761-49490,+91-77540-73021,2025-02-21T13:09:00,859,VOICE,BOM-318,19.120142,72.846924,BOM-318,19.119513,72.846924
B127F017,+91-88200-28145,+91-77540-59323,2025-04-03T14:39:00,497,VOICE,BOM-244,19.099451,72.849282,BOM-212,19.040925,72.86405
A5B16997,+91-91761-43128,+91-80720-63874,2025-03-27T17:47:00,732,VOICE,BOM-519,19.066526,72.878467,BOM-103,18.963778,72.833774
4CE14BA0,+91-89120-70663,+91-63990-67551,2025-01-21T20:16:00,1749,VOICE,BOM-447,19.044498,72.85606,BOM-702,19.075881,72.877626
F3FEC804,+91-88200-13586,+91-70420-25755,2025-03-29T08:24:00,600,VOICE,BOM-808,19.054998,72.900373,BOM-212,19.041528,72.863986
D74A7FA4,+91-87890-18205,+91-87890-92087,2025-03-12T10:51:00,60,SMS,BOM-808,19.054162,72.900075,BOM-901,19.029884,72.855269
D8C233DD,+91-75300-11549,+91-93400-15359,2025-03-22T13:32:00,548,VOICE,BOM-621,19.136315,72.829681,BOM-447,19.043908,72.856132
6FF3C8B5,+91-80720-62351,+91-89120-23503,2025-03-30T18:48:00,27,SMS,BOM-244,19.099285,72.848804,BOM-244,19.09923,72.848751
4B264C2C,+91-97300-22222,+91-97300-33333,2025-01-26T16:00:00,1787,VOICE,BOM-621,19.135888,72.829488,BOM-519,19.066616,72.877936
F638C7FC,+91-91761-43515,+91-87890-45910,2025-03-28T22:46:00,349,VOICE,BOM-318,19.119578,72.846892,BOM-212,19.04119,72.864088
0BF847B6,+91-97300-11111,+91-97300-22222,2025-02-12T15:49:00,1791,VOICE,BOM-702,19.075911,72.877876,BOM-621,19.135889,72.829843
7AB550B3,+91-91761-83542,+91-89120-49629,2025-03-27T07:25:00,1483,VOICE,BOM-519,19.066137,72.878888,BOM-212,19.041703,72.863977
2C63B42D,+91-80720-26951,+91-77540-50716,2025-03-20T16:11:00,1006,VOICE,BOM-318,19.120196,72.846786,BOM-318,19.119278,72.84701
4C83B773,+91-97300-22222,+91-97300-11111,2025-04-10T15:03:00,1390,VOICE,BOM-702,19.076169,72.877618,BOM-702,19.075478,72.877259
8FE810F2,+91-75300-45537,+91-77540-77341,2025-01-15T14:57:00,15,SMS,BOM-212,19.041392,72.863755,BOM-901,19.029659,72.855097
387EC6C4,+91-75300-90634,+91-70420-75500,2025-04-20T08:55:00,34,SMS,BOM-212,19.041256,72.863519,BOM-702,19.076193,72.877903
FC55A621,+91-70420-14876,+91-87890-77463,2025-03-01T16:46:00,1497,VOICE,BOM-318,19.119882,72.846965,BOM-103,18.963725,72.833708
96E61EC0,+91-70420-63378,+91-77540-65020,2025-03-17T14:26:00,503,VOICE,BOM-103,18.963396,72.833764,BOM-702,19.075563,72.877558
7112CE1D,+91-63990-25808,+91-93400-71916,2025-03-10T12:12:00,29,SMS,BOM-212,19.041722,72.863331,BOM-244,19.099357,72.84934
41E28AC8,+91-88200-20275,+91-87890-24257,2025-02-18T12:27:00,289,VOICE,BOM-244,19.098721,72.849294,BOM-621,19.136231,72.829989
ECFAD665,+91-80720-79729,+91-77540-62677,2025-04-06T13:20:00,982,VOICE,BOM-519,19.066638,72.878186,BOM-901,19.029211,72.855634
C0DBD8C1,+91-91761-44871,+91-89120-51531,2025-02-22T22:26:00,10,SMS,BOM-244,19.098651,72.849337,BOM-621,19.135954,72.829869
65F2A05D,+91-97300-22222,+91-97300-11111,2025-01-25T13:17:00,691,VOICE,BOM-901,19.029707,72.855397,BOM-447,19.044375,72.855643
130F0AA0,+91-87890-80519,+91-91761-65402,2025-01-27T16:51:00,67,VOICE,BOM-244,19.099095,72.84942,BOM-901,19.029613,72.854871
239EE36F,+91-80720-89661,+91-88200-25302,2025-02-25T23:01:00,1300,VOICE,BOM-212,19.040983,72.863894,BOM-702,19.075423,72.8779
854DCFFC,+91-87890-68332,+91-87890-18801,2025-02-08T14:04:00,745,VOICE,BOM-212,19.041495,72.863703,BOM-244,19.098791,72.849039
503B9E7F,+91-89120-45523,+91-77540-97735,2025-02-05T12:13:00,274,VOICE,BOM-318,19.119702,72.847027,BOM-808,19.054754,72.900986
98F0BFC2,+91-63990-18711,+91-70420-59943,2025-02-05T10:29:00,872,VOICE,BOM-318,19.119627,72.84729,BOM-519,19.066023,72.878459
9E7F1A15,+91-89120-94084,+91-70420-80935,2025-01-26T09:27:00,1475,VOICE,BOM-244,19.099468,72.848678,BOM-519,19.066365,72.878227
20C139D9,+91-80720-94633,+91-89120-90859,2025-03-31T11:29:00,365,VOICE,BOM-519,19.066239,72.878006,BOM-447,19.044624,72.856028
E72D1D72,+91-87890-11567,+91-70420-85966,2025-03-27T14:47:00,39,SMS,BOM-901,19.029142,72.85527,BOM-212,19.041851,72.863894
4BFA5A2D,+91-70420-47067,+91-77540-27696,2025-02-16T07:07:00,312,VOICE,BOM-212,19.04135,72.863407,BOM-212,19.040951,72.863859
0AF57D3C,+91-77540-55700,+91-75300-45592,2025-01-16T18:48:00,53,SMS,BOM-621,19.135786,72.829586,BOM-447,19.044781,72.856196
F9F11DBF,+91-97300-77777,+91-63990-36244,2025-03-27T22:41:00,1276,VOICE,BOM-702,19.075751,72.877288,BOM-244,19.098641,72.849274
7D484CD1,+91-93400-60193,+91-63990-68272,2025-01-26T09:25:00,1671,VOICE,BOM-702,19.075603,72.877379,BOM-244,19.099321,72.849472
5C4DC7E0,+91-75300-18627,+91-93400-16148,2025-03-28T19:52:00,1262,VOICE,BOM-621,19.13568,72.829889,BOM-808,19.054291,72.900613
BD02ABAB,+91-75300-88943,+91-87890-27837,2025-03-05T22:14:00,1427,VOICE,BOM-901,19.029279,72.855696,BOM-212,19.0417,72.864197
F9589DFE,+91-97300-22222,+91-97300-11111,2025-02-07T20:21:00,1114,VOICE,BOM-212,19.041761,72.863763,BOM-103,18.962835,72.834049
9F619D86,+91-93400-45767,+91-93400-32713,2025-02-25T09:00:00,1759,VOICE,BOM-212,19.040927,72.863858,BOM-103,18.963323,72.834394
24BEA724,+91-93400-10286,+91-93400-17080,2025-03-19T23:54:00,1298,VOICE,BOM-901,19.029166,72.855442,BOM-621,19.135648,72.829706
D472FF99,+91-80720-96202,+91-91761-86461,2025-01-18T08:11:00,71,VOICE,BOM-901,19.029668,72.855453,BOM-519,19.066728,72.878292
2FCC8289,+91-63990-32719,+91-93400-27637,2025-04-06T19:47:00,14,SMS,BOM-702,19.075489,72.877393,BOM-901,19.029243,72.855196
CB6BBD38,+91-88200-49329,+91-77540-93196,2025-03-07T13:26:00,1121,VOICE,BOM-447,19.04425,72.855553,BOM-447,19.044375,72.855961
5F98E882,+91-80720-58247,+91-89120-10151,2025-02-11T12:16:00,502,VOICE,BOM-447,19.044484,72.855438,BOM-103,18.963024,72.834009
44263882,+91-87890-29973,+91-77540-20645,2025-03-21T12:25:00,1392,VOICE,BOM-621,19.136081,72.829119,BOM-212,19.041886,72.863229
7E0CF4DA,+91-97300-77777,+91-77540-40966,2025-04-18T16:33:00,6,SMS,BOM-244,19.099219,72.849138,BOM-244,19.099349,72.848604
605B9A55,+91-80720-18331,+91-93400-42748,2025-03-10T12:35:00,994,VOICE,BOM-447,19.044003,72.855844,BOM-244,19.09949,72.848908
267AE31C,+91-91761-46251,+91-63990-38588,2025-01-19T12:49:00,1558,VOICE,BOM-901,19.029643,72.855215,BOM-519,19.066135,72.878452
114CD543,+91-91761-26621,+91-88200-17936,2025-02-23T15:15:00,991,VOICE,BOM-621,19.135528,72.82948,BOM-702,19.07595,72.877817
73473135,+91-88200-48078,+91-91761-29508,2025-02-25T22:31:00,34,VOICE,BOM-621,19.136357,72.829231,BOM-621,19.135821,72.829608
F8F68729,+91-97300-66666,+91-97300-77777,2025-04-14T09:23:00,1421,VOICE,BKC-112,19.0656,72.8669,BOM-519,19.06603,72.878678
4CD5CA08,+91-93400-74545,+91-91761-50605,2025-04-13T13:27:00,26,SMS,BOM-318,19.119403,72.847026,BOM-808,19.054242,72.900467
B7FA1F6C,+91-70420-87607,+91-87890-39160,2025-02-16T12:11:00,1075,VOICE,BOM-318,19.119497,72.847165,BOM-212,19.041573,72.863748
F66147F2,+91-63990-80640,+91-63990-92505,2025-03-27T20:26:00,16,VOICE,BOM-901,19.029116,72.855422,BOM-808,19.054807,72.900544
BF6DAD50,+91-77540-79332,+91-89120-39052,2025-01-27T12:39:00,651,VOICE,BOM-621,19.135661,72.829977,BOM-318,19.119438,72.846721
CC68ABED,+91-88200-24637,+91-91761-72991,2025-03-16T22:07:00,133,VOICE,BOM-212,19.041328,72.863851,BOM-447,19.044429,72.856127
49C491CC,+91-77540-99825,+91-75300-85423,2025-01-23T15:44:00,44,SMS,BOM-519,19.066665,72.878276,BOM-808,19.054231,72.900067
1385A250,+91-70420-56958,+91-63990-12318,2025-02-11T11:24:00,53,SMS,BOM-318,19.119928,72.84664,BOM-212,19.040955,72.863297
9A4FA1AD,+91-77540-67614,+91-80720-12436,2025-04-08T08:01:00,17,VOICE,BOM-447,19.044145,72.85596,BOM-901,19.029425,72.854898
798DC16B,+91-77540-31938,+91-89120-37078,2025-04-11T09:51:00,646,VOICE,BOM-103,18.963727,72.834572,BOM-244,19.098812,72.849464
6A508C2B,+91-97300-77777,+91-91761-44702,2025-04-09T14:21:00,1327,VOICE,BOM-244,19.099336,72.849067,BOM-519,19.066136,72.878659
55A02C8A,+91-75300-32659,+91-80720-56133,2025-01-23T22:12:00,1632,VOICE,BOM-808,19.05442,72.90085,BOM-808,19.054953,72.900724
16CC4497,+91-63990-57263,+91-89120-33982,2025-03-16T16:59:00,1693,VOICE,BOM-318,19.119806,72.846712,BOM-702,19.076371,72.877485
64943591,+91-77540-65229,+91-80720-83079,2025-03-11T16:32:00,821,VOICE,BOM-901,19.029385,72.855519,BOM-702,19.075568,72.87782
B6E50E1C,+91-75300-51159,+91-63990-10707,2025-02-27T12:12:00,1075,VOICE,BOM-244,19.099236,72.84882,BOM-808,19.054904,72.900584
13CBC952,+91-93400-50082,+91-75300-48891,2025-02-23T19:41:00,1660,VOICE,BOM-519,19.066764,72.878079,BOM-212,19.041877,72.864142
96266C7D,+91-77540-95473,+91-70420-32938,2025-04-12T09:03:00,998,VOICE,BOM-901,19.029115,72.854942,BOM-519,19.066118,72.878039
75BABC91,+91-77540-89336,+91-89120-56857,2025-03-26T14:36:00,7,SMS,BOM-621,19.13638,72.829302,BOM-212,19.041413,72.864107
361D3328,+91-63990-64174,+91-93400-28086,2025-01-31T18:34:00,1783,VOICE,BOM-808,19.054005,72.900932,BOM-318,19.119407,72.846777
444AAC91,+91-75300-97351,+91-77540-46309,2025-02-26T16:03:00,285,VOICE,BOM-318,19.119643,72.846783,BOM-808,19.054686,72.90013
E22F0087,+91-80720-88600,+91-80720-67364,2025-03-17T23:45:00,41,SMS,BOM-702,19.075421,72.878164,BOM-901,19.02974,72.854832
3B599232,+91-87890-78614,+91-80720-25786,2025-03-14T11:49:00,707,VOICE,BOM-212,19.041074,72.863525,BOM-621,19.136018,72.829961
D238EF6F,+91-63990-45629,+91-87890-58431,2025-03-05T20:12:00,1230,VOICE,BOM-447,19.044279,72.855871,BOM-103,18.962853,72.834449
5305E8D2,+91-80720-30261,+91-80720-69045,2025-03-18T16:46:00,651,VOICE,BOM-212,19.041246,72.863578,BOM-901,19.029386,72.855748
40D90E1F,+91-70420-53509,+91-89120-16301,2025-02-17T21:14:00,446,VOICE,BOM-702,19.076243,72.877364,BOM-702,19.07566,72.877406
814811EA,+91-75300-59960,+91-89120-22534,2025-02-19T20:43:00,792,VOICE,BOM-621,19.136494,72.829451,BOM-901,19.029328,72.855275
15E14748,+91-89120-36169,+91-77540-79510,2025-03-07T23:16:00,39,SMS,BOM-808,19.054755,72.900557,BOM-621,19.13589,72.829647
920BAD3D,+91-70420-53873,+91-87890-94524,2025-02-22T16:54:00,15,SMS,BOM-702,19.075545,72.87731,BOM-702,19.075646,72.878103
DB4D65A1,+91-88200-65302,+91-87890-61135,2025-03-02T13:04:00,47,SMS,BOM-702,19.076088,72.877816,BOM-244,19.098919,72.849186
F3E0E4D3,+91-77540-85694,+91-89120-48015,2025-03-13T08:38:00,863,VOICE,BOM-244,19.099075,72.849242,BOM-212,19.041452,72.863329
4C409A70,+91-87890-91162,+91-80720-46968,2025-03-23T23:55:00,726,VOICE,BOM-212,19.041855,72.863471,BOM-808,19.054093,72.900597
4A482E25,+91-89120-29557,+91-93400-49816,2025-02-12T21:55:00,621,VOICE,BOM-318,19.120051,72.846584,BOM-103,18.963459,72.83376
1EF2EE32,+91-97300-77777,+91-91761-43616,2025-01-19T17:59:00,1659,VOICE,BOM-519,19.065845,72.878306,BOM-212,19.041861,72.864193
3B5D5BF3,+91-87890-53626,+91-93400-80496,2025-04-16T23:15:00,325,VOICE,BOM-212,19.041521,72.864058,BOM-447,19.044054,72.856288
7E175E4D,+91-93400-36579,+91-88200-36701,2025-02-08T12:25:00,1734,VOICE,BOM-447,19.04442,72.855901,BOM-621,19.13581,72.829662
2DF1A7F3,+91-80720-76425,+91-93400-47901,2025-02-17T11:21:00,191,VOICE,BOM-103,18.962838,72.834016,BOM-702,19.075713,72.877785
379D09E0,+91-93400-83815,+91-80720-88561,2025-01-26T13:35:00,1073,VOICE,BOM-244,19.099323,72.84901,BOM-519,19.066683,72.878623
E69C2231,+91-63990-10395,+91-75300-30369,2025-01-25T21:56:00,292,VOICE,BOM-212,19.041149,72.863203,BOM-702,19.075914,72.877639
85F7D811,+91-70420-57044,+91-91761-49070,2025-04-07T17:00:00,658,VOICE,BOM-901,19.03004,72.855335,BOM-702,19.075711,72.877271
A2A1C277,+91-88200-57731,+91-89120-66160,2025-02-20T23:34:00,52,SMS,BOM-318,19.119234,72.846796,BOM-901,19.02976,72.855
31D89402,+91-93400-14860,+91-63990-65193,2025-03-17T10:09:00,1434,VOICE,BOM-901,19.029632,72.855354,BOM-621,19.136377,72.829931
CEF6DF45,+91-97300-66666,+91-97300-22222,2025-02-28T17:16:00,27,SMS,BKC-112,19.0656,72.8669,BOM-519,19.066612,72.878676
084580E9,+91-91761-64332,+91-80720-55071,2025-02-19T08:39:00,835,VOICE,BOM-244,19.09937,72.848505,BOM-244,19.099381,72.848798
F17B5229,+91-97300-33333,+91-97300-11111,2025-01-29T21:18:00,461,VOICE,BOM-212,19.041764,72.863563,BOM-702,19.075755,72.878157
BB2B8CF4,+91-97300-11111,+91-97300-33333,2025-03-05T22:02:00,582,VOICE,BOM-212,19.041749,72.863761,BOM-447,19.044155,72.855738
CDE9ACDD,+91-91761-50566,+91-89120-69586,2025-01-20T21:42:00,48,VOICE,BOM-808,19.054556,72.900867,BOM-103,18.963273,72.834251
F76ACA0E,+91-63990-11622,+91-88200-50785,2025-03-31T20:54:00,25,SMS,BOM-901,19.029402,72.855545,BOM-808,19.0547,72.900305
E3EA5DE1,+91-93400-17528,+91-88200-46977,2025-04-01T23:53:00,111,VOICE,BOM-244,19.099349,72.848974,BOM-808,19.054502,72.900994
F3717066,+91-88200-73555,+91-88200-27367,2025-04-20T21:47:00,756,VOICE,BOM-621,19.136336,72.829263,BOM-212,19.041064,72.863517
CA1CA020,+91-87890-24287,+91-75300-65018,2025-01-23T21:59:00,1785,VOICE,BOM-212,19.041078,72.863426,BOM-212,19.041629,72.863658
2346DBDC,+91-97300-33333,+91-97300-11111,2025-04-02T18:51:00,1537,VOICE,BOM-318,19.11992,72.846433,BOM-244,19.098883,72.848718
91392923,+91-63990-76347,+91-77540-85282,2025-02-26T23:38:00,313,VOICE,BOM-212,19.041523,72.863871,BOM-519,19.065989,72.877932
3745CAE6,+91-77540-75471,+91-75300-18825,2025-01-28T16:33:00,1396,VOICE,BOM-519,19.066518,72.878297,BOM-519,19.066417,72.878717
F6ED5E8F,+91-63990-74811,+91-88200-10406,2025-02-16T09:05:00,1041,VOICE,BOM-447,19.043953,72.856187,BOM-808,19.054894,72.900618
FC54FC0C,+91-89120-10569,+91-75300-57382,2025-03-01T07:55:00,1366,VOICE,BOM-103,18.963006,72.833715,BOM-621,19.13581,72.829695
F45C7CBF,+91-75300-91623,+91-93400-25423,2025-02-02T15:33:00,1573,VOICE,BOM-103,18.963689,72.833877,BOM-901,19.029709,72.85519
210A139B,+91-89120-89805,+91-91761-69020,2025-02-01T23:29:00,281,VOICE,BOM-318,19.119804,72.847045,BOM-447,19.044487,72.855789
C74FCA9A,+91-91761-56410,+91-70420-81783,2025-02-08T16:02:00,188,VOICE,BOM-901,19.029147,72.855248,BOM-621,19.135542,72.829349
C79E90C7,+91-70420-32122,+91-93400-40278,2025-04-06T18:10:00,668,VOICE,BOM-103,18.96343,72.834382,BOM-244,19.098933,72.849302
14EA12BD,+91-75300-54486,+91-93400-50461,2025-02-09T13:18:00,50,SMS,BOM-212,19.041669,72.863645,BOM-447,19.04417,72.856129
FD654BBF,+91-89120-16025,+91-77540-76149,2025-02-26T08:27:00,406,VOICE,BOM-447,19.044714,72.856178,BOM-519,19.066086,72.878648
F43C0EDC,+91-70420-69031,+91-77540-18277,2025-02-17T12:27:00,20,SMS,BOM-318,19.120124,72.846614,BOM-519,19.06669,72.878164
5DACFDB3,+91-97300-11111,+91-97300-22222,2025-03-08T21:23:00,145,VOICE,BOM-212,19.04127,72.86405,BOM-901,19.029847,72.855788
01FA5C7D,+91-75300-13077,+91-63990-32796,2025-03-15T16:42:00,1533,VOICE,BOM-702,19.075873,72.877253,BOM-103,18.963739,72.834575
AB99B92F,+91-80720-46967,+91-75300-69902,2025-02-20T22:15:00,720,VOICE,BOM-103,18.963712,72.834229,BOM-702,19.075899,72.877679
B483FA63,+91-80720-43816,+91-91761-56633,2025-04-09T08:39:00,818,VOICE,BOM-519,19.066209,72.878631,BOM-519,19.066309,72.878546
6BE938B6,+91-77540-35058,+91-70420-43144,2025-02-10T15:09:00,1228,VOICE,BOM-244,19.099374,72.849341,BOM-103,18.963174,72.833831
0A2E2D82,+91-70420-19346,+91-87890-63849,2025-02-16T20:30:00,1609,VOICE,BOM-447,19.044149,72.855356,BOM-244,19.099478,72.84924
94EF9E32,+91-80720-70760,+91-77540-96150,2025-01-23T16:33:00,1115,VOICE,BOM-244,19.099205,72.848889,BOM-103,18.963182,72.833999
202FB5A0,+91-93400-24817,+91-75300-38945,2025-04-02T17:51:00,147,VOICE,BOM-519,19.065874,72.878256,BOM-318,19.119267,72.847023
75F1AC1E,+91-87890-11214,+91-91761-62795,2025-02-14T17:49:00,40,SMS,BOM-103,18.96326,72.834627,BOM-702,19.075741,72.877774
3DD546CF,+91-77540-81187,+91-91761-42398,2025-03-01T17:13:00,1104,VOICE,BOM-621,19.135793,72.829408,BOM-808,19.0546,72.900299
40CB17B9,+91-89120-31621,+91-93400-18785,2025-03-23T19:29:00,1397,VOICE,BOM-212,19.041561,72.864024,BOM-103,18.963602,72.834629
62420A5C,+91-63990-16431,+91-91761-69374,2025-01-27T19:35:00,963,VOICE,BOM-103,18.963696,72.834255,BOM-621,19.136371,72.829613
00116DC4,+91-87890-22233,+91-91761-66885,2025-03-19T23:25:00,934,VOICE,BOM-447,19.044347,72.855945,BOM-103,18.963705,72.834068
94F97F6A,+91-63990-71740,+91-87890-12237,2025-04-24T21:06:00,465,VOICE,BOM-519,19.065913,72.877978,BOM-808,19.054295,72.900507
527962F4,+91-89120-70817,+91-63990-61691,2025-01-29T19:10:00,294,VOICE,BOM-244,19.099252,72.84869,BOM-103,18.962825,72.83452
7CA921AB,+91-75300-16964,+91-80720-51152,2025-02-18T14:43:00,944,VOICE,BOM-103,18.962907,72.834336,BOM-901,19.029554,72.855767
F8376D21,+91-63990-55871,+91-88200-34835,2025-01-28T14:11:00,196,VOICE,BOM-702,19.075775,72.877764,BOM-621,19.136126,72.82962
BBF8C454,+91-88200-90911,+91-89120-67074,2025-02-13T09:29:00,418,VOICE,BOM-519,19.066794,72.87846,BOM-702,19.075796,72.877829
09E69A04,+91-77540-72918,+91-89120-27380,2025-03-19T09:35:00,740,VOICE,BOM-212,19.04113,72.863254,BOM-702,19.07611,72.877936
A09A99D3,+91-77540-97619,+91-88200-89698,2025-03-22T14:51:00,1295,VOICE,BOM-519,19.06597,72.878636,BOM-519,19.066512,72.878875
90C6DE55,+91-88200-23867,+91-75300-16451,2025-03-04T17:09:00,795,VOICE,BOM-447,19.044406,72.856191,BOM-103,18.963596,72.834069
FBED92E3,+91-80720-72933,+91-75300-12593,2025-04-18T22:43:00,20,SMS,BOM-212,19.041125,72.863474,BOM-447,19.044562,72.856027
C0FB7AD1,+91-97300-77777,+91-63990-10269,2025-02-07T19:13:00,1498,VOICE,BOM-702,19.075798,72.877274,BOM-808,19.054638,72.900592
B81599F6,+91-80720-42128,+91-88200-24583,2025-02-28T13:16:00,968,VOICE,BOM-103,18.963546,72.833912,BOM-318,19.119721,72.847149
032BE114,+91-70420-38429,+91-77540-74106,2025-03-16T13:59:00,83,VOICE,BOM-901,19.029841,72.855583,BOM-103,18.963401,72.834522
72EAB233,+91-87890-63370,+91-80720-83031,2025-03-10T21:43:00,10,SMS,BOM-808,19.054881,72.900278,BOM-103,18.962924,72.83462
6F6CDF6E,+91-88200-42563,+91-63990-29190,2025-02-09T07:44:00,1570,VOICE,BOM-901,19.029501,72.855727,BOM-447,19.044603,72.855762
4EFFB962,+91-91761-57332,+91-88200-84996,2025-03-29T23:57:00,696,VOICE,BOM-244,19.099191,72.849239,BOM-621,19.136428,72.829269
B8BF0DAF,+91-87890-47413,+91-89120-57936,2025-02-24T07:15:00,942,VOICE,BOM-244,19.098817,72.848633,BOM-621,19.136282,72.829569
CB342575,+91-91761-17509,+91-91761-71241,2025-02-04T17:51:00,1333,VOICE,BOM-212,19.041176,72.86363,BOM-244,19.09884,72.849267
2CCE87C3,+91-91761-41162,+91-91761-44708,2025-04-05T13:39:00,58,SMS,BOM-244,19.098932,72.849127,BOM-621,19.136474,72.829771
E6ED40FD,+91-70420-53954,+91-87890-30452,2025-02-24T14:05:00,45,SMS,BOM-447,19.044853,72.855793,BOM-901,19.030083,72.854898
6C64DCDD,+91-75300-58731,+91-88200-82335,2025-01-26T22:37:00,842,VOICE,BOM-519,19.06595,72.878511,BOM-212,19.041826,72.86386
72328708,+91-97300-22222,+91-97300-11111,2025-01-30T16:44:00,45,SMS,BOM-447,19.044764,72.856138,BOM-808,19.054951,72.900334
56ED20CD,+91-93400-52422,+91-89120-38278,2025-02-28T23:43:00,130,VOICE,BOM-702,19.076183,72.877479,BOM-318,19.119531,72.846459
82199799,+91-93400-74563,+91-77540-54600,2025-01-26T14:38:00,171,VOICE,BOM-212,19.041765,72.864175,BOM-702,19.075616,72.877345
99E22C0F,+91-89120-43068,+91-89120-22516,2025-03-12T07:27:00,1385,VOICE,BOM-103,18.963777,72.833799,BOM-702,19.07584,72.877262
D247623D,+91-88200-54125,+91-75300-12759,2025-03-21T11:57:00,1150,VOICE,BOM-318,19.119728,72.846833,BOM-212,19.041824,72.86328
CFF141A2,+91-87890-90082,+91-75300-92382,2025-02-16T12:32:00,29,SMS,BOM-901,19.02977,72.855233,BOM-702,19.075628,72.877721
7D1A0A6A,+91-80720-25726,+91-93400-40624,2025-03-16T17:56:00,441,VOICE,BOM-519,19.065894,72.878135,BOM-621,19.135582,72.830005
8A1FE2CD,+91-93400-13303,+91-77540-71359,2025-01-19T14:14:00,1752,VOICE,BOM-318,19.119476,72.846784,BOM-901,19.029519,72.855424
3BB4953E,+91-75300-59412,+91-91761-41877,2025-02-11T08:37:00,954,VOICE,BOM-244,19.099241,72.849208,BOM-901,19.029504,72.855315
81A3922C,+91-93400-71845,+91-70420-41465,2025-03-20T21:50:00,23,SMS,BOM-808,19.054849,72.900269,BOM-103,18.963464,72.833717
9CD8BF5F,+91-88200-88133,+91-77540-15441,2025-01-18T17:53:00,318,VOICE,BOM-808,19.054641,72.900471,BOM-519,19.066205,72.878334
A8E28BAA,+91-93400-16721,+91-88200-75168,2025-02-07T08:29:00,1575,VOICE,BOM-318,19.119745,72.846457,BOM-901,19.029838,72.855367
6981BF58,+91-80720-63086,+91-70420-88286,2025-04-12T07:36:00,27,SMS,BOM-901,19.029804,72.855335,BOM-702,19.075514,72.877601
3C7027F1,+91-91761-58433,+91-63990-57255,2025-03-26T11:48:00,1155,VOICE,BOM-702,19.075651,72.877839,BOM-447,19.044528,72.855601
DB3BA08D,+91-70420-96890,+91-91761-55791,2025-02-03T08:00:00,1603,VOICE,BOM-244,19.099254,72.849348,BOM-244,19.09853,72.848662
36E37FAE,+91-91761-58157,+91-93400-84868,2025-04-14T19:33:00,1554,VOICE,BOM-318,19.119652,72.847113,BOM-808,19.054503,72.900177
17675F66,+91-93400-71967,+91-77540-17212,2025-01-29T10:02:00,955,VOICE,BOM-447,19.044409,72.855943,BOM-621,19.136198,72.829353
B4C88543,+91-91761-73026,+91-63990-28497,2025-03-24T08:32:00,464,VOICE,BOM-901,19.02921,72.855174,BOM-808,19.054011,72.900164
E43ED8AB,+91-80720-59901,+91-93400-35637,2025-04-22T18:16:00,45,SMS,BOM-212,19.041602,72.864072,BOM-519,19.066043,72.878539
BCB50FB7,+91-91761-13617,+91-89120-30696,2025-02-07T17:11:00,392,VOICE,BOM-519,19.066361,72.878075,BOM-621,19.135765,72.82992
A032C716,+91-88200-82038,+91-63990-25688,2025-02-07T07:53:00,738,VOICE,BOM-244,19.098994,72.849274,BOM-901,19.029948,72.855442
ABB5F91D,+91-63990-61260,+91-88200-37976,2025-03-10T07:14:00,1787,VOICE,BOM-212,19.041011,72.863876,BOM-318,19.119477,72.846862
C207F08A,+91-89120-92409,+91-75300-42064,2025-03-12T11:35:00,959,VOICE,BOM-901,19.030096,72.855062,BOM-103,18.963415,72.834224
8B076D8D,+91-89120-32277,+91-87890-57717,2025-01-29T20:31:00,1025,VOICE,BOM-901,19.0295,72.855482,BOM-244,19.098937,72.848991
BB757FF6,+91-97300-22222,+91-97300-33333,2025-01-15T20:47:00,1427,VOICE,BOM-702,19.075629,72.878161,BOM-702,19.075427,72.878155
90D47297,+91-88200-29465,+91-93400-91098,2025-03-04T21:42:00,38,SMS,BOM-519,19.066364,72.87886,BOM-702,19.076294,72.877607
053F80C1,+91-70420-89955,+91-77540-22846,2025-03-29T12:41:00,757,VOICE,BOM-447,19.04483,72.855395,BOM-808,19.054859,72.900239
5A2A5477,+91-93400-52155,+91-89120-72464,2025-02-17T23:37:00,843,VOICE,BOM-621,19.13564,72.82925,BOM-702,19.076145,72.87729
A8BE0E4A,+91-77540-89761,+91-63990-15796,2025-01-26T07:24:00,60,SMS,BOM-702,19.075906,72.877822,BOM-103,18.963478,72.834406
C5077B0B,+91-88200-77126,+91-80720-76957,2025-02-04T17:57:00,237,VOICE,BOM-244,19.099162,72.849044,BOM-702,19.075564,72.877366
9C668449,+91-77540-47399,+91-70420-86937,2025-04-09T15:12:00,1052,VOICE,BOM-244,19.099431,72.848747,BOM-808,19.054863,72.90042
DBEE45E9,+91-91761-95107,+91-91761-79197,2025-01-20T14:37:00,1177,VOICE,BOM-103,18.963354,72.834687,BOM-318,19.119542,72.846535
C799913B,+91-63990-40234,+91-89120-59173,2025-03-05T14:55:00,277,VOICE,BOM-901,19.029339,72.854811,BOM-901,19.029461,72.854811
EBD88D5F,+91-89120-58506,+91-89120-48947,2025-02-05T18:44:00,680,VOICE,BOM-318,19.120072,72.846537,BOM-447,19.044513,72.855455
73DEACA6,+91-77540-87618,+91-70420-74107,2025-04-14T13:04:00,332,VOICE,BOM-519,19.066054,72.878495,BOM-519,19.066485,72.87855
29D27B5C,+91-87890-19022,+91-89120-73309,2025-02-28T13:52:00,8,SMS,BOM-447,19.044756,72.855536,BOM-519,19.066396,72.878825
C89925E6,+91-75300-74621,+91-80720-93559,2025-02-11T19:47:00,1041,VOICE,BOM-901,19.029566,72.855378,BOM-103,18.96371,72.834292
D884CF0B,+91-91761-28022,+91-80720-45230,2025-04-04T09:25:00,122,VOICE,BOM-212,19.0415,72.864047,BOM-702,19.075624,72.877342
BA6FC8F2,+91-70420-35955,+91-75300-90483,2025-02-05T07:23:00,46,SMS,BOM-447,19.044754,72.855496,BOM-318,19.120026,72.846455
FEE6797B,+91-91761-89894,+91-70420-81385,2025-03-12T11:36:00,39,SMS,BOM-808,19.054232,72.900807,BOM-808,19.054732,72.90049
24010FA5,+91-77540-98501,+91-80720-30466,2025-04-22T17:35:00,394,VOICE,BOM-702,19.076265,72.877369,BOM-244,19.098942,72.848975
D0C56D7E,+91-97300-77777,+91-89120-12228,2025-01-15T15:23:00,984,VOICE,BOM-702,19.076246,72.877365,BOM-621,19.135552,72.829592
C7C3DE5C,+91-70420-55764,+91-70420-38053,2025-01-28T12:30:00,787,VOICE,BOM-244,19.099256,72.849169,BOM-318,19.119306,72.84704
73EFE505,+91-97300-22222,+91-97300-11111,2025-02-16T13:29:00,1288,VOICE,BOM-808,19.054986,72.900741,BOM-103,18.963487,72.834696
118303BE,+91-89120-22687,+91-88200-16832,2025-03-20T23:32:00,913,VOICE,BOM-318,19.119476,72.847251,BOM-901,19.02943,72.854818
003146B6,+91-75300-46671,+91-75300-42130,2025-01-30T17:30:00,518,VOICE,BOM-621,19.135968,72.82958,BOM-808,19.054294,72.900246
43C5DD6C,+91-75300-18844,+91-77540-46668,2025-03-08T10:30:00,1056,VOICE,BOM-621,19.135973,72.829185,BOM-901,19.029212,72.855758
D26E3B3F,+91-63990-30244,+91-91761-46437,2025-01-24T19:23:00,35,SMS,BOM-519,19.066753,72.878837,BOM-808,19.054553,72.900012
53B9514E,+91-97300-77777,+91-89120-25858,2025-03-16T12:32:00,705,VOICE,BOM-103,18.963101,72.834439,BOM-621,19.136087,72.829143
4229E4E9,+91-91761-16144,+91-80720-92335,2025-02-26T11:39:00,44,SMS,BOM-808,19.054553,72.900999,BOM-808,19.054176,72.900092
61EB75EA,+91-93400-97769,+91-88200-40388,2025-03-04T08:39:00,1063,VOICE,BOM-702,19.075838,72.877423,BOM-901,19.029703,72.855243
F1C53466,+91-93400-59154,+91-91761-40020,2025-01-23T22:21:00,432,VOICE,BOM-519,19.066531,72.8781,BOM-621,19.136413,72.830083
DAC2A37A,+91-87890-85125,+91-70420-88967,2025-04-24T14:19:00,1607,VOICE,BOM-901,19.029369,72.855402,BOM-103,18.963096,72.834021
30263794,+91-70420-32637,+91-75300-27063,2025-04-11T18:51:00,1296,VOICE,BOM-212,19.041696,72.863946,BOM-447,19.044792,72.856174
8B395787,+91-63990-31518,+91-75300-70396,2025-03-27T13:11:00,1571,VOICE,BOM-808,19.054528,72.900282,BOM-808,19.054326,72.900156
18B2FB30,+91-75300-44854,+91-93400-44223,2025-04-07T19:51:00,680,VOICE,BOM-103,18.962956,72.834024,BOM-808,19.05484,72.900966
55F4BF04,+91-97300-77777,+91-89120-46622,2025-02-04T12:36:00,1377,VOICE,BOM-519,19.066046,72.878831,BOM-318,19.119489,72.846916
1B87CDD0,+91-89120-20830,+91-77540-17020,2025-03-29T10:58:00,24,SMS,BOM-702,19.075729,72.877331,BOM-901,19.029872,72.855438
6A7684A9,+91-80720-89250,+91-87890-68655,2025-01-25T07:44:00,1379,VOICE,BOM-519,19.065973,72.878606,BOM-447,19.044841,72.855997
3EEC2BCE,+91-87890-82015,+91-80720-64367,2025-03-06T10:17:00,58,SMS,BOM-212,19.040927,72.86394,BOM-318,19.119928,72.846733
97DFECCE,+91-93400-18577,+91-91761-50120,2025-03-09T22:24:00,36,SMS,BOM-519,19.066614,72.878476,BOM-103,18.963354,72.834292
08877A38,+91-87890-10610,+91-88200-84727,2025-04-03T14:38:00,35,SMS,BOM-103,18.963313,72.833783,BOM-621,19.136008,72.829686
A775E5A0,+91-97300-77777,+91-75300-74006,2025-04-16T13:52:00,1089,VOICE,BOM-447,19.044361,72.856274,BOM-318,19.119606,72.846688
FA0BF312,+91-91761-58922,+91-91761-16733,2025-04-20T17:24:00,858,VOICE,BOM-901,19.029719,72.854895,BOM-808,19.054445,72.900841
C48BD28C,+91-88200-23264,+91-88200-95968,2025-03-02T11:19:00,1271,VOICE,BOM-901,19.0298,72.855317,BOM-212,19.041857,72.863447
6D9576E0,+91-63990-63356,+91-93400-77627,2025-01-16T07:13:00,227,VOICE,BOM-519,19.066653,72.878658,BOM-702,19.075931,72.877657
145D1CC7,+91-89120-61013,+91-63990-78306,2025-04-03T12:15:00,1136,VOICE,BOM-702,19.076125,72.877939,BOM-447,19.043973,72.85598
DFA64FA8,+91-70420-23541,+91-75300-35416,2025-02-27T11:55:00,40,SMS,BOM-447,19.043945,72.856027,BOM-808,19.054893,72.900509
12D3B9FB,+91-77540-27653,+91-77540-69034,2025-01-16T15:33:00,1239,VOICE,BOM-702,19.076007,72.877727,BOM-901,19.029652,72.855277
4E61AC60,+91-63990-28585,+91-88200-62541,2025-03-11T15:30:00,1083,VOICE,BOM-808,19.054028,72.900315,BOM-621,19.13649,72.829218
19DB01D5,+91-97300-77777,+91-70420-88304,2025-01-21T19:15:00,786,VOICE,BOM-447,19.044029,72.856248,BOM-212,19.041621,72.863534
C1FA91A2,+91-91761-96696,+91-63990-49899,2025-01-30T07:10:00,1676,VOICE,BOM-447,19.044266,72.855539,BOM-244,19.099339,72.848823
A6009233,+91-87890-83349,+91-77540-55021,2025-01-29T08:06:00,273,VOICE,BOM-212,19.041652,72.863951,BOM-519,19.066468,72.878169
9E0E857C,+91-70420-19457,+91-91761-76420,2025-02-13T15:17:00,141,VOICE,BOM-901,19.029729,72.855651,BOM-447,19.044409,72.855994
2AC90C5B,+91-70420-25379,+91-89120-99941,2025-04-18T15:25:00,262,VOICE,BOM-808,19.054,72.900115,BOM-447,19.044385,72.855967
C2D0CB9C,+91-77540-11138,+91-63990-22288,2025-01-15T23:58:00,1625,VOICE,BOM-519,19.066611,72.877941,BOM-901,19.029162,72.854821
E3B31D8E,+91-70420-82361,+91-87890-60676,2025-03-28T18:17:00,1238,VOICE,BOM-702,19.076306,72.877944,BOM-244,19.099325,72.849458
CCE6D290,+91-63990-52910,+91-91761-86964,2025-03-08T21:45:00,980,VOICE,BOM-212,19.041401,72.864041,BOM-212,19.041602,72.86361
35547080,+91-88200-41935,+91-77540-96691,2025-03-14T12:28:00,29,SMS,BOM-901,19.030042,72.855622,BOM-519,19.066192,72.878535
E185ED08,+91-87890-51313,+91-75300-94786,2025-04-07T21:14:00,601,VOICE,BOM-244,19.098651,72.849457,BOM-808,19.054177,72.900808
452E1DA0,+91-97300-22222,+91-97300-33333,2025-01-21T14:27:00,8,SMS,BOM-702,19.075976,72.877469,BOM-212,19.04136,72.86404
2472EB4C,+91-89120-68286,+91-93400-36961,2025-04-13T12:18:00,11,SMS,BOM-702,19.07606,72.877542,BOM-244,19.099116,72.849416
78C45931,+91-91761-43864,+91-87890-51788,2025-03-01T20:21:00,449,VOICE,BOM-318,19.119327,72.846604,BOM-103,18.963786,72.834009
B5BA340D,+91-89120-30000,+91-77540-21799,2025-02-17T23:03:00,351,VOICE,BOM-244,19.099013,72.849221,BOM-702,19.076147,72.877664
A798619D,+91-97300-66666,+91-97300-77777,2025-03-24T20:33:00,22,SMS,BKC-112,19.0656,72.8669,BOM-808,19.054992,72.900831
9693154B,+91-77540-24875,+91-89120-64702,2025-03-05T12:52:00,1685,VOICE,BOM-447,19.043909,72.856167,BOM-519,19.066191,72.878366
D3B41318,+91-80720-20602,+91-91761-87231,2025-03-13T21:41:00,1722,VOICE,BOM-621,19.13584,72.829586,BOM-808,19.054667,72.900413
5FFEE4D2,+91-80720-74920,+91-88200-90961,2025-04-01T23:36:00,593,VOICE,BOM-519,19.066334,72.877986,BOM-447,19.04391,72.855516
7BCDE7F9,+91-63990-73983,+91-87890-62870,2025-02-22T11:54:00,962,VOICE,BOM-519,19.065852,72.878315,BOM-808,19.054293,72.900038
2E43F912,+91-77540-45865,+91-80720-49801,2025-03-03T21:57:00,726,VOICE,BOM-901,19.029297,72.855665,BOM-702,19.076033,72.877917
AA9824E5,+91-93400-62673,+91-89120-42052,2025-03-03T10:47:00,965,VOICE,BOM-519,19.066313,72.877963,BOM-519,19.066089,72.878112
ABB5F3E4,+91-97300-11111,+91-97300-33333,2025-02-12T19:19:00,1659,VOICE,BOM-519,19.066617,72.878866,BOM-702,19.075687,72.877332
974B8142,+91-91761-49242,+91-89120-82388,2025-04-18T21:27:00,168,VOICE,BOM-702,19.075752,72.878029,BOM-318,19.119321,72.846548
43DB6EC5,+91-63990-60884,+91-89120-59390,2025-02-03T18:12:00,33,SMS,BOM-212,19.041002,72.863323,BOM-318,19.119243,72.846605
46BE1DBD,+91-70420-80221,+91-80720-93012,2025-03-15T11:45:00,6,SMS,BOM-901,19.02953,72.854925,BOM-318,19.120188,72.846609
3FA46991,+91-63990-22443,+91-93400-38391,2025-02-28T15:28:00,1645,VOICE,BOM-519,19.066272,72.878069,BOM-702,19.075722,72.877955
CAC58ADA,+91-75300-41605,+91-70420-42114,2025-02-18T11:51:00,55,SMS,BOM-447,19.044069,72.856136,BOM-318,19.120125,72.846701
2713B30E,+91-89120-25559,+91-87890-30825,2025-01-24T18:16:00,1494,VOICE,BOM-447,19.04448,72.855763,BOM-808,19.054147,72.90091
46E9825F,+91-88200-54027,+91-89120-79195,2025-02-07T16:34:00,456,VOICE,BOM-318,19.120125,72.847088,BOM-212,19.041406,72.863214
A9C1A0DE,+91-89120-19178,+91-88200-82175,2025-02-08T18:46:00,17,SMS,BOM-808,19.05493,72.90027,BOM-447,19.044886,72.856236
5744AC07,+91-70420-19634,+91-93400-83765,2025-02-01T09:26:00,1309,VOICE,BOM-244,19.09943,72.848649,BOM-103,18.963675,72.834311
79D5C50B,+91-63990-10839,+91-89120-87599,2025-01-21T09:42:00,1644,VOICE,BOM-103,18.962814,72.834255,BOM-447,19.044784,72.855927
1C37FE93,+91-77540-74866,+91-89120-27715,2025-04-09T14:53:00,1231,VOICE,BOM-212,19.041808,72.864024,BOM-103,18.963472,72.834434
560A50F2,+91-75300-34587,+91-89120-58842,2025-04-16T22:14:00,433,VOICE,BOM-519,19.066057,72.878866,BOM-808,19.054011,72.900857
984FBD55,+91-88200-27726,+91-63990-34956,2025-04-12T12:44:00,27,SMS,BOM-447,19.044738,72.855791,BOM-212,19.041506,72.863589
CD089836,+91-77540-32207,+91-70420-32470,2025-02-16T15:58:00,47,SMS,BOM-244,19.098784,72.849329,BOM-519,19.066413,72.87866
00E6B14A,+91-75300-63332,+91-91761-91834,2025-01-31T19:24:00,493,VOICE,BOM-808,19.054134,72.900985,BOM-519,19.066089,72.878769
8ECBF40D,+91-63990-46653,+91-91761-47728,2025-04-04T15:19:00,1534,VOICE,BOM-103,18.962978,72.83424,BOM-103,18.963691,72.833855
A7243C16,+91-91761-25392,+91-87890-81768,2025-03-31T07:16:00,178,VOICE,BOM-212,19.041627,72.864097,BOM-244,19.098662,72.848855
0E9D50B3,+91-88200-86569,+91-80720-10875,2025-03-02T14:28:00,748,VOICE,BOM-808,19.054344,72.900224,BOM-519,19.066297,72.878855
E2656F1F,+91-77540-73011,+91-63990-76037,2025-02-21T23:25:00,685,VOICE,BOM-103,18.963471,72.833855,BOM-702,19.075585,72.877664
3EB310A6,+91-97300-66666,+91-97300-77777,2025-01-28T07:36:00,1757,VOICE,BKC-112,19.0656,72.8669,BOM-901,19.030099,72.8557
7900C998,+91-75300-16469,+91-88200-48889,2025-04-02T09:59:00,477,VOICE,BOM-244,19.098655,72.848634,BOM-808,19.05458,72.900749
D3A5CF93,+91-63990-66235,+91-87890-76895,2025-02-23T10:33:00,11,SMS,BOM-621,19.135885,72.82926,BOM-103,18.963034,72.833918
1874A0B0,+91-88200-17111,+91-80720-80602,2025-02-12T07:59:00,37,SMS,BOM-621,19.136112,72.82912,BOM-318,19.11995,72.847292
4C7C449D,+91-97300-22222,+91-97300-11111,2025-02-19T07:16:00,36,SMS,BOM-244,19.099475,72.848822,BOM-901,19.029277,72.855798
14B7D8F1,+91-70420-24444,+91-93400-37079,2025-02-08T16:55:00,1543,VOICE,BOM-212,19.041882,72.86367,BOM-318,19.120175,72.846787
43D8239C,+91-97300-22222,+91-97300-11111,2025-04-18T10:19:00,529,VOICE,BOM-244,19.098768,72.849283,BOM-212,19.041494,72.863764
FC85C8A4,+91-88200-86837,+91-87890-97520,2025-04-18T08:24:00,388,VOICE,BOM-702,19.075617,72.877779,BOM-318,19.119468,72.847136
719E2420,+91-97300-33333,+91-97300-11111,2025-04-22T13:39:00,1326,VOICE,BOM-212,19.041606,72.863608,BOM-244,19.09936,72.848549
6D2E87B7,+91-93400-33862,+91-63990-35418,2025-04-16T07:58:00,1661,VOICE,BOM-702,19.076328,72.878111,BOM-103,18.963747,72.834454
2B6880FD,+91-88200-19938,+91-88200-50869,2025-01-18T20:59:00,40,SMS,BOM-808,19.054449,72.900771,BOM-621,19.135626,72.829106
54F3F60A,+91-93400-89850,+91-87890-31996,2025-02-18T10:33:00,51,VOICE,BOM-621,19.136025,72.829966,BOM-447,19.044288,72.855695
F16B7016,+91-97300-11111,+91-97300-22222,2025-02-22T13:31:00,199,VOICE,BOM-318,19.119637,72.847192,BOM-103,18.963738,72.834213
BFD495C2,+91-91761-79354,+91-88200-70465,2025-01-24T13:58:00,634,VOICE,BOM-318,19.120053,72.846807,BOM-808,19.054504,72.900022
6E682A8A,+91-89120-18890,+91-75300-98586,2025-04-06T22:14:00,1326,VOICE,BOM-519,19.066512,72.878653,BOM-702,19.076399,72.878131
5728887C,+91-93400-49246,+91-93400-48833,2025-04-13T15:29:00,58,SMS,BOM-808,19.054747,72.900232,BOM-244,19.098885,72.849173
73D27C54,+91-75300-48047,+91-75300-12395,2025-03-18T18:59:00,37,SMS,BOM-808,19.054549,72.900295,BOM-901,19.029596,72.855498
AFD885E6,+91-63990-76872,+91-80720-82547,2025-02-11T20:38:00,280,VOICE,BOM-621,19.136019,72.829775,BOM-212,19.04157,72.863963
F5890684,+91-87890-47119,+91-88200-31011,2025-03-12T23:58:00,50,SMS,BOM-244,19.099336,72.84879,BOM-901,19.029916,72.855529
640AF3EB,+91-87890-63886,+91-93400-45439,2025-02-06T23:42:00,486,VOICE,BOM-702,19.075871,72.877981,BOM-808,19.054156,72.900048
B1082C33,+91-87890-29853,+91-75300-42526,2025-03-18T16:08:00,1239,VOICE,BOM-621,19.135592,72.829596,BOM-702,19.075949,72.877676
20A5FEFA,+91-70420-22288,+91-87890-60329,2025-01-20T11:12:00,526,VOICE,BOM-702,19.076034,72.877792,BOM-808,19.054509,72.90051
FC684733,+91-80720-92560,+91-70420-55803,2025-01-22T12:20:00,1151,VOICE,BOM-212,19.041065,72.863895,BOM-621,19.135786,72.829726
748BA2EE,+91-75300-49994,+91-80720-41366,2025-03-15T12:34:00,1274,VOICE,BOM-212,19.041077,72.863284,BOM-621,19.135732,72.829728
1E78A879,+91-89120-23623,+91-75300-61534,2025-01-28T07:03:00,13,SMS,BOM-808,19.054062,72.90094,BOM-103,18.963482,72.834052
00CDBD6C,+91-63990-16314,+91-75300-11684,2025-04-14T12:38:00,916,VOICE,BOM-808,19.054092,72.900118,BOM-103,18.96291,72.834598
06D625E2,+91-80720-76043,+91-70420-34761,2025-01-19T13:33:00,56,SMS,BOM-244,19.099262,72.848775,BOM-808,19.054211,72.900925
89A3D132,+91-70420-50877,+91-88200-97738,2025-03-04T09:03:00,1265,VOICE,BOM-808,19.054662,72.900648,BOM-702,19.075664,72.877283
FC87FE2B,+91-91761-45136,+91-63990-91504,2025-04-08T19:44:00,1254,VOICE,BOM-318,19.120149,72.84722,BOM-808,19.054201,72.900528
3CB57B12,+91-91761-41256,+91-70420-30592,2025-04-24T17:13:00,22,VOICE,BOM-901,19.030075,72.855025,BOM-318,19.119485,72.846847
DDCCE908,+91-89120-55783,+91-75300-49847,2025-04-01T09:47:00,40,SMS,BOM-447,19.044849,72.855854,BOM-702,19.075894,72.877436
D51F9E8F,+91-87890-74621,+91-70420-53612,2025-02-23T22:06:00,12,SMS,BOM-519,19.06655,72.878774,BOM-447,19.044337,72.855661
CEDA07B8,+91-70420-44814,+91-77540-44527,2025-02-20T14:52:00,29,SMS,BOM-318,19.119838,72.847118,BOM-702,19.076079,72.877771
A127C8B0,+91-97300-33333,+91-97300-11111,2025-02-07T20:26:00,52,SMS,BOM-103,18.963211,72.834104,BOM-519,19.066596,72.878666
1EF2A4DE,+91-80720-43595,+91-63990-40937,2025-04-22T09:10:00,716,VOICE,BOM-519,19.066059,72.878162,BOM-212,19.041849,72.863606
DE3D2D21,+91-80720-13057,+91-63990-62668,2025-03-06T08:46:00,1270,VOICE,BOM-901,19.029244,72.855104,BOM-212,19.041102,72.863927
CA4990A6,+91-88200-60487,+91-80720-27945,2025-04-23T23:49:00,571,VOICE,BOM-212,19.041212,72.863568,BOM-519,19.06622,72.878811
0ACC3CA7,+91-75300-73912,+91-93400-11331,2025-02-21T18:09:00,183,VOICE,BOM-244,19.0986,72.848756,BOM-519,19.066528,72.878214
303C52B2,+91-75300-45616,+91-89120-48783,2025-01-25T17:32:00,24,SMS,BOM-621,19.136096,72.829441,BOM-447,19.044073,72.855457
430649B7,+91-63990-82572,+91-77540-68426,2025-04-18T07:27:00,198,VOICE,BOM-447,19.044408,72.856284,BOM-244,19.099161,72.848566
52BEE8E3,+91-75300-89678,+91-93400-91002,2025-02-13T15:10:00,15,SMS,BOM-103,18.963627,72.834472,BOM-103,18.963687,72.83382
A24658BD,+91-75300-37442,+91-70420-21961,2025-02-24T22:03:00,742,VOICE,BOM-901,19.029837,72.855643,BOM-621,19.135745,72.829759
FB49019F,+91-89120-62630,+91-93400-64347,2025-02-16T09:56:00,366,VOICE,BOM-808,19.054303,72.900136,BOM-621,19.136189,72.829799
4C04B850,+91-93400-92507,+91-70420-64555,2025-03-25T14:06:00,1232,VOICE,BOM-318,19.12011,72.846643,BOM-519,19.066056,72.877986
1076D0EF,+91-88200-14725,+91-89120-61825,2025-02-16T11:08:00,862,VOICE,BOM-519,19.066308,72.878264,BOM-808,19.054029,72.900198
8D2348C8,+91-63990-69901,+91-80720-39445,2025-02-02T11:55:00,937,VOICE,BOM-447,19.044479,72.856184,BOM-212,19.04114,72.864129
E1D434B4,+91-80720-91481,+91-87890-15350,2025-02-28T15:32:00,862,VOICE,BOM-702,19.076319,72.87778,BOM-212,19.041602,72.863734
FCB98104,+91-77540-34482,+91-91761-81492,2025-01-30T15:03:00,430,VOICE,BOM-621,19.136069,72.82958,BOM-702,19.076387,72.877832
BAAD669B,+91-88200-72166,+91-80720-50577,2025-04-08T19:52:00,1422,VOICE,BOM-447,19.044554,72.855975,BOM-318,19.119756,72.846313
D10DED31,+91-80720-84216,+91-93400-26405,2025-02-04T17:28:00,914,VOICE,BOM-901,19.0297,72.855315,BOM-447,19.0443,72.855409
DD4FF3F4,+91-89120-65767,+91-75300-64559,2025-02-20T18:23:00,1632,VOICE,BOM-244,19.099359,72.848662,BOM-621,19.135518,72.829303
51AE8A73,+91-87890-89061,+91-93400-61879,2025-03-06T22:14:00,309,VOICE,BOM-212,19.0413,72.86372,BOM-621,19.135546,72.830012
529889B2,+91-87890-63829,+91-80720-20104,2025-04-16T09:03:00,725,VOICE,BOM-244,19.099217,72.849236,BOM-621,19.135685,72.830014
417319B8,+91-91761-42712,+91-91761-52868,2025-02-26T23:34:00,188,VOICE,BOM-244,19.09915,72.848665,BOM-901,19.029563,72.854899
72D098AC,+91-93400-95022,+91-88200-29481,2025-03-18T12:22:00,830,VOICE,BOM-519,19.066144,72.878594,BOM-212,19.041056,72.863317
DF11F723,+91-80720-10745,+91-63990-16174,2025-04-20T22:51:00,1168,VOICE,BOM-901,19.029776,72.855082,BOM-318,19.1199,72.846882
EBD8050F,+91-80720-19780,+91-87890-34419,2025-02-15T08:47:00,1155,VOICE,BOM-519,19.066522,72.878676,BOM-901,19.029245,72.855688
FEA48E18,+91-70420-34086,+91-93400-53988,2025-02-02T09:31:00,231,VOICE,BOM-212,19.041753,72.863374,BOM-103,18.963374,72.833948
C461A8D7,+91-88200-32805,+91-70420-92469,2025-04-06T07:10:00,1429,VOICE,BOM-212,19.041518,72.863804,BOM-318,19.11925,72.847251
F813BD44,+91-70420-58668,+91-75300-97004,2025-04-03T11:47:00,994,VOICE,BOM-901,19.029124,72.855461,BOM-808,19.054053,72.900306
4CE87078,+91-88200-63994,+91-75300-86648,2025-02-21T19:14:00,40,SMS,BOM-901,19.029924,72.85546,BOM-702,19.075734,72.877924
3BF37E12,+91-70420-47175,+91-89120-45755,2025-01-21T23:02:00,83,VOICE,BOM-447,19.044316,72.855626,BOM-244,19.099041,72.849103
FA05A1BD,+91-88200-35017,+91-77540-49771,2025-01-16T07:33:00,168,VOICE,BOM-447,19.044256,72.855441,BOM-318,19.119465,72.846967
8FB302D9,+91-93400-83448,+91-75300-52810,2025-03-02T08:28:00,373,VOICE,BOM-447,19.043938,72.856008,BOM-103,18.962933,72.833828
6E8E490F,+91-70420-83071,+91-77540-96643,2025-02-27T10:28:00,558,VOICE,BOM-621,19.13579,72.829175,BOM-103,18.963731,72.834539
7E9C98FD,+91-88200-36321,+91-91761-70743,2025-03-09T09:37:00,500,VOICE,BOM-901,19.030057,72.855251,BOM-212,19.040997,72.863993
DF5034AF,+91-70420-32302,+91-88200-37236,2025-04-23T10:15:00,13,SMS,BOM-808,19.054754,72.900987,BOM-318,19.120169,72.846613
2A493E75,+91-87890-51458,+91-70420-20183,2025-04-22T20:08:00,623,VOICE,BOM-621,19.1355,72.829898,BOM-244,19.098532,72.848968
2386D1AB,+91-63990-40983,+91-91761-21373,2025-03-26T12:28:00,35,VOICE,BOM-808,19.054776,72.900976,BOM-318,19.119629,72.847138
DECF6874,+91-87890-69519,+91-87890-80237,2025-02-22T23:22:00,54,SMS,BOM-244,19.099291,72.849235,BOM-621,19.136471,72.82918
3133A904,+91-89120-40667,+91-88200-79417,2025-02-01T14:27:00,42,VOICE,BOM-244,19.099179,72.849225,BOM-901,19.029763,72.855253
68EDFE76,+91-97300-33333,+91-97300-11111,2025-04-13T23:05:00,1616,VOICE,BOM-103,18.963084,72.834412,BOM-702,19.076247,72.877445
23BE2323,+91-75300-59883,+91-70420-82316,2025-01-17T07:29:00,1408,VOICE,BOM-901,19.029496,72.854981,BOM-212,19.041207,72.863825
3B339180,+91-80720-36227,+91-75300-72054,2025-04-04T19:05:00,551,VOICE,BOM-621,19.135523,72.829429,BOM-244,19.099069,72.849105
BEC52B53,+91-75300-85673,+91-88200-56526,2025-04-09T10:15:00,238,VOICE,BOM-318,19.11921,72.846799,BOM-447,19.044738,72.855378
539E1ED5,+91-88200-33913,+91-75300-87733,2025-03-26T18:24:00,377,VOICE,BOM-212,19.041619,72.86333,BOM-244,19.09903,72.848708
C456F28E,+91-63990-38489,+91-63990-89463,2025-02-27T23:02:00,39,VOICE,BOM-621,19.136051,72.829699,BOM-212,19.041307,72.864049
70932D3B,+91-63990-80268,+91-77540-72920,2025-01-15T08:37:00,1647,VOICE,BOM-621,19.135663,72.82925,BOM-808,19.054736,72.900845
03892D9C,+91-91761-81659,+91-80720-77896,2025-03-27T19:24:00,55,SMS,BOM-318,19.120087,72.846412,BOM-702,19.076211,72.877865
01F40993,+91-77540-60408,+91-91761-24835,2025-03-18T08:00:00,54,SMS,BOM-103,18.962868,72.834438,BOM-244,19.099086,72.848579
78423247,+91-89120-62248,+91-80720-76479,2025-04-03T16:53:00,25,SMS,BOM-103,18.963138,72.834432,BOM-519,19.066621,72.878871
5B1A1F49,+91-89120-20993,+91-70420-38183,2025-03-12T15:37:00,17,SMS,BOM-808,19.054299,72.900415,BOM-212,19.04106,72.863279
5BD1BDDC,+91-89120-95821,+91-89120-18052,2025-04-04T17:18:00,10,SMS,BOM-901,19.029789,72.855602,BOM-212,19.041323,72.863622
A942F1AF,+91-80720-96922,+91-77540-28753,2025-03-06T22:42:00,1047,VOICE,BOM-901,19.029787,72.855514,BOM-702,19.075628,72.877771
B9C96EB1,+91-93400-66847,+91-88200-36047,2025-04-14T19:04:00,1488,VOICE,BOM-447,19.044184,72.855973,BOM-212,19.041506,72.864085
529C1D86,+91-80720-28664,+91-63990-43035,2025-01-18T17:54:00,756,VOICE,BOM-318,19.12018,72.846521,BOM-318,19.119335,72.846763
4D79EDC5,+91-89120-31033,+91-91761-55815,2025-04-24T18:12:00,32,SMS,BOM-318,19.119319,72.846306,BOM-244,19.09905,72.84886
629F0A3A,+91-70420-67188,+91-88200-14721,2025-03-06T11:23:00,1282,VOICE,BOM-212,19.041775,72.863671,BOM-244,19.098668,72.848903
74E2A01F,+91-89120-55308,+91-70420-42911,2025-02-21T16:55:00,1561,VOICE,BOM-447,19.044493,72.85558,BOM-702,19.07567,72.877803
6EA0BB08,+91-91761-91124,+91-89120-67186,2025-03-16T11:33:00,1693,VOICE,BOM-621,19.135605,72.830096,BOM-244,19.098961,72.849229
C5106E00,+91-80720-35070,+91-88200-23148,2025-03-20T14:45:00,1719,VOICE,BOM-244,19.099129,72.8492,BOM-244,19.098649,72.848653
E1D73EF8,+91-70420-11755,+91-63990-21976,2025-03-26T08:09:00,403,VOICE,BOM-212,19.041274,72.863632,BOM-901,19.029562,72.8556
945E0F11,+91-89120-43458,+91-88200-34314,2025-03-29T11:25:00,414,VOICE,BOM-901,19.029133,72.855455,BOM-447,19.044499,72.855421
0B3FE920,+91-91761-69780,+91-91761-54436,2025-03-08T14:58:00,90,VOICE,BOM-447,19.044481,72.855934,BOM-318,19.119478,72.847074
E39F7124,+91-87890-61660,+91-93400-16951,2025-03-19T08:41:00,1259,VOICE,BOM-702,19.07593,72.878006,BOM-621,19.135672,72.829851
E3674209,+91-75300-71944,+91-75300-16201,2025-01-31T12:21:00,1485,VOICE,BOM-212,19.041562,72.864086,BOM-318,19.120159,72.846469
29EF61D1,+91-97300-22222,+91-97300-11111,2025-03-19T17:33:00,177,VOICE,BOM-103,18.963117,72.834512,BOM-447,19.044315,72.855324
26758151,+91-97300-77777,+91-80720-39772,2025-01-19T22:33:00,938,VOICE,BOM-519,19.065909,72.87842,BOM-519,19.066149,72.878819
A5CDE93A,+91-77540-12332,+91-93400-11955,2025-03-07T10:22:00,994,VOICE,BOM-212,19.040961,72.863519,BOM-103,18.963265,72.834677
D5D6D6C1,+91-91761-95809,+91-89120-52729,2025-02-16T17:08:00,1513,VOICE,BOM-212,19.041551,72.863313,BOM-702,19.075977,72.877511
E2A2580D,+91-91761-47605,+91-70420-92981,2025-03-24T22:44:00,1727,VOICE,BOM-212,19.041216,72.864053,BOM-702,19.076389,72.877217
825D7A59,+91-88200-69898,+91-70420-14445,2025-01-26T12:34:00,1143,VOICE,BOM-702,19.076179,72.878021,BOM-702,19.076091,72.877653
725E49AD,+91-70420-65861,+91-87890-95240,2025-01-30T16:19:00,757,VOICE,BOM-447,19.044468,72.855977,BOM-244,19.098692,72.849281
95350F00,+91-75300-98988,+91-89120-72694,2025-04-07T21:19:00,623,VOICE,BOM-621,19.135636,72.829156,BOM-103,18.963458,72.833703
334DF544,+91-63990-89429,+91-87890-26887,2025-01-28T10:47:00,24,SMS,BOM-244,19.099153,72.848526,BOM-621,19.136084,72.829927
291BF8D5,+91-93400-63897,+91-80720-95300,2025-01-23T11:33:00,23,SMS,BOM-447,19.044605,72.855802,BOM-212,19.040964,72.864027
F091EA50,+91-89120-24102,+91-80720-46548,2025-04-02T23:38:00,254,VOICE,BOM-808,19.054555,72.90088,BOM-244,19.099468,72.849462
C56AE37D,+91-97300-77777,+91-93400-41425,2025-03-02T18:54:00,947,VOICE,BOM-318,19.120092,72.846949,BOM-621,19.1359,72.829316
174BD8C9,+91-77540-24295,+91-93400-42679,2025-01-15T14:06:00,772,VOICE,BOM-318,19.11945,72.846834,BOM-447,19.044107,72.855686
0D111BE3,+91-88200-76361,+91-93400-68474,2025-04-08T20:08:00,241,VOICE,BOM-621,19.135972,72.8301,BOM-318,19.119594,72.846318
4F199AD2,+91-63990-30359,+91-63990-35890,2025-01-30T22:29:00,53,SMS,BOM-621,19.136208,72.829373,BOM-318,19.119345,72.847158
9DC587FC,+91-93400-20811,+91-87890-63677,2025-03-27T22:49:00,580,VOICE,BOM-212,19.041708,72.863563,BOM-808,19.054706,72.900584
45855511,+91-89120-11095,+91-91761-89180,2025-03-05T15:02:00,208,VOICE,BOM-103,18.96308,72.834273,BOM-103,18.963567,72.834355
9081D87F,+91-93400-37039,+91-91761-14558,2025-03-28T16:33:00,847,VOICE,BOM-103,18.963639,72.833891,BOM-244,19.099399,72.84916
E6EF3F9D,+91-97300-33333,+91-97300-11111,2025-03-02T08:05:00,896,VOICE,BOM-103,18.963041,72.833821,BOM-808,19.054363,72.900965
49DC12B0,+91-88200-38053,+91-80720-19139,2025-01-26T12:01:00,1799,VOICE,BOM-901,19.029269,72.854914,BOM-519,19.066755,72.878389
E8A574C5,+91-70420-27525,+91-70420-53869,2025-01-27T07:38:00,393,VOICE,BOM-103,18.9636,72.833804,BOM-702,19.075533,72.877548
70E44F4B,+91-89120-53097,+91-87890-58457,2025-04-21T14:46:00,472,VOICE,BOM-519,19.066131,72.878764,BOM-621,19.13607,72.829727
9882ED87,+91-91761-36471,+91-77540-82929,2025-03-03T19:49:00,841,VOICE,BOM-808,19.054368,72.900676,BOM-808,19.05475,72.90006
25DD089C,+91-70420-14357,+91-91761-14349,2025-03-24T19:31:00,52,SMS,BOM-447,19.044197,72.856248,BOM-808,19.054144,72.900946
991A29A9,+91-75300-14455,+91-63990-78744,2025-02-01T13:41:00,1613,VOICE,BOM-901,19.029335,72.855701,BOM-244,19.098739,72.848968
D5E5FDA8,+91-87890-58092,+91-91761-53916,2025-04-17T10:53:00,919,VOICE,BOM-318,19.120039,72.84631,BOM-808,19.054794,72.900441
171039A0,+91-93400-23603,+91-75300-73021,2025-03-31T22:00:00,27,SMS,BOM-103,18.962866,72.834698,BOM-621,19.135869,72.829158
8A009A28,+91-63990-67210,+91-75300-20541,2025-03-18T22:12:00,437,VOICE,BOM-212,19.041746,72.863968,BOM-901,19.030001,72.855369
D2FA3E88,+91-97300-11111,+91-97300-33333,2025-01-30T14:20:00,1542,VOICE,BOM-244,19.098785,72.848553,BOM-621,19.13629,72.82936
27E56F4C,+91-97300-77777,+91-80720-18607,2025-03-22T10:37:00,46,SMS,BOM-212,19.041098,72.863845,BOM-702,19.076055,72.877548
57F6DDC4,+91-89120-96689,+91-70420-23898,2025-02-22T08:56:00,901,VOICE,BOM-702,19.076136,72.877348,BOM-702,19.07585,72.877688
6A42EEF7,+91-80720-48209,+91-93400-65181,2025-01-21T16:15:00,13,SMS,BOM-621,19.135735,72.830085,BOM-103,18.963094,72.834457
09E06859,+91-91761-66128,+91-89120-45448,2025-01-29T09:49:00,940,VOICE,BOM-318,19.119408,72.846554,BOM-808,19.054391,72.900233
022B5526,+91-70420-37500,+91-77540-30378,2025-01-29T10:33:00,16,SMS,BOM-447,19.044664,72.856094,BOM-447,19.044572,72.855672
03C541FD,+91-97300-66666,+91-97300-11111,2025-04-20T22:33:00,1120,VOICE,BKC-112,19.0656,72.8669,BOM-808,19.054314,72.900217
0AD3D6F6,+91-97300-33333,+91-97300-11111,2025-02-12T07:20:00,1604,VOICE,BOM-621,19.135665,72.829696,BOM-901,19.029809,72.85487
8123328D,+91-93400-48485,+91-87890-14121,2025-02-16T07:11:00,936,VOICE,BOM-901,19.029276,72.855257,BOM-621,19.135982,72.829956
F3544FA4,+91-88200-86158,+91-91761-87002,2025-03-30T07:10:00,192,VOICE,BOM-447,19.043915,72.855973,BOM-318,19.119369,72.846898
5D11BEF4,+91-63990-97533,+91-70420-26708,2025-03-05T23:29:00,1409,VOICE,BOM-901,19.029434,72.855303,BOM-447,19.044234,72.856267
A53724D2,+91-88200-35812,+91-88200-14878,2025-02-18T12:50:00,1624,VOICE,BOM-621,19.135619,72.829244,BOM-103,18.96325,72.834642
A54CC639,+91-88200-98208,+91-63990-65932,2025-04-10T14:06:00,118,VOICE,BOM-244,19.099455,72.848834,BOM-212,19.041497,72.864058
40B5E6C5,+91-93400-95538,+91-88200-12341,2025-03-14T12:31:00,1459,VOICE,BOM-318,19.120096,72.846345,BOM-702,19.075453,72.87785
99BDE467,+91-91761-65583,+91-88200-99689,2025-04-06T15:38:00,953,VOICE,BOM-702,19.076203,72.877548,BOM-519,19.066314,72.878161
741CAD18,+91-70420-70319,+91-77540-20398,2025-04-19T08:46:00,1516,VOICE,BOM-447,19.044009,72.855594,BOM-621,19.136024,72.829109
F44C083C,+91-70420-46554,+91-93400-31407,2025-03-22T09:08:00,36,SMS,BOM-519,19.065913,72.878355,BOM-901,19.029396,72.855677
54ACB26B,+91-88200-99710,+91-88200-42322,2025-02-21T13:09:00,483,VOICE,BOM-244,19.098568,72.848627,BOM-212,19.04145,72.864023
CCD39549,+91-97300-22222,+91-97300-11111,2025-04-23T22:28:00,1743,VOICE,BOM-702,19.07585,72.878123,BOM-808,19.054528,72.900006
ECF7DD57,+91-75300-55835,+91-91761-91234,2025-01-27T19:22:00,1616,VOICE,BOM-244,19.099319,72.849067,BOM-621,19.135951,72.82911
3AEC5B90,+91-70420-83352,+91-93400-24003,2025-03-29T10:09:00,8,SMS,BOM-621,19.136202,72.829646,BOM-103,18.963367,72.834026
630EDD5B,+91-97300-22222,+91-97300-11111,2025-02-05T15:14:00,53,SMS,BOM-447,19.044091,72.856162,BOM-244,19.098579,72.849167
23A73EDE,+91-80720-45948,+91-91761-11029,2025-02-13T22:23:00,44,SMS,BOM-621,19.135563,72.829409,BOM-212,19.041736,72.863229
81EBF380,+91-88200-55718,+91-80720-40422,2025-01-15T14:43:00,19,SMS,BOM-318,19.120189,72.846865,BOM-318,19.119766,72.846389
A01A26D9,+91-89120-32686,+91-88200-49543,2025-04-04T09:19:00,1130,VOICE,BOM-519,19.066417,72.878342,BOM-702,19.076219,72.877543
24C17E44,+91-97300-11111,+91-97300-33333,2025-01-29T19:22:00,1787,VOICE,BOM-901,19.029267,72.855196,BOM-103,18.963688,72.833803
64260100,+91-80720-25547,+91-63990-47076,2025-04-24T15:45:00,31,SMS,BOM-103,18.963075,72.834179,BOM-519,19.065971,72.878811
657CAA33,+91-88200-48005,+91-63990-74250,2025-03-04T19:20:00,313,VOICE,BOM-447,19.044787,72.855835,BOM-808,19.054392,72.900285
A78F3130,+91-88200-61556,+91-88200-88020,2025-04-02T14:56:00,51,SMS,BOM-103,18.963567,72.833824,BOM-244,19.098858,72.848544
8D0A9DAA,+91-91761-37432,+91-77540-13729,2025-03-02T21:07:00,252,VOICE,BOM-808,19.054852,72.90074,BOM-808,19.05418,72.900384
3019F44B,+91-70420-53554,+91-80720-10284,2025-01-17T10:57:00,21,VOICE,BOM-447,19.044524,72.856097,BOM-901,19.02927,72.855071
AFC173E6,+91-75300-21631,+91-88200-21326,2025-03-31T15:42:00,21,SMS,BOM-702,19.075415,72.878164,BOM-447,19.044504,72.85535
C7283C0D,+91-77540-64436,+91-88200-65746,2025-04-18T21:17:00,1075,VOICE,BOM-318,19.119378,72.847046,BOM-103,18.962811,72.834612
F451ABD1,+91-75300-96729,+91-87890-11206,2025-03-11T15:57:00,47,SMS,BOM-901,19.029522,72.855746,BOM-901,19.029246,72.855543
22C85D56,+91-91761-86657,+91-63990-85942,2025-04-13T14:10:00,1786,VOICE,BOM-702,19.07553,72.877902,BOM-702,19.075974,72.877596
489A691D,+91-91761-26533,+91-63990-27192,2025-02-23T09:21:00,1420,VOICE,BOM-103,18.963415,72.833868,BOM-212,19.041807,72.864187
BDCABE75,+91-80720-21239,+91-77540-48598,2025-04-20T22:25:00,1228,VOICE,BOM-901,19.029756,72.855373,BOM-621,19.136125,72.829844
5E920D5C,+91-77540-33151,+91-87890-22972,2025-03-26T13:41:00,737,VOICE,BOM-808,19.054467,72.900031,BOM-212,19.041705,72.863788
196F15F9,+91-87890-26564,+91-63990-10503,2025-02-09T11:00:00,1560,VOICE,BOM-519,19.066462,72.877922,BOM-244,19.099373,72.848834
DBA18D75,+91-89120-20146,+91-80720-71496,2025-02-27T13:15:00,915,VOICE,BOM-447,19.044035,72.856146,BOM-519,19.066039,72.878499
283CE992,+91-88200-63636,+91-89120-67109,2025-03-01T21:30:00,25,SMS,BOM-621,19.135713,72.829453,BOM-244,19.099455,72.849054
D0AB9F93,+91-97300-22222,+91-97300-33333,2025-02-04T07:58:00,1632,VOICE,BOM-244,19.098663,72.848519,BOM-519,19.066658,72.878221
8561BA9B,+91-77540-27221,+91-93400-60935,2025-01-16T23:15:00,366,VOICE,BOM-519,19.066682,72.878493,BOM-244,19.099493,72.849319
A0B980CF,+91-87890-45957,+91-80720-96243,2025-04-24T11:07:00,1004,VOICE,BOM-447,19.044282,72.856171,BOM-212,19.0414,72.864174
3304F740,+91-93400-30092,+91-77540-56542,2025-02-17T10:16:00,351,VOICE,BOM-808,19.054819,72.900628,BOM-808,19.054744,72.900747
2AAFB382,+91-93400-46168,+91-80720-42231,2025-02-02T16:10:00,49,SMS,BOM-318,19.119708,72.847034,BOM-244,19.099244,72.848876
C25D2D0E,+91-89120-30367,+91-77540-14673,2025-02-14T14:28:00,557,VOICE,BOM-318,19.119882,72.846516,BOM-901,19.029389,72.855624
B777F86D,+91-88200-46533,+91-88200-52215,2025-02-06T15:39:00,34,SMS,BOM-702,19.075798,72.877515,BOM-318,19.119715,72.847077
005EE382,+91-91761-95118,+91-93400-22078,2025-02-25T12:06:00,1181,VOICE,BOM-808,19.05407,72.90031,BOM-244,19.098654,72.849453
93B76E14,+91-77540-63418,+91-93400-87980,2025-04-20T23:54:00,25,SMS,BOM-808,19.054561,72.900099,BOM-318,19.119825,72.847061
6EE92C4B,+91-93400-51688,+91-80720-89131,2025-03-18T23:49:00,865,VOICE,BOM-621,19.136086,72.829576,BOM-447,19.044701,72.856272
8CF6DED8,+91-77540-38112,+91-75300-47817,2025-04-11T17:48:00,23,SMS,BOM-244,19.099006,72.849212,BOM-519,19.066418,72.878786
D4B2B2A5,+91-88200-95952,+91-91761-83834,2025-04-03T20:31:00,375,VOICE,BOM-621,19.13627,72.829627,BOM-702,19.075515,72.878044
9117F873,+91-87890-80933,+91-93400-96049,2025-01-25T09:56:00,774,VOICE,BOM-447,19.044876,72.85561,BOM-519,19.066013,72.878605
21FF204A,+91-70420-98573,+91-75300-26432,2025-03-04T19:12:00,24,SMS,BOM-318,19.119664,72.846453,BOM-212,19.041087,72.864074
8B8E1B5B,+91-75300-43572,+91-91761-31384,2025-01-25T16:12:00,446,VOICE,BOM-447,19.044371,72.856184,BOM-103,18.963263,72.834549
4CDC72B1,+91-97300-77777,+91-91761-79478,2025-02-12T13:33:00,418,VOICE,BOM-103,18.963739,72.834025,BOM-318,19.119417,72.846901
FC40E105,+91-63990-94617,+91-91761-75099,2025-01-31T15:56:00,945,VOICE,BOM-447,19.044725,72.855881,BOM-808,19.054471,72.900365
5415BA00,+91-88200-34031,+91-91761-37096,2025-03-19T14:53:00,44,SMS,BOM-702,19.075459,72.878031,BOM-318,19.120117,72.846686
17938FEC,+91-80720-94523,+91-63990-68168,2025-03-26T21:20:00,49,SMS,BOM-621,19.135991,72.829358,BOM-212,19.041508,72.863344
80ACFA95,+91-87890-84594,+91-88200-15486,2025-03-04T17:37:00,1506,VOICE,BOM-212,19.041463,72.863605,BOM-621,19.135721,72.829762
E6915583,+91-77540-25814,+91-80720-23042,2025-02-21T20:35:00,16,SMS,BOM-808,19.054116,72.900494,BOM-901,19.029114,72.854922
B68C10CD,+91-80720-12547,+91-70420-32244,2025-04-16T14:22:00,1362,VOICE,BOM-318,19.119227,72.846924,BOM-621,19.135865,72.829686
0A12B35E,+91-75300-54009,+91-80720-67481,2025-02-02T19:16:00,171,VOICE,BOM-519,19.066234,72.878791,BOM-901,19.029968,72.855104
2959947E,+91-80720-35603,+91-93400-32450,2025-01-15T18:31:00,973,VOICE,BOM-212,19.041826,72.864022,BOM-621,19.13554,72.829848
112AC022,+91-70420-62230,+91-93400-26724,2025-03-20T21:28:00,1566,VOICE,BOM-702,19.076342,72.87792,BOM-103,18.963086,72.834543
5BF73933,+91-88200-90093,+91-70420-78770,2025-03-09T07:33:00,708,VOICE,BOM-103,18.963518,72.834069,BOM-702,19.076386,72.877845
AD1F825A,+91-87890-32362,+91-88200-25368,2025-04-06T23:54:00,556,VOICE,BOM-702,19.075726,72.878135,BOM-318,19.120126,72.847167
9B6A309B,+91-77540-80144,+91-93400-99067,2025-01-22T07:17:00,1298,VOICE,BOM-103,18.962888,72.834365,BOM-901,19.029938,72.855401
C4927852,+91-89120-29926,+91-80720-20085,2025-03-30T14:52:00,39,SMS,BOM-901,19.029851,72.855279,BOM-212,19.04107,72.863374
2549FC06,+91-87890-18093,+91-87890-35630,2025-03-07T18:18:00,177,VOICE,BOM-244,19.099499,72.849212,BOM-808,19.05405,72.900641
0CCE3B00,+91-75300-62797,+91-89120-60201,2025-03-01T15:11:00,1228,VOICE,BOM-702,19.075954,72.878181,BOM-318,19.11965,72.847188
F7BC0F53,+91-75300-55201,+91-80720-97743,2025-02-28T10:01:00,531,VOICE,BOM-808,19.054423,72.900236,BOM-103,18.963613,72.834641
3A5DB81F,+91-97300-77777,+91-63990-50616,2025-03-21T22:07:00,107,VOICE,BOM-447,19.043954,72.855643,BOM-621,19.135905,72.829365
9F124F81,+91-75300-99351,+91-80720-43181,2025-02-14T23:33:00,985,VOICE,BOM-519,19.066288,72.878674,BOM-621,19.136404,72.829146
06714AAB,+91-80720-33902,+91-70420-54077,2025-02-17T10:22:00,1043,VOICE,BOM-447,19.044629,72.855801,BOM-621,19.135965,72.829583
F182513D,+91-93400-22998,+91-77540-95242,2025-03-30T12:29:00,44,SMS,BOM-103,18.963445,72.834112,BOM-901,19.029823,72.855369
6743627A,+91-97300-22222,+91-97300-11111,2025-04-09T09:12:00,1536,VOICE,BOM-212,19.04135,72.863386,BOM-318,19.119746,72.847207
62CA03A1,+91-77540-58372,+91-89120-58696,2025-02-01T16:04:00,12,SMS,BOM-808,19.054522,72.900301,BOM-103,18.962964,72.834107
9A241D77,+91-77540-71697,+91-77540-96708,2025-03-17T13:17:00,734,VOICE,BOM-519,19.06634,72.87881,BOM-808,19.054439,72.900908
2D9C8E89,+91-88200-40554,+91-75300-11620,2025-04-02T12:56:00,54,SMS,BOM-244,19.098673,72.849197,BOM-318,19.119626,72.846772
8CC86850,+91-80720-37746,+91-75300-12020,2025-03-13T20:50:00,1280,VOICE,BOM-244,19.09888,72.848668,BOM-901,19.029807,72.85499
0B8E7953,+91-93400-20984,+91-77540-66661,2025-01-15T20:45:00,471,VOICE,BOM-212,19.041166,72.863727,BOM-621,19.135802,72.829593
AA722604,+91-97300-22222,+91-97300-33333,2025-04-20T13:51:00,478,VOICE,BOM-519,19.066629,72.878336,BOM-244,19.098811,72.848655
4FEC66F7,+91-80720-17595,+91-77540-66621,2025-04-01T19:23:00,96,VOICE,BOM-808,19.054362,72.900027,BOM-318,19.119397,72.846703
A7BC2219,+91-89120-44457,+91-63990-82199,2025-04-02T14:15:00,1006,VOICE,BOM-808,19.054397,72.900817,BOM-808,19.054959,72.900623
1ED9143F,+91-97300-33333,+91-97300-11111,2025-02-03T13:03:00,12,SMS,BOM-702,19.076268,72.877679,BOM-447,19.044332,72.855422
EDACFD3F,+91-77540-21460,+91-63990-65793,2025-02-22T07:05:00,22,SMS,BOM-103,18.963387,72.834619,BOM-447,19.044015,72.855519
2429BFDA,+91-87890-84998,+91-77540-35119,2025-02-24T08:53:00,699,VOICE,BOM-103,18.9629,72.834318,BOM-103,18.962992,72.834066
C62AFE74,+91-80720-27471,+91-77540-17255,2025-03-08T18:59:00,1621,VOICE,BOM-318,19.120083,72.846405,BOM-244,19.09926,72.848712
36EDB1D0,+91-91761-29215,+91-80720-63302,2025-02-01T18:58:00,370,VOICE,BOM-318,19.119475,72.847006,BOM-103,18.963639,72.833995
8A975C7B,+91-87890-17722,+91-70420-87998,2025-04-03T23:07:00,1724,VOICE,BOM-244,19.098952,72.849207,BOM-244,19.098636,72.849201
CEAC5517,+91-63990-13048,+91-89120-24183,2025-02-26T21:46:00,581,VOICE,BOM-212,19.041273,72.863815,BOM-212,19.041562,72.863955
323269D3,+91-63990-15766,+91-93400-33622,2025-02-01T11:42:00,26,SMS,BOM-808,19.0541,72.90065,BOM-702,19.075928,72.877505
A2D372B4,+91-91761-55724,+91-63990-48287,2025-04-23T23:22:00,24,SMS,BOM-901,19.029537,72.855384,BOM-702,19.076077,72.877686
49C353D1,+91-75300-74327,+91-70420-39256,2025-02-22T13:22:00,449,VOICE,BOM-621,19.135618,72.829489,BOM-901,19.029699,72.855489
298DE2FF,+91-75300-87802,+91-89120-21128,2025-01-22T23:29:00,11,SMS,BOM-901,19.029414,72.855237,BOM-519,19.066113,72.878482
254C19D5,+91-63990-58384,+91-75300-90134,2025-01-23T17:04:00,48,SMS,BOM-103,18.963564,72.833846,BOM-519,19.066019,72.878702
E3B0A061,+91-97300-22222,+91-97300-11111,2025-02-22T10:53:00,923,VOICE,BOM-901,19.030025,72.855557,BOM-103,18.963309,72.834376
1E32A50A,+91-70420-34348,+91-91761-34322,2025-01-30T11:15:00,47,SMS,BOM-447,19.044557,72.855456,BOM-318,19.119725,72.847274
7F8D8B1D,+91-70420-30038,+91-93400-32310,2025-03-25T17:10:00,304,VOICE,BOM-621,19.135508,72.829489,BOM-318,19.11933,72.846394
9851E159,+91-91761-75214,+91-70420-29801,2025-02-02T16:05:00,1624,VOICE,BOM-318,19.119618,72.846398,BOM-103,18.963006,72.83425
9D293E95,+91-70420-44758,+91-93400-74131,2025-03-15T08:10:00,34,SMS,BOM-447,19.04423,72.855506,BOM-808,19.054779,72.900832
8CA15AD8,+91-93400-61904,+91-89120-21766,2025-03-12T16:53:00,1526,VOICE,BOM-519,19.066354,72.877953,BOM-103,18.963236,72.834583
83B37069,+91-75300-16259,+91-75300-62633,2025-03-27T11:35:00,51,SMS,BOM-447,19.044891,72.855775,BOM-103,18.963132,72.833887
96D2CFA0,+91-75300-82226,+91-87890-24843,2025-04-22T08:45:00,1507,VOICE,BOM-621,19.135583,72.829995,BOM-901,19.029293,72.855462
80766573,+91-97300-22222,+91-97300-33333,2025-03-30T11:22:00,5,SMS,BOM-244,19.099079,72.848671,BOM-808,19.05412,72.900144
1FC161CC,+91-97300-11111,+91-97300-22222,2025-04-08T20:28:00,53,VOICE,BOM-901,19.029455,72.854905,BOM-621,19.136329,72.829473
6D080C7E,+91-91761-98807,+91-75300-94207,2025-03-06T15:01:00,6,SMS,BOM-702,19.075796,72.878102,BOM-318,19.120078,72.846311
2C8A8703,+91-75300-94569,+91-88200-32557,2025-04-02T08:14:00,187,VOICE,BOM-808,19.054334,72.900974,BOM-702,19.07628,72.877627
6C0971D8,+91-97300-22222,+91-97300-11111,2025-04-22T11:37:00,1080,VOICE,BOM-447,19.044206,72.855307,BOM-519,19.065803,72.878798
F3489DBC,+91-63990-75223,+91-88200-13480,2025-04-04T18:09:00,1054,VOICE,BOM-702,19.076076,72.87805,BOM-808,19.054531,72.900716
782E5E84,+91-75300-51538,+91-70420-46244,2025-02-23T07:23:00,51,SMS,BOM-212,19.041859,72.864024,BOM-808,19.054129,72.90051
121F5FDF,+91-88200-45765,+91-63990-25428,2025-02-06T14:42:00,1240,VOICE,BOM-447,19.043936,72.855589,BOM-702,19.075737,72.877694
576C2C5F,+91-63990-77485,+91-87890-87594,2025-03-08T20:26:00,35,SMS,BOM-519,19.066766,72.878176,BOM-103,18.962925,72.834056
5C657A4D,+91-88200-73153,+91-70420-23015,2025-02-23T09:07:00,744,VOICE,BOM-103,18.962908,72.83408,BOM-318,19.119412,72.846654
1D4D88C5,+91-97300-77777,+91-77540-11868,2025-02-05T14:35:00,25,SMS,BOM-808,19.054178,72.900414,BOM-447,19.044454,72.855665
A8A51E03,+91-91761-85692,+91-88200-94067,2025-01-21T14:36:00,51,SMS,BOM-901,19.029303,72.855743,BOM-447,19.044767,72.855553
ECA4C882,+91-70420-78830,+91-88200-14355,2025-01-23T16:24:00,1070,VOICE,BOM-901,19.029983,72.854857,BOM-318,19.119676,72.847122
3BF04454,+91-70420-80771,+91-87890-92917,2025-04-12T12:48:00,8,SMS,BOM-621,19.136273,72.829306,BOM-808,19.054543,72.900398
A8885C6C,+91-63990-43419,+91-63990-25448,2025-02-18T19:36:00,1068,VOICE,BOM-519,19.066784,72.878692,BOM-702,19.075805,72.877244
AD9ACC2E,+91-89120-13050,+91-75300-67364,2025-02-09T08:07:00,285,VOICE,BOM-808,19.054075,72.900277,BOM-702,19.076193,72.877645
4EA5F866,+91-63990-78140,+91-87890-51902,2025-04-12T08:06:00,1646,VOICE,BOM-808,19.054748,72.90013,BOM-702,19.076197,72.877462
5C12B022,+91-97300-11111,+91-97300-22222,2025-02-13T08:12:00,763,VOICE,BOM-212,19.041646,72.86372,BOM-808,19.054092,72.900348
09E1E356,+91-88200-81666,+91-77540-71807,2025-01-30T13:54:00,1064,VOICE,BOM-621,19.136317,72.829603,BOM-244,19.098996,72.848502
262ECAC6,+91-88200-14195,+91-93400-63012,2025-04-16T15:11:00,1649,VOICE,BOM-901,19.029823,72.855018,BOM-519,19.066099,72.878533
ABF5430C,+91-63990-95910,+91-89120-15622,2025-02-12T19:07:00,506,VOICE,BOM-244,19.099223,72.849036,BOM-318,19.120004,72.846815
8342B5E1,+91-75300-11691,+91-93400-52861,2025-01-19T07:41:00,39,SMS,BOM-808,19.054068,72.900845,BOM-621,19.135522,72.829564
F0AB09E7,+91-77540-62139,+91-91761-85289,2025-04-08T09:34:00,45,SMS,BOM-244,19.098701,72.849159,BOM-901,19.02944,72.855572
089E17F8,+91-89120-95106,+91-91761-63569,2025-04-18T12:05:00,40,SMS,BOM-621,19.135969,72.829831,BOM-318,19.119247,72.846495
D625561C,+91-88200-54767,+91-91761-51545,2025-03-15T20:55:00,27,SMS,BOM-318,19.119606,72.84655,BOM-244,19.09918,72.849421
A9509D51,+91-75300-63976,+91-88200-12385,2025-02-27T18:12:00,412,VOICE,BOM-702,19.075644,72.877598,BOM-447,19.044039,72.855724
5F2563C7,+91-87890-26550,+91-87890-38583,2025-02-25T07:50:00,1063,VOICE,BOM-212,19.04178,72.863981,BOM-621,19.136044,72.829332
B805DEDB,+91-93400-32064,+91-80720-23200,2025-01-24T08:08:00,46,SMS,BOM-808,19.054762,72.900134,BOM-901,19.02955,72.855792
C131DF14,+91-91761-90363,+91-70420-78058,2025-02-12T09:48:00,1452,VOICE,BOM-808,19.054688,72.900515,BOM-901,19.02979,72.855686
18E5D087,+91-80720-96404,+91-63990-78865,2025-04-17T14:37:00,164,VOICE,BOM-212,19.041777,72.86399,BOM-808,19.054496,72.900346
8BE2B31A,+91-93400-37161,+91-77540-68560,2025-03-21T18:50:00,1512,VOICE,BOM-244,19.098522,72.848742,BOM-447,19.044479,72.856045
910F6596,+91-75300-12574,+91-88200-25769,2025-03-09T11:13:00,1600,VOICE,BOM-212,19.041795,72.863312,BOM-621,19.135879,72.829564
A0A90F25,+91-91761-83324,+91-88200-89889,2025-04-14T11:26:00,300,VOICE,BOM-702,19.075736,72.877533,BOM-621,19.136381,72.829207
C2DF8E33,+91-93400-57980,+91-80720-41002,2025-01-15T14:38:00,1709,VOICE,BOM-244,19.098639,72.848543,BOM-212,19.041089,72.863969
ED15ABA0,+91-70420-33983,+91-77540-30978,2025-03-16T21:44:00,855,VOICE,BOM-244,19.099475,72.848778,BOM-103,18.962983,72.834414
0D302FF8,+91-80720-48967,+91-87890-38734,2025-01-15T10:06:00,1297,VOICE,BOM-808,19.054487,72.900789,BOM-212,19.041037,72.863273
A2762148,+91-88200-15988,+91-88200-55965,2025-01-27T16:36:00,31,SMS,BOM-901,19.02941,72.854857,BOM-318,19.119733,72.846785
0BC7488F,+91-63990-33143,+91-63990-16990,2025-04-03T15:46:00,1482,VOICE,BOM-901,19.029778,72.855171,BOM-901,19.0297,72.855555
B672E414,+91-63990-81528,+91-77540-13897,2025-03-02T08:44:00,24,SMS,BOM-702,19.075496,72.877533,BOM-621,19.135963,72.829174
EFD9EE55,+91-63990-81224,+91-93400-62068,2025-02-03T17:28:00,16,SMS,BOM-212,19.040926,72.863702,BOM-318,19.119667,72.847253
44AC588F,+91-87890-35623,+91-89120-67141,2025-03-22T16:32:00,666,VOICE,BOM-244,19.099288,72.848888,BOM-447,19.043905,72.855367
FBEEA212,+91-80720-88868,+91-89120-84327,2025-03-12T09:02:00,1583,VOICE,BOM-103,18.9632,72.833847,BOM-212,19.04114,72.863427
E1F2C52C,+91-77540-84051,+91-63990-74977,2025-04-21T18:47:00,1424,VOICE,BOM-808,19.054915,72.900001,BOM-702,19.076151,72.877504
82AA825F,+91-87890-94119,+91-88200-17741,2025-04-19T15:07:00,191,VOICE,BOM-519,19.065852,72.878197,BOM-702,19.075547,72.877799
49F01E05,+91-87890-66144,+91-87890-54926,2025-04-05T15:41:00,402,VOICE,BOM-447,19.04462,72.855455,BOM-212,19.04175,72.863434
1CFB4680,+91-91761-26005,+91-93400-67993,2025-01-20T10:33:00,1707,VOICE,BOM-318,19.119686,72.846311,BOM-519,19.066775,72.878337
F1F6D2F1,+91-75300-45592,+91-75300-10884,2025-04-05T17:57:00,1250,VOICE,BOM-808,19.054344,72.900483,BOM-621,19.135974,72.829825
BBEED39C,+91-97300-11111,+91-97300-44444,2025-03-05T19:58:00,42,SMS,BOM-621,19.135708,72.829121,BOM-808,19.054826,72.90092
6A98876D,+91-97300-11111,+91-97300-22222,2025-03-26T15:16:00,931,VOICE,BOM-808,19.054963,72.900084,BOM-318,19.120084,72.847141
BA29007A,+91-88200-37914,+91-91761-42653,2025-03-18T12:16:00,1252,VOICE,BOM-318,19.119849,72.846547,BOM-318,19.119506,72.846305
793CB68F,+91-91761-89523,+91-87890-94940,2025-04-05T07:18:00,162,VOICE,BOM-318,19.119679,72.847259,BOM-621,19.136185,72.829713
B7C02AF1,+91-97300-77777,+91-93400-23379,2025-02-07T17:33:00,282,VOICE,BOM-103,18.963712,72.834093,BOM-808,19.054223,72.900007
CB894C5A,+91-87890-35306,+91-63990-47762,2025-02-04T17:17:00,1401,VOICE,BOM-621,19.136179,72.829161,BOM-318,19.119586,72.847178
977E0249,+91-93400-34754,+91-91761-60625,2025-02-16T15:17:00,1619,VOICE,BOM-103,18.962895,72.834002,BOM-621,19.135916,72.829196
7E7CD420,+91-63990-79239,+91-89120-83362,2025-02-07T13:39:00,48,SMS,BOM-519,19.066753,72.878031,BOM-103,18.963193,72.833859
4E4109C8,+91-87890-35646,+91-70420-51158,2025-02-06T13:47:00,11,SMS,BOM-621,19.136368,72.829865,BOM-808,19.054829,72.900933
52F8F935,+91-80720-75698,+91-77540-39809,2025-03-04T23:48:00,1124,VOICE,BOM-244,19.099322,72.849422,BOM-103,18.963714,72.834448
323E5057,+91-63990-43288,+91-91761-53869,2025-01-16T16:26:00,960,VOICE,BOM-212,19.041832,72.864196,BOM-901,19.029393,72.855187
05D98C18,+91-70420-91146,+91-75300-41558,2025-04-18T09:47:00,349,VOICE,BOM-702,19.075563,72.87806,BOM-808,19.054276,72.900444
4B5C32DA,+91-63990-38533,+91-70420-66941,2025-02-24T18:32:00,944,VOICE,BOM-808,19.054991,72.9003,BOM-808,19.054856,72.900909
3AF926D4,+91-75300-38783,+91-91761-85774,2025-01-29T11:13:00,25,SMS,BOM-702,19.075835,72.877459,BOM-621,19.136087,72.829104
3DB2CBED,+91-91761-48040,+91-87890-60615,2025-03-26T12:52:00,834,VOICE,BOM-519,19.066175,72.878498,BOM-447,19.044112,72.855731
2F8B0924,+91-93400-53540,+91-75300-44018,2025-04-02T20:55:00,587,VOICE,BOM-901,19.030035,72.854803,BOM-244,19.099207,72.849277
AF7CCF0F,+91-87890-70399,+91-75300-55638,2025-02-04T13:48:00,1614,VOICE,BOM-519,19.066635,72.878592,BOM-702,19.076032,72.87722
9DA45D1D,+91-87890-70004,+91-89120-17239,2025-02-17T16:29:00,182,VOICE,BOM-702,19.075634,72.877691,BOM-244,19.098667,72.849394
611ED607,+91-70420-86659,+91-80720-57190,2025-03-25T23:17:00,1597,VOICE,BOM-318,19.119727,72.847207,BOM-447,19.044157,72.856026
74FA2B03,+91-70420-53750,+91-75300-76112,2025-01-27T16:42:00,42,SMS,BOM-212,19.041056,72.863569,BOM-702,19.075877,72.877417
09033656,+91-70420-72181,+91-70420-25148,2025-03-12T21:48:00,646,VOICE,BOM-808,19.05402,72.900221,BOM-103,18.96371,72.833965
D838B243,+91-77540-71935,+91-80720-36747,2025-01-16T10:25:00,1153,VOICE,BOM-103,18.963757,72.834009,BOM-212,19.041004,72.864199
D51D947C,+91-77540-57281,+91-88200-44301,2025-01-19T16:01:00,340,VOICE,BOM-901,19.029737,72.855265,BOM-447,19.044101,72.855551
061EA01B,+91-80720-95942,+91-91761-73414,2025-02-19T07:46:00,311,VOICE,BOM-244,19.099427,72.848925,BOM-901,19.030094,72.855218
12F9BB07,+91-70420-25976,+91-80720-81572,2025-01-23T19:36:00,1632,VOICE,BOM-621,19.136226,72.829212,BOM-808,19.054916,72.900436
E51FADBB,+91-89120-77097,+91-87890-87628,2025-04-13T09:15:00,50,SMS,BOM-103,18.963298,72.833703,BOM-103,18.963316,72.83433
E56A8110,+91-88200-31225,+91-87890-53742,2025-04-02T21:58:00,398,VOICE,BOM-621,19.13584,72.829792,BOM-447,19.044628,72.856238
EA61DC63,+91-93400-35579,+91-77540-82434,2025-02-18T09:49:00,1372,VOICE,BOM-212,19.041897,72.863771,BOM-702,19.075936,72.877205
111DB6E9,+91-75300-36482,+91-80720-74790,2025-02-25T11:52:00,11,SMS,BOM-318,19.120135,72.846459,BOM-447,19.044798,72.855941
85A897A8,+91-91761-19302,+91-88200-17561,2025-04-10T18:59:00,920,VOICE,BOM-702,19.075861,72.877753,BOM-621,19.135983,72.829664
EF0C9EC9,+91-89120-38063,+91-87890-17144,2025-01-27T08:53:00,28,SMS,BOM-318,19.119749,72.847008,BOM-244,19.099117,72.848665
010C9434,+91-80720-54436,+91-87890-13819,2025-04-12T13:12:00,1269,VOICE,BOM-808,19.05484,72.900055,BOM-901,19.029139,72.855114
409A0E77,+91-75300-13000,+91-89120-98041,2025-02-22T16:13:00,6,SMS,BOM-621,19.136034,72.829912,BOM-621,19.136034,72.829803
EFEF74EB,+91-91761-34686,+91-80720-44307,2025-03-28T15:49:00,357,VOICE,BOM-212,19.041069,72.863907,BOM-103,18.963233,72.834124
8EC329A5,+91-88200-65811,+91-80720-66960,2025-03-27T08:46:00,37,SMS,BOM-447,19.04485,72.855338,BOM-447,19.043906,72.856272
EB93A0A7,+91-97300-22222,+91-97300-11111,2025-04-15T22:18:00,54,SMS,BOM-318,19.119379,72.847211,BOM-244,19.098976,72.848694
DBCE76E0,+91-63990-48512,+91-91761-10293,2025-04-02T12:54:00,1751,VOICE,BOM-702,19.075968,72.878009,BOM-244,19.099316,72.848964
69D9C5C6,+91-91761-46442,+91-87890-93537,2025-04-08T19:08:00,1544,VOICE,BOM-212,19.041326,72.863914,BOM-901,19.029372,72.855262
DDA2DFCC,+91-70420-37072,+91-88200-64117,2025-01-22T11:40:00,1305,VOICE,BOM-901,19.029132,72.855046,BOM-519,19.0667,72.878319
DD8CA001,+91-89120-56648,+91-70420-18391,2025-04-19T09:19:00,21,SMS,BOM-901,19.029276,72.855372,BOM-702,19.076399,72.877522
2BCB7A7F,+91-91761-25365,+91-93400-19765,2025-04-17T12:19:00,537,VOICE,BOM-808,19.05438,72.900388,BOM-244,19.098611,72.848701
460FD0CF,+91-93400-11822,+91-77540-91933,2025-02-08T13:52:00,53,SMS,BOM-447,19.044805,72.855593,BOM-901,19.030018,72.85515
EA58035B,+91-63990-38615,+91-87890-78905,2025-03-16T19:47:00,1789,VOICE,BOM-103,18.962824,72.833751,BOM-212,19.04155,72.863706
CFA800A6,+91-75300-44551,+91-91761-32770,2025-02-11T13:55:00,5,SMS,BOM-808,19.054993,72.900699,BOM-621,19.135693,72.829398
48A4EE80,+91-87890-91578,+91-63990-39369,2025-01-27T23:32:00,495,VOICE,BOM-621,19.13552,72.829245,BOM-212,19.041726,72.863249
EFDAD7B7,+91-97300-22222,+91-97300-33333,2025-01-27T17:55:00,1453,VOICE,BOM-447,19.043928,72.855853,BOM-212,19.041292,72.863882
37B95B1C,+91-88200-25327,+91-70420-62750,2025-03-23T15:26:00,58,SMS,BOM-808,19.054357,72.900417,BOM-103,18.96305,72.833983
B6D93686,+91-63990-46048,+91-77540-98744,2025-02-09T21:05:00,445,VOICE,BOM-447,19.044093,72.855718,BOM-212,19.041387,72.864199
3E3020AE,+91-91761-40623,+91-70420-23883,2025-04-09T13:03:00,1646,VOICE,BOM-212,19.041144,72.863589,BOM-519,19.066047,72.878438
470478E9,+91-77540-33991,+91-70420-27710,2025-03-29T08:04:00,50,SMS,BOM-808,19.054368,72.900106,BOM-212,19.041363,72.863692
419696FA,+91-91761-44459,+91-63990-19075,2025-01-15T17:46:00,243,VOICE,BOM-103,18.963708,72.833995,BOM-621,19.136277,72.829709
21F329F8,+91-97300-11111,+91-97300-33333,2025-02-23T09:27:00,60,SMS,BOM-808,19.054096,72.900477,BOM-901,19.029785,72.855635
B9234F0C,+91-87890-65455,+91-75300-38255,2025-02-16T12:21:00,1354,VOICE,BOM-318,19.120183,72.84706,BOM-103,18.962823,72.833928
1249941C,+91-77540-95819,+91-89120-24195,2025-04-16T10:09:00,628,VOICE,BOM-901,19.029199,72.855038,BOM-621,19.136472,72.829207
ED4ABC35,+91-75300-43008,+91-77540-35466,2025-03-08T12:34:00,1793,VOICE,BOM-519,19.066087,72.878134,BOM-702,19.075423,72.877402
FDF64D1F,+91-63990-46669,+91-91761-32615,2025-01-18T20:51:00,707,VOICE,BOM-702,19.075929,72.877441,BOM-447,19.044098,72.856133
DA7949EB,+91-89120-83935,+91-91761-32617,2025-04-04T13:18:00,30,SMS,BOM-318,19.119797,72.84646,BOM-621,19.136054,72.829453
F7F7C127,+91-97300-77777,+91-93400-13774,2025-04-21T12:10:00,1780,VOICE,BOM-808,19.054261,72.900097,BOM-244,19.099264,72.848826
D6F89B85,+91-89120-44341,+91-88200-14407,2025-02-26T15:56:00,1028,VOICE,BOM-808,19.054358,72.900876,BOM-519,19.06641,72.878878
D7966857,+91-63990-91316,+91-70420-57147,2025-03-19T12:15:00,1372,VOICE,BOM-212,19.041671,72.863398,BOM-702,19.075881,72.877904
BC4164FF,+91-88200-71393,+91-87890-65545,2025-03-12T15:13:00,624,VOICE,BOM-447,19.044467,72.855982,BOM-447,19.04422,72.855637
64D6FF54,+91-88200-60391,+91-80720-40705,2025-02-18T12:35:00,488,VOICE,BOM-519,19.066768,72.878746,BOM-621,19.135735,72.829121
8CFE6A99,+91-63990-56469,+91-80720-49937,2025-04-14T15:53:00,18,SMS,BOM-244,19.099435,72.849234,BOM-621,19.136249,72.829178
BAAC52B6,+91-91761-10496,+91-63990-45100,2025-04-15T07:46:00,1284,VOICE,BOM-212,19.041626,72.864026,BOM-447,19.044298,72.855863
329499AA,+91-93400-66599,+91-75300-69043,2025-01-24T20:33:00,14,SMS,BOM-244,19.099151,72.848572,BOM-447,19.043975,72.856214
0C874AF4,+91-63990-54497,+91-88200-87476,2025-03-09T10:00:00,396,VOICE,BOM-447,19.044037,72.855559,BOM-212,19.041387,72.863879
7555C0CD,+91-93400-69719,+91-70420-99038,2025-02-07T10:45:00,30,SMS,BOM-212,19.041379,72.86346,BOM-318,19.119993,72.846603
F79A8106,+91-93400-95222,+91-70420-19134,2025-02-21T15:24:00,514,VOICE,BOM-103,18.963062,72.834024,BOM-702,19.0762,72.877289
1E4D1D1C,+91-63990-99118,+91-93400-15408,2025-03-03T21:57:00,1032,VOICE,BOM-702,19.075834,72.878002,BOM-318,19.119222,72.846414
367EF9BB,+91-75300-39171,+91-70420-46272,2025-02-22T17:24:00,54,SMS,BOM-702,19.076045,72.877713,BOM-212,19.041455,72.863828
2C5E816E,+91-91761-49247,+91-87890-26081,2025-03-27T12:15:00,1106,VOICE,BOM-318,19.119352,72.847299,BOM-901,19.029184,72.855454
DA3B7B0C,+91-88200-55896,+91-93400-88334,2025-04-14T20:54:00,34,SMS,BOM-702,19.07562,72.878153,BOM-318,19.120057,72.847052
E698FB44,+91-91761-65765,+91-75300-47415,2025-01-22T09:55:00,16,SMS,BOM-621,19.136365,72.829695,BOM-702,19.075768,72.877422
9F4BD2F1,+91-93400-18142,+91-63990-92569,2025-02-28T18:55:00,419,VOICE,BOM-702,19.075505,72.878086,BOM-621,19.136084,72.829796
F46A5BA0,+91-70420-91381,+91-93400-46653,2025-02-13T19:45:00,41,SMS,BOM-212,19.04118,72.863255,BOM-447,19.044292,72.855709
BB386C69,+91-91761-82504,+91-89120-76101,2025-02-04T09:29:00,1614,VOICE,BOM-621,19.136119,72.829458,BOM-103,18.963767,72.834096
E7058C24,+91-63990-57448,+91-89120-75667,2025-01-27T09:23:00,54,SMS,BOM-244,19.099256,72.849439,BOM-808,19.054834,72.900444
13730F5D,+91-87890-62471,+91-89120-17512,2025-02-25T09:34:00,1000,VOICE,BOM-808,19.054353,72.900619,BOM-244,19.099252,72.848536
A4228170,+91-89120-26502,+91-88200-71799,2025-04-08T08:15:00,1403,VOICE,BOM-212,19.04157,72.864151,BOM-808,19.054656,72.900582
D1EAE1A4,+91-93400-21847,+91-80720-77651,2025-04-01T12:14:00,1001,VOICE,BOM-519,19.06588,72.878488,BOM-318,19.119768,72.846819
14495FCC,+91-70420-56193,+91-70420-66087,2025-03-12T10:23:00,47,SMS,BOM-808,19.05421,72.900533,BOM-702,19.07583,72.877726
EDE04DB5,+91-75300-97498,+91-91761-49343,2025-04-12T12:17:00,524,VOICE,BOM-212,19.040944,72.864155,BOM-244,19.099074,72.849311
9D5EE01B,+91-91761-20814,+91-91761-15916,2025-01-19T16:00:00,454,VOICE,BOM-621,19.135633,72.830029,BOM-447,19.044088,72.855978
3A295F2D,+91-75300-20625,+91-77540-98291,2025-01-19T12:51:00,24,SMS,BOM-318,19.119311,72.846602,BOM-318,19.120072,72.847009
5A391713,+91-63990-39053,+91-93400-86120,2025-01-27T23:47:00,1308,VOICE,BOM-901,19.029448,72.855426,BOM-808,19.054644,72.900288
0F721180,+91-93400-13231,+91-70420-76379,2025-04-22T21:05:00,879,VOICE,BOM-318,19.11942,72.847068,BOM-212,19.041294,72.863413
4532DFBD,+91-88200-93270,+91-75300-18672,2025-02-20T11:06:00,688,VOICE,BOM-621,19.13594,72.829164,BOM-103,18.963392,72.834102
DC8CD9F7,+91-70420-81245,+91-75300-56522,2025-01-20T11:42:00,15,SMS,BOM-702,19.076192,72.877787,BOM-212,19.041166,72.863877
3E106C72,+91-70420-38387,+91-77540-63694,2025-01-17T22:10:00,412,VOICE,BOM-447,19.04431,72.855804,BOM-519,19.066572,72.878235
195D6D2A,+91-91761-75040,+91-93400-11642,2025-01-29T20:39:00,824,VOICE,BOM-702,19.076195,72.878005,BOM-212,19.041375,72.864075
402FB6BB,+91-91761-53993,+91-93400-88739,2025-01-23T12:48:00,673,VOICE,BOM-318,19.120116,72.846328,BOM-447,19.044659,72.855492
C456E8D3,+91-91761-54494,+91-93400-94044,2025-03-22T14:16:00,67,VOICE,BOM-808,19.054369,72.900459,BOM-318,19.119811,72.847025
4D122471,+91-77540-65308,+91-63990-73283,2025-02-28T09:39:00,28,SMS,BOM-519,19.066244,72.878288,BOM-901,19.030093,72.855042
146FC607,+91-87890-84914,+91-89120-46454,2025-04-05T08:50:00,1475,VOICE,BOM-103,18.963418,72.834221,BOM-318,19.119585,72.846482
D2BBC041,+91-75300-83582,+91-88200-57370,2025-03-29T18:03:00,722,VOICE,BOM-901,19.029229,72.854982,BOM-519,19.065814,72.878382
EA262C50,+91-93400-98395,+91-80720-89932,2025-02-06T13:11:00,1512,VOICE,BOM-519,19.066385,72.878649,BOM-103,18.962836,72.834488
0A4523F9,+91-97300-11111,+91-97300-33333,2025-02-22T09:31:00,559,VOICE,BOM-447,19.043996,72.855547,BOM-901,19.029714,72.855151
98A96577,+91-97300-33333,+91-97300-11111,2025-03-25T20:44:00,997,VOICE,BOM-519,19.066603,72.87803,BOM-901,19.029559,72.855207
BBF9BCE7,+91-91761-48373,+91-75300-78112,2025-04-06T16:32:00,191,VOICE,BOM-808,19.05443,72.900182,BOM-808,19.054223,72.90044
2C54A61F,+91-88200-80040,+91-80720-17914,2025-02-28T11:32:00,143,VOICE,BOM-808,19.054815,72.90069,BOM-808,19.054798,72.900074
0021E0B7,+91-91761-32259,+91-89120-24596,2025-03-19T19:17:00,460,VOICE,BOM-808,19.054069,72.900634,BOM-702,19.075704,72.877225
EE01FA12,+91-75300-75246,+91-93400-66506,2025-02-18T10:16:00,1109,VOICE,BOM-808,19.054282,72.900004,BOM-103,18.96369,72.833781
DBB200B1,+91-88200-69778,+91-75300-82060,2025-02-14T14:22:00,259,VOICE,BOM-244,19.098996,72.849479,BOM-808,19.054294,72.900955
2B5473CA,+91-70420-62483,+91-87890-37578,2025-03-10T21:29:00,541,VOICE,BOM-901,19.02976,72.855266,BOM-244,19.098662,72.849287
8A41FDB7,+91-63990-17183,+91-87890-62937,2025-02-22T14:01:00,913,VOICE,BOM-318,19.119506,72.8472,BOM-808,19.054972,72.90001
C907017D,+91-88200-34255,+91-88200-44619,2025-04-11T21:38:00,268,VOICE,BOM-244,19.09904,72.848942,BOM-318,19.119448,72.846724
1A82F052,+91-80720-94427,+91-75300-17183,2025-03-14T20:22:00,1443,VOICE,BOM-519,19.066541,72.878216,BOM-447,19.04462,72.85588
6A5226DE,+91-89120-19860,+91-89120-59688,2025-03-08T21:25:00,1531,VOICE,BOM-318,19.119338,72.846678,BOM-621,19.136072,72.829673
10C7EE28,+91-70420-24166,+91-87890-17138,2025-03-02T16:12:00,587,VOICE,BOM-808,19.054963,72.900517,BOM-103,18.963065,72.834356
B38FE77B,+91-87890-97139,+91-88200-51584,2025-02-08T10:30:00,1442,VOICE,BOM-212,19.041873,72.863625,BOM-621,19.135961,72.829831
2B7D9D6C,+91-75300-48847,+91-77540-48442,2025-02-26T12:19:00,1708,VOICE,BOM-702,19.076388,72.877985,BOM-808,19.054987,72.900197
9495CCE5,+91-77540-69429,+91-75300-94399,2025-03-24T13:58:00,1561,VOICE,BOM-212,19.041898,72.864087,BOM-519,19.066471,72.877918
43C3EA26,+91-77540-45435,+91-93400-20052,2025-01-15T21:18:00,553,VOICE,BOM-103,18.963251,72.834533,BOM-318,19.119642,72.846305
032CF273,+91-88200-42716,+91-93400-73852,2025-04-09T08:04:00,879,VOICE,BOM-702,19.075593,72.877244,BOM-621,19.13629,72.829926
A3EC735C,+91-89120-86982,+91-80720-48682,2025-04-12T18:16:00,314,VOICE,BOM-103,18.963383,72.833965,BOM-621,19.135984,72.830018
98BF2819,+91-87890-60965,+91-63990-86216,2025-02-12T21:03:00,35,SMS,BOM-702,19.076316,72.877498,BOM-447,19.044111,72.855386
88080CB6,+91-89120-29521,+91-63990-29626,2025-02-21T21:21:00,1638,VOICE,BOM-808,19.054944,72.900801,BOM-103,18.963478,72.833708
2FAFF3DE,+91-97300-77777,+91-77540-49582,2025-02-27T18:34:00,32,SMS,BOM-244,19.098821,72.849065,BOM-212,19.04154,72.863616
CE9664B5,+91-77540-76055,+91-77540-50114,2025-04-09T13:58:00,427,VOICE,BOM-621,19.13612,72.829345,BOM-447,19.044867,72.855513
6E24FA02,+91-63990-53379,+91-70420-94079,2025-02-13T08:56:00,301,VOICE,BOM-621,19.135594,72.829373,BOM-318,19.119239,72.846743
EA3A39B8,+91-91761-17783,+91-93400-23019,2025-02-20T13:54:00,845,VOICE,BOM-212,19.041199,72.864012,BOM-103,18.9633,72.834066
1AA94691,+91-93400-50474,+91-77540-96500,2025-02-25T12:52:00,53,SMS,BOM-244,19.099068,72.849212,BOM-244,19.099349,72.848855
2F811923,+91-80720-21766,+91-91761-87027,2025-02-28T11:03:00,47,SMS,BOM-103,18.962902,72.834195,BOM-621,19.135598,72.829486
55A1D70D,+91-91761-47405,+91-75300-37771,2025-04-01T19:00:00,274,VOICE,BOM-621,19.135526,72.830054,BOM-901,19.029383,72.855429
C1AE35E8,+91-89120-38128,+91-93400-56135,2025-04-04T12:18:00,414,VOICE,BOM-103,18.9631,72.834254,BOM-318,19.119447,72.84645
0A55B369,+91-77540-65141,+91-77540-96666,2025-04-17T22:35:00,328,VOICE,BOM-901,19.029581,72.854903,BOM-519,19.066197,72.87834
A9AC97AD,+91-63990-60517,+91-63990-11190,2025-03-11T13:09:00,44,SMS,BOM-103,18.963358,72.834461,BOM-244,19.098773,72.849394
77F60585,+91-93400-32540,+91-77540-58605,2025-03-03T22:48:00,42,SMS,BOM-901,19.029367,72.855731,BOM-447,19.044422,72.855465
8F1E896C,+91-70420-77174,+91-91761-68693,2025-02-19T17:42:00,22,SMS,BOM-702,19.075811,72.878057,BOM-244,19.09915,72.849104
2BB690A3,+91-63990-13951,+91-80720-50881,2025-02-18T22:07:00,1418,VOICE,BOM-244,19.099074,72.848958,BOM-212,19.041475,72.864127
FEA4EBD9,+91-70420-17849,+91-87890-76118,2025-04-10T20:59:00,1090,VOICE,BOM-447,19.044765,72.855455,BOM-901,19.029828,72.854944
063429B7,+91-87890-19522,+91-63990-40477,2025-04-15T15:56:00,1020,VOICE,BOM-901,19.02975,72.85573,BOM-901,19.029743,72.855216
FF4A5ECB,+91-63990-85765,+91-93400-12589,2025-04-18T07:46:00,522,VOICE,BOM-103,18.963474,72.83402,BOM-702,19.075815,72.878081
CE0C5962,+91-63990-15198,+91-77540-93587,2025-02-27T17:35:00,654,VOICE,BOM-103,18.963591,72.834562,BOM-621,19.136253,72.829819
6B85605C,+91-87890-80829,+91-88200-14137,2025-02-08T11:59:00,1075,VOICE,BOM-901,19.029115,72.855414,BOM-447,19.044626,72.855848
0BE952EB,+91-63990-14359,+91-80720-12734,2025-04-09T22:09:00,1474,VOICE,BOM-103,18.962971,72.833826,BOM-212,19.040939,72.864167
32B76BA0,+91-89120-80824,+91-89120-18162,2025-04-20T23:22:00,1763,VOICE,BOM-519,19.065962,72.878397,BOM-901,19.029574,72.855157
CFA47F9F,+91-80720-76178,+91-91761-98010,2025-02-17T15:53:00,48,SMS,BOM-621,19.136081,72.829944,BOM-808,19.054882,72.900383
0F702409,+91-88200-38650,+91-93400-78224,2025-02-25T11:35:00,1747,VOICE,BOM-702,19.075894,72.878026,BOM-808,19.054678,72.900158
125DE229,+91-63990-84355,+91-80720-81223,2025-04-22T17:13:00,9,SMS,BOM-447,19.044314,72.855328,BOM-808,19.054871,72.900378
0545F438,+91-77540-39940,+91-75300-41142,2025-02-18T11:41:00,1324,VOICE,BOM-244,19.098832,72.849204,BOM-702,19.076354,72.87737
28B5DB83,+91-80720-97021,+91-77540-76808,2025-04-07T13:17:00,1024,VOICE,BOM-808,19.054951,72.900284,BOM-621,19.135943,72.829761
FE899979,+91-77540-56598,+91-75300-26609,2025-04-09T17:26:00,29,SMS,BOM-901,19.02964,72.85541,BOM-447,19.044221,72.856041
483C38C0,+91-77540-36184,+91-63990-19280,2025-02-20T15:52:00,977,VOICE,BOM-244,19.098656,72.848571,BOM-808,19.054338,72.900312
D329F546,+91-63990-52233,+91-91761-20120,2025-04-19T09:30:00,60,SMS,BOM-103,18.963639,72.833711,BOM-103,18.962912,72.833755
152C53DF,+91-80720-68232,+91-70420-31476,2025-03-18T23:18:00,17,SMS,BOM-621,19.135807,72.830078,BOM-244,19.099289,72.848946
867EB7C3,+91-87890-98352,+91-80720-49881,2025-03-15T19:11:00,1058,VOICE,BOM-447,19.044058,72.856113,BOM-901,19.029158,72.855651
656FD460,+91-80720-42762,+91-89120-34536,2025-01-23T10:31:00,1533,VOICE,BOM-702,19.075981,72.877494,BOM-808,19.05459,72.900107
058767CE,+91-87890-84651,+91-75300-65012,2025-03-20T23:51:00,37,SMS,BOM-318,19.119681,72.846526,BOM-621,19.135983,72.829543
4E48D9ED,+91-89120-34377,+91-89120-17177,2025-03-15T23:57:00,579,VOICE,BOM-447,19.044,72.855762,BOM-318,19.119551,72.846313
D65109BB,+91-93400-40418,+91-75300-79438,2025-03-10T11:13:00,1783,VOICE,BOM-318,19.119857,72.846528,BOM-621,19.136409,72.829231
147C9133,+91-80720-66761,+91-91761-58896,2025-02-12T10:57:00,22,SMS,BOM-447,19.044548,72.855998,BOM-901,19.029332,72.855017
CA52E593,+91-80720-10798,+91-89120-65932,2025-04-14T21:01:00,621,VOICE,BOM-244,19.098564,72.849253,BOM-244,19.099363,72.848723
6824D9D6,+91-97300-11111,+91-97300-44444,2025-03-03T20:44:00,34,SMS,BOM-621,19.135841,72.82952,BOM-702,19.076079,72.877577
FA8484FB,+91-87890-75538,+91-75300-91227,2025-03-11T13:54:00,985,VOICE,BOM-318,19.119329,72.847191,BOM-519,19.066525,72.878216
037CE9FB,+91-63990-28655,+91-88200-77036,2025-04-21T19:56:00,206,VOICE,BOM-103,18.963547,72.833765,BOM-318,19.119759,72.846986
227ADFC7,+91-75300-12151,+91-75300-18492,2025-02-18T07:19:00,52,SMS,BOM-519,19.066145,72.878507,BOM-702,19.075673,72.878036
EEB9441E,+91-91761-38864,+91-89120-18530,2025-03-08T11:30:00,616,VOICE,BOM-244,19.098601,72.849455,BOM-212,19.041422,72.863961
45A86A88,+91-89120-87173,+91-91761-27537,2025-03-31T10:59:00,949,VOICE,BOM-244,19.098534,72.848563,BOM-103,18.963323,72.834374
FFC81DFA,+91-75300-59765,+91-93400-18396,2025-01-18T11:15:00,1324,VOICE,BOM-212,19.041009,72.864081,BOM-447,19.044419,72.855487
03F99BB6,+91-80720-42981,+91-91761-49284,2025-03-07T20:13:00,11,SMS,BOM-447,19.04448,72.855885,BOM-244,19.098901,72.8493
D776E252,+91-89120-22379,+91-77540-99921,2025-03-07T10:42:00,25,SMS,BOM-808,19.054545,72.900218,BOM-702,19.07606,72.877999
E6B2D744,+91-75300-35322,+91-88200-96416,2025-02-24T14:13:00,1128,VOICE,BOM-702,19.075514,72.878193,BOM-212,19.041526,72.863775
D429325B,+91-89120-52253,+91-87890-69448,2025-01-17T14:16:00,1628,VOICE,BOM-212,19.041487,72.863385,BOM-621,19.136117,72.829702
A2EB9F45,+91-75300-71625,+91-75300-88100,2025-04-22T22:23:00,1521,VOICE,BOM-244,19.099483,72.849317,BOM-212,19.041433,72.863971
2E92B6AA,+91-91761-23215,+91-63990-95044,2025-04-24T17:56:00,664,VOICE,BOM-447,19.044054,72.856124,BOM-244,19.098785,72.848867
AD93EBE7,+91-91761-88086,+91-77540-14100,2025-04-20T13:48:00,122,VOICE,BOM-318,19.119581,72.846532,BOM-447,19.044263,72.855684
89C24CA8,+91-88200-84545,+91-93400-85862,2025-02-06T11:43:00,51,SMS,BOM-103,18.963422,72.834574,BOM-702,19.07566,72.877699
08BA88ED,+91-97300-11111,+91-97300-33333,2025-02-23T10:17:00,729,VOICE,BOM-808,19.054871,72.900452,BOM-519,19.065864,72.877998
291680B1,+91-63990-66497,+91-70420-89513,2025-01-18T14:45:00,240,VOICE,BOM-621,19.136097,72.829754,BOM-519,19.066723,72.87888
E10C2421,+91-77540-84945,+91-87890-72387,2025-04-10T21:42:00,628,VOICE,BOM-447,19.044344,72.85556,BOM-702,19.075646,72.877412
B6BDD13E,+91-77540-52965,+91-70420-69391,2025-03-22T20:58:00,16,SMS,BOM-702,19.075633,72.877959,BOM-212,19.041234,72.863206
01F9824C,+91-88200-74715,+91-77540-75541,2025-01-19T09:43:00,1323,VOICE,BOM-702,19.076162,72.8773,BOM-318,19.119623,72.846599
112AFE0E,+91-93400-31912,+91-93400-96573,2025-03-18T19:02:00,669,VOICE,BOM-808,19.054474,72.900139,BOM-621,19.135773,72.829246
AEA85EF7,+91-70420-79361,+91-80720-93938,2025-03-08T14:48:00,7,SMS,BOM-318,19.119207,72.847019,BOM-318,19.120098,72.846723
5C8EF66A,+91-91761-89876,+91-91761-36366,2025-04-18T17:25:00,268,VOICE,BOM-519,19.066062,72.878094,BOM-702,19.076359,72.877288
5178D17E,+91-63990-19426,+91-77540-62808,2025-04-12T16:25:00,747,VOICE,BOM-808,19.054588,72.900911,BOM-901,19.029352,72.855171
E2FB7E08,+91-77540-12532,+91-77540-70140,2025-01-19T13:17:00,261,VOICE,BOM-808,19.054196,72.900419,BOM-447,19.043991,72.85583
25A2D43F,+91-75300-71691,+91-77540-48801,2025-03-07T12:09:00,844,VOICE,BOM-519,19.066062,72.878307,BOM-212,19.041431,72.863605
935B92EA,+91-75300-37422,+91-89120-71372,2025-02-08T16:53:00,212,VOICE,BOM-519,19.066477,72.878247,BOM-244,19.099087,72.848796
D1537B92,+91-63990-43535,+91-75300-36162,2025-04-14T11:55:00,1492,VOICE,BOM-621,19.136191,72.829233,BOM-621,19.135899,72.829113
89A11E5B,+91-93400-99011,+91-80720-92236,2025-04-05T20:06:00,1120,VOICE,BOM-808,19.054591,72.900111,BOM-621,19.136277,72.830001
F8A2E471,+91-88200-39487,+91-80720-59306,2025-02-08T14:08:00,1341,VOICE,BOM-519,19.065804,72.878416,BOM-901,19.029865,72.854971
9B785C11,+91-88200-97217,+91-89120-38039,2025-03-09T23:26:00,340,VOICE,BOM-212,19.041216,72.863281,BOM-318,19.119907,72.846691
0733AD28,+91-80720-55321,+91-63990-47299,2025-01-22T17:34:00,18,SMS,BOM-621,19.135679,72.829794,BOM-702,19.076335,72.878193
248A680D,+91-87890-94420,+91-88200-73937,2025-02-14T18:02:00,1668,VOICE,BOM-212,19.041413,72.863729,BOM-244,19.09896,72.848793
8658932D,+91-97300-11111,+91-97300-33333,2025-03-23T21:16:00,230,VOICE,BOM-318,19.120002,72.84669,BOM-244,19.09938,72.849367
D510E56B,+91-93400-74343,+91-63990-92112,2025-04-05T21:14:00,878,VOICE,BOM-621,19.136495,72.829262,BOM-808,19.054771,72.900443
660DBDF3,+91-88200-69243,+91-63990-11646,2025-04-18T19:06:00,746,VOICE,BOM-212,19.041386,72.863438,BOM-318,19.119325,72.846841
738D1922,+91-97300-66666,+91-97300-11111,2025-03-24T07:18:00,1734,VOICE,BKC-112,19.0656,72.8669,BOM-519,19.065994,72.878777
92E047E1,+91-80720-41364,+91-75300-28038,2025-04-16T22:43:00,56,SMS,BOM-318,19.119983,72.846645,BOM-244,19.098747,72.848992
E86B5B0D,+91-89120-99383,+91-70420-73032,2025-03-17T12:26:00,761,VOICE,BOM-318,19.11941,72.846429,BOM-244,19.099113,72.848905
E9B71C85,+91-93400-29137,+91-75300-16577,2025-04-24T10:25:00,1606,VOICE,BOM-318,19.119767,72.847208,BOM-621,19.135861,72.829185
66E9C1BE,+91-63990-42254,+91-93400-42410,2025-03-27T10:48:00,41,SMS,BOM-103,18.963052,72.834138,BOM-808,19.054908,72.900908
8751FEEE,+91-77540-14672,+91-75300-58597,2025-03-11T16:19:00,1213,VOICE,BOM-244,19.099249,72.849275,BOM-318,19.119461,72.846718
1183A554,+91-89120-17718,+91-93400-65640,2025-03-19T16:35:00,33,SMS,BOM-702,19.076282,72.877672,BOM-702,19.076253,72.877972
CDF4ED57,+91-87890-16404,+91-93400-89037,2025-03-15T11:54:00,35,SMS,BOM-702,19.075681,72.87764,BOM-244,19.099132,72.849082
B8F31023,+91-87890-96339,+91-77540-19602,2025-03-30T16:44:00,848,VOICE,BOM-103,18.962922,72.834547,BOM-702,19.075802,72.87729
B2FBD473,+91-63990-59552,+91-70420-87931,2025-03-05T18:56:00,1005,VOICE,BOM-702,19.075789,72.878084,BOM-519,19.066335,72.878625
216C1DD6,+91-75300-76101,+91-77540-83138,2025-03-02T17:57:00,18,SMS,BOM-244,19.099346,72.849106,BOM-621,19.135668,72.830085
67B49340,+91-77540-23517,+91-91761-24085,2025-02-26T18:17:00,1716,VOICE,BOM-519,19.066239,72.878489,BOM-244,19.098952,72.849164
67987B9F,+91-93400-41446,+91-91761-21872,2025-02-11T08:04:00,1139,VOICE,BOM-808,19.054892,72.900637,BOM-318,19.119337,72.846766
F4244CB3,+91-80720-19141,+91-70420-34434,2025-03-28T14:38:00,38,VOICE,BOM-244,19.099278,72.849075,BOM-702,19.075818,72.878054
A05ABB86,+91-97300-11111,+91-97300-22222,2025-02-23T12:31:00,1450,VOICE,BOM-901,19.029895,72.854906,BOM-447,19.044145,72.855951
4C6986AA,+91-93400-29139,+91-91761-71399,2025-04-23T19:27:00,541,VOICE,BOM-103,18.963432,72.833828,BOM-621,19.136268,72.82987
FB0EB655,+91-70420-12442,+91-75300-44840,2025-02-12T09:24:00,49,SMS,BOM-447,19.044169,72.855565,BOM-244,19.098643,72.849367
C84C58A3,+91-89120-10390,+91-89120-91315,2025-01-24T23:54:00,827,VOICE,BOM-901,19.029519,72.855265,BOM-244,19.099074,72.848618
4081688E,+91-77540-36434,+91-91761-76520,2025-03-06T08:16:00,794,VOICE,BOM-212,19.041212,72.863542,BOM-621,19.13572,72.829813
7909225B,+91-91761-25073,+91-63990-86329,2025-03-08T23:38:00,1438,VOICE,BOM-103,18.963232,72.834187,BOM-901,19.03006,72.855381
263E1C7D,+91-97300-33333,+91-97300-11111,2025-03-19T11:57:00,15,SMS,BOM-447,19.044533,72.855582,BOM-447,19.044596,72.855871
6B6CF916,+91-80720-14323,+91-70420-62609,2025-02-01T09:27:00,35,SMS,BOM-447,19.044432,72.855442,BOM-519,19.066343,72.878454
5C117A37,+91-93400-39439,+91-88200-57107,2025-04-10T13:25:00,560,VOICE,BOM-519,19.065972,72.878292,BOM-244,19.099245,72.848871
82FE02CA,+91-87890-48220,+91-93400-89118,2025-01-16T09:21:00,468,VOICE,BOM-244,19.099393,72.849061,BOM-519,19.066492,72.878713
8F0894CD,+91-75300-99250,+91-91761-20575,2025-04-24T15:22:00,1705,VOICE,BOM-621,19.135757,72.829231,BOM-901,19.029128,72.854851
C22B0D22,+91-88200-71491,+91-87890-93185,2025-03-24T18:27:00,334,VOICE,BOM-808,19.054308,72.900156,BOM-621,19.135716,72.829408
3CFC60D9,+91-70420-76250,+91-89120-59733,2025-02-04T22:03:00,1475,VOICE,BOM-519,19.065943,72.878001,BOM-808,19.054424,72.900062
EA6FD81F,+91-88200-17629,+91-77540-97758,2025-01-24T09:58:00,27,SMS,BOM-244,19.098878,72.849305,BOM-621,19.135806,72.829524
B0BF8390,+91-88200-11948,+91-80720-30667,2025-04-04T13:43:00,1419,VOICE,BOM-702,19.075693,72.878078,BOM-808,19.054276,72.900027
D75012BA,+91-89120-94299,+91-70420-51128,2025-02-09T23:43:00,716,VOICE,BOM-244,19.098867,72.849115,BOM-621,19.135662,72.829741
DE962DD7,+91-63990-73381,+91-87890-76014,2025-04-05T10:49:00,44,SMS,BOM-103,18.963509,72.833755,BOM-519,19.066732,72.878779
8E279092,+91-97300-66666,+91-97300-11111,2025-03-11T21:41:00,1021,VOICE,BKC-112,19.0656,72.8669,BOM-901,19.029628,72.855686
A40D779A,+91-88200-89509,+91-87890-28309,2025-03-19T18:14:00,18,SMS,BOM-901,19.029308,72.855703,BOM-244,19.099374,72.848701
849BD9C3,+91-70420-81031,+91-63990-18290,2025-02-22T20:54:00,1221,VOICE,BOM-212,19.040954,72.86399,BOM-901,19.029733,72.854973
091B4C6F,+91-80720-34393,+91-63990-76455,2025-02-11T10:22:00,15,SMS,BOM-621,19.135686,72.82949,BOM-702,19.076039,72.878177
A73E832C,+91-63990-96162,+91-70420-99360,2025-03-07T09:58:00,42,SMS,BOM-621,19.135613,72.82986,BOM-212,19.041072,72.863742
629335FE,+91-97300-77777,+91-63990-55483,2025-02-25T23:38:00,1337,VOICE,BOM-808,19.054323,72.900933,BOM-244,19.098997,72.849289
CC9C6DE6,+91-77540-30199,+91-87890-72631,2025-04-20T07:32:00,1549,VOICE,BOM-901,19.029143,72.85498,BOM-103,18.963444,72.834063
B58A1CB0,+91-63990-42035,+91-75300-48094,2025-03-11T12:15:00,800,VOICE,BOM-808,19.054139,72.900152,BOM-244,19.09949,72.849242
327A9DE8,+91-97300-66666,+91-97300-77777,2025-04-24T16:05:00,13,SMS,BKC-112,19.0656,72.8669,BOM-244,19.099183,72.849409
24C7FD75,+91-87890-64433,+91-89120-38755,2025-02-28T18:07:00,44,SMS,BOM-901,19.029652,72.855592,BOM-901,19.029912,72.855274
E3A2DFBC,+91-70420-36110,+91-93400-62262,2025-01-25T13:25:00,999,VOICE,BOM-702,19.075424,72.877222,BOM-447,19.044121,72.856257
6F0213DD,+91-91761-44658,+91-93400-64601,2025-02-22T17:04:00,38,SMS,BOM-318,19.119895,72.846981,BOM-901,19.029574,72.85486
A1700AB8,+91-91761-21362,+91-75300-74497,2025-02-14T11:00:00,1452,VOICE,BOM-808,19.054917,72.900854,BOM-808,19.054703,72.900142
B4C9FFA1,+91-75300-47340,+91-91761-30676,2025-01-19T17:18:00,16,SMS,BOM-244,19.098611,72.8491,BOM-244,19.098902,72.848738
521FEF0F,+91-88200-44348,+91-77540-57706,2025-03-21T08:16:00,1564,VOICE,BOM-901,19.029497,72.855087,BOM-519,19.066456,72.878308
5A237C42,+91-70420-95244,+91-70420-68102,2025-03-21T20:28:00,60,SMS,BOM-702,19.075734,72.877235,BOM-702,19.07559,72.87795
1860C26D,+91-87890-28553,+91-87890-78746,2025-03-17T12:36:00,1373,VOICE,BOM-318,19.119222,72.846455,BOM-212,19.041544,72.863659
97D00947,+91-75300-75055,+91-75300-22802,2025-03-26T15:45:00,426,VOICE,BOM-103,18.963567,72.834534,BOM-621,19.136117,72.829114
10E07458,+91-80720-71024,+91-91761-71550,2025-01-18T09:35:00,444,VOICE,BOM-103,18.963358,72.83448,BOM-318,19.119313,72.846974
971D2326,+91-80720-89458,+91-70420-85204,2025-02-10T21:23:00,53,SMS,BOM-901,19.030081,72.855782,BOM-901,19.029928,72.855379
82AD4283,+91-88200-56288,+91-70420-29885,2025-03-21T21:12:00,1148,VOICE,BOM-212,19.041344,72.86355,BOM-244,19.099036,72.849201
C0A143AB,+91-88200-38676,+91-91761-28667,2025-01-30T21:41:00,27,SMS,BOM-244,19.098777,72.848567,BOM-621,19.135987,72.829837
49CB8ED7,+91-87890-46524,+91-77540-99294,2025-04-03T19:35:00,854,VOICE,BOM-447,19.044179,72.85541,BOM-318,19.119618,72.846696
AD88BAE0,+91-88200-79385,+91-87890-46423,2025-03-03T22:40:00,47,SMS,BOM-901,19.030058,72.855234,BOM-519,19.065919,72.878182
2959E9DC,+91-87890-97407,+91-89120-24918,2025-01-24T15:56:00,1799,VOICE,BOM-808,19.054371,72.90027,BOM-901,19.029497,72.854896
AA03C965,+91-70420-46709,+91-75300-39566,2025-02-12T21:46:00,42,SMS,BOM-901,19.029698,72.855496,BOM-318,19.11966,72.84645
F273794D,+91-75300-54987,+91-87890-28677,2025-03-24T16:27:00,18,SMS,BOM-103,18.963244,72.833753,BOM-318,19.119399,72.846523
F994BA10,+91-77540-79229,+91-63990-45761,2025-01-29T21:41:00,1239,VOICE,BOM-244,19.099338,72.849113,BOM-244,19.098745,72.849373
D10E7746,+91-80720-10008,+91-75300-90043,2025-03-17T23:41:00,1371,VOICE,BOM-318,19.120013,72.847156,BOM-103,18.962889,72.833993
63564E8A,+91-70420-13315,+91-63990-90198,2025-04-23T09:22:00,1099,VOICE,BOM-702,19.076328,72.877419,BOM-244,19.099394,72.848657
2F9AB6CA,+91-91761-69046,+91-87890-27264,2025-01-19T21:56:00,380,VOICE,BOM-901,19.029219,72.855258,BOM-212,19.041092,72.864044
BCB4B388,+91-87890-99716,+91-87890-45209,2025-02-28T09:25:00,10,SMS,BOM-519,19.066288,72.878144,BOM-447,19.044725,72.855969
79C3A5E4,+91-87890-37467,+91-91761-34227,2025-04-17T20:00:00,1001,VOICE,BOM-103,18.963074,72.834089,BOM-318,19.119483,72.846356
DF271ED8,+91-88200-57500,+91-75300-44319,2025-04-06T22:43:00,269,VOICE,BOM-621,19.135677,72.830019,BOM-702,19.075421,72.87783
62B06946,+91-80720-75131,+91-77540-40821,2025-02-20T11:49:00,858,VOICE,BOM-621,19.13569,72.829758,BOM-244,19.099245,72.849393
7406FD6F,+91-80720-93447,+91-70420-63835,2025-04-16T10:30:00,713,VOICE,BOM-702,19.076065,72.877819,BOM-901,19.029223,72.855278
0EABFB43,+91-91761-76465,+91-77540-34385,2025-02-08T10:13:00,1280,VOICE,BOM-244,19.099492,72.848986,BOM-519,19.066694,72.87876
C70D4040,+91-75300-55691,+91-87890-53823,2025-03-09T11:13:00,1717,VOICE,BOM-212,19.041355,72.863298,BOM-447,19.044004,72.855819
F630DE95,+91-80720-80696,+91-87890-45672,2025-03-09T09:42:00,17,SMS,BOM-318,19.119653,72.846543,BOM-901,19.029494,72.855471
C1A78A0C,+91-91761-70765,+91-63990-86791,2025-04-15T07:52:00,660,VOICE,BOM-447,19.044572,72.855858,BOM-447,19.044737,72.856212
D97CD34D,+91-93400-89493,+91-80720-79761,2025-01-20T12:14:00,1154,VOICE,BOM-901,19.029511,72.855585,BOM-621,19.135804,72.829324
19DE34EA,+91-88200-13215,+91-89120-82254,2025-03-28T18:13:00,315,VOICE,BOM-702,19.076093,72.877266,BOM-447,19.044022,72.85611
58E86731,+91-70420-29617,+91-91761-27355,2025-04-17T10:10:00,40,SMS,BOM-519,19.066674,72.878844,BOM-447,19.044219,72.856145
65F12B24,+91-63990-90770,+91-80720-82729,2025-03-07T20:55:00,982,VOICE,BOM-447,19.044516,72.855609,BOM-244,19.098822,72.849486
3D107EE3,+91-70420-32954,+91-80720-53523,2025-02-18T16:08:00,1103,VOICE,BOM-244,19.099108,72.849495,BOM-621,19.136485,72.829544
B720098E,+91-77540-78557,+91-63990-10205,2025-01-22T08:00:00,588,VOICE,BOM-808,19.054934,72.900202,BOM-318,19.11991,72.847168
3666C047,+91-97300-66666,+91-97300-11111,2025-04-06T13:03:00,1740,VOICE,BKC-112,19.0656,72.8669,BOM-702,19.075907,72.87729
6A8585C2,+91-89120-89961,+91-77540-60391,2025-03-01T12:43:00,1136,VOICE,BOM-702,19.075924,72.877381,BOM-702,19.076198,72.878108
EC86F3E1,+91-89120-89034,+91-75300-34265,2025-01-26T10:49:00,588,VOICE,BOM-318,19.119455,72.846393,BOM-447,19.044577,72.855561
2BAF44E4,+91-89120-68565,+91-63990-36255,2025-01-19T12:52:00,32,SMS,BOM-702,19.075644,72.878192,BOM-103,18.962877,72.834532
30988E7B,+91-75300-15772,+91-63990-61254,2025-04-14T19:41:00,32,SMS,BOM-447,19.044692,72.85564,BOM-447,19.044426,72.855327
50E9EB3A,+91-70420-16223,+91-91761-16417,2025-02-08T08:17:00,426,VOICE,BOM-447,19.04482,72.855786,BOM-244,19.09934,72.849222
83C7E2DA,+91-93400-42344,+91-80720-32928,2025-03-26T23:20:00,196,VOICE,BOM-103,18.96354,72.834435,BOM-447,19.044247,72.855427
04C65799,+91-80720-37546,+91-91761-31861,2025-04-10T09:10:00,1180,VOICE,BOM-702,19.075674,72.878129,BOM-318,19.119783,72.846325
E0CE869E,+91-93400-23984,+91-87890-57565,2025-04-22T19:08:00,480,VOICE,BOM-447,19.044119,72.856184,BOM-621,19.13635,72.82932
97D44AEF,+91-93400-83649,+91-93400-66147,2025-04-20T15:53:00,1370,VOICE,BOM-621,19.136202,72.829644,BOM-901,19.029345,72.855397
4A001A1D,+91-63990-88434,+91-70420-93273,2025-01-19T23:37:00,19,SMS,BOM-447,19.044121,72.855655,BOM-244,19.0992,72.849263
15F4A9CE,+91-87890-45272,+91-87890-46453,2025-01-22T17:06:00,1371,VOICE,BOM-901,19.02997,72.855433,BOM-103,18.963248,72.834058
442AD278,+91-93400-17179,+91-93400-76788,2025-01-16T13:48:00,566,VOICE,BOM-519,19.065905,72.878822,BOM-901,19.029836,72.854909
DCC39B9C,+91-80720-26011,+91-88200-47834,2025-02-05T19:05:00,283,VOICE,BOM-318,19.120094,72.84661,BOM-621,19.135858,72.830085
BF450620,+91-88200-53056,+91-80720-37785,2025-01-29T23:59:00,1521,VOICE,BOM-103,18.962936,72.833893,BOM-447,19.044565,72.855838
FD66D940,+91-80720-19324,+91-77540-60630,2025-04-22T21:55:00,1350,VOICE,BOM-212,19.041466,72.863695,BOM-519,19.06615,72.878583
DDA70255,+91-97300-66666,+91-97300-11111,2025-02-22T16:44:00,138,VOICE,BKC-112,19.0656,72.8669,BOM-808,19.054982,72.900681
15A95885,+91-63990-86106,+91-93400-21798,2025-03-09T09:51:00,1403,VOICE,BOM-212,19.041288,72.863816,BOM-244,19.098519,72.848547
8CA777AD,+91-63990-80980,+91-63990-16660,2025-03-04T12:20:00,869,VOICE,BOM-212,19.041744,72.863863,BOM-212,19.041836,72.863719
4EE5091C,+91-91761-70372,+91-88200-26375,2025-03-28T18:38:00,1313,VOICE,BOM-212,19.041524,72.863787,BOM-212,19.041729,72.863427
E5B5F8C6,+91-97300-77777,+91-93400-56006,2025-01-27T22:08:00,1384,VOICE,BOM-808,19.054923,72.900366,BOM-621,19.13623,72.829894
99299DC6,+91-80720-98352,+91-89120-90566,2025-01-21T23:05:00,19,SMS,BOM-519,19.065853,72.878077,BOM-808,19.054239,72.900995
9B5077D5,+91-93400-12168,+91-93400-69875,2025-02-25T14:30:00,781,VOICE,BOM-447,19.044848,72.856068,BOM-103,18.963004,72.834418
E4B0CBE2,+91-89120-22160,+91-93400-49677,2025-04-14T23:06:00,42,SMS,BOM-621,19.13641,72.829313,BOM-621,19.136279,72.829261
7E37AC9D,+91-80720-80703,+91-88200-74103,2025-03-08T21:44:00,350,VOICE,BOM-244,19.098769,72.849152,BOM-621,19.13623,72.829991
46652E3D,+91-97300-66666,+91-97300-77777,2025-02-13T18:08:00,698,VOICE,BKC-112,19.0656,72.8669,BOM-318,19.120132,72.846784
84553E61,+91-88200-72306,+91-87890-33675,2025-02-04T20:48:00,9,SMS,BOM-808,19.054288,72.900256,BOM-702,19.075522,72.877559
0B598EFF,+91-63990-62845,+91-80720-96476,2025-01-28T23:55:00,60,SMS,BOM-447,19.044745,72.855738,BOM-244,19.099273,72.849054
2EB6B0B1,+91-80720-91412,+91-80720-42447,2025-03-30T19:33:00,1658,VOICE,BOM-244,19.099371,72.849386,BOM-318,19.119987,72.846802
E76C8E0B,+91-88200-51448,+91-93400-49084,2025-02-07T15:22:00,318,VOICE,BOM-702,19.076193,72.87745,BOM-808,19.054534,72.900547
1544E5E6,+91-93400-71904,+91-70420-34995,2025-03-30T15:31:00,1460,VOICE,BOM-212,19.041675,72.863385,BOM-702,19.076227,72.877822
2032B1EC,+91-91761-49631,+91-77540-58622,2025-04-11T23:58:00,300,VOICE,BOM-702,19.075859,72.877824,BOM-103,18.963175,72.834285
E181294E,+91-80720-45365,+91-93400-80133,2025-01-31T21:25:00,1373,VOICE,BOM-808,19.054115,72.900766,BOM-519,19.066533,72.878252
022B6410,+91-88200-42629,+91-88200-11655,2025-01-28T15:17:00,35,SMS,BOM-212,19.041808,72.863891,BOM-103,18.963448,72.83466
4387D4C9,+91-97300-66666,+91-97300-22222,2025-03-26T07:34:00,49,SMS,BKC-112,19.0656,72.8669,BOM-212,19.041007,72.863972
B26ADB0D,+91-97300-11111,+91-97300-33333,2025-03-09T19:23:00,17,SMS,BOM-318,19.119788,72.846777,BOM-621,19.135584,72.829159
12BD312A,+91-89120-24719,+91-77540-85015,2025-02-03T16:52:00,1375,VOICE,BOM-702,19.075853,72.877486,BOM-808,19.054626,72.900723
D173329A,+91-93400-85075,+91-91761-22724,2025-01-28T11:07:00,9,SMS,BOM-103,18.963266,72.834444,BOM-447,19.04396,72.855314
18562234,+91-70420-49285,+91-87890-17640,2025-02-22T11:17:00,606,VOICE,BOM-318,19.119893,72.846716,BOM-808,19.054155,72.90007
59F58EF5,+91-88200-31057,+91-88200-52480,2025-02-16T18:33:00,593,VOICE,BOM-519,19.065806,72.878884,BOM-519,19.066567,72.878843
7AE310B6,+91-93400-52975,+91-87890-78966,2025-02-28T13:36:00,10,SMS,BOM-447,19.044191,72.855815,BOM-447,19.044415,72.856218
D2994FAF,+91-70420-85825,+91-89120-80136,2025-04-20T23:48:00,476,VOICE,BOM-901,19.029558,72.855247,BOM-808,19.054624,72.900025
1CC7A945,+91-89120-19109,+91-63990-28827,2025-03-19T22:49:00,27,SMS,BOM-447,19.044048,72.856032,BOM-621,19.136434,72.829262
DBD75B3C,+91-70420-60737,+91-80720-60823,2025-04-12T19:35:00,1765,VOICE,BOM-808,19.054311,72.90069,BOM-318,19.119996,72.847274
2E72FA90,+91-89120-51984,+91-91761-59894,2025-01-18T17:45:00,1529,VOICE,BOM-103,18.963759,72.834531,BOM-808,19.054277,72.900094
46BA523B,+91-97300-11111,+91-97300-33333,2025-03-23T23:04:00,708,VOICE,BOM-447,19.044148,72.855388,BOM-901,19.029637,72.854974
D8761850,+91-70420-71489,+91-88200-14760,2025-02-07T09:16:00,57,SMS,BOM-621,19.136256,72.82995,BOM-447,19.044806,72.855949
D15D6FB5,+91-93400-57126,+91-88200-83509,2025-02-19T10:49:00,6,SMS,BOM-103,18.963282,72.833769,BOM-702,19.075408,72.877609
1429863D,+91-77540-59269,+91-93400-33047,2025-01-22T09:38:00,7,SMS,BOM-519,19.065823,72.878527,BOM-103,18.962921,72.834439
3E95127A,+91-80720-92510,+91-63990-79973,2025-02-28T18:04:00,189,VOICE,BOM-318,19.119685,72.84698,BOM-519,19.065879,72.878734
A029BA39,+91-75300-28859,+91-93400-50390,2025-03-26T16:28:00,315,VOICE,BOM-621,19.135802,72.83007,BOM-901,19.029639,72.855428
AD1AB39E,+91-75300-60344,+91-87890-23216,2025-04-12T20:20:00,29,SMS,BOM-808,19.054458,72.900335,BOM-212,19.041871,72.864022
E24A7F86,+91-70420-89191,+91-77540-84116,2025-02-27T08:24:00,56,SMS,BOM-702,19.076001,72.877904,BOM-519,19.066142,72.878733
BD55BBB0,+91-63990-80101,+91-80720-43848,2025-04-10T10:23:00,1363,VOICE,BOM-447,19.044818,72.855935,BOM-702,19.076275,72.877214
FA760581,+91-77540-97037,+91-77540-74167,2025-03-14T13:14:00,341,VOICE,BOM-212,19.041892,72.863731,BOM-103,18.962989,72.83434
36EB111B,+91-93400-22186,+91-75300-46511,2025-03-09T13:27:00,46,SMS,BOM-808,19.054955,72.900104,BOM-808,19.054817,72.900433
5F47A5CD,+91-77540-42155,+91-63990-10268,2025-03-11T19:27:00,1614,VOICE,BOM-621,19.136046,72.829686,BOM-244,19.098742,72.848952
8FC1F99B,+91-80720-60645,+91-93400-49759,2025-02-18T22:29:00,20,SMS,BOM-519,19.065882,72.878657,BOM-244,19.09894,72.848845
F7097CA4,+91-63990-85475,+91-93400-59913,2025-03-25T14:19:00,331,VOICE,BOM-212,19.041023,72.863469,BOM-621,19.136252,72.82962
29F335C9,+91-70420-48291,+91-89120-11791,2025-03-13T12:19:00,412,VOICE,BOM-808,19.054968,72.900125,BOM-808,19.054002,72.900425
AF1FDB4F,+91-87890-72930,+91-77540-41341,2025-03-29T07:59:00,12,SMS,BOM-318,19.119284,72.847205,BOM-702,19.075896,72.878011
8C7F135B,+91-93400-85542,+91-77540-90909,2025-04-11T18:04:00,1446,VOICE,BOM-212,19.041857,72.863826,BOM-244,19.099083,72.849263
AE216DA9,+91-87890-85294,+91-70420-66986,2025-02-25T16:46:00,38,SMS,BOM-318,19.119809,72.846601,BOM-244,19.099002,72.848887
33153EDA,+91-91761-40872,+91-77540-83021,2025-02-14T19:36:00,5,SMS,BOM-318,19.119998,72.84697,BOM-702,19.07585,72.878083
47843FC0,+91-93400-48058,+91-70420-95382,2025-01-24T22:36:00,1229,VOICE,BOM-621,19.135766,72.829797,BOM-702,19.076029,72.878083
D6302BC2,+91-87890-15304,+91-80720-67913,2025-03-17T15:39:00,1176,VOICE,BOM-318,19.120127,72.846503,BOM-621,19.136066,72.829918
5A4155CA,+91-63990-14758,+91-93400-11035,2025-03-19T23:19:00,1563,VOICE,BOM-808,19.054233,72.900277,BOM-808,19.054083,72.90072
0BB1288A,+91-70420-91598,+91-77540-50751,2025-04-20T09:40:00,762,VOICE,BOM-621,19.136444,72.829289,BOM-519,19.06634,72.877962
155D47D3,+91-77540-89781,+91-89120-73745,2025-03-02T17:32:00,413,VOICE,BOM-901,19.02969,72.855467,BOM-103,18.963733,72.834539
F5DDABBA,+91-88200-18810,+91-88200-90737,2025-04-15T23:52:00,946,VOICE,BOM-702,19.076132,72.878054,BOM-621,19.135902,72.829387
D25EFB46,+91-87890-98211,+91-63990-27610,2025-03-05T08:20:00,483,VOICE,BOM-103,18.96375,72.834593,BOM-702,19.075941,72.877538
24A964A5,+91-70420-84456,+91-70420-26035,2025-02-14T10:31:00,1084,VOICE,BOM-901,19.02919,72.854856,BOM-808,19.054809,72.900806
0FC24B17,+91-80720-15942,+91-89120-81633,2025-02-27T13:03:00,49,SMS,BOM-447,19.044763,72.855572,BOM-103,18.963435,72.83453
B9D0BF7E,+91-70420-90401,+91-70420-29956,2025-03-21T17:50:00,155,VOICE,BOM-212,19.041734,72.863915,BOM-318,19.119229,72.846659
5A2F2676,+91-87890-31917,+91-80720-18336,2025-02-20T21:41:00,827,VOICE,BOM-901,19.029415,72.855698,BOM-519,19.065969,72.878217
235E4CE9,+91-75300-18850,+91-63990-75056,2025-03-30T12:07:00,918,VOICE,BOM-212,19.041619,72.864155,BOM-702,19.075542,72.877293
22DC174D,+91-97300-11111,+91-97300-22222,2025-02-13T19:50:00,480,VOICE,BOM-621,19.135988,72.829852,BOM-212,19.041153,72.863985
B60C89DF,+91-97300-11111,+91-97300-33333,2025-04-13T11:29:00,38,SMS,BOM-808,19.054976,72.900093,BOM-318,19.11968,72.847114
CD0404E9,+91-63990-67665,+91-88200-38695,2025-04-04T17:57:00,540,VOICE,BOM-901,19.029845,72.855155,BOM-808,19.054516,72.900137
D54226F6,+91-70420-34911,+91-75300-78139,2025-01-18T21:29:00,131,VOICE,BOM-244,19.098592,72.848558,BOM-621,19.136218,72.829941
42F49647,+91-97300-77777,+91-87890-14317,2025-02-03T14:29:00,21,SMS,BOM-702,19.075527,72.877616,BOM-702,19.075955,72.878166
10FABE64,+91-89120-22323,+91-77540-56115,2025-01-30T16:47:00,27,SMS,BOM-808,19.054951,72.900975,BOM-447,19.044696,72.855845
E581785B,+91-91761-98839,+91-88200-80264,2025-04-02T15:12:00,39,SMS,BOM-103,18.96327,72.83397,BOM-901,19.029449,72.855581
99CCF553,+91-93400-29275,+91-93400-87119,2025-02-26T13:00:00,159,VOICE,BOM-702,19.075737,72.877549,BOM-318,19.119413,72.847277
0CBA2CF3,+91-89120-33540,+91-91761-80483,2025-02-12T17:45:00,7,SMS,BOM-318,19.119335,72.846893,BOM-702,19.076303,72.877282
8D5994DA,+91-97300-11111,+91-97300-22222,2025-03-12T19:25:00,1662,VOICE,BOM-318,19.119493,72.846994,BOM-808,19.054601,72.900702
70F252CB,+91-87890-93713,+91-88200-45141,2025-02-14T15:05:00,1574,VOICE,BOM-702,19.076268,72.877647,BOM-808,19.054833,72.900763
24B7E151,+91-97300-33333,+91-97300-11111,2025-04-21T22:08:00,132,VOICE,BOM-808,19.054641,72.900941,BOM-702,19.075847,72.877727
E582F750,+91-89120-83197,+91-70420-28623,2025-04-15T23:17:00,1575,VOICE,BOM-212,19.041696,72.863609,BOM-808,19.054592,72.900979
4F0DC008,+91-63990-70422,+91-89120-78551,2025-04-01T21:40:00,24,SMS,BOM-621,19.135707,72.829188,BOM-318,19.119513,72.846789
B8BB3057,+91-93400-92158,+91-80720-41268,2025-03-19T22:43:00,444,VOICE,BOM-621,19.135535,72.830087,BOM-447,19.04474,72.856039
4B57A17D,+91-70420-45202,+91-63990-19373,2025-04-15T11:59:00,531,VOICE,BOM-901,19.029209,72.854881,BOM-808,19.054495,72.900803
F8FB693F,+91-89120-45502,+91-77540-81753,2025-04-16T14:14:00,203,VOICE,BOM-244,19.099011,72.848933,BOM-519,19.066162,72.877934
9D8FD1A2,+91-89120-41397,+91-77540-29369,2025-04-23T20:35:00,194,VOICE,BOM-519,19.066349,72.878588,BOM-519,19.06674,72.878462
0BC66AFB,+91-77540-23721,+91-89120-70783,2025-03-02T08:29:00,14,SMS,BOM-212,19.041404,72.86403,BOM-244,19.099488,72.848931
77434BC5,+91-63990-22780,+91-77540-89035,2025-04-11T09:08:00,144,VOICE,BOM-702,19.076215,72.87736,BOM-318,19.119281,72.846952
B416EC3A,+91-77540-81414,+91-87890-17004,2025-03-08T20:50:00,322,VOICE,BOM-621,19.135845,72.829183,BOM-808,19.054668,72.90081
5999D587,+91-97300-22222,+91-97300-11111,2025-02-17T17:03:00,555,VOICE,BOM-808,19.054665,72.900442,BOM-318,19.120036,72.846718
4A87A718,+91-97300-33333,+91-97300-11111,2025-03-11T22:13:00,518,VOICE,BOM-212,19.041672,72.864126,BOM-702,19.076145,72.877573
D79999AA,+91-91761-94495,+91-89120-88566,2025-03-01T17:51:00,27,SMS,BOM-702,19.075638,72.878042,BOM-519,19.066162,72.878336
4225B637,+91-93400-51535,+91-93400-84914,2025-03-02T17:26:00,967,VOICE,BOM-318,19.120148,72.846771,BOM-519,19.066235,72.878386
05FFB138,+91-89120-97108,+91-75300-21498,2025-04-01T19:04:00,1189,VOICE,BOM-244,19.098518,72.849345,BOM-621,19.135528,72.829978
947D8826,+91-93400-58986,+91-93400-52096,2025-02-28T15:27:00,273,VOICE,BOM-318,19.119881,72.847185,BOM-621,19.135958,72.830024
58DDD38D,+91-87890-69931,+91-77540-69375,2025-03-15T20:09:00,22,SMS,BOM-808,19.054441,72.900209,BOM-447,19.044595,72.855762
53CF5227,+91-77540-99091,+91-88200-52341,2025-02-02T09:56:00,342,VOICE,BOM-808,19.054606,72.900277,BOM-808,19.054306,72.900099
8341C40C,+91-87890-28495,+91-89120-33285,2025-01-27T08:52:00,1028,VOICE,BOM-318,19.119696,72.846568,BOM-318,19.119281,72.846641
34227F34,+91-70420-52147,+91-80720-83496,2025-03-08T18:53:00,826,VOICE,BOM-901,19.029699,72.855574,BOM-808,19.054923,72.900864
DD48DFCD,+91-91761-75954,+91-80720-62463,2025-01-16T15:07:00,1030,VOICE,BOM-244,19.099365,72.849143,BOM-621,19.13617,72.82939
90F23C99,+91-80720-19659,+91-93400-63850,2025-02-13T18:49:00,406,VOICE,BOM-212,19.041132,72.86415,BOM-212,19.041595,72.863887
36275B48,+91-89120-69822,+91-89120-91657,2025-01-25T10:50:00,449,VOICE,BOM-447,19.044375,72.856291,BOM-808,19.05409,72.900753
0FA13CE8,+91-70420-16507,+91-77540-97727,2025-02-18T18:09:00,549,VOICE,BOM-447,19.044763,72.856046,BOM-519,19.066164,72.878792
A199E9C5,+91-77540-16258,+91-80720-64554,2025-04-14T17:35:00,1757,VOICE,BOM-702,19.075818,72.877382,BOM-621,19.136334,72.829388
75F0A71A,+91-75300-81479,+91-77540-72077,2025-04-02T13:18:00,1302,VOICE,BOM-621,19.136054,72.829705,BOM-519,19.066343,72.878165
E14D7556,+91-63990-80900,+91-77540-36627,2025-03-21T15:53:00,893,VOICE,BOM-244,19.098985,72.849243,BOM-901,19.029802,72.855197
FDB68F75,+91-87890-40583,+91-88200-10437,2025-01-28T10:08:00,56,SMS,BOM-244,19.099085,72.849025,BOM-901,19.029748,72.854933
140641A6,+91-91761-80139,+91-80720-61711,2025-03-14T12:47:00,44,SMS,BOM-808,19.054787,72.900779,BOM-621,19.13557,72.829105
93030A27,+91-70420-99414,+91-93400-62054,2025-02-19T19:22:00,30,SMS,BOM-212,19.041642,72.863983,BOM-702,19.076377,72.878014
93ED8A7B,+91-80720-15646,+91-75300-59407,2025-02-23T08:47:00,860,VOICE,BOM-901,19.030042,72.854906,BOM-103,18.963185,72.83431
D7165FB7,+91-70420-26732,+91-77540-35833,2025-03-31T11:57:00,58,SMS,BOM-103,18.962903,72.83417,BOM-244,19.099299,72.849172
0189CD56,+91-91761-68883,+91-88200-59217,2025-01-18T19:25:00,779,VOICE,BOM-244,19.09887,72.849259,BOM-103,18.963272,72.833998
2FC8F330,+91-75300-30721,+91-77540-63753,2025-03-26T10:20:00,755,VOICE,BOM-808,19.054466,72.900652,BOM-447,19.04453,72.855991
62EC5EEB,+91-77540-22221,+91-75300-99986,2025-03-16T20:06:00,280,VOICE,BOM-519,19.066579,72.877956,BOM-212,19.041073,72.863522
6F29F31D,+91-75300-88699,+91-87890-32024,2025-01-26T07:45:00,348,VOICE,BOM-447,19.044576,72.856205,BOM-212,19.041776,72.863387
F851C03C,+91-70420-89725,+91-77540-56412,2025-03-06T14:58:00,126,VOICE,BOM-702,19.075498,72.877726,BOM-621,19.135808,72.82913
1B602FEF,+91-91761-45607,+91-70420-20436,2025-01-29T19:11:00,194,VOICE,BOM-808,19.054541,72.900034,BOM-901,19.029342,72.854972
1D0459A6,+91-89120-50373,+91-75300-28074,2025-01-19T22:08:00,1262,VOICE,BOM-621,19.136244,72.829293,BOM-808,19.054262,72.900299
26639CA0,+91-80720-24799,+91-77540-33416,2025-04-07T21:38:00,140,VOICE,BOM-702,19.076047,72.877701,BOM-901,19.029334,72.855561
32F3C780,+91-91761-82861,+91-88200-41096,2025-03-02T22:25:00,903,VOICE,BOM-621,19.135652,72.829513,BOM-519,19.066557,72.878518
5106A20C,+91-75300-42405,+91-75300-66593,2025-02-05T21:46:00,1486,VOICE,BOM-621,19.136482,72.829798,BOM-447,19.044671,72.856019
EBA08600,+91-93400-47870,+91-77540-24992,2025-01-25T07:48:00,56,VOICE,BOM-318,19.119972,72.847065,BOM-702,19.076047,72.877996
432B822C,+91-91761-97416,+91-77540-68857,2025-01-19T11:16:00,837,VOICE,BOM-621,19.136298,72.829427,BOM-519,19.066691,72.878576
73910C10,+91-91761-70122,+91-93400-24320,2025-03-10T22:13:00,1177,VOICE,BOM-244,19.09865,72.849339,BOM-318,19.119631,72.84682
1EC5839A,+91-70420-48776,+91-70420-98885,2025-02-10T16:57:00,998,VOICE,BOM-808,19.054004,72.900673,BOM-901,19.029214,72.855717
C70609DC,+91-75300-85228,+91-87890-81045,2025-04-06T13:50:00,6,SMS,BOM-244,19.09949,72.84939,BOM-212,19.041321,72.86372
6D16200D,+91-80720-23531,+91-91761-38614,2025-03-08T16:52:00,49,SMS,BOM-318,19.119847,72.846843,BOM-447,19.044275,72.855699
29BC5003,+91-80720-95150,+91-88200-50312,2025-03-31T08:39:00,40,SMS,BOM-318,19.119684,72.846907,BOM-212,19.041834,72.863887
787261CF,+91-75300-14749,+91-80720-16255,2025-02-03T14:36:00,252,VOICE,BOM-621,19.136163,72.829773,BOM-244,19.098556,72.849377
713F5B2D,+91-97300-11111,+91-97300-44444,2025-03-02T13:00:00,48,SMS,BOM-702,19.076031,72.877789,BOM-103,18.963092,72.834456
A5B0EECB,+91-70420-21400,+91-87890-27427,2025-02-09T17:42:00,1009,VOICE,BOM-244,19.099174,72.848739,BOM-447,19.044898,72.855758
86D67113,+91-80720-30364,+91-89120-81050,2025-03-13T08:04:00,1268,VOICE,BOM-519,19.066461,72.878021,BOM-318,19.119789,72.846408
B2FC31DD,+91-93400-60886,+91-77540-50295,2025-01-27T16:15:00,591,VOICE,BOM-808,19.054891,72.900175,BOM-103,18.962823,72.834187
461BE56A,+91-91761-91152,+91-91761-50800,2025-04-08T18:38:00,1217,VOICE,BOM-621,19.135969,72.829208,BOM-702,19.076252,72.877918
E48C319A,+91-87890-17679,+91-70420-81891,2025-04-17T10:19:00,279,VOICE,BOM-103,18.963192,72.834102,BOM-244,19.098656,72.848588
3AE9EA89,+91-87890-17473,+91-87890-91204,2025-02-28T07:25:00,729,VOICE,BOM-212,19.041649,72.863804,BOM-212,19.040987,72.86386
5F25962E,+91-93400-95309,+91-91761-56878,2025-02-20T23:20:00,1042,VOICE,BOM-318,19.119945,72.847241,BOM-808,19.05443,72.900322
41A1774B,+91-89120-77492,+91-93400-24137,2025-04-13T23:54:00,1131,VOICE,BOM-447,19.044137,72.855579,BOM-447,19.044815,72.855405
C6A5B0E9,+91-91761-29901,+91-80720-25360,2025-01-24T10:33:00,1187,VOICE,BOM-103,18.963016,72.834431,BOM-103,18.963282,72.83427
8AEBAF58,+91-63990-39174,+91-70420-16338,2025-04-12T16:52:00,429,VOICE,BOM-702,19.075981,72.878072,BOM-212,19.041248,72.864022
4D052469,+91-88200-98900,+91-77540-89022,2025-02-07T11:07:00,948,VOICE,BOM-808,19.05413,72.900518,BOM-103,18.96337,72.834288
D415D448,+91-87890-60640,+91-75300-54839,2025-01-18T18:28:00,1360,VOICE,BOM-212,19.041469,72.863432,BOM-318,19.119536,72.846801
050207DD,+91-77540-76008,+91-89120-36667,2025-03-16T13:24:00,1689,VOICE,BOM-447,19.043996,72.856194,BOM-318,19.119672,72.846783
25BAACF2,+91-89120-13745,+91-80720-67524,2025-01-22T19:27:00,20,SMS,BOM-901,19.029234,72.855498,BOM-702,19.076187,72.877776
FC517080,+91-80720-50170,+91-75300-94584,2025-02-28T07:37:00,20,SMS,BOM-519,19.065996,72.877946,BOM-103,18.963277,72.833922
868F930B,+91-70420-78867,+91-88200-62262,2025-01-31T15:01:00,1160,VOICE,BOM-519,19.066744,72.878116,BOM-447,19.043931,72.855878
D2CD6CE1,+91-88200-11736,+91-80720-34446,2025-04-12T15:43:00,325,VOICE,BOM-519,19.066197,72.878599,BOM-702,19.075815,72.877435
134A2145,+91-91761-85167,+91-75300-25313,2025-04-03T21:43:00,1114,VOICE,BOM-702,19.075733,72.877584,BOM-244,19.099221,72.848619
02159805,+91-91761-79459,+91-63990-39079,2025-01-31T15:39:00,1648,VOICE,BOM-103,18.963292,72.834479,BOM-103,18.96379,72.834596
0B683C97,+91-88200-28278,+91-63990-87286,2025-04-01T18:06:00,411,VOICE,BOM-318,19.12014,72.846314,BOM-103,18.963124,72.834463
5AB2D04D,+91-89120-45721,+91-75300-99950,2025-04-11T11:25:00,1564,VOICE,BOM-103,18.96344,72.833833,BOM-808,19.054341,72.900089
EFEF0CF5,+91-87890-99681,+91-75300-47342,2025-02-09T19:31:00,37,SMS,BOM-901,19.029711,72.855233,BOM-621,19.13589,72.82973
AF4E49D1,+91-80720-10840,+91-93400-95169,2025-01-15T09:26:00,1733,VOICE,BOM-447,19.044639,72.855325,BOM-244,19.099199,72.849254
690792AC,+91-88200-61097,+91-80720-74619,2025-02-22T21:37:00,583,VOICE,BOM-702,19.076395,72.877535,BOM-318,19.119956,72.846594
611E98FC,+91-80720-36486,+91-93400-58427,2025-02-14T13:44:00,892,VOICE,BOM-244,19.098775,72.849371,BOM-702,19.075511,72.877229
AD9EE51D,+91-88200-85005,+91-70420-52051,2025-04-03T21:14:00,1537,VOICE,BOM-901,19.029849,72.855288,BOM-103,18.96291,72.834232
F8D92F76,+91-75300-68645,+91-91761-97241,2025-02-09T20:42:00,850,VOICE,BOM-447,19.043976,72.856121,BOM-212,19.041482,72.864084
AE59C4B1,+91-70420-80632,+91-77540-34446,2025-03-05T17:09:00,927,VOICE,BOM-702,19.076057,72.877921,BOM-244,19.098536,72.84905
35BDA6C5,+91-87890-27069,+91-93400-62849,2025-02-06T16:21:00,1471,VOICE,BOM-808,19.054741,72.900851,BOM-901,19.029169,72.855081
4783A3E8,+91-91761-64612,+91-75300-54010,2025-03-20T09:53:00,275,VOICE,BOM-808,19.054099,72.900335,BOM-621,19.136438,72.829925
3C33318D,+91-75300-78769,+91-70420-13541,2025-03-30T23:27:00,48,SMS,BOM-244,19.098661,72.849197,BOM-621,19.136145,72.829977
BD06F6E7,+91-77540-30186,+91-77540-71916,2025-02-19T11:40:00,1268,VOICE,BOM-621,19.135699,72.830008,BOM-702,19.075968,72.877317
D5C6E686,+91-88200-24168,+91-87890-92208,2025-03-29T09:12:00,100,VOICE,BOM-621,19.135931,72.829825,BOM-318,19.119698,72.846355
AC3FD847,+91-70420-90461,+91-88200-61205,2025-03-30T07:50:00,784,VOICE,BOM-519,19.066637,72.877923,BOM-901,19.029333,72.855549
8C84B623,+91-77540-61451,+91-93400-29556,2025-02-14T09:03:00,841,VOICE,BOM-702,19.076088,72.878143,BOM-901,19.029381,72.855064
FB8603B5,+91-97300-77777,+91-77540-48937,2025-02-25T15:41:00,6,SMS,BOM-702,19.075407,72.877223,BOM-901,19.02936,72.855133
D6381BCC,+91-87890-54717,+91-63990-66917,2025-04-18T09:06:00,732,VOICE,BOM-808,19.054562,72.900077,BOM-808,19.05492,72.900596
BE92000E,+91-80720-35339,+91-93400-13056,2025-03-31T23:55:00,1514,VOICE,BOM-702,19.075761,72.877914,BOM-318,19.120023,72.846624
1C307E68,+91-97300-22222,+91-97300-11111,2025-02-27T15:52:00,717,VOICE,BOM-808,19.054125,72.900985,BOM-808,19.054806,72.900647
CEE92F38,+91-88200-48280,+91-70420-10212,2025-04-01T21:03:00,1066,VOICE,BOM-519,19.065932,72.87853,BOM-808,19.054381,72.900867
B5DD0CED,+91-63990-29878,+91-91761-96877,2025-02-28T08:41:00,21,SMS,BOM-901,19.029535,72.854894,BOM-103,18.963638,72.834437
B1843FA0,+91-87890-56638,+91-63990-42944,2025-02-25T15:50:00,152,VOICE,BOM-318,19.119775,72.846538,BOM-318,19.119622,72.846399
6E009690,+91-97300-22222,+91-97300-33333,2025-02-01T19:53:00,30,SMS,BOM-244,19.098779,72.848621,BOM-808,19.054387,72.90027
4A39310F,+91-80720-69583,+91-88200-59858,2025-04-18T19:37:00,1290,VOICE,BOM-212,19.041012,72.863811,BOM-244,19.099192,72.849493
D00C46DA,+91-89120-27524,+91-91761-26753,2025-02-24T21:51:00,877,VOICE,BOM-621,19.13555,72.829128,BOM-103,18.963706,72.834406
0A2D0302,+91-93400-90858,+91-89120-58609,2025-03-02T10:14:00,63,VOICE,BOM-519,19.06643,72.878468,BOM-808,19.05477,72.90052
0381AE99,+91-75300-96719,+91-87890-62230,2025-03-07T20:38:00,1780,VOICE,BOM-447,19.044384,72.855999,BOM-244,19.098959,72.848632
63B2FA16,+91-91761-29897,+91-75300-24689,2025-03-28T19:16:00,1223,VOICE,BOM-702,19.075907,72.877586,BOM-808,19.054446,72.900109
33294BB7,+91-89120-51558,+91-63990-80900,2025-03-20T19:57:00,1294,VOICE,BOM-244,19.099398,72.84935,BOM-244,19.09895,72.848774
B0E3FBB9,+91-77540-21156,+91-89120-27075,2025-03-19T17:32:00,1466,VOICE,BOM-103,18.963716,72.834189,BOM-702,19.075993,72.878104
1AADC37E,+91-88200-15679,+91-91761-38199,2025-03-30T11:32:00,182,VOICE,BOM-447,19.044503,72.855674,BOM-212,19.041497,72.863294
DAA3E432,+91-89120-71600,+91-89120-84769,2025-01-22T13:09:00,1452,VOICE,BOM-103,18.963099,72.833815,BOM-702,19.076271,72.877219
D43F04AD,+91-89120-16146,+91-77540-66383,2025-04-09T23:27:00,1628,VOICE,BOM-212,19.041821,72.863453,BOM-808,19.054808,72.900783
F996BCF8,+91-88200-65331,+91-77540-80774,2025-04-12T11:18:00,1265,VOICE,BOM-212,19.041503,72.864161,BOM-212,19.041887,72.86406
C00DF632,+91-70420-97073,+91-70420-74864,2025-02-17T20:55:00,13,SMS,BOM-519,19.066388,72.878673,BOM-103,18.963336,72.833781
5965EF59,+91-77540-22166,+91-63990-16367,2025-03-04T07:12:00,853,VOICE,BOM-212,19.04176,72.863454,BOM-519,19.066024,72.87835
D3633C1F,+91-97300-77777,+91-93400-38154,2025-04-24T20:35:00,1041,VOICE,BOM-901,19.029478,72.855758,BOM-702,19.076128,72.877547
B80F5E9D,+91-75300-52939,+91-75300-11861,2025-04-08T10:47:00,38,SMS,BOM-244,19.098512,72.849495,BOM-702,19.07633,72.877789
CEABD24B,+91-63990-39293,+91-70420-73557,2025-02-09T21:10:00,1736,VOICE,BOM-702,19.075881,72.877745,BOM-103,18.963041,72.833909
7EFEECD1,+91-75300-39792,+91-75300-30759,2025-01-23T22:40:00,706,VOICE,BOM-901,19.029235,72.855595,BOM-901,19.029672,72.854993
EE04B09B,+91-88200-86091,+91-88200-63187,2025-01-15T15:02:00,938,VOICE,BOM-212,19.041433,72.863891,BOM-519,19.066579,72.878693
8A822723,+91-70420-14768,+91-80720-79252,2025-04-08T11:26:00,1426,VOICE,BOM-808,19.054185,72.900954,BOM-212,19.041515,72.863208
378C7F88,+91-75300-89275,+91-89120-51514,2025-03-14T12:27:00,630,VOICE,BOM-103,18.963544,72.834512,BOM-702,19.076061,72.877248
F46EAF7E,+91-80720-79655,+91-77540-63288,2025-02-26T17:11:00,1053,VOICE,BOM-103,18.963439,72.83409,BOM-212,19.041346,72.863662
917AD3EE,+91-63990-52013,+91-87890-84746,2025-01-19T21:35:00,16,SMS,BOM-702,19.075729,72.877906,BOM-621,19.135619,72.830093
EB44C3CF,+91-91761-43120,+91-88200-62233,2025-01-29T21:17:00,482,VOICE,BOM-702,19.076037,72.877404,BOM-447,19.043939,72.855632
54AD0746,+91-97300-22222,+91-97300-11111,2025-04-09T08:14:00,1525,VOICE,BOM-808,19.054455,72.900174,BOM-621,19.135803,72.829152
610AB0AE,+91-63990-84856,+91-75300-68641,2025-01-20T08:50:00,689,VOICE,BOM-447,19.044741,72.855542,BOM-519,19.065919,72.878749
9461EEFB,+91-63990-78250,+91-87890-26224,2025-03-13T11:31:00,570,VOICE,BOM-447,19.044291,72.856136,BOM-901,19.02991,72.855063
BC7FEC26,+91-97300-22222,+91-97300-33333,2025-04-12T23:58:00,915,VOICE,BOM-621,19.135812,72.829976,BOM-318,19.11939,72.846919
1801BD49,+91-91761-78091,+91-75300-52950,2025-01-22T13:35:00,1404,VOICE,BOM-901,19.029878,72.85488,BOM-808,19.054516,72.900828
27264853,+91-89120-94285,+91-63990-72851,2025-03-06T12:59:00,1043,VOICE,BOM-318,19.11938,72.846764,BOM-318,19.119326,72.846794
5E2DC3BE,+91-91761-42363,+91-75300-65057,2025-01-27T09:38:00,408,VOICE,BOM-808,19.054098,72.900491,BOM-702,19.075788,72.877786
DC35EEB1,+91-63990-52776,+91-89120-48520,2025-03-01T13:35:00,455,VOICE,BOM-318,19.12018,72.846606,BOM-702,19.076123,72.877418
9AE82917,+91-89120-99457,+91-89120-18721,2025-03-11T18:14:00,1575,VOICE,BOM-244,19.099212,72.848643,BOM-103,18.963515,72.834352
EE4EFDA8,+91-70420-95010,+91-88200-48612,2025-03-29T13:33:00,557,VOICE,BOM-212,19.041307,72.86408,BOM-318,19.11952,72.847054
BE6321F1,+91-88200-80135,+91-88200-36175,2025-02-18T23:03:00,254,VOICE,BOM-621,19.136115,72.829504,BOM-808,19.054453,72.900458
A9D41BBB,+91-91761-85778,+91-75300-68845,2025-04-01T07:13:00,585,VOICE,BOM-447,19.04473,72.855687,BOM-318,19.119946,72.846828
3C99655F,+91-80720-25584,+91-88200-67075,2025-03-12T17:23:00,1434,VOICE,BOM-447,19.044179,72.856126,BOM-702,19.076042,72.877399
781472C0,+91-77540-94629,+91-91761-10585,2025-04-07T22:38:00,1033,VOICE,BOM-901,19.029953,72.85572,BOM-103,18.963526,72.834237
9701D81A,+91-77540-62438,+91-77540-53985,2025-04-04T12:09:00,1780,VOICE,BOM-318,19.120066,72.847276,BOM-447,19.044669,72.856227
F41029F5,+91-87890-40912,+91-91761-46625,2025-02-23T18:31:00,1708,VOICE,BOM-519,19.066112,72.878083,BOM-244,19.098855,72.848575
83954720,+91-93400-95843,+91-91761-57886,2025-03-16T16:56:00,486,VOICE,BOM-519,19.066337,72.878368,BOM-318,19.12016,72.84649
B3A1E367,+91-88200-30643,+91-93400-85907,2025-03-19T15:11:00,1643,VOICE,BOM-901,19.030093,72.854949,BOM-702,19.075941,72.877296
DF4E55A1,+91-87890-56523,+91-75300-18282,2025-03-08T13:33:00,380,VOICE,BOM-103,18.96341,72.83431,BOM-212,19.040941,72.863664
4F229314,+91-91761-64805,+91-63990-63654,2025-01-26T21:35:00,1055,VOICE,BOM-103,18.963625,72.834496,BOM-621,19.136194,72.830019
0D425076,+91-63990-83471,+91-77540-19986,2025-02-23T17:41:00,1561,VOICE,BOM-244,19.099326,72.849172,BOM-212,19.041885,72.864196
F9D486A2,+91-88200-37908,+91-89120-65644,2025-02-19T13:43:00,1767,VOICE,BOM-212,19.04133,72.863967,BOM-447,19.044544,72.855916
1BC685EB,+91-88200-45382,+91-77540-59340,2025-02-10T22:18:00,8,SMS,BOM-519,19.066443,72.878113,BOM-808,19.054243,72.900859
77C3161C,+91-75300-58308,+91-63990-18715,2025-02-04T14:18:00,107,VOICE,BOM-212,19.041655,72.863528,BOM-318,19.119812,72.847182
08951340,+91-77540-74097,+91-93400-65095,2025-02-15T22:24:00,1001,VOICE,BOM-621,19.135661,72.82964,BOM-808,19.054048,72.900178
003BCC39,+91-87890-84500,+91-80720-42343,2025-01-24T18:52:00,45,SMS,BOM-702,19.075596,72.87802,BOM-808,19.054432,72.900088
99C74375,+91-97300-66666,+91-97300-77777,2025-04-10T14:42:00,52,SMS,BKC-112,19.0656,72.8669,BOM-447,19.044,72.855976
3A12E963,+91-93400-31740,+91-91761-53579,2025-04-24T14:21:00,392,VOICE,BOM-318,19.119647,72.846746,BOM-808,19.05464,72.900007
59F3B7A7,+91-91761-40381,+91-75300-15821,2025-03-07T23:19:00,1566,VOICE,BOM-244,19.098748,72.849299,BOM-244,19.098889,72.848892
FC846077,+91-63990-11793,+91-89120-47966,2025-02-13T11:01:00,418,VOICE,BOM-447,19.044051,72.856124,BOM-318,19.119397,72.847069
1B30DC97,+91-63990-26203,+91-77540-32829,2025-03-03T20:45:00,863,VOICE,BOM-808,19.054261,72.900888,BOM-103,18.963441,72.833831
7E5CB55F,+91-87890-12303,+91-89120-36560,2025-02-15T21:13:00,799,VOICE,BOM-447,19.044456,72.856024,BOM-103,18.962977,72.834142
84E70C49,+91-80720-89159,+91-80720-74599,2025-02-20T12:23:00,1066,VOICE,BOM-808,19.054624,72.900745,BOM-808,19.054378,72.900914
B0BC00C1,+91-91761-36066,+91-88200-90001,2025-02-07T18:43:00,39,SMS,BOM-808,19.054971,72.900322,BOM-808,19.054417,72.900121
57C996CE,+91-97300-66666,+91-97300-22222,2025-03-14T18:28:00,476,VOICE,BKC-112,19.0656,72.8669,BOM-519,19.066198,72.878361
375C509B,+91-87890-18163,+91-91761-97524,2025-02-03T20:53:00,1119,VOICE,BOM-212,19.041188,72.863598,BOM-519,19.066756,72.878222
61C9BCDF,+91-91761-55035,+91-89120-60605,2025-02-07T14:28:00,225,VOICE,BOM-212,19.041574,72.864031,BOM-318,19.12015,72.846547
19D08301,+91-77540-64794,+91-91761-95398,2025-04-12T22:45:00,54,SMS,BOM-447,19.044038,72.855795,BOM-103,18.963568,72.834501
51F92A2F,+91-70420-24430,+91-77540-14206,2025-01-26T14:54:00,756,VOICE,BOM-318,19.119216,72.846494,BOM-901,19.029238,72.855723
07A8665E,+91-70420-73125,+91-87890-92465,2025-03-31T17:45:00,16,SMS,BOM-621,19.135589,72.829346,BOM-318,19.11948,72.8469
9F54B734,+91-89120-53807,+91-80720-72223,2025-04-20T07:58:00,272,VOICE,BOM-447,19.04466,72.855779,BOM-447,19.04479,72.856129
2122297B,+91-93400-83589,+91-77540-74158,2025-04-13T11:16:00,1564,VOICE,BOM-447,19.044689,72.855598,BOM-519,19.065955,72.877906
BC39BBEF,+91-77540-31170,+91-87890-32273,2025-03-31T18:47:00,1031,VOICE,BOM-447,19.044192,72.855746,BOM-519,19.066078,72.87881
08ED8AFF,+91-75300-58167,+91-88200-78200,2025-02-20T09:36:00,525,VOICE,BOM-318,19.119328,72.846374,BOM-519,19.066625,72.878407
76EC38D1,+91-93400-14699,+91-75300-15665,2025-03-30T08:52:00,1694,VOICE,BOM-621,19.135541,72.82968,BOM-808,19.054697,72.900055
579BA77F,+91-93400-35950,+91-88200-19052,2025-04-04T19:22:00,160,VOICE,BOM-447,19.044031,72.856183,BOM-212,19.041713,72.863489
117E93F4,+91-88200-84397,+91-89120-66223,2025-02-26T10:11:00,1232,VOICE,BOM-621,19.136371,72.829919,BOM-244,19.098755,72.848718
488276E6,+91-88200-98466,+91-93400-18950,2025-03-23T22:02:00,8,SMS,BOM-621,19.135767,72.829242,BOM-519,19.066243,72.878831
14D540ED,+91-93400-27464,+91-80720-94414,2025-02-27T23:49:00,1303,VOICE,BOM-808,19.054208,72.900197,BOM-244,19.098626,72.849324
27C57A7E,+91-70420-79788,+91-80720-71276,2025-02-04T22:54:00,1382,VOICE,BOM-702,19.076164,72.877575,BOM-244,19.098723,72.849469
13D2915C,+91-63990-16557,+91-87890-45891,2025-01-15T22:22:00,57,SMS,BOM-447,19.044333,72.856289,BOM-103,18.963175,72.834078
B438F5C9,+91-63990-72827,+91-88200-20866,2025-01-18T23:25:00,58,SMS,BOM-244,19.099259,72.848777,BOM-244,19.098747,72.849051
47C44608,+91-77540-71662,+91-87890-48157,2025-02-12T14:43:00,18,SMS,BOM-212,19.041875,72.863831,BOM-447,19.044043,72.855321
E79891DA,+91-80720-53612,+91-63990-81097,2025-04-12T11:54:00,1649,VOICE,BOM-901,19.029254,72.855479,BOM-244,19.099069,72.849135
958147B6,+91-70420-67987,+91-93400-91580,2025-03-20T16:34:00,710,VOICE,BOM-447,19.044263,72.855691,BOM-212,19.041246,72.863885
A3FD98B7,+91-80720-69741,+91-93400-11051,2025-02-19T13:43:00,1586,VOICE,BOM-212,19.04109,72.864055,BOM-702,19.075407,72.877764
08D1B225,+91-80720-68185,+91-70420-23402,2025-02-11T23:39:00,27,VOICE,BOM-318,19.119769,72.847124,BOM-103,18.96332,72.833873
E5D9ABF1,+91-89120-15316,+91-88200-14484,2025-02-04T16:37:00,583,VOICE,BOM-212,19.040913,72.86367,BOM-212,19.041372,72.863751
7E921925,+91-80720-15858,+91-77540-35714,2025-03-17T08:33:00,41,SMS,BOM-103,18.962838,72.834685,BOM-103,18.96321,72.834128
92D983E3,+91-70420-11272,+91-77540-38102,2025-02-12T16:07:00,56,SMS,BOM-212,19.041679,72.863907,BOM-447,19.044893,72.855496
16B5ED56,+91-91761-28322,+91-80720-90880,2025-04-12T23:41:00,1161,VOICE,BOM-212,19.041104,72.863328,BOM-447,19.04486,72.856176
173CF978,+91-75300-96182,+91-89120-39123,2025-03-07T16:03:00,49,SMS,BOM-808,19.054133,72.900699,BOM-318,19.120147,72.846839
58DBCE07,+91-63990-35032,+91-87890-92622,2025-03-26T10:57:00,249,VOICE,BOM-702,19.075863,72.877654,BOM-212,19.041895,72.863257
C484D55E,+91-63990-19816,+91-63990-94784,2025-02-02T11:44:00,969,VOICE,BOM-901,19.029232,72.854905,BOM-702,19.075669,72.877848
2403D0C3,+91-63990-60512,+91-70420-90361,2025-03-01T12:12:00,577,VOICE,BOM-244,19.099048,72.848576,BOM-621,19.135682,72.829122
C9F027E1,+91-63990-86519,+91-75300-86972,2025-01-20T22:00:00,1526,VOICE,BOM-808,19.054598,72.900708,BOM-447,19.044739,72.856122
CAC3F73B,+91-97300-11111,+91-97300-33333,2025-02-14T15:00:00,17,VOICE,BOM-318,19.119592,72.846672,BOM-901,19.029478,72.855104
3F310A72,+91-70420-90739,+91-70420-45017,2025-02-03T23:23:00,25,SMS,BOM-103,18.96316,72.834593,BOM-901,19.030077,72.855662
4074E8FC,+91-75300-78119,+91-63990-38540,2025-03-13T13:21:00,430,VOICE,BOM-318,19.12008,72.846334,BOM-103,18.963575,72.834293
919F082A,+91-63990-18132,+91-80720-52564,2025-04-16T08:02:00,1630,VOICE,BOM-103,18.963123,72.833971,BOM-212,19.041612,72.86389
E240AA49,+91-70420-80673,+91-63990-40157,2025-04-04T11:31:00,50,SMS,BOM-808,19.05459,72.900813,BOM-103,18.963052,72.834422
1B64CB04,+91-75300-63462,+91-70420-63643,2025-04-03T15:20:00,37,SMS,BOM-621,19.135939,72.830061,BOM-519,19.066678,72.87852
3D0D6B84,+91-77540-72051,+91-63990-73658,2025-01-16T15:17:00,986,VOICE,BOM-212,19.041439,72.863765,BOM-212,19.041127,72.863803
0EB71373,+91-93400-28175,+91-88200-37417,2025-03-28T20:27:00,16,SMS,BOM-244,19.098521,72.848568,BOM-901,19.030037,72.854867
AC795314,+91-75300-99339,+91-91761-27481,2025-04-14T20:47:00,1717,VOICE,BOM-318,19.120009,72.846785,BOM-519,19.06668,72.877922
363F2F26,+91-93400-45470,+91-75300-39533,2025-02-08T16:52:00,57,VOICE,BOM-244,19.099137,72.848917,BOM-901,19.029605,72.855452
4E4A8D7B,+91-77540-11908,+91-70420-64638,2025-02-17T23:58:00,12,SMS,BOM-702,19.075847,72.877657,BOM-244,19.099082,72.849405
E1692FB8,+91-77540-33210,+91-89120-58172,2025-03-06T18:25:00,145,VOICE,BOM-244,19.099454,72.849098,BOM-702,19.076245,72.877233
3253C5FF,+91-89120-50093,+91-75300-69567,2025-02-24T15:44:00,359,VOICE,BOM-519,19.066116,72.878653,BOM-244,19.098967,72.849083
1E2BE1B7,+91-89120-45470,+91-77540-32221,2025-04-19T11:29:00,49,SMS,BOM-519,19.06607,72.878695,BOM-621,19.135932,72.829471
0083F678,+91-80720-72372,+91-93400-40510,2025-03-06T19:27:00,1138,VOICE,BOM-212,19.041179,72.863288,BOM-901,19.030001,72.854823
A92BEF7A,+91-70420-97198,+91-77540-53595,2025-03-30T17:00:00,1635,VOICE,BOM-212,19.041045,72.863957,BOM-212,19.04126,72.86411
852D5442,+91-75300-49646,+91-75300-59524,2025-02-24T20:24:00,1428,VOICE,BOM-808,19.054749,72.90021,BOM-519,19.066775,72.878452
2DF197A4,+91-88200-26313,+91-63990-73989,2025-04-05T22:33:00,496,VOICE,BOM-447,19.04471,72.856277,BOM-244,19.099349,72.848719
8412981C,+91-63990-99984,+91-63990-23740,2025-02-07T12:48:00,115,VOICE,BOM-103,18.962949,72.834495,BOM-901,19.029832,72.855555
6B5342C3,+91-70420-26177,+91-91761-71568,2025-04-07T23:11:00,5,SMS,BOM-244,19.099432,72.848991,BOM-447,19.044064,72.856231
3EB3C9BA,+91-91761-16178,+91-89120-67617,2025-04-20T18:02:00,29,SMS,BOM-244,19.099093,72.849184,BOM-318,19.120197,72.846847
B9D105FC,+91-63990-64687,+91-77540-31222,2025-01-31T23:38:00,57,SMS,BOM-702,19.07617,72.877871,BOM-621,19.136105,72.829734
33ABEE6A,+91-91761-74567,+91-63990-41913,2025-02-25T10:56:00,1062,VOICE,BOM-901,19.029364,72.855653,BOM-212,19.041215,72.863298
B54151A1,+91-87890-29654,+91-80720-10494,2025-04-12T22:37:00,955,VOICE,BOM-808,19.05471,72.900069,BOM-244,19.098906,72.848918
60698F93,+91-91761-23507,+91-88200-47580,2025-01-24T07:53:00,941,VOICE,BOM-702,19.075505,72.877306,BOM-621,19.136061,72.829837
A4139BFF,+91-93400-43001,+91-80720-18365,2025-03-02T11:22:00,22,SMS,BOM-212,19.04155,72.863554,BOM-447,19.044331,72.856142
B4CB13CA,+91-89120-18097,+91-70420-49227,2025-04-03T20:14:00,1444,VOICE,BOM-244,19.099415,72.848917,BOM-901,19.029858,72.855237
7B5AC78D,+91-88200-61116,+91-70420-22850,2025-04-24T23:47:00,397,VOICE,BOM-702,19.075878,72.877771,BOM-212,19.041866,72.863584
EB738951,+91-88200-96462,+91-77540-21979,2025-02-11T22:44:00,386,VOICE,BOM-212,19.041204,72.863279,BOM-901,19.029123,72.855404
5A89049E,+91-97300-66666,+91-97300-77777,2025-02-23T22:58:00,14,SMS,BKC-112,19.0656,72.8669,BOM-702,19.076118,72.877619
3074A9BF,+91-75300-80053,+91-87890-56799,2025-03-31T22:08:00,113,VOICE,BOM-702,19.075443,72.877887,BOM-808,19.054022,72.900997
62D41D02,+91-93400-92246,+91-70420-82686,2025-04-15T12:43:00,18,SMS,BOM-808,19.054817,72.9002,BOM-808,19.054338,72.900471
9E595BCC,+91-75300-22500,+91-77540-13863,2025-03-13T23:55:00,652,VOICE,BOM-318,19.119463,72.846768,BOM-447,19.043961,72.85617
68CD2E0A,+91-80720-27850,+91-80720-29563,2025-03-01T18:32:00,1521,VOICE,BOM-244,19.098668,72.848706,BOM-901,19.029643,72.855067
DCF85AE6,+91-97300-77777,+91-80720-32419,2025-04-19T14:48:00,686,VOICE,BOM-244,19.099217,72.848702,BOM-702,19.076093,72.877256
BF5B7BBA,+91-70420-91863,+91-77540-24088,2025-03-26T08:43:00,112,VOICE,BOM-244,19.099373,72.849221,BOM-244,19.099085,72.848817
FEDB96B2,+91-87890-78073,+91-75300-36902,2025-04-13T08:29:00,1080,VOICE,BOM-901,19.030047,72.854878,BOM-519,19.066056,72.877922
30A7E9CC,+91-75300-33663,+91-91761-42699,2025-02-26T08:31:00,997,VOICE,BOM-103,18.963775,72.833933,BOM-702,19.075533,72.87778
41E99953,+91-91761-80213,+91-87890-11558,2025-03-24T23:23:00,48,SMS,BOM-519,19.066302,72.878083,BOM-103,18.963578,72.833849
AFCD8852,+91-87890-34790,+91-89120-44134,2025-02-02T07:02:00,683,VOICE,BOM-103,18.963628,72.834024,BOM-103,18.963591,72.834309
C7AB4B94,+91-75300-69458,+91-89120-55014,2025-03-03T07:01:00,1582,VOICE,BOM-621,19.135798,72.829174,BOM-808,19.054851,72.900833
C67A4993,+91-89120-20602,+91-80720-12359,2025-01-31T23:19:00,1092,VOICE,BOM-519,19.06612,72.878716,BOM-519,19.065946,72.878343
9E27DA59,+91-70420-11834,+91-88200-26076,2025-04-09T13:26:00,1599,VOICE,BOM-244,19.098614,72.849406,BOM-447,19.044863,72.855405
A0E59E8F,+91-63990-49771,+91-88200-10917,2025-04-08T16:44:00,47,SMS,BOM-447,19.043982,72.855641,BOM-212,19.041042,72.863636
A494342C,+91-63990-97225,+91-89120-78337,2025-04-03T17:32:00,1257,VOICE,BOM-621,19.136038,72.829335,BOM-447,19.044507,72.856031
29BE596B,+91-93400-29523,+91-70420-91210,2025-02-12T22:49:00,1280,VOICE,BOM-103,18.962836,72.833727,BOM-244,19.098676,72.848731
FAB1403B,+91-88200-11154,+91-63990-98944,2025-04-05T22:31:00,36,SMS,BOM-519,19.065833,72.878714,BOM-318,19.119779,72.846806
28CC6F12,+91-63990-77893,+91-75300-84104,2025-02-19T16:05:00,23,SMS,BOM-244,19.098737,72.848599,BOM-212,19.040987,72.863582
0DA75B0D,+91-80720-18808,+91-89120-61639,2025-03-17T15:42:00,59,SMS,BOM-901,19.029441,72.855017,BOM-212,19.041283,72.863864
9294853A,+91-91761-10804,+91-63990-44831,2025-03-14T16:00:00,773,VOICE,BOM-447,19.044124,72.855616,BOM-212,19.041798,72.863936
FF339AA2,+91-80720-41556,+91-87890-91712,2025-04-09T16:13:00,1132,VOICE,BOM-212,19.041836,72.863511,BOM-621,19.13589,72.829412
8BF9966F,+91-91761-31856,+91-93400-93946,2025-02-27T20:00:00,27,SMS,BOM-103,18.963135,72.834052,BOM-318,19.120088,72.846887
BBE5B35F,+91-91761-63767,+91-63990-83229,2025-04-02T21:19:00,986,VOICE,BOM-702,19.075844,72.877271,BOM-103,18.963395,72.833763
B3D30037,+91-70420-18331,+91-70420-66984,2025-04-12T09:36:00,1537,VOICE,BOM-103,18.963657,72.834493,BOM-212,19.041429,72.863403
5BE2D91D,+91-91761-57278,+91-87890-32719,2025-03-10T08:02:00,13,SMS,BOM-103,18.963552,72.834275,BOM-318,19.119367,72.846821
DF9CE7FB,+91-88200-37659,+91-91761-63595,2025-04-06T19:12:00,749,VOICE,BOM-808,19.054152,72.900357,BOM-244,19.098943,72.84863
4E041021,+91-63990-46776,+91-77540-20310,2025-02-10T14:21:00,38,SMS,BOM-318,19.119818,72.846889,BOM-318,19.119468,72.847046
52F38FC8,+91-93400-16813,+91-88200-54693,2025-04-13T18:53:00,58,SMS,BOM-103,18.963207,72.83435,BOM-808,19.054317,72.900554
23DA5609,+91-77540-52049,+91-77540-48447,2025-02-07T17:21:00,9,SMS,BOM-621,19.136415,72.830013,BOM-901,19.030046,72.855102
887FB8CD,+91-87890-68053,+91-63990-38112,2025-02-09T21:31:00,1060,VOICE,BOM-447,19.04483,72.85608,BOM-447,19.044013,72.85614
B55762EA,+91-70420-20259,+91-91761-26727,2025-04-05T09:15:00,1333,VOICE,BOM-103,18.963293,72.834486,BOM-621,19.135679,72.829401
CEC22CCC,+91-87890-69244,+91-75300-97350,2025-03-22T14:56:00,744,VOICE,BOM-808,19.054379,72.900518,BOM-318,19.120105,72.846465
9C3899A0,+91-93400-49614,+91-87890-41287,2025-02-03T23:02:00,1235,VOICE,BOM-621,19.136174,72.829718,BOM-702,19.075474,72.877654
0770C88A,+91-77540-31807,+91-75300-49674,2025-01-28T22:51:00,39,SMS,BOM-244,19.099464,72.849189,BOM-318,19.119233,72.847223
ED4F8E1B,+91-97300-11111,+91-97300-44444,2025-03-04T17:00:00,83,VOICE,BOM-901,19.029199,72.855334,BOM-103,18.963247,72.83422
07B00694,+91-93400-31057,+91-93400-73550,2025-02-26T17:44:00,1070,VOICE,BOM-103,18.963002,72.834502,BOM-519,19.066454,72.878163
AD1FDE64,+91-70420-27618,+91-89120-73500,2025-01-17T23:59:00,498,VOICE,BOM-103,18.963795,72.834406,BOM-901,19.029122,72.855235
518A3132,+91-63990-66739,+91-70420-75490,2025-03-30T13:15:00,112,VOICE,BOM-103,18.963001,72.834514,BOM-519,19.066272,72.878118
E41B0386,+91-70420-61916,+91-63990-65733,2025-04-05T17:18:00,1677,VOICE,BOM-901,19.029689,72.855042,BOM-901,19.03005,72.854827
EAD712A8,+91-91761-41827,+91-87890-37413,2025-04-12T20:25:00,23,SMS,BOM-901,19.029722,72.855457,BOM-621,19.136133,72.830009
ADA5700B,+91-75300-66188,+91-70420-61681,2025-03-29T17:20:00,691,VOICE,BOM-318,19.119953,72.846566,BOM-901,19.029792,72.855466
3EF0964D,+91-80720-80007,+91-89120-58153,2025-04-08T17:14:00,724,VOICE,BOM-519,19.066077,72.878068,BOM-103,18.963541,72.833869
994C2BDE,+91-87890-13278,+91-63990-52949,2025-01-22T17:34:00,1710,VOICE,BOM-244,19.099138,72.848714,BOM-808,19.054885,72.900441
369C8266,+91-70420-70090,+91-75300-53190,2025-04-16T19:36:00,1754,VOICE,BOM-212,19.041165,72.86359,BOM-901,19.030098,72.85514
87B44D6A,+91-87890-88290,+91-88200-31271,2025-04-10T15:33:00,1643,VOICE,BOM-318,19.119516,72.846901,BOM-901,19.0294,72.855351
6BC03A18,+91-89120-85680,+91-63990-76708,2025-01-16T10:11:00,29,SMS,BOM-244,19.099222,72.848693,BOM-447,19.043934,72.855611
35C0A144,+91-75300-71504,+91-89120-85822,2025-02-01T18:58:00,519,VOICE,BOM-621,19.136452,72.829148,BOM-212,19.041021,72.863812
F42B733F,+91-93400-73016,+91-93400-67968,2025-03-28T19:59:00,57,SMS,BOM-318,19.119755,72.846339,BOM-808,19.054443,72.900123
64ECF188,+91-93400-41905,+91-91761-16385,2025-01-25T23:26:00,1559,VOICE,BOM-808,19.054172,72.900639,BOM-702,19.076394,72.877254
6B2E9186,+91-93400-95134,+91-75300-45563,2025-01-21T14:23:00,10,SMS,BOM-519,19.066656,72.878665,BOM-621,19.136465,72.829352
B23F9D5F,+91-88200-11139,+91-70420-64665,2025-02-05T08:32:00,231,VOICE,BOM-318,19.119468,72.846757,BOM-808,19.054433,72.900719
CD70CC78,+91-97300-11111,+91-97300-22222,2025-04-24T07:47:00,29,SMS,BOM-212,19.041308,72.864174,BOM-212,19.04156,72.863394
318FEA80,+91-97300-22222,+91-97300-33333,2025-02-28T14:06:00,53,VOICE,BOM-212,19.04136,72.863859,BOM-318,19.119958,72.846364
1A493E7B,+91-80720-65019,+91-88200-85982,2025-03-04T17:23:00,46,SMS,BOM-901,19.030006,72.854987,BOM-103,18.963527,72.834499
7B9040D9,+91-75300-15998,+91-91761-36759,2025-01-25T14:49:00,53,SMS,BOM-621,19.136209,72.829939,BOM-212,19.041755,72.864113
537C7AEB,+91-80720-90781,+91-63990-41802,2025-04-23T16:25:00,1564,VOICE,BOM-447,19.044576,72.855845,BOM-901,19.029419,72.855366
59E34CC1,+91-75300-86223,+91-87890-30468,2025-03-25T13:05:00,11,SMS,BOM-808,19.05495,72.9004,BOM-519,19.066614,72.878085
D189E7A4,+91-93400-99656,+91-70420-89789,2025-04-17T21:10:00,48,SMS,BOM-901,19.029875,72.855677,BOM-103,18.963197,72.833779
7E8FE389,+91-97300-33333,+91-97300-11111,2025-04-14T22:03:00,1197,VOICE,BOM-621,19.13635,72.829265,BOM-103,18.962972,72.834317
2662DD15,+91-77540-30167,+91-80720-55768,2025-03-06T17:32:00,40,SMS,BOM-447,19.044057,72.856216,BOM-519,19.066079,72.878773
18E4D3F2,+91-80720-16077,+91-89120-70940,2025-04-02T12:37:00,1404,VOICE,BOM-808,19.054934,72.90032,BOM-621,19.136395,72.830063
94578D3B,+91-80720-23033,+91-75300-86794,2025-04-07T07:20:00,1742,VOICE,BOM-702,19.075813,72.877656,BOM-621,19.136373,72.829525
32388407,+91-89120-59932,+91-93400-88942,2025-03-29T15:31:00,618,VOICE,BOM-103,18.963347,72.834395,BOM-808,19.054006,72.900672
E5C372D6,+91-97300-22222,+91-97300-11111,2025-03-09T11:20:00,88,VOICE,BOM-621,19.136343,72.829676,BOM-808,19.054938,72.900485
D74BA067,+91-93400-34146,+91-63990-66404,2025-02-12T09:32:00,1236,VOICE,BOM-901,19.029603,72.855441,BOM-901,19.029482,72.855498
05CC56AE,+91-75300-29553,+91-75300-42225,2025-04-23T09:12:00,1759,VOICE,BOM-621,19.136449,72.829326,BOM-901,19.029727,72.855061
4044B584,+91-77540-34499,+91-88200-70693,2025-04-07T10:29:00,843,VOICE,BOM-901,19.029619,72.855755,BOM-103,18.963238,72.834097
C4C80BF2,+91-93400-90721,+91-93400-67064,2025-04-01T14:36:00,1526,VOICE,BOM-244,19.099086,72.848829,BOM-901,19.029285,72.854931
66D52079,+91-97300-33333,+91-97300-11111,2025-04-06T12:09:00,1127,VOICE,BOM-447,19.043975,72.855963,BOM-447,19.044077,72.856151
339DC012,+91-88200-36940,+91-63990-48735,2025-02-02T10:28:00,1474,VOICE,BOM-901,19.02926,72.854969,BOM-447,19.044713,72.855567
21F284C3,+91-75300-37360,+91-89120-95053,2025-01-19T18:28:00,29,SMS,BOM-318,19.120176,72.846731,BOM-318,19.12005,72.846515
58A9A993,+91-80720-25599,+91-87890-97789,2025-03-12T21:29:00,801,VOICE,BOM-519,19.065916,72.878216,BOM-519,19.066324,72.878494
E2698E20,+91-77540-50398,+91-63990-42073,2025-02-20T22:28:00,21,SMS,BOM-212,19.041247,72.8635,BOM-808,19.054875,72.900626
FD8C1181,+91-89120-83675,+91-93400-75037,2025-04-10T17:01:00,641,VOICE,BOM-103,18.963726,72.834454,BOM-447,19.044813,72.855469
366D3694,+91-91761-74255,+91-88200-23888,2025-01-24T18:47:00,1025,VOICE,BOM-702,19.076102,72.877666,BOM-519,19.066769,72.878326
C3D3025D,+91-63990-32312,+91-91761-89074,2025-03-24T12:55:00,688,VOICE,BOM-447,19.044246,72.855809,BOM-702,19.076263,72.877293
15380695,+91-88200-34928,+91-75300-86215,2025-03-14T12:34:00,633,VOICE,BOM-808,19.054409,72.900295,BOM-621,19.136105,72.82935
860EBC23,+91-87890-60966,+91-93400-20761,2025-02-02T23:43:00,1646,VOICE,BOM-318,19.119887,72.846343,BOM-318,19.119659,72.846886
138F7DA1,+91-70420-99738,+91-80720-52379,2025-02-13T14:14:00,30,VOICE,BOM-519,19.066725,72.878086,BOM-808,19.054575,72.900808
C7135F10,+91-93400-42249,+91-88200-25715,2025-04-13T09:38:00,668,VOICE,BOM-212,19.041767,72.863231,BOM-103,18.963256,72.833811
2815799A,+91-87890-75574,+91-87890-50090,2025-01-29T21:04:00,602,VOICE,BOM-621,19.136412,72.829858,BOM-519,19.066654,72.878277
FD42AE7A,+91-77540-36823,+91-88200-54021,2025-04-01T15:45:00,1090,VOICE,BOM-901,19.029948,72.854854,BOM-318,19.119414,72.846318
5FB220AC,+91-75300-88324,+91-70420-57026,2025-02-17T12:56:00,1153,VOICE,BOM-901,19.029623,72.855433,BOM-621,19.135605,72.829407
784C7C3C,+91-87890-90509,+91-77540-20177,2025-01-29T09:48:00,1275,VOICE,BOM-103,18.96289,72.834136,BOM-447,19.044624,72.855846
EF0F6F58,+91-80720-62908,+91-91761-18516,2025-04-19T22:13:00,35,SMS,BOM-212,19.041135,72.863728,BOM-901,19.029297,72.855092
A82EA334,+91-80720-72999,+91-91761-98118,2025-02-07T18:23:00,614,VOICE,BOM-702,19.075953,72.878121,BOM-702,19.075422,72.877743
4DB45EDA,+91-89120-97433,+91-75300-46528,2025-04-05T08:40:00,730,VOICE,BOM-621,19.13583,72.829128,BOM-318,19.120082,72.846585
91E7E27E,+91-88200-46634,+91-70420-56053,2025-01-22T13:49:00,712,VOICE,BOM-212,19.041108,72.863964,BOM-808,19.054373,72.900545
563CBA79,+91-87890-52808,+91-63990-36343,2025-04-07T09:48:00,930,VOICE,BOM-244,19.099473,72.848604,BOM-318,19.119622,72.84635
58CAB34C,+91-77540-29047,+91-87890-21882,2025-01-22T15:54:00,48,VOICE,BOM-901,19.029192,72.855446,BOM-212,19.041878,72.863826
837A20B9,+91-88200-37207,+91-91761-17709,2025-01-15T20:02:00,776,VOICE,BOM-519,19.066135,72.878704,BOM-447,19.044259,72.855479
FFB5CD03,+91-88200-48011,+91-80720-38241,2025-03-02T14:07:00,402,VOICE,BOM-621,19.135907,72.829699,BOM-244,19.09899,72.849012
99E28522,+91-97300-22222,+91-97300-33333,2025-03-25T18:23:00,336,VOICE,BOM-519,19.066271,72.877914,BOM-519,19.06641,72.878142
0DCBE5B8,+91-75300-54068,+91-88200-44453,2025-04-11T09:57:00,1664,VOICE,BOM-702,19.0755,72.877304,BOM-103,18.96299,72.834588
AC565985,+91-70420-97708,+91-88200-22882,2025-02-02T22:32:00,54,SMS,BOM-244,19.098916,72.848746,BOM-103,18.963285,72.834513
5EBAA738,+91-88200-25697,+91-63990-64411,2025-02-05T13:54:00,748,VOICE,BOM-318,19.120104,72.846301,BOM-901,19.030097,72.855758
C6D8DE28,+91-89120-54329,+91-87890-15487,2025-01-18T12:52:00,32,VOICE,BOM-318,19.120078,72.84717,BOM-901,19.029659,72.855357
6E41A7D8,+91-89120-41729,+91-70420-20979,2025-03-10T10:11:00,43,SMS,BOM-318,19.119498,72.846678,BOM-103,18.963651,72.833766
F506755D,+91-89120-43630,+91-75300-45595,2025-04-10T15:47:00,14,SMS,BOM-702,19.075695,72.878043,BOM-447,19.044189,72.855551
64FD0D14,+91-91761-82565,+91-77540-30676,2025-04-07T14:39:00,1455,VOICE,BOM-901,19.02942,72.854893,BOM-519,19.066682,72.878372
31DEB89B,+91-88200-61214,+91-91761-70574,2025-02-15T12:23:00,451,VOICE,BOM-103,18.962958,72.834543,BOM-621,19.135716,72.829334
03233515,+91-75300-15366,+91-75300-66355,2025-02-04T15:18:00,1128,VOICE,BOM-103,18.963333,72.834521,BOM-808,19.054442,72.900961
66CFCECB,+91-89120-29875,+91-87890-71632,2025-01-28T18:30:00,865,VOICE,BOM-212,19.040917,72.863246,BOM-212,19.040939,72.863413
7C2E7ED9,+91-77540-38393,+91-75300-84769,2025-02-13T07:04:00,37,SMS,BOM-621,19.136065,72.829161,BOM-212,19.04149,72.863328
CEFF1714,+91-63990-79248,+91-87890-58651,2025-03-21T13:45:00,1668,VOICE,BOM-447,19.0447,72.855315,BOM-702,19.075955,72.877545
415CC169,+91-87890-85919,+91-87890-56382,2025-04-13T18:45:00,1231,VOICE,BOM-519,19.065885,72.878264,BOM-808,19.054385,72.900717
7DC437FB,+91-89120-41816,+91-77540-37649,2025-03-30T17:49:00,406,VOICE,BOM-621,19.136127,72.830041,BOM-901,19.029795,72.854878
B0916873,+91-97300-22222,+91-97300-11111,2025-03-26T07:44:00,535,VOICE,BOM-447,19.043961,72.85629,BOM-519,19.065907,72.878255
0E1EB680,+91-88200-48951,+91-87890-26108,2025-04-08T11:53:00,47,VOICE,BOM-621,19.135746,72.829359,BOM-103,18.963754,72.834543
B56AC3E6,+91-89120-69511,+91-75300-28994,2025-02-04T09:29:00,860,VOICE,BOM-808,19.054494,72.900828,BOM-103,18.96287,72.834278
C85D1177,+91-70420-91299,+91-63990-27611,2025-04-18T22:28:00,1146,VOICE,BOM-808,19.054585,72.90041,BOM-519,19.06586,72.878344
F0C303C8,+91-89120-65689,+91-80720-19411,2025-04-22T21:07:00,1271,VOICE,BOM-808,19.054044,72.900554,BOM-103,18.963391,72.833768
AF98FF88,+91-80720-64295,+91-88200-22182,2025-03-05T09:15:00,7,SMS,BOM-212,19.041404,72.864166,BOM-212,19.040998,72.863906
7D9F8A00,+91-80720-53568,+91-88200-56453,2025-04-07T11:57:00,1286,VOICE,BOM-702,19.075452,72.877738,BOM-103,18.963194,72.834607
1C4A0F8E,+91-87890-72318,+91-89120-35739,2025-03-02T14:39:00,1792,VOICE,BOM-808,19.054164,72.900105,BOM-702,19.075691,72.877905
779A450F,+91-75300-23268,+91-87890-22658,2025-03-25T18:39:00,131,VOICE,BOM-447,19.044211,72.85581,BOM-244,19.099303,72.848835
AAE6D5C3,+91-87890-80627,+91-91761-25060,2025-03-21T22:13:00,231,VOICE,BOM-318,19.120094,72.847205,BOM-103,18.963343,72.83419
11FE08A1,+91-70420-58200,+91-88200-68827,2025-02-09T19:42:00,245,VOICE,BOM-621,19.13556,72.829275,BOM-808,19.054604,72.900424
7F9F4843,+91-93400-10916,+91-75300-39880,2025-03-01T20:08:00,31,SMS,BOM-519,19.065814,72.878636,BOM-901,19.029482,72.855029
13C0C818,+91-97300-77777,+91-89120-52298,2025-03-04T10:40:00,31,SMS,BOM-318,19.119788,72.847194,BOM-103,18.963075,72.834435
E2B78F34,+91-97300-11111,+91-97300-22222,2025-03-30T10:47:00,687,VOICE,BOM-447,19.044745,72.856181,BOM-244,19.098958,72.849102
5293893C,+91-93400-99487,+91-75300-31372,2025-02-25T17:55:00,1671,VOICE,BOM-702,19.075724,72.877937,BOM-244,19.098841,72.848815
16E195CC,+91-97300-66666,+91-97300-77777,2025-04-08T21:07:00,40,VOICE,BKC-112,19.0656,72.8669,BOM-901,19.029865,72.855736
69B27F99,+91-88200-62042,+91-80720-41710,2025-03-01T17:08:00,24,VOICE,BOM-318,19.120112,72.84722,BOM-901,19.02972,72.854899
A7ACC7B9,+91-63990-25385,+91-63990-13057,2025-01-22T09:13:00,253,VOICE,BOM-519,19.066622,72.878887,BOM-901,19.029602,72.854867
141A523B,+91-70420-86671,+91-91761-16836,2025-04-21T10:34:00,8,SMS,BOM-808,19.054637,72.900599,BOM-103,18.962997,72.834451
98AB5923,+91-77540-79145,+91-77540-11210,2025-03-10T21:59:00,1601,VOICE,BOM-519,19.06633,72.878891,BOM-901,19.029608,72.855416
FE0D0DAF,+91-75300-22781,+91-80720-61785,2025-02-14T22:35:00,1791,VOICE,BOM-702,19.07608,72.877651,BOM-519,19.066213,72.87877
7D03F33E,+91-91761-45963,+91-70420-28123,2025-02-08T08:33:00,294,VOICE,BOM-318,19.120081,72.847046,BOM-621,19.135695,72.82954
29F3CBD0,+91-88200-90940,+91-77540-40615,2025-04-09T19:29:00,37,SMS,BOM-212,19.040912,72.863203,BOM-318,19.119451,72.846354
00FA513F,+91-88200-74328,+91-77540-50153,2025-01-31T18:07:00,1448,VOICE,BOM-103,18.962889,72.834039,BOM-103,18.963347,72.834259
89EA9777,+91-75300-62686,+91-63990-11475,2025-02-07T07:31:00,46,SMS,BOM-318,19.11948,72.847034,BOM-212,19.041896,72.863438
6582A3CB,+91-87890-87603,+91-93400-52672,2025-03-13T10:18:00,324,VOICE,BOM-901,19.030042,72.854824,BOM-702,19.07564,72.878159
30D6AD28,+91-77540-78592,+91-75300-76505,2025-03-28T23:45:00,1095,VOICE,BOM-212,19.041812,72.863999,BOM-244,19.09912,72.848681
F2D99609,+91-88200-23377,+91-93400-93597,2025-04-14T20:16:00,277,VOICE,BOM-702,19.076382,72.878097,BOM-621,19.135618,72.82969
C48E594C,+91-91761-68645,+91-75300-89903,2025-02-05T22:19:00,8,SMS,BOM-212,19.040943,72.864169,BOM-244,19.099412,72.849315
F4EBB169,+91-77540-28291,+91-87890-76682,2025-02-14T22:50:00,193,VOICE,BOM-808,19.054052,72.900706,BOM-621,19.135546,72.830072
24CD13F9,+91-87890-58114,+91-63990-94248,2025-04-06T20:50:00,8,SMS,BOM-519,19.06624,72.877948,BOM-447,19.043967,72.855351
521E851C,+91-89120-40801,+91-88200-56876,2025-04-24T23:06:00,1454,VOICE,BOM-447,19.04459,72.85614,BOM-212,19.041359,72.863811
09B569B6,+91-88200-44059,+91-77540-95270,2025-04-16T10:24:00,876,VOICE,BOM-244,19.09903,72.848674,BOM-447,19.04424,72.855966
A05DEB63,+91-93400-52394,+91-87890-58812,2025-01-29T13:58:00,22,SMS,BOM-447,19.044026,72.855998,BOM-621,19.135675,72.829828
1B47EF53,+91-70420-65780,+91-77540-19100,2025-02-13T17:40:00,18,SMS,BOM-808,19.054861,72.900143,BOM-621,19.135933,72.829284
28A2274E,+91-88200-20868,+91-91761-71994,2025-03-29T14:05:00,1108,VOICE,BOM-318,19.120078,72.846465,BOM-901,19.029568,72.855218
300A7CC7,+91-75300-13274,+91-80720-39587,2025-03-29T10:58:00,1091,VOICE,BOM-901,19.029162,72.855721,BOM-212,19.041199,72.863368
209B91B4,+91-77540-32339,+91-87890-58203,2025-04-18T19:27:00,904,VOICE,BOM-519,19.065847,72.878011,BOM-103,18.963717,72.834111
43E66204,+91-70420-51781,+91-77540-18099,2025-03-27T11:51:00,134,VOICE,BOM-447,19.044298,72.855868,BOM-318,19.119882,72.846585
E7591605,+91-70420-18019,+91-87890-23630,2025-04-04T18:05:00,420,VOICE,BOM-447,19.044114,72.855743,BOM-808,19.054859,72.900071
4E300910,+91-63990-34044,+91-91761-52264,2025-01-20T09:59:00,57,SMS,BOM-901,19.029433,72.854878,BOM-621,19.136303,72.829745
3D4274FD,+91-97300-11111,+91-97300-33333,2025-03-06T08:55:00,659,VOICE,BOM-901,19.02931,72.855517,BOM-621,19.135616,72.829672
5520FAFD,+91-97300-66666,+91-97300-77777,2025-03-24T08:22:00,1323,VOICE,BKC-112,19.0656,72.8669,BOM-103,18.963015,72.834631
DBE7D2FE,+91-89120-32129,+91-87890-85221,2025-04-20T10:08:00,20,VOICE,BOM-447,19.044328,72.856171,BOM-103,18.962913,72.833912
E00FAA94,+91-80720-34615,+91-63990-12321,2025-01-20T15:46:00,1120,VOICE,BOM-447,19.044817,72.856204,BOM-808,19.054976,72.900721
BB206537,+91-77540-19700,+91-88200-57453,2025-03-14T20:47:00,225,VOICE,BOM-103,18.962832,72.83422,BOM-901,19.029784,72.855119
10266344,+91-63990-18873,+91-88200-20141,2025-01-31T18:21:00,938,VOICE,BOM-702,19.075941,72.877774,BOM-244,19.098617,72.84917
BA661470,+91-87890-23489,+91-63990-24541,2025-04-09T19:24:00,707,VOICE,BOM-244,19.098812,72.848708,BOM-447,19.044377,72.855389
30F4DAE2,+91-75300-48061,+91-75300-34977,2025-03-24T12:09:00,1340,VOICE,BOM-621,19.13553,72.829221,BOM-447,19.044675,72.856279
3CC70E6C,+91-80720-24254,+91-91761-47621,2025-04-05T08:39:00,56,SMS,BOM-447,19.044552,72.855546,BOM-808,19.05453,72.900564
6A645987,+91-75300-94281,+91-70420-97020,2025-02-26T20:23:00,492,VOICE,BOM-621,19.136475,72.830028,BOM-447,19.044698,72.855735
0D84FB73,+91-93400-13895,+91-77540-74532,2025-03-22T22:36:00,1244,VOICE,BOM-212,19.041077,72.864183,BOM-318,19.120146,72.847243
7818E2CA,+91-91761-92066,+91-80720-10512,2025-04-07T15:49:00,415,VOICE,BOM-702,19.076079,72.877691,BOM-212,19.041112,72.86393
ABA55D27,+91-93400-63418,+91-87890-10238,2025-04-21T19:17:00,782,VOICE,BOM-212,19.041868,72.863324,BOM-318,19.119382,72.846587
AA2C2DCB,+91-63990-50287,+91-70420-58504,2025-03-12T23:31:00,31,SMS,BOM-447,19.044662,72.856032,BOM-212,19.041371,72.863745
A862AE80,+91-63990-97683,+91-80720-47494,2025-03-29T15:12:00,41,VOICE,BOM-702,19.075462,72.877431,BOM-808,19.054932,72.900101
A0F341D1,+91-63990-23237,+91-91761-92672,2025-03-01T22:39:00,1744,VOICE,BOM-318,19.119389,72.847082,BOM-212,19.041585,72.864179
0F4D5C95,+91-87890-13041,+91-63990-14876,2025-04-19T23:35:00,650,VOICE,BOM-901,19.029767,72.855595,BOM-318,19.119853,72.846464
0115F793,+91-97300-33333,+91-97300-11111,2025-02-10T10:15:00,420,VOICE,BOM-318,19.119944,72.84671,BOM-621,19.136185,72.829715
A9BAD2A2,+91-93400-41772,+91-75300-98890,2025-04-24T21:32:00,463,VOICE,BOM-901,19.029139,72.85487,BOM-212,19.041407,72.864149
6D9B2DDC,+91-70420-79169,+91-88200-88842,2025-03-25T10:30:00,899,VOICE,BOM-212,19.041409,72.864175,BOM-702,19.07585,72.877544
E2F147C2,+91-93400-41575,+91-89120-37633,2025-03-05T15:49:00,41,SMS,BOM-702,19.075668,72.87788,BOM-808,19.054927,72.900695
FA2BA165,+91-70420-87032,+91-80720-27698,2025-03-23T11:30:00,25,SMS,BOM-808,19.054658,72.900351,BOM-244,19.099067,72.84906
8D9037D2,+91-75300-38929,+91-70420-90692,2025-01-28T11:44:00,51,SMS,BOM-447,19.044705,72.855493,BOM-808,19.0544,72.900052
B4A9FDA5,+91-97300-11111,+91-97300-33333,2025-02-17T07:59:00,1117,VOICE,BOM-244,19.099383,72.848778,BOM-621,19.135703,72.830026
11754F69,+91-97300-77777,+91-77540-89065,2025-01-18T10:54:00,90,VOICE,BOM-808,19.05425,72.900641,BOM-621,19.136128,72.829775
08EBC18A,+91-88200-12168,+91-88200-12675,2025-02-11T16:21:00,16,SMS,BOM-212,19.041256,72.863531,BOM-901,19.029997,72.854953
5E1E610F,+91-77540-96169,+91-70420-20021,2025-04-05T11:10:00,293,VOICE,BOM-621,19.136126,72.829846,BOM-808,19.05435,72.900128
F97AB179,+91-97300-11111,+91-97300-33333,2025-01-20T22:54:00,1078,VOICE,BOM-808,19.054187,72.900735,BOM-103,18.963241,72.83388
5CA4DDDB,+91-88200-26736,+91-75300-22904,2025-01-31T10:54:00,56,VOICE,BOM-103,18.963787,72.834328,BOM-702,19.0761,72.87752
5885E920,+91-88200-12590,+91-91761-52829,2025-02-16T16:50:00,25,SMS,BOM-702,19.075436,72.877357,BOM-621,19.136424,72.829257
931F539A,+91-88200-18824,+91-80720-67814,2025-04-24T07:18:00,1333,VOICE,BOM-621,19.13615,72.829171,BOM-519,19.066186,72.878022
91AB582A,+91-77540-48289,+91-93400-72293,2025-03-16T11:06:00,1062,VOICE,BOM-519,19.066432,72.878546,BOM-103,18.963772,72.834043
BA5DB754,+91-63990-39529,+91-80720-51947,2025-04-14T18:40:00,1399,VOICE,BOM-103,18.962848,72.833719,BOM-901,19.029471,72.855572
2A52216E,+91-91761-45226,+91-91761-51998,2025-03-27T15:25:00,1075,VOICE,BOM-244,19.099081,72.8487,BOM-702,19.075877,72.877648
CF1330C9,+91-80720-24105,+91-70420-66223,2025-02-21T23:03:00,1605,VOICE,BOM-519,19.065945,72.878257,BOM-103,18.963197,72.834321
D73A37A5,+91-87890-90551,+91-77540-89425,2025-03-06T18:56:00,60,SMS,BOM-244,19.099162,72.848594,BOM-901,19.029652,72.855755
972012B0,+91-93400-37662,+91-63990-68026,2025-04-24T14:22:00,713,VOICE,BOM-621,19.136081,72.829773,BOM-808,19.054488,72.900864
BAC70F49,+91-75300-22641,+91-77540-44967,2025-03-16T23:50:00,50,SMS,BOM-244,19.098967,72.849049,BOM-621,19.13585,72.829601
7C50455E,+91-87890-17204,+91-87890-71977,2025-03-27T09:12:00,35,SMS,BOM-212,19.041337,72.863831,BOM-103,18.963773,72.834459
71810604,+91-97300-33333,+91-97300-11111,2025-03-21T17:37:00,843,VOICE,BOM-808,19.054231,72.900637,BOM-447,19.043914,72.856168
C0B2BF0A,+91-75300-71640,+91-70420-20499,2025-04-16T21:10:00,37,SMS,BOM-702,19.075612,72.878006,BOM-103,18.963511,72.834165
3775A0CB,+91-77540-47244,+91-87890-16578,2025-03-28T07:03:00,715,VOICE,BOM-702,19.076329,72.877657,BOM-318,19.119524,72.846764
4EC8BA26,+91-93400-67271,+91-77540-66830,2025-02-14T20:40:00,1385,VOICE,BOM-621,19.136219,72.829998,BOM-103,18.963676,72.83373
206B6346,+91-88200-27940,+91-91761-43559,2025-01-31T23:09:00,615,VOICE,BOM-621,19.136238,72.829242,BOM-447,19.044807,72.855421
64DE250E,+91-97300-77777,+91-87890-34779,2025-01-25T20:40:00,347,VOICE,BOM-212,19.041805,72.863647,BOM-244,19.099236,72.84914
5B951B85,+91-70420-28583,+91-88200-78524,2025-01-24T23:44:00,398,VOICE,BOM-702,19.075575,72.877504,BOM-702,19.076393,72.87817
55149BC5,+91-97300-77777,+91-91761-82947,2025-02-17T13:39:00,24,SMS,BOM-103,18.96359,72.83428,BOM-447,19.043944,72.855645
2A54E637,+91-97300-77777,+91-77540-74326,2025-04-20T16:15:00,1279,VOICE,BOM-808,19.054286,72.900301,BOM-244,19.09914,72.84864
350C58CB,+91-91761-74112,+91-91761-49849,2025-01-25T22:34:00,1679,VOICE,BOM-519,19.066034,72.877955,BOM-702,19.075746,72.877856
E14E87DD,+91-70420-34698,+91-80720-66551,2025-02-14T08:30:00,440,VOICE,BOM-702,19.075994,72.877787,BOM-702,19.075854,72.877826
5AE3C344,+91-70420-68163,+91-80720-29104,2025-02-19T08:35:00,1389,VOICE,BOM-901,19.029483,72.855501,BOM-447,19.044667,72.855647
2CD4E975,+91-77540-95677,+91-89120-54776,2025-02-15T21:38:00,1122,VOICE,BOM-447,19.04429,72.85554,BOM-808,19.05467,72.900134
D731E378,+91-70420-99222,+91-80720-93596,2025-01-20T21:40:00,14,SMS,BOM-519,19.066292,72.878406,BOM-702,19.075826,72.87731
51691C09,+91-63990-39321,+91-91761-31628,2025-03-23T17:22:00,59,SMS,BOM-519,19.066622,72.87813,BOM-808,19.054826,72.900888
DAB146A4,+91-80720-95488,+91-77540-39242,2025-02-13T14:14:00,824,VOICE,BOM-318,19.119972,72.846953,BOM-702,19.075737,72.877322
10F070F3,+91-88200-88571,+91-88200-81061,2025-04-18T07:35:00,37,SMS,BOM-621,19.1356,72.829612,BOM-808,19.054996,72.900471
3C7B1879,+91-89120-73065,+91-70420-37631,2025-03-26T14:19:00,20,VOICE,BOM-519,19.06587,72.878001,BOM-702,19.075756,72.877952
577A1640,+91-70420-10521,+91-88200-94637,2025-02-21T17:52:00,52,SMS,BOM-901,19.029569,72.855091,BOM-621,19.136399,72.829922
CE4608E5,+91-87890-83061,+91-87890-83253,2025-02-04T22:22:00,28,SMS,BOM-702,19.075995,72.877692,BOM-244,19.09875,72.848606
0DCCB492,+91-87890-31952,+91-88200-37483,2025-02-24T15:03:00,6,SMS,BOM-702,19.0757,72.877354,BOM-244,19.098633,72.848768
2FE1FD75,+91-77540-21194,+91-87890-65523,2025-02-15T18:48:00,1136,VOICE,BOM-447,19.044264,72.855778,BOM-212,19.041335,72.863438
D9F9C0C4,+91-87890-97657,+91-93400-78484,2025-03-26T09:48:00,532,VOICE,BOM-447,19.044686,72.855893,BOM-808,19.054781,72.900673
058A53D7,+91-93400-50619,+91-89120-26290,2025-03-09T19:55:00,780,VOICE,BOM-702,19.075893,72.878163,BOM-244,19.09854,72.848859
F5C3FF63,+91-77540-30509,+91-63990-36654,2025-03-17T15:04:00,48,SMS,BOM-447,19.044108,72.855483,BOM-702,19.075457,72.877715
2C35BC44,+91-80720-85558,+91-80720-60253,2025-02-09T07:44:00,899,VOICE,BOM-702,19.075491,72.877744,BOM-447,19.04417,72.855781
C9EE59C5,+91-70420-43991,+91-80720-11731,2025-04-07T15:57:00,814,VOICE,BOM-519,19.066017,72.878181,BOM-808,19.054497,72.90002
191245C8,+91-63990-76387,+91-70420-44492,2025-02-05T23:34:00,37,SMS,BOM-244,19.098662,72.849304,BOM-103,18.963195,72.83414
8A91F695,+91-77540-59233,+91-88200-58113,2025-02-26T16:09:00,1427,VOICE,BOM-103,18.963041,72.834267,BOM-621,19.135988,72.829285
3D326F63,+91-75300-78315,+91-87890-84849,2025-03-08T11:55:00,87,VOICE,BOM-519,19.065982,72.878125,BOM-318,19.119211,72.847213
76BDB891,+91-70420-31277,+91-91761-23447,2025-04-16T11:13:00,759,VOICE,BOM-212,19.041079,72.86406,BOM-808,19.054596,72.900224
C9B9AE00,+91-97300-77777,+91-77540-97027,2025-03-19T08:51:00,692,VOICE,BOM-318,19.119295,72.847021,BOM-212,19.041169,72.86384
7A9888C5,+91-88200-42897,+91-63990-41885,2025-01-24T16:21:00,1689,VOICE,BOM-519,19.066526,72.878028,BOM-212,19.041508,72.86339
EA0EC52D,+91-87890-50660,+91-88200-71698,2025-02-04T10:07:00,1782,VOICE,BOM-621,19.135543,72.829873,BOM-621,19.135947,72.829797
20F9FF65,+91-93400-12824,+91-80720-87933,2025-04-08T10:06:00,580,VOICE,BOM-519,19.066532,72.878714,BOM-901,19.030099,72.854878
7CD5CB4B,+91-93400-64511,+91-63990-86041,2025-04-17T15:39:00,748,VOICE,BOM-244,19.099013,72.84851,BOM-621,19.13589,72.829616
E591AB82,+91-93400-21757,+91-89120-70490,2025-02-03T23:22:00,326,VOICE,BOM-447,19.04442,72.855347,BOM-808,19.054292,72.900927
E2AC1069,+91-93400-42625,+91-63990-24752,2025-02-04T14:37:00,428,VOICE,BOM-103,18.962891,72.834291,BOM-702,19.076398,72.87748
70B0B624,+91-87890-49171,+91-63990-89973,2025-03-23T15:22:00,1247,VOICE,BOM-447,19.04428,72.85623,BOM-447,19.044474,72.855767
9210814C,+91-87890-47136,+91-89120-52355,2025-03-15T09:34:00,438,VOICE,BOM-621,19.135614,72.829284,BOM-244,19.098527,72.848617
DEAC1374,+91-88200-12291,+91-87890-60484,2025-02-19T15:21:00,498,VOICE,BOM-447,19.044563,72.855678,BOM-447,19.044162,72.856013
29B5F8C0,+91-80720-39190,+91-88200-41349,2025-02-16T17:17:00,600,VOICE,BOM-901,19.029932,72.855618,BOM-212,19.041864,72.863546
B4118F78,+91-77540-82184,+91-93400-15492,2025-02-26T16:22:00,1632,VOICE,BOM-103,18.962932,72.834194,BOM-702,19.076086,72.877799
D0F79660,+91-91761-59713,+91-93400-74504,2025-02-09T09:36:00,55,SMS,BOM-103,18.962974,72.833893,BOM-244,19.099,72.848571
D9DA3BFE,+91-87890-64840,+91-89120-71558,2025-03-12T23:01:00,597,VOICE,BOM-244,19.099282,72.848605,BOM-519,19.066522,72.878877
B6077764,+91-80720-30117,+91-87890-73107,2025-04-04T19:42:00,32,SMS,BOM-901,19.029613,72.854826,BOM-212,19.04139,72.863797
FB43D11C,+91-97300-66666,+91-97300-11111,2025-01-24T15:07:00,95,VOICE,BKC-112,19.0656,72.8669,BOM-447,19.044359,72.856106
A0C78891,+91-87890-14817,+91-77540-16852,2025-03-20T20:08:00,665,VOICE,BOM-702,19.076034,72.877301,BOM-318,19.119667,72.846887
C92E6DBB,+91-89120-85412,+91-80720-77677,2025-04-22T13:49:00,22,SMS,BOM-103,18.963554,72.833888,BOM-318,19.119609,72.847209
CB5F61BE,+91-80720-93160,+91-75300-98939,2025-02-23T16:49:00,1142,VOICE,BOM-621,19.135991,72.829241,BOM-901,19.029371,72.855166
04A34A02,+91-88200-87281,+91-87890-71929,2025-02-13T09:04:00,1230,VOICE,BOM-103,18.963625,72.833759,BOM-621,19.136021,72.829212
C48F9978,+91-88200-67770,+91-88200-24365,2025-04-08T23:44:00,849,VOICE,BOM-447,19.044253,72.856002,BOM-621,19.136453,72.830019
8D5961E1,+91-97300-77777,+91-89120-98315,2025-02-20T07:19:00,948,VOICE,BOM-702,19.075426,72.877655,BOM-702,19.075416,72.877612
C49984C5,+91-93400-66516,+91-87890-17761,2025-04-13T20:37:00,1122,VOICE,BOM-447,19.044682,72.855661,BOM-212,19.041412,72.86351
142E9CFD,+91-87890-36097,+91-89120-73725,2025-03-09T23:09:00,277,VOICE,BOM-519,19.066307,72.878243,BOM-621,19.135973,72.830015
EA844D42,+91-63990-16373,+91-70420-18975,2025-04-06T09:34:00,394,VOICE,BOM-519,19.066717,72.87838,BOM-103,18.963326,72.834525
C31A0B03,+91-93400-57298,+91-77540-16778,2025-03-02T13:03:00,29,SMS,BOM-103,18.962937,72.83452,BOM-702,19.075651,72.877336
3CBB8E57,+91-70420-31080,+91-77540-28768,2025-02-28T13:49:00,27,SMS,BOM-702,19.075549,72.877222,BOM-519,19.06661,72.878187
06E6BA6D,+91-89120-40156,+91-87890-71669,2025-02-17T18:52:00,114,VOICE,BOM-621,19.135806,72.829164,BOM-702,19.076032,72.87721
DA123D1D,+91-77540-27673,+91-80720-69271,2025-01-15T12:41:00,47,SMS,BOM-901,19.029221,72.855367,BOM-212,19.041197,72.863803
6B135D9B,+91-91761-66003,+91-77540-47110,2025-03-12T14:02:00,856,VOICE,BOM-244,19.099479,72.848698,BOM-447,19.044107,72.856047
A88FA5E2,+91-77540-85471,+91-88200-36267,2025-04-18T22:55:00,8,SMS,BOM-318,19.11967,72.846818,BOM-447,19.044854,72.856261
93DB0C81,+91-87890-28566,+91-87890-95307,2025-04-23T11:26:00,516,VOICE,BOM-702,19.075579,72.877315,BOM-901,19.029729,72.855087
3C9FF46D,+91-91761-60811,+91-87890-20203,2025-04-19T11:16:00,28,SMS,BOM-702,19.075554,72.877858,BOM-244,19.098861,72.848986
140127B6,+91-93400-97920,+91-77540-80186,2025-02-10T16:48:00,48,SMS,BOM-901,19.029646,72.855659,BOM-621,19.135609,72.830097
71990C10,+91-88200-62363,+91-89120-95262,2025-03-16T23:59:00,49,SMS,BOM-318,19.119552,72.846972,BOM-808,19.054648,72.900306
76AD4234,+91-91761-47725,+91-75300-91482,2025-03-06T07:39:00,208,VOICE,BOM-318,19.119953,72.84715,BOM-901,19.02927,72.854838
147D925C,+91-77540-30636,+91-89120-10856,2025-02-10T10:07:00,5,SMS,BOM-244,19.098562,72.849152,BOM-808,19.05439,72.900386
45AF8093,+91-88200-19171,+91-89120-48193,2025-01-20T20:41:00,902,VOICE,BOM-103,18.963139,72.834292,BOM-447,19.044094,72.855744
B54CF794,+91-88200-93705,+91-87890-14954,2025-03-04T16:31:00,1105,VOICE,BOM-103,18.963245,72.833955,BOM-621,19.136073,72.829745
93CEE813,+91-88200-49321,+91-88200-78004,2025-02-14T08:05:00,562,VOICE,BOM-212,19.040906,72.864147,BOM-519,19.066107,72.87884
356638D7,+91-89120-34168,+91-91761-40927,2025-01-23T22:47:00,1476,VOICE,BOM-103,18.96379,72.83391,BOM-318,19.119242,72.847207
656F8B64,+91-80720-63209,+91-89120-19079,2025-03-01T11:50:00,1285,VOICE,BOM-212,19.040917,72.863211,BOM-808,19.054432,72.900795
1A9306A1,+91-93400-21344,+91-70420-54725,2025-03-12T09:36:00,20,SMS,BOM-318,19.1194,72.846848,BOM-702,19.075693,72.877539
088A9685,+91-80720-78253,+91-87890-15148,2025-03-04T13:38:00,1245,VOICE,BOM-621,19.136137,72.829504,BOM-212,19.04168,72.863404
1619BA07,+91-63990-62988,+91-87890-74699,2025-04-20T23:26:00,760,VOICE,BOM-244,19.099186,72.848749,BOM-212,19.041696,72.863329
BE2A66C7,+91-70420-69694,+91-88200-32068,2025-02-05T11:35:00,21,SMS,BOM-244,19.099431,72.849097,BOM-702,19.076313,72.877766
5DBB374E,+91-97300-33333,+91-97300-11111,2025-01-19T16:08:00,561,VOICE,BOM-702,19.075404,72.877551,BOM-808,19.054497,72.900062
EA343F28,+91-75300-93107,+91-88200-94152,2025-02-12T17:32:00,695,VOICE,BOM-621,19.13561,72.829343,BOM-103,18.963402,72.83386
BE3E07A3,+91-87890-55193,+91-70420-78333,2025-04-06T08:27:00,6,SMS,BOM-519,19.066216,72.878166,BOM-244,19.099145,72.84921
F8EF2726,+91-70420-28713,+91-87890-79902,2025-04-09T17:55:00,1616,VOICE,BOM-318,19.119537,72.846691,BOM-901,19.030039,72.855599
F9551EAE,+91-70420-94119,+91-87890-30935,2025-02-02T15:29:00,550,VOICE,BOM-318,19.119722,72.847281,BOM-621,19.136001,72.829416
99CBB324,+91-97300-22222,+91-97300-33333,2025-02-15T10:59:00,796,VOICE,BOM-447,19.044139,72.855846,BOM-103,18.963741,72.833731
DA1F9703,+91-88200-44937,+91-93400-70511,2025-02-03T08:45:00,681,VOICE,BOM-318,19.119283,72.847091,BOM-244,19.099232,72.849432
5F7E4236,+91-93400-78083,+91-91761-17685,2025-01-21T07:42:00,461,VOICE,BOM-244,19.098512,72.848589,BOM-447,19.044459,72.855351
C4A9DEA3,+91-93400-75116,+91-70420-95807,2025-04-18T17:21:00,746,VOICE,BOM-808,19.054711,72.900104,BOM-621,19.136125,72.829937
93201A02,+91-63990-72567,+91-89120-47416,2025-01-24T18:18:00,1275,VOICE,BOM-621,19.135919,72.829544,BOM-702,19.075719,72.877395
AA90A8E4,+91-80720-44115,+91-70420-99113,2025-03-21T23:29:00,57,SMS,BOM-244,19.099259,72.849347,BOM-212,19.041223,72.864141
6251ADB3,+91-91761-83128,+91-80720-61710,2025-01-20T12:48:00,526,VOICE,BOM-519,19.066062,72.877969,BOM-212,19.041859,72.863372
2AA17545,+91-87890-18881,+91-70420-87526,2025-01-31T15:16:00,387,VOICE,BOM-244,19.098857,72.849403,BOM-621,19.135504,72.829444
9DC738A3,+91-91761-17017,+91-87890-40144,2025-03-28T22:54:00,1043,VOICE,BOM-103,18.963349,72.833973,BOM-901,19.029946,72.855537
2C40C6D9,+91-80720-42486,+91-80720-68167,2025-02-02T14:24:00,433,VOICE,BOM-318,19.120089,72.846948,BOM-103,18.963788,72.833738
14D1B391,+91-80720-73184,+91-80720-87654,2025-02-22T15:51:00,284,VOICE,BOM-103,18.963681,72.834449,BOM-212,19.041229,72.864084
CCD992DA,+91-93400-83755,+91-70420-88770,2025-01-29T16:46:00,16,SMS,BOM-447,19.043911,72.856144,BOM-244,19.098579,72.848865
30337939,+91-77540-92380,+91-89120-88546,2025-04-07T09:40:00,801,VOICE,BOM-519,19.06649,72.878588,BOM-318,19.119651,72.846894
326E957D,+91-63990-18416,+91-70420-84189,2025-02-28T14:50:00,1119,VOICE,BOM-519,19.066139,72.878496,BOM-318,19.119668,72.847176
86C57750,+91-70420-54141,+91-89120-85319,2025-03-28T07:41:00,22,SMS,BOM-447,19.044416,72.85536,BOM-901,19.02921,72.855375
ADE009F3,+91-91761-43645,+91-89120-57861,2025-03-05T09:38:00,266,VOICE,BOM-212,19.041679,72.86378,BOM-244,19.09895,72.84931
07168A7B,+91-87890-55566,+91-80720-92004,2025-02-02T12:46:00,1305,VOICE,BOM-447,19.044074,72.855819,BOM-901,19.029909,72.855336
E7AC0FA6,+91-77540-78196,+91-80720-66956,2025-04-07T12:25:00,30,SMS,BOM-244,19.099008,72.848769,BOM-318,19.11936,72.846536
6EC94927,+91-89120-23255,+91-77540-72969,2025-04-14T17:38:00,757,VOICE,BOM-103,18.963329,72.834641,BOM-244,19.099262,72.849257
94861242,+91-63990-72900,+91-70420-35182,2025-04-22T09:08:00,54,SMS,BOM-244,19.099302,72.849187,BOM-318,19.119322,72.847228
90EB0234,+91-70420-15254,+91-77540-28350,2025-02-06T11:03:00,497,VOICE,BOM-318,19.11995,72.846343,BOM-244,19.098735,72.849219
02CAF2E1,+91-70420-64713,+91-91761-34697,2025-04-12T09:22:00,475,VOICE,BOM-621,19.135794,72.829179,BOM-901,19.02941,72.85565
5A7E961A,+91-93400-76525,+91-80720-80643,2025-03-10T23:12:00,139,VOICE,BOM-447,19.044368,72.856031,BOM-103,18.963534,72.834093
1406A492,+91-89120-85472,+91-63990-76340,2025-02-19T23:44:00,566,VOICE,BOM-519,19.066499,72.878886,BOM-901,19.029641,72.85546
6312E228,+91-88200-77281,+91-70420-78980,2025-03-19T10:12:00,473,VOICE,BOM-103,18.963518,72.834142,BOM-519,19.06595,72.878165
2AC4B492,+91-89120-43505,+91-91761-32160,2025-03-21T17:55:00,545,VOICE,BOM-212,19.041793,72.863952,BOM-519,19.065948,72.878781
BFD42304,+91-89120-61973,+91-91761-76232,2025-03-29T14:00:00,1146,VOICE,BOM-621,19.135556,72.829245,BOM-103,18.963159,72.83402
A64CCD37,+91-87890-43570,+91-63990-80253,2025-04-06T17:01:00,1382,VOICE,BOM-519,19.066431,72.877988,BOM-103,18.963167,72.834688
F991EBDC,+91-75300-16995,+91-91761-24898,2025-02-23T12:06:00,13,SMS,BOM-212,19.041517,72.863722,BOM-244,19.099358,72.84863
6A2EE44C,+91-97300-11111,+91-97300-22222,2025-02-13T10:20:00,790,VOICE,BOM-621,19.135728,72.829864,BOM-621,19.135771,72.829934
126903BA,+91-89120-52961,+91-63990-87098,2025-02-03T15:00:00,476,VOICE,BOM-103,18.963762,72.834571,BOM-702,19.076,72.878132
ACF48DAB,+91-89120-90105,+91-91761-25476,2025-02-05T22:18:00,15,SMS,BOM-212,19.041753,72.863414,BOM-702,19.075977,72.877917
4A2E672C,+91-97300-77777,+91-88200-67109,2025-01-20T22:34:00,417,VOICE,BOM-702,19.076007,72.877741,BOM-318,19.12012,72.846662
9DD3FC8A,+91-88200-19331,+91-80720-34118,2025-01-21T11:30:00,65,VOICE,BOM-318,19.120104,72.847173,BOM-702,19.076038,72.878032
DF510B6C,+91-91761-79113,+91-93400-89654,2025-04-11T08:26:00,1685,VOICE,BOM-447,19.044878,72.85605,BOM-212,19.041227,72.863405
BB871258,+91-77540-60349,+91-80720-66213,2025-04-02T07:03:00,517,VOICE,BOM-621,19.136214,72.829427,BOM-447,19.044646,72.855598
33E1EC2E,+91-89120-59411,+91-77540-86017,2025-02-25T07:37:00,1694,VOICE,BOM-244,19.098583,72.849325,BOM-621,19.136009,72.829685
4C99B94B,+91-89120-63004,+91-91761-78035,2025-03-06T14:13:00,26,SMS,BOM-621,19.135989,72.829218,BOM-212,19.041082,72.863487
AB46962E,+91-91761-31705,+91-80720-97962,2025-02-14T11:22:00,1751,VOICE,BOM-901,19.029505,72.855481,BOM-244,19.099236,72.849372
240D1305,+91-70420-69550,+91-89120-12658,2025-02-18T13:58:00,672,VOICE,BOM-519,19.065901,72.87809,BOM-318,19.120064,72.846733
B944BB2C,+91-70420-52681,+91-93400-88254,2025-01-15T09:05:00,62,VOICE,BOM-447,19.044382,72.856003,BOM-103,18.963036,72.834577
A72FBC0E,+91-77540-40750,+91-93400-55755,2025-04-20T09:05:00,1126,VOICE,BOM-318,19.119676,72.846309,BOM-621,19.13613,72.829803
10A599F3,+91-80720-63780,+91-80720-74987,2025-03-13T11:12:00,41,SMS,BOM-901,19.029861,72.854832,BOM-447,19.044229,72.855524
28B77011,+91-80720-63277,+91-75300-44370,2025-03-20T21:25:00,933,VOICE,BOM-103,18.96289,72.834534,BOM-244,19.098574,72.848891
F2C151C2,+91-75300-43610,+91-75300-65001,2025-04-16T07:55:00,1374,VOICE,BOM-212,19.041549,72.864039,BOM-103,18.963211,72.834597
E7546F06,+91-70420-37212,+91-80720-29610,2025-01-18T10:14:00,1535,VOICE,BOM-901,19.029836,72.855198,BOM-702,19.075769,72.87777
87D84A82,+91-91761-13437,+91-91761-86901,2025-03-20T09:50:00,701,VOICE,BOM-318,19.119753,72.846549,BOM-103,18.963331,72.834242
881BBF9D,+91-63990-64736,+91-93400-69058,2025-01-20T22:02:00,1586,VOICE,BOM-519,19.06644,72.878375,BOM-901,19.029804,72.854881
322093A8,+91-97300-22222,+91-97300-33333,2025-04-02T20:11:00,1420,VOICE,BOM-621,19.136111,72.829734,BOM-901,19.029519,72.855445
3FE54364,+91-77540-72502,+91-80720-15199,2025-01-29T16:39:00,177,VOICE,BOM-212,19.041691,72.86414,BOM-808,19.054229,72.900179
B36D29E0,+91-77540-33759,+91-87890-28483,2025-02-15T22:40:00,30,SMS,BOM-901,19.030068,72.854998,BOM-244,19.099068,72.849036
8767EAB2,+91-97300-77777,+91-89120-70327,2025-03-15T09:05:00,1777,VOICE,BOM-212,19.041614,72.863577,BOM-901,19.029395,72.855618
515674F3,+91-87890-68722,+91-77540-67256,2025-03-23T21:12:00,21,VOICE,BOM-901,19.029163,72.854887,BOM-212,19.041304,72.863453
CE94A12B,+91-93400-32923,+91-63990-34926,2025-02-27T18:50:00,863,VOICE,BOM-244,19.09918,72.848708,BOM-808,19.054822,72.900563
F657A209,+91-88200-26977,+91-89120-25708,2025-02-26T18:06:00,1376,VOICE,BOM-318,19.119305,72.846829,BOM-519,19.066208,72.878042
A8F4886A,+91-87890-65873,+91-77540-85157,2025-01-27T18:57:00,437,VOICE,BOM-808,19.054944,72.900621,BOM-901,19.02941,72.855684
0BDBFCA7,+91-89120-69139,+91-63990-73666,2025-04-17T12:11:00,1029,VOICE,BOM-212,19.04167,72.863843,BOM-519,19.066747,72.877928
BC287E78,+91-75300-99805,+91-80720-42903,2025-02-12T16:13:00,722,VOICE,BOM-447,19.043957,72.856226,BOM-808,19.054947,72.900604
3F720489,+91-63990-35799,+91-89120-68428,2025-04-09T09:01:00,152,VOICE,BOM-103,18.963337,72.834553,BOM-318,19.119697,72.847174
A454EA7D,+91-87890-72273,+91-70420-73056,2025-04-12T11:07:00,60,SMS,BOM-808,19.054814,72.900934,BOM-244,19.099195,72.848864
32CBBCCD,+91-70420-65397,+91-80720-65382,2025-04-02T13:34:00,1019,VOICE,BOM-519,19.066311,72.877929,BOM-808,19.054245,72.90085
30130B81,+91-88200-12548,+91-87890-25270,2025-01-28T23:23:00,683,VOICE,BOM-808,19.05425,72.900228,BOM-808,19.054874,72.900257
6F23B0DD,+91-93400-72529,+91-70420-86034,2025-04-24T10:17:00,342,VOICE,BOM-103,18.963316,72.834674,BOM-103,18.963695,72.833793
9C10F0F9,+91-93400-16594,+91-70420-27971,2025-03-23T23:12:00,1198,VOICE,BOM-318,19.120112,72.846567,BOM-621,19.135832,72.829855
AC30A760,+91-89120-16990,+91-70420-21355,2025-04-05T13:35:00,1195,VOICE,BOM-901,19.029772,72.855261,BOM-212,19.041479,72.864056
CDB376D2,+91-77540-80010,+91-63990-49058,2025-03-04T17:55:00,1162,VOICE,BOM-244,19.098729,72.848525,BOM-519,19.066781,72.878376
1835F1CF,+91-91761-52517,+91-75300-82520,2025-01-22T23:55:00,1566,VOICE,BOM-901,19.029944,72.855305,BOM-244,19.098985,72.849408
C5352B86,+91-88200-11187,+91-87890-37946,2025-03-16T20:48:00,67,VOICE,BOM-103,18.963082,72.833889,BOM-901,19.030036,72.85505
199EF26E,+91-91761-93529,+91-89120-30020,2025-03-22T16:00:00,23,SMS,BOM-702,19.075606,72.877746,BOM-702,19.075562,72.877499
D51DCF0E,+91-80720-25691,+91-75300-44873,2025-03-29T17:39:00,1198,VOICE,BOM-212,19.041659,72.863674,BOM-212,19.041496,72.864042
0450818F,+91-75300-16571,+91-63990-88912,2025-04-09T22:34:00,137,VOICE,BOM-244,19.099079,72.848707,BOM-901,19.029234,72.854919
C184CE24,+91-93400-34760,+91-63990-64094,2025-03-22T16:52:00,1253,VOICE,BOM-318,19.119695,72.846506,BOM-901,19.029581,72.855096
03576BC3,+91-97300-22222,+91-97300-33333,2025-01-23T18:06:00,1467,VOICE,BOM-519,19.066181,72.87848,BOM-447,19.043926,72.856203
91EFBF11,+91-91761-15109,+91-88200-12352,2025-01-28T23:44:00,1433,VOICE,BOM-702,19.076026,72.877968,BOM-519,19.066565,72.87847
6A96798B,+91-91761-69249,+91-80720-97527,2025-04-17T11:05:00,267,VOICE,BOM-244,19.0993,72.84939,BOM-447,19.044507,72.855703
E005FC5B,+91-63990-14663,+91-70420-90126,2025-03-18T16:50:00,1193,VOICE,BOM-212,19.041546,72.863581,BOM-244,19.098726,72.849055
B7685242,+91-77540-17127,+91-63990-66856,2025-03-18T11:21:00,933,VOICE,BOM-244,19.098692,72.849227,BOM-621,19.135754,72.829371
842A2FC0,+91-91761-34536,+91-70420-49420,2025-02-08T21:28:00,545,VOICE,BOM-244,19.099366,72.849048,BOM-901,19.029265,72.855318
D4B13A64,+91-77540-85666,+91-89120-42387,2025-03-10T17:37:00,661,VOICE,BOM-318,19.119434,72.846721,BOM-808,19.054713,72.900947
B04ED925,+91-93400-43287,+91-91761-60614,2025-04-21T12:26:00,643,VOICE,BOM-621,19.1358,72.82931,BOM-621,19.135612,72.829118
76E7F13F,+91-97300-66666,+91-97300-11111,2025-02-06T09:21:00,1179,VOICE,BKC-112,19.0656,72.8669,BOM-447,19.043959,72.856255
93CD6B4E,+91-63990-65743,+91-80720-73432,2025-03-08T18:32:00,1091,VOICE,BOM-103,18.963686,72.83452,BOM-901,19.029934,72.855778
2C00FB4C,+91-91761-48860,+91-80720-89391,2025-03-01T16:59:00,1295,VOICE,BOM-702,19.075873,72.877675,BOM-318,19.119604,72.84668
E92FC4F8,+91-70420-96297,+91-75300-82587,2025-01-20T08:03:00,1154,VOICE,BOM-244,19.099158,72.849421,BOM-519,19.066344,72.878228
2BB86018,+91-70420-67582,+91-91761-35210,2025-04-13T09:46:00,1182,VOICE,BOM-318,19.120199,72.846583,BOM-244,19.098708,72.849213
1D36D097,+91-70420-97324,+91-70420-88425,2025-04-09T22:31:00,686,VOICE,BOM-621,19.13608,72.82951,BOM-702,19.076066,72.877798
FA6C9DD5,+91-70420-53712,+91-89120-83917,2025-03-29T13:09:00,1195,VOICE,BOM-901,19.029868,72.855201,BOM-808,19.054207,72.900631
552DFA5D,+91-75300-42949,+91-80720-44210,2025-02-15T08:06:00,380,VOICE,BOM-808,19.054884,72.900461,BOM-519,19.0662,72.878796
8CA91508,+91-70420-39125,+91-91761-87751,2025-02-02T16:19:00,1489,VOICE,BOM-318,19.119307,72.846845,BOM-519,19.066018,72.877993
5A88CFE6,+91-80720-31697,+91-91761-55033,2025-01-22T09:07:00,1046,VOICE,BOM-901,19.029877,72.855733,BOM-447,19.044889,72.855482
AAA369EA,+91-80720-41945,+91-75300-35059,2025-03-31T15:54:00,1416,VOICE,BOM-212,19.041413,72.86414,BOM-901,19.029243,72.855072
B0DEBB93,+91-88200-75219,+91-93400-27099,2025-01-18T13:25:00,997,VOICE,BOM-212,19.04173,72.863778,BOM-103,18.963254,72.834533
CB49DF52,+91-88200-67517,+91-77540-58201,2025-01-25T15:22:00,567,VOICE,BOM-244,19.098812,72.848773,BOM-621,19.135641,72.830096
B49B929A,+91-88200-55794,+91-89120-61453,2025-02-26T08:50:00,1602,VOICE,BOM-447,19.044083,72.855413,BOM-244,19.099245,72.849121
D9358DCB,+91-89120-59320,+91-87890-18431,2025-03-17T19:42:00,972,VOICE,BOM-447,19.044384,72.856264,BOM-244,19.098766,72.848596
B0C7A32E,+91-89120-78446,+91-88200-26577,2025-03-23T16:49:00,1063,VOICE,BOM-212,19.041435,72.863774,BOM-244,19.09864,72.849281
444B44A2,+91-70420-11218,+91-91761-39164,2025-04-07T22:03:00,6,SMS,BOM-244,19.099305,72.849484,BOM-519,19.065871,72.877966
44BE34AE,+91-89120-61697,+91-89120-57763,2025-03-20T12:55:00,143,VOICE,BOM-901,19.029804,72.855422,BOM-621,19.13587,72.830084
9D98A784,+91-70420-43890,+91-70420-48868,2025-04-23T15:06:00,9,SMS,BOM-808,19.054406,72.900642,BOM-212,19.041101,72.863204
C222F1CC,+91-63990-17903,+91-93400-49729,2025-03-07T13:59:00,942,VOICE,BOM-103,18.963414,72.833881,BOM-808,19.054842,72.900242
9699F9D6,+91-87890-66763,+91-91761-53440,2025-04-04T22:37:00,38,SMS,BOM-808,19.054131,72.900059,BOM-702,19.075431,72.877684
F7FF14BB,+91-91761-26006,+91-70420-11235,2025-01-29T16:40:00,12,SMS,BOM-212,19.041661,72.864037,BOM-901,19.029627,72.8556
12488782,+91-97300-77777,+91-70420-85539,2025-02-06T20:11:00,27,SMS,BOM-103,18.96364,72.83468,BOM-901,19.029757,72.855787
05050171,+91-89120-28815,+91-70420-57542,2025-02-22T23:35:00,120,VOICE,BOM-901,19.030002,72.85495,BOM-901,19.029701,72.855209
A1D66C6B,+91-75300-72514,+91-63990-74666,2025-03-07T07:11:00,591,VOICE,BOM-447,19.044751,72.855376,BOM-621,19.135694,72.829859
988A4F3A,+91-75300-78082,+91-87890-86717,2025-01-22T23:44:00,978,VOICE,BOM-212,19.040949,72.863243,BOM-212,19.040996,72.864069
E90629F2,+91-89120-41572,+91-91761-35801,2025-04-06T09:28:00,1728,VOICE,BOM-103,18.963506,72.834383,BOM-901,19.029821,72.854913
F7CBF097,+91-91761-45803,+91-89120-81850,2025-04-12T13:14:00,543,VOICE,BOM-212,19.041212,72.863686,BOM-244,19.099343,72.849081
ADF5E952,+91-77540-91911,+91-88200-62562,2025-04-05T10:26:00,54,SMS,BOM-212,19.041016,72.863572,BOM-447,19.044646,72.855394
6CF3F70C,+91-93400-33539,+91-87890-66748,2025-04-06T08:40:00,59,SMS,BOM-519,19.066405,72.878008,BOM-103,18.962806,72.834031
B01532BB,+91-77540-81763,+91-77540-46629,2025-02-05T14:42:00,1280,VOICE,BOM-621,19.135509,72.829834,BOM-212,19.041312,72.863741
C103C84A,+91-75300-73672,+91-89120-99509,2025-01-21T10:20:00,49,VOICE,BOM-103,18.963346,72.834568,BOM-519,19.066373,72.878421
3F29A1CA,+91-70420-58696,+91-63990-10888,2025-03-30T16:17:00,60,SMS,BOM-212,19.041261,72.864059,BOM-318,19.12004,72.847208
A258B9DB,+91-93400-34580,+91-75300-89613,2025-04-05T23:41:00,1111,VOICE,BOM-447,19.04474,72.855718,BOM-103,18.963231,72.83446
4DC42D64,+91-93400-10275,+91-63990-10596,2025-03-24T09:39:00,50,VOICE,BOM-244,19.099377,72.849006,BOM-244,19.098922,72.849317
B1FAB59F,+91-97300-22222,+91-97300-11111,2025-01-22T10:32:00,1577,VOICE,BOM-244,19.098521,72.848714,BOM-447,19.043995,72.856278
13D93336,+91-97300-33333,+91-97300-11111,2025-03-06T23:41:00,322,VOICE,BOM-244,19.09928,72.848944,BOM-103,18.962886,72.834333
A6E4A8C3,+91-89120-73818,+91-77540-88539,2025-04-05T12:52:00,1038,VOICE,BOM-244,19.099012,72.848735,BOM-519,19.06632,72.87878
C43B22EC,+91-97300-11111,+91-97300-33333,2025-04-05T17:48:00,528,VOICE,BOM-519,19.066329,72.878758,BOM-702,19.076083,72.877341
F5BD33EA,+91-63990-67771,+91-77540-55027,2025-03-09T13:43:00,11,SMS,BOM-808,19.054297,72.900397,BOM-212,19.040994,72.863605
06894CC1,+91-70420-85074,+91-77540-93220,2025-03-07T14:12:00,844,VOICE,BOM-808,19.054798,72.900347,BOM-519,19.066775,72.878118
A97DB9B2,+91-91761-93971,+91-88200-33553,2025-03-18T18:10:00,1422,VOICE,BOM-702,19.076243,72.877368,BOM-318,19.119441,72.847165
A359EBE1,+91-77540-99794,+91-89120-92964,2025-01-25T15:46:00,1434,VOICE,BOM-103,18.963354,72.834323,BOM-318,19.119263,72.847142
16613A81,+91-91761-47931,+91-80720-58382,2025-01-31T23:27:00,652,VOICE,BOM-103,18.963051,72.833767,BOM-808,19.054845,72.900087
3AB05DCD,+91-97300-22222,+91-97300-33333,2025-04-22T22:50:00,35,VOICE,BOM-318,19.120088,72.846557,BOM-103,18.963779,72.83378
7FD71430,+91-75300-64357,+91-91761-82816,2025-03-14T17:12:00,1605,VOICE,BOM-103,18.963059,72.834634,BOM-519,19.066038,72.878188
CB783B22,+91-80720-16607,+91-75300-86415,2025-01-25T18:47:00,60,SMS,BOM-244,19.099009,72.849337,BOM-212,19.041273,72.863536
23C66473,+91-70420-73076,+91-91761-84137,2025-02-16T23:20:00,55,SMS,BOM-519,19.066187,72.878304,BOM-519,19.065898,72.878823
B3CFCC45,+91-91761-16049,+91-70420-66430,2025-03-16T21:10:00,34,SMS,BOM-212,19.041891,72.864165,BOM-244,19.098586,72.848802
8E4327D4,+91-75300-44028,+91-88200-20253,2025-02-15T14:08:00,1149,VOICE,BOM-212,19.041601,72.863905,BOM-519,19.066054,72.878781
0DEA4EA6,+91-93400-79206,+91-63990-24633,2025-03-15T10:24:00,409,VOICE,BOM-103,18.963634,72.834039,BOM-212,19.041686,72.863707
96BB9DBD,+91-93400-20057,+91-63990-45121,2025-02-15T07:14:00,1437,VOICE,BOM-244,19.098559,72.84905,BOM-103,18.962873,72.833716
AF68BF8A,+91-88200-58361,+91-63990-66261,2025-03-05T09:53:00,16,SMS,BOM-212,19.041123,72.864188,BOM-519,19.066384,72.878081
97517F1D,+91-77540-24608,+91-93400-42802,2025-03-29T21:32:00,1700,VOICE,BOM-901,19.030029,72.855666,BOM-519,19.065945,72.878277
F14A27A8,+91-70420-37544,+91-88200-21947,2025-03-24T09:49:00,14,SMS,BOM-621,19.136396,72.829573,BOM-808,19.054682,72.900707
CE658A48,+91-75300-54194,+91-91761-85212,2025-04-19T12:29:00,35,SMS,BOM-901,19.029189,72.85517,BOM-244,19.099105,72.849327
A0AF90B2,+91-80720-84632,+91-87890-41484,2025-03-12T13:15:00,152,VOICE,BOM-318,19.120014,72.847135,BOM-519,19.066497,72.878281
30D6E7F2,+91-70420-52092,+91-93400-64396,2025-04-24T23:46:00,1149,VOICE,BOM-244,19.098932,72.848721,BOM-519,19.066642,72.878076
CFBC3CA9,+91-70420-34264,+91-75300-79317,2025-04-04T10:54:00,987,VOICE,BOM-212,19.04137,72.863443,BOM-318,19.119598,72.846954
B716482D,+91-93400-70460,+91-75300-34502,2025-03-06T20:32:00,993,VOICE,BOM-702,19.075628,72.877797,BOM-808,19.054643,72.900104
501AE02C,+91-75300-11985,+91-89120-47378,2025-04-14T16:26:00,1641,VOICE,BOM-702,19.075761,72.877793,BOM-447,19.044114,72.855495
BF0C1A67,+91-63990-19853,+91-87890-70232,2025-04-14T20:26:00,1434,VOICE,BOM-901,19.029729,72.855217,BOM-447,19.044798,72.855458
6A1C9A09,+91-93400-11483,+91-80720-62274,2025-02-09T20:32:00,271,VOICE,BOM-808,19.054879,72.900992,BOM-519,19.066237,72.878447
1E8631CE,+91-63990-55006,+91-91761-90791,2025-02-02T21:42:00,1305,VOICE,BOM-519,19.066205,72.878158,BOM-103,18.962811,72.834407
AD8C4D17,+91-63990-99801,+91-91761-95832,2025-02-22T11:32:00,429,VOICE,BOM-901,19.029536,72.855019,BOM-103,18.963342,72.833949
160A9CCB,+91-93400-97908,+91-91761-85643,2025-03-03T08:04:00,275,VOICE,BOM-519,19.065979,72.878778,BOM-318,19.119921,72.847054
99F2193B,+91-63990-28507,+91-63990-43910,2025-03-15T22:52:00,1191,VOICE,BOM-519,19.066511,72.878765,BOM-901,19.029482,72.854904
3ADD1564,+91-89120-75241,+91-80720-32789,2025-02-15T20:14:00,908,VOICE,BOM-212,19.041507,72.864134,BOM-901,19.029815,72.855467
DCF62748,+91-70420-20337,+91-88200-12981,2025-01-23T10:28:00,1321,VOICE,BOM-702,19.075733,72.877591,BOM-901,19.029972,72.85528
07935A39,+91-97300-66666,+91-97300-77777,2025-04-24T07:27:00,1136,VOICE,BKC-112,19.0656,72.8669,BOM-103,18.962887,72.83442
E5AF19D1,+91-97300-22222,+91-97300-11111,2025-04-03T15:58:00,1027,VOICE,BOM-103,18.963365,72.833793,BOM-212,19.041522,72.863886
6A449A5A,+91-89120-71163,+91-91761-46801,2025-04-05T09:57:00,21,SMS,BOM-318,19.12014,72.846964,BOM-808,19.054955,72.900879
48F3D55B,+91-93400-19851,+91-70420-20196,2025-01-20T10:01:00,818,VOICE,BOM-447,19.043948,72.855632,BOM-447,19.044211,72.85564
1E78AEAC,+91-93400-72712,+91-80720-55249,2025-02-03T15:12:00,103,VOICE,BOM-244,19.098565,72.849176,BOM-808,19.054533,72.900651
F4418254,+91-88200-17362,+91-80720-64557,2025-04-11T14:07:00,13,SMS,BOM-244,19.098816,72.849445,BOM-447,19.044731,72.855751
B67171FD,+91-89120-68044,+91-63990-40038,2025-03-28T10:24:00,111,VOICE,BOM-901,19.029495,72.855089,BOM-808,19.054326,72.900558
4497A7E1,+91-88200-32604,+91-63990-20933,2025-04-02T17:34:00,1611,VOICE,BOM-519,19.066704,72.878012,BOM-318,19.120167,72.84649
13E6726E,+91-70420-79875,+91-89120-10867,2025-02-27T13:31:00,44,SMS,BOM-244,19.099203,72.84882,BOM-212,19.04151,72.863595
8BC2576D,+91-75300-27775,+91-80720-99573,2025-01-20T08:45:00,19,SMS,BOM-702,19.075997,72.877276,BOM-318,19.119933,72.846939
FA220D55,+91-80720-15439,+91-91761-77093,2025-01-25T10:57:00,222,VOICE,BOM-901,19.029134,72.85482,BOM-901,19.029644,72.855458
9CD2C366,+91-80720-34842,+91-89120-84948,2025-03-29T18:41:00,930,VOICE,BOM-808,19.054564,72.900199,BOM-447,19.044138,72.855379
D4224E8D,+91-75300-70715,+91-88200-77118,2025-03-16T13:18:00,1385,VOICE,BOM-519,19.06676,72.878049,BOM-447,19.044618,72.855757
A74D7E9A,+91-88200-13610,+91-89120-18567,2025-02-03T20:26:00,12,SMS,BOM-901,19.029317,72.854936,BOM-519,19.066271,72.878391
8A0BF15A,+91-87890-43866,+91-80720-51743,2025-01-28T14:24:00,1673,VOICE,BOM-318,19.119922,72.846607,BOM-447,19.044102,72.856227
6E7B3D25,+91-75300-83570,+91-75300-81390,2025-04-09T11:18:00,625,VOICE,BOM-103,18.96367,72.833843,BOM-447,19.044758,72.85581
C80C932D,+91-63990-33832,+91-93400-72704,2025-04-05T20:13:00,684,VOICE,BOM-244,19.09889,72.848663,BOM-808,19.054205,72.900371
D4E90EE1,+91-63990-90000,+91-88200-90914,2025-03-01T08:54:00,1623,VOICE,BOM-621,19.136189,72.829507,BOM-447,19.044593,72.855928
E4976AAF,+91-91761-78662,+91-75300-75726,2025-03-28T13:41:00,6,SMS,BOM-103,18.962915,72.834443,BOM-702,19.075853,72.877476
42EE2494,+91-70420-52324,+91-75300-74131,2025-04-20T08:17:00,37,SMS,BOM-901,19.029768,72.855715,BOM-318,19.119432,72.84703
79A9DFD3,+91-70420-19564,+91-75300-26518,2025-04-04T18:03:00,20,SMS,BOM-702,19.075697,72.877835,BOM-808,19.054444,72.900986
A0417D59,+91-91761-62276,+91-93400-48232,2025-04-15T15:22:00,867,VOICE,BOM-702,19.076239,72.877359,BOM-901,19.029518,72.854936
724C14C0,+91-77540-92096,+91-87890-72894,2025-04-07T09:27:00,877,VOICE,BOM-212,19.041394,72.863522,BOM-103,18.963786,72.834372
500A1A0C,+91-97300-22222,+91-97300-33333,2025-04-02T15:14:00,107,VOICE,BOM-212,19.041198,72.863868,BOM-901,19.029607,72.855795
DC9C488A,+91-93400-93826,+91-77540-86256,2025-01-24T22:32:00,53,SMS,BOM-519,19.066464,72.878265,BOM-808,19.054221,72.900185
29E51795,+91-80720-77928,+91-91761-52676,2025-02-17T23:03:00,1439,VOICE,BOM-901,19.030048,72.855418,BOM-702,19.075402,72.87808
2978E4EF,+91-87890-83839,+91-63990-19380,2025-02-05T19:37:00,937,VOICE,BOM-318,19.119991,72.846802,BOM-901,19.029704,72.855495
433D3374,+91-70420-71776,+91-80720-39215,2025-01-17T23:01:00,1364,VOICE,BOM-103,18.963279,72.83402,BOM-901,19.029794,72.855524
FDD1DA15,+91-91761-84422,+91-88200-63893,2025-03-18T19:09:00,1318,VOICE,BOM-519,19.066135,72.878531,BOM-808,19.054751,72.900993
D9755951,+91-75300-45549,+91-89120-61424,2025-03-04T07:57:00,55,SMS,BOM-447,19.044076,72.855934,BOM-519,19.066753,72.878696
CCFAC2B1,+91-80720-96583,+91-91761-60464,2025-01-30T08:37:00,885,VOICE,BOM-212,19.040949,72.863987,BOM-244,19.099278,72.84889
E118E358,+91-70420-33561,+91-75300-63319,2025-02-13T22:53:00,198,VOICE,BOM-808,19.054997,72.900053,BOM-244,19.098938,72.849355
EE3EF72D,+91-91761-74135,+91-63990-74765,2025-02-14T13:40:00,350,VOICE,BOM-318,19.119768,72.847119,BOM-103,18.96309,72.834241
3F4ECF15,+91-87890-77205,+91-91761-46131,2025-03-09T16:43:00,151,VOICE,BOM-103,18.963322,72.834541,BOM-621,19.135901,72.829146
CDEEBB25,+91-70420-39610,+91-87890-15696,2025-02-06T08:58:00,60,SMS,BOM-519,19.066237,72.878398,BOM-702,19.075855,72.878194
7BD37CA2,+91-77540-72833,+91-87890-32538,2025-01-27T08:37:00,493,VOICE,BOM-103,18.962845,72.834476,BOM-901,19.029942,72.85539
2F438679,+91-75300-71317,+91-63990-41879,2025-02-21T16:51:00,47,SMS,BOM-103,18.963797,72.833741,BOM-212,19.041092,72.863863
9C5EDBD7,+91-63990-61570,+91-80720-37718,2025-02-02T16:01:00,20,SMS,BOM-702,19.076372,72.877382,BOM-901,19.029503,72.855004
A4652402,+91-63990-77946,+91-87890-98415,2025-03-30T20:30:00,36,SMS,BOM-808,19.054741,72.900584,BOM-447,19.044033,72.856117
05044819,+91-89120-63854,+91-77540-13445,2025-01-20T21:07:00,1276,VOICE,BOM-621,19.135999,72.829148,BOM-702,19.076035,72.877328
80A696A2,+91-88200-93108,+91-89120-40407,2025-01-19T21:42:00,107,VOICE,BOM-621,19.135941,72.829566,BOM-447,19.044681,72.855939
F12737B0,+91-91761-48769,+91-70420-66471,2025-03-22T17:35:00,1432,VOICE,BOM-103,18.963531,72.834382,BOM-702,19.076322,72.87734
5543A548,+91-63990-57292,+91-70420-90391,2025-01-16T10:11:00,1049,VOICE,BOM-621,19.136152,72.829633,BOM-519,19.066436,72.8782
84973DCF,+91-89120-14885,+91-91761-42328,2025-03-24T16:50:00,683,VOICE,BOM-808,19.054594,72.900289,BOM-901,19.02948,72.854905
177952BD,+91-93400-37051,+91-88200-36455,2025-01-18T08:02:00,833,VOICE,BOM-318,19.119819,72.847253,BOM-212,19.041761,72.863426
BD09AC22,+91-63990-88629,+91-88200-22479,2025-03-09T09:29:00,767,VOICE,BOM-621,19.136315,72.829342,BOM-447,19.044415,72.855669
E0F64277,+91-97300-11111,+91-97300-33333,2025-04-19T18:16:00,1436,VOICE,BOM-621,19.135756,72.829888,BOM-212,19.041141,72.863834
8CAE94DB,+91-75300-94149,+91-63990-62974,2025-04-19T07:50:00,17,SMS,BOM-621,19.135838,72.829788,BOM-901,19.029932,72.854823
C1AA7A99,+91-91761-46347,+91-91761-28934,2025-04-01T20:03:00,54,SMS,BOM-244,19.098582,72.849287,BOM-318,19.119984,72.84642
7F8BC69E,+91-89120-39930,+91-63990-68961,2025-02-16T08:32:00,28,SMS,BOM-808,19.054993,72.900039,BOM-318,19.120068,72.846479
62AB3A7D,+91-91761-11391,+91-88200-92212,2025-03-06T12:23:00,18,SMS,BOM-212,19.041286,72.863571,BOM-318,19.119754,72.846863
12746175,+91-97300-11111,+91-97300-22222,2025-03-27T15:58:00,133,VOICE,BOM-212,19.041549,72.864199,BOM-621,19.135748,72.830084
6055BE49,+91-89120-60891,+91-80720-98214,2025-04-17T17:58:00,573,VOICE,BOM-702,19.075527,72.877597,BOM-244,19.099407,72.848572
E4FCCC32,+91-97300-11111,+91-97300-22222,2025-03-02T09:51:00,220,VOICE,BOM-519,19.066021,72.878026,BOM-244,19.098896,72.848703
FB24BCB0,+91-89120-58384,+91-70420-45463,2025-03-26T23:40:00,1594,VOICE,BOM-244,19.099041,72.849202,BOM-244,19.099348,72.849066
9944B71B,+91-88200-65458,+91-63990-73156,2025-03-22T19:44:00,1272,VOICE,BOM-103,18.963189,72.834698,BOM-621,19.135853,72.829343
55026811,+91-93400-56066,+91-75300-32254,2025-03-19T23:16:00,1469,VOICE,BOM-212,19.041043,72.863932,BOM-212,19.040903,72.864092
7F6ED97F,+91-80720-46444,+91-91761-76194,2025-02-23T07:01:00,1725,VOICE,BOM-447,19.044737,72.85541,BOM-901,19.029363,72.855247
C5FADE35,+91-80720-62924,+91-89120-73105,2025-03-09T07:21:00,520,VOICE,BOM-702,19.076164,72.878054,BOM-103,18.963587,72.834434
534B9BE9,+91-75300-40717,+91-80720-45469,2025-04-11T13:17:00,382,VOICE,BOM-447,19.044395,72.855347,BOM-621,19.135717,72.82989
D0E47B92,+91-70420-28533,+91-87890-46123,2025-01-31T10:05:00,50,SMS,BOM-519,19.066551,72.878403,BOM-244,19.098885,72.849233
23B3A1DF,+91-63990-24632,+91-75300-67459,2025-04-07T16:08:00,1786,VOICE,BOM-808,19.054535,72.900449,BOM-103,18.962809,72.833919
5F52EC8E,+91-80720-38082,+91-89120-92079,2025-03-31T22:39:00,38,SMS,BOM-103,18.963282,72.834317,BOM-901,19.029882,72.855587
823410E2,+91-77540-49914,+91-87890-10144,2025-03-06T08:09:00,42,SMS,BOM-447,19.044471,72.855666,BOM-621,19.135548,72.82978
4A74D9B5,+91-77540-67339,+91-93400-56886,2025-03-12T12:13:00,47,SMS,BOM-318,19.119682,72.846527,BOM-447,19.044402,72.85587
7171EF59,+91-75300-68884,+91-88200-35760,2025-01-17T20:14:00,758,VOICE,BOM-808,19.054068,72.900588,BOM-447,19.04444,72.855687
71229DF8,+91-63990-53115,+91-88200-21883,2025-04-06T21:14:00,34,SMS,BOM-212,19.04126,72.863654,BOM-103,18.963442,72.833878
5AD59C9D,+91-87890-39046,+91-87890-18885,2025-04-18T19:24:00,1125,VOICE,BOM-318,19.119618,72.846739,BOM-702,19.076195,72.877639
7D72D5ED,+91-75300-42617,+91-93400-23429,2025-04-08T18:18:00,1632,VOICE,BOM-901,19.029636,72.854985,BOM-808,19.05464,72.90032
12CC90E5,+91-88200-16536,+91-77540-30046,2025-03-28T11:08:00,1218,VOICE,BOM-318,19.120023,72.846388,BOM-519,19.066418,72.877904
6A5466D1,+91-91761-66266,+91-87890-59658,2025-04-18T09:48:00,510,VOICE,BOM-519,19.06675,72.87791,BOM-901,19.029111,72.85526
7FC805DC,+91-75300-44901,+91-87890-22403,2025-03-14T09:01:00,1780,VOICE,BOM-808,19.054498,72.900601,BOM-318,19.11982,72.846998
8F67B12B,+91-80720-68655,+91-77540-46666,2025-01-16T17:19:00,1346,VOICE,BOM-212,19.041028,72.863608,BOM-318,19.119936,72.846812
9158E848,+91-93400-92228,+91-89120-69480,2025-04-18T13:36:00,330,VOICE,BOM-901,19.029318,72.85521,BOM-621,19.135596,72.829146
E26F5D55,+91-63990-51230,+91-89120-70498,2025-04-02T23:55:00,479,VOICE,BOM-808,19.054775,72.900034,BOM-901,19.029993,72.854898
BFFC6367,+91-70420-40412,+91-91761-32378,2025-02-22T08:35:00,1767,VOICE,BOM-901,19.029574,72.854832,BOM-519,19.066281,72.878434
4EDA749A,+91-97300-77777,+91-63990-77638,2025-02-26T10:26:00,151,VOICE,BOM-901,19.029471,72.855261,BOM-519,19.066172,72.878557
F7BAEFF5,+91-93400-12930,+91-89120-74624,2025-02-25T14:12:00,17,SMS,BOM-212,19.041858,72.863778,BOM-318,19.119702,72.846892
A1FFCAF9,+91-88200-67741,+91-93400-48777,2025-03-13T21:18:00,33,SMS,BOM-103,18.963541,72.834075,BOM-318,19.119663,72.846535
F67B1C92,+91-97300-33333,+91-97300-11111,2025-03-04T12:03:00,1751,VOICE,BOM-212,19.041601,72.864064,BOM-244,19.09875,72.848755
89A2EBFB,+91-70420-45036,+91-75300-70622,2025-02-19T10:43:00,1274,VOICE,BOM-103,18.963229,72.834433,BOM-519,19.066275,72.878784
61A4FE30,+91-91761-60646,+91-89120-77347,2025-03-08T13:00:00,1430,VOICE,BOM-519,19.066006,72.878033,BOM-244,19.099275,72.849237
2F43DEFB,+91-91761-24517,+91-75300-29675,2025-04-15T20:16:00,1081,VOICE,BOM-901,19.029852,72.855178,BOM-519,19.066449,72.878109
B969A0BB,+91-93400-40189,+91-70420-18034,2025-04-07T08:18:00,1287,VOICE,BOM-702,19.075775,72.87739,BOM-318,19.119796,72.846983
DC07CDAA,+91-75300-38560,+91-80720-38544,2025-04-03T22:48:00,961,VOICE,BOM-621,19.135978,72.82948,BOM-244,19.099282,72.848993
574E6E6D,+91-77540-15909,+91-93400-72686,2025-01-18T13:28:00,18,SMS,BOM-212,19.041053,72.863568,BOM-103,18.96359,72.83411
4284443F,+91-97300-77777,+91-87890-80252,2025-03-02T12:24:00,1312,VOICE,BOM-318,19.120022,72.847292,BOM-702,19.075687,72.877671
F36C189D,+91-77540-94697,+91-91761-30484,2025-02-10T18:45:00,20,SMS,BOM-621,19.136391,72.829578,BOM-318,19.119973,72.846729
ABA8BF22,+91-70420-85043,+91-89120-91682,2025-04-16T21:44:00,1198,VOICE,BOM-621,19.136418,72.829203,BOM-901,19.02921,72.855792
476AE4A4,+91-70420-10160,+91-77540-69247,2025-03-19T22:23:00,1273,VOICE,BOM-447,19.044651,72.855506,BOM-318,19.120164,72.846731
2D426D6E,+91-75300-53327,+91-63990-28121,2025-04-13T13:36:00,1032,VOICE,BOM-808,19.054309,72.900409,BOM-244,19.098563,72.848782
710FD342,+91-77540-87923,+91-63990-11456,2025-01-28T08:23:00,1140,VOICE,BOM-318,19.119387,72.846965,BOM-519,19.066076,72.878466
62FA239A,+91-70420-24228,+91-88200-19747,2025-02-28T16:52:00,1174,VOICE,BOM-702,19.075454,72.87745,BOM-808,19.054126,72.900239
ABE85884,+91-75300-36106,+91-89120-27806,2025-04-23T09:34:00,1749,VOICE,BOM-212,19.041579,72.864166,BOM-808,19.054251,72.900523
A7CE90E5,+91-77540-96282,+91-88200-15908,2025-02-16T11:23:00,1432,VOICE,BOM-901,19.030009,72.855206,BOM-808,19.054479,72.90025
42548B13,+91-88200-53780,+91-70420-24031,2025-03-07T13:09:00,45,SMS,BOM-447,19.044859,72.855951,BOM-244,19.098615,72.848602
BBC78EC5,+91-97300-66666,+91-97300-77777,2025-02-19T13:26:00,673,VOICE,BKC-112,19.0656,72.8669,BOM-808,19.054527,72.900692
78423BE5,+91-75300-24848,+91-75300-40502,2025-01-25T11:04:00,161,VOICE,BOM-519,19.066512,72.878025,BOM-244,19.099002,72.849342
F762B41F,+91-97300-11111,+91-97300-33333,2025-03-22T19:13:00,1152,VOICE,BOM-212,19.041873,72.863885,BOM-901,19.02977,72.855554
DD6ABFD6,+91-91761-29894,+91-63990-99294,2025-02-26T20:31:00,875,VOICE,BOM-808,19.054134,72.900229,BOM-621,19.1364,72.829829
FA93FD1D,+91-77540-68935,+91-93400-37143,2025-04-22T18:10:00,219,VOICE,BOM-103,18.963351,72.834154,BOM-212,19.040985,72.863884
AD97D40E,+91-75300-64282,+91-77540-10477,2025-03-31T19:15:00,1043,VOICE,BOM-244,19.098737,72.849492,BOM-244,19.099404,72.848873
A8C86BF6,+91-91761-77678,+91-77540-68650,2025-02-23T09:21:00,1290,VOICE,BOM-318,19.120001,72.846565,BOM-519,19.066098,72.878231
2C4B0F35,+91-80720-95360,+91-63990-63942,2025-01-27T22:53:00,1181,VOICE,BOM-808,19.054905,72.900946,BOM-212,19.04156,72.863609
28F32AB1,+91-88200-79376,+91-93400-85195,2025-02-07T07:10:00,1631,VOICE,BOM-519,19.065981,72.878168,BOM-103,18.963344,72.834629
9AD338EA,+91-89120-93291,+91-91761-37734,2025-01-21T19:22:00,252,VOICE,BOM-901,19.029514,72.854961,BOM-702,19.076296,72.87752
FE9AC521,+91-75300-43402,+91-63990-41216,2025-01-28T20:46:00,1475,VOICE,BOM-808,19.054039,72.900975,BOM-808,19.054635,72.900564
67E819B9,+91-77540-56753,+91-75300-24437,2025-02-02T22:49:00,1530,VOICE,BOM-212,19.041003,72.863916,BOM-808,19.054056,72.900988
A12353C8,+91-88200-30517,+91-80720-66202,2025-03-04T16:03:00,1668,VOICE,BOM-808,19.054972,72.90032,BOM-702,19.075596,72.877455
69D48324,+91-88200-24652,+91-63990-87468,2025-02-16T19:47:00,54,SMS,BOM-702,19.075832,72.878087,BOM-244,19.099168,72.848636
2732A1F5,+91-80720-67511,+91-75300-10841,2025-03-11T08:44:00,1477,VOICE,BOM-901,19.030077,72.854865,BOM-103,18.963317,72.834375
16D30880,+91-80720-19686,+91-75300-22208,2025-04-20T19:18:00,860,VOICE,BOM-702,19.076005,72.877347,BOM-244,19.098915,72.848875
873AB523,+91-80720-39968,+91-80720-78369,2025-03-22T13:39:00,689,VOICE,BOM-901,19.029136,72.85522,BOM-212,19.041327,72.863861
63029B23,+91-88200-63112,+91-75300-99081,2025-03-18T12:10:00,1782,VOICE,BOM-702,19.076241,72.878098,BOM-103,18.963777,72.834577
C58B2AE7,+91-89120-92527,+91-88200-91152,2025-04-09T17:05:00,45,SMS,BOM-318,19.119902,72.846674,BOM-621,19.135531,72.829462
AC59844F,+91-97300-33333,+91-97300-11111,2025-01-19T18:51:00,1209,VOICE,BOM-212,19.041371,72.863207,BOM-621,19.135686,72.829338
F9E844D3,+91-80720-89251,+91-91761-64974,2025-04-05T07:29:00,87,VOICE,BOM-447,19.044471,72.855687,BOM-447,19.044413,72.856193
08F60194,+91-97300-11111,+91-97300-22222,2025-02-27T20:51:00,488,VOICE,BOM-447,19.044718,72.855689,BOM-103,18.962829,72.834379
0D61B07F,+91-89120-20043,+91-77540-70960,2025-01-30T21:07:00,563,VOICE,BOM-702,19.076116,72.877772,BOM-244,19.098659,72.84939
51F07A6C,+91-88200-63504,+91-93400-77061,2025-03-08T09:35:00,1138,VOICE,BOM-702,19.075701,72.877208,BOM-519,19.066686,72.878095
83DA13AF,+91-75300-22495,+91-87890-93137,2025-03-06T07:28:00,1787,VOICE,BOM-901,19.029272,72.855108,BOM-519,19.066435,72.878841
A7466369,+91-91761-59260,+91-80720-53945,2025-03-03T15:46:00,964,VOICE,BOM-901,19.029771,72.854891,BOM-621,19.135565,72.829152
21381BE4,+91-63990-58251,+91-88200-20628,2025-01-25T16:05:00,18,SMS,BOM-621,19.136249,72.829788,BOM-901,19.029566,72.855107
B71A50A2,+91-77540-47446,+91-75300-35223,2025-03-22T10:48:00,1579,VOICE,BOM-244,19.099239,72.849406,BOM-808,19.054434,72.900057
22CCDBC7,+91-88200-65866,+91-63990-27273,2025-03-15T09:03:00,11,SMS,BOM-447,19.044185,72.856078,BOM-447,19.04415,72.855773
0EC3723B,+91-75300-39088,+91-75300-52290,2025-02-26T18:12:00,16,SMS,BOM-447,19.044669,72.856283,BOM-702,19.076216,72.877216
FF9F87C0,+91-87890-50416,+91-77540-37673,2025-04-04T15:06:00,28,SMS,BOM-901,19.02926,72.85485,BOM-244,19.098894,72.849183
AC21BA34,+91-80720-56185,+91-91761-29252,2025-04-21T13:16:00,1637,VOICE,BOM-447,19.044732,72.855851,BOM-808,19.054029,72.900798
C44C79FF,+91-75300-72705,+91-70420-77912,2025-01-23T17:04:00,1511,VOICE,BOM-901,19.029595,72.855676,BOM-519,19.066014,72.878327
4ED7B923,+91-89120-71918,+91-77540-29836,2025-03-11T07:03:00,22,VOICE,BOM-621,19.135955,72.829299,BOM-318,19.119616,72.847043
1562F0E2,+91-97300-77777,+91-93400-41282,2025-02-20T21:39:00,294,VOICE,BOM-244,19.098766,72.849127,BOM-103,18.963086,72.834155
4DA12499,+91-75300-42115,+91-80720-33363,2025-01-21T08:33:00,1196,VOICE,BOM-447,19.044212,72.856272,BOM-447,19.044768,72.85558
F319FFE2,+91-63990-74175,+91-63990-99607,2025-02-06T14:32:00,27,SMS,BOM-103,18.962933,72.833934,BOM-447,19.044688,72.856008
FD2E80D1,+91-77540-40073,+91-87890-90650,2025-04-03T19:54:00,693,VOICE,BOM-318,19.120183,72.847022,BOM-621,19.136047,72.829242
88DE6E49,+91-80720-40028,+91-70420-77364,2025-04-08T14:38:00,405,VOICE,BOM-212,19.040975,72.863634,BOM-244,19.098823,72.849187
9EE09F22,+91-88200-88963,+91-75300-93046,2025-02-26T14:44:00,49,SMS,BOM-808,19.054336,72.900886,BOM-702,19.076295,72.877367
605752B2,+91-88200-86288,+91-89120-44615,2025-03-01T08:23:00,1434,VOICE,BOM-244,19.098853,72.849205,BOM-318,19.119453,72.847217
CBD11FFD,+91-91761-60092,+91-93400-35635,2025-02-10T14:49:00,1510,VOICE,BOM-808,19.054343,72.900571,BOM-447,19.044107,72.855591
CEC93F27,+91-89120-92235,+91-89120-89322,2025-01-18T19:28:00,294,VOICE,BOM-519,19.066549,72.878779,BOM-702,19.075445,72.877727
D43DDF70,+91-91761-26141,+91-89120-23559,2025-03-08T17:32:00,810,VOICE,BOM-621,19.136439,72.830006,BOM-103,18.963171,72.834032
E20B5F2C,+91-97300-11111,+91-97300-22222,2025-01-18T12:51:00,46,SMS,BOM-702,19.075834,72.877309,BOM-447,19.044681,72.856243
3A668A3E,+91-87890-28864,+91-70420-59619,2025-04-18T21:54:00,153,VOICE,BOM-901,19.029127,72.855635,BOM-808,19.054418,72.900994
70069A9B,+91-70420-30021,+91-70420-24849,2025-04-08T10:57:00,540,VOICE,BOM-212,19.041044,72.863562,BOM-103,18.963708,72.834388
D8A447AD,+91-70420-96750,+91-91761-27340,2025-01-19T09:29:00,1692,VOICE,BOM-103,18.963798,72.83455,BOM-808,19.054775,72.900039
AE64DF58,+91-91761-34172,+91-87890-69518,2025-01-30T08:12:00,1665,VOICE,BOM-621,19.136132,72.829339,BOM-212,19.04096,72.863487
88EF262F,+91-93400-75919,+91-93400-95692,2025-04-10T18:04:00,908,VOICE,BOM-519,19.066161,72.878898,BOM-808,19.054368,72.900277
A53D8A38,+91-93400-26515,+91-75300-69200,2025-03-02T11:07:00,506,VOICE,BOM-447,19.044707,72.855503,BOM-621,19.136009,72.829664
26E380B9,+91-97300-66666,+91-97300-22222,2025-01-18T16:09:00,212,VOICE,BKC-112,19.0656,72.8669,BOM-808,19.054491,72.900212
F29B4389,+91-88200-89112,+91-91761-32394,2025-03-15T08:05:00,537,VOICE,BOM-808,19.054463,72.900612,BOM-901,19.029935,72.855431
96CA1171,+91-93400-12376,+91-70420-49806,2025-04-12T14:56:00,14,SMS,BOM-702,19.076042,72.877591,BOM-212,19.041568,72.863446
588493B1,+91-91761-35435,+91-63990-74260,2025-04-13T14:25:00,1421,VOICE,BOM-621,19.136221,72.830063,BOM-212,19.041651,72.864191
EAD320B5,+91-80720-52969,+91-75300-69983,2025-01-16T09:39:00,1724,VOICE,BOM-901,19.029925,72.855361,BOM-621,19.135847,72.829177
1387B4FC,+91-93400-92176,+91-77540-59378,2025-04-20T13:16:00,1047,VOICE,BOM-901,19.02927,72.855185,BOM-519,19.066454,72.87805
CA2999E8,+91-97300-66666,+91-97300-11111,2025-01-30T09:11:00,1565,VOICE,BKC-112,19.0656,72.8669,BOM-519,19.066557,72.878388
9111DD3C,+91-63990-79612,+91-63990-47406,2025-02-02T19:47:00,1464,VOICE,BOM-901,19.029273,72.855077,BOM-901,19.030007,72.854938
F4E8297E,+91-88200-37231,+91-93400-38784,2025-01-16T08:14:00,572,VOICE,BOM-901,19.029199,72.855468,BOM-318,19.119436,72.847298
01D96E9F,+91-88200-17250,+91-88200-37282,2025-04-18T16:41:00,224,VOICE,BOM-103,18.963702,72.833716,BOM-103,18.963414,72.834583
61D978AB,+91-88200-20827,+91-63990-19001,2025-03-14T11:51:00,33,SMS,BOM-702,19.075634,72.877811,BOM-244,19.099429,72.848759
6871FE3C,+91-63990-51197,+91-77540-86287,2025-04-13T15:12:00,40,SMS,BOM-621,19.136327,72.829943,BOM-103,18.962823,72.834092
5AA27C61,+91-91761-85327,+91-77540-56842,2025-03-04T21:44:00,544,VOICE,BOM-447,19.044267,72.855642,BOM-318,19.119527,72.847138
1A303C5C,+91-63990-86485,+91-80720-53821,2025-04-24T22:13:00,1245,VOICE,BOM-621,19.136381,72.829662,BOM-808,19.0542,72.900477
B54276C9,+91-63990-35426,+91-91761-64068,2025-03-13T13:36:00,1312,VOICE,BOM-447,19.044277,72.85601,BOM-447,19.044175,72.856168
C883B004,+91-75300-69843,+91-77540-59029,2025-04-04T07:37:00,260,VOICE,BOM-244,19.099226,72.849423,BOM-447,19.044486,72.855896
8314FE37,+91-63990-69920,+91-91761-34853,2025-04-01T07:48:00,637,VOICE,BOM-212,19.041446,72.863887,BOM-901,19.02917,72.855554
14BEBB5E,+91-63990-14402,+91-93400-14842,2025-03-14T18:56:00,851,VOICE,BOM-244,19.099165,72.849497,BOM-244,19.099141,72.8494
6A2E174B,+91-91761-35914,+91-77540-44742,2025-01-18T10:11:00,43,SMS,BOM-212,19.041355,72.863966,BOM-244,19.099058,72.848948
DEF87AB9,+91-91761-11685,+91-77540-87952,2025-02-06T21:37:00,44,SMS,BOM-519,19.066051,72.878113,BOM-244,19.098752,72.848516
ABCE7C78,+91-88200-75239,+91-80720-99954,2025-02-08T11:00:00,49,VOICE,BOM-808,19.05409,72.900206,BOM-318,19.119214,72.846406
1928D4FE,+91-77540-10983,+91-75300-41829,2025-04-08T08:51:00,828,VOICE,BOM-212,19.040909,72.863217,BOM-621,19.136127,72.830039
1026E0B7,+91-75300-79788,+91-87890-89581,2025-01-27T11:40:00,801,VOICE,BOM-621,19.135684,72.829667,BOM-621,19.136281,72.829434
9DB885D6,+91-77540-44665,+91-63990-70145,2025-03-31T08:35:00,35,SMS,BOM-519,19.066276,72.878871,BOM-212,19.041875,72.864002
21847BB9,+91-63990-27253,+91-87890-57654,2025-02-09T09:58:00,658,VOICE,BOM-901,19.029206,72.855745,BOM-808,19.054336,72.90018
E620972B,+91-63990-77953,+91-75300-82662,2025-01-27T22:17:00,867,VOICE,BOM-901,19.029358,72.85568,BOM-318,19.11939,72.847091
446BD09F,+91-88200-97409,+91-77540-83714,2025-04-08T22:46:00,1120,VOICE,BOM-901,19.029608,72.854955,BOM-808,19.05434,72.900048
357325CD,+91-70420-56432,+91-75300-44607,2025-03-18T08:03:00,58,SMS,BOM-103,18.963329,72.834662,BOM-447,19.044525,72.856111
5435C3D1,+91-77540-10601,+91-77540-70232,2025-02-03T19:42:00,48,SMS,BOM-447,19.044773,72.855632,BOM-212,19.041629,72.86382
FF46FF04,+91-63990-67551,+91-77540-98429,2025-04-24T15:23:00,235,VOICE,BOM-244,19.099403,72.849179,BOM-318,19.120003,72.846713
589E2869,+91-87890-88326,+91-63990-10032,2025-02-01T12:20:00,1288,VOICE,BOM-318,19.12015,72.846331,BOM-212,19.041516,72.863702
703F931F,+91-80720-84237,+91-80720-76316,2025-03-31T14:35:00,1265,VOICE,BOM-103,18.963278,72.834304,BOM-212,19.041313,72.863203
E5338FA3,+91-88200-21748,+91-77540-20054,2025-04-03T13:54:00,644,VOICE,BOM-901,19.029769,72.855244,BOM-447,19.044248,72.855389
40742BF7,+91-97300-33333,+91-97300-11111,2025-04-14T10:35:00,760,VOICE,BOM-702,19.076298,72.877859,BOM-318,19.119565,72.846804
66227D83,+91-77540-53770,+91-91761-48203,2025-03-19T09:36:00,1740,VOICE,BOM-519,19.06615,72.87811,BOM-901,19.02955,72.85493
5FB1D787,+91-70420-67176,+91-89120-71111,2025-02-15T20:21:00,56,SMS,BOM-244,19.098761,72.849196,BOM-519,19.065919,72.878247
DFE0859F,+91-97300-66666,+91-97300-11111,2025-03-25T14:06:00,38,VOICE,BKC-112,19.0656,72.8669,BOM-447,19.043975,72.855686
6D386792,+91-97300-11111,+91-97300-33333,2025-02-17T19:50:00,802,VOICE,BOM-103,18.962991,72.834475,BOM-318,19.119618,72.846673
BE5FA5A4,+91-80720-20621,+91-63990-97275,2025-04-20T19:38:00,191,VOICE,BOM-702,19.075607,72.877221,BOM-702,19.075545,72.877504
10977359,+91-93400-90958,+91-91761-10750,2025-02-28T18:53:00,1726,VOICE,BOM-702,19.076141,72.877665,BOM-621,19.136313,72.829967
D65DE444,+91-91761-12173,+91-75300-73885,2025-02-23T11:52:00,463,VOICE,BOM-103,18.963225,72.83408,BOM-318,19.119731,72.846751
8AC83950,+91-93400-93353,+91-75300-25807,2025-04-16T16:44:00,1294,VOICE,BOM-244,19.098968,72.849106,BOM-103,18.963669,72.834186
6C207F83,+91-89120-63073,+91-88200-24375,2025-03-30T21:37:00,55,SMS,BOM-244,19.098938,72.848567,BOM-318,19.119601,72.84679
ADF32E46,+91-80720-11047,+91-77540-20279,2025-03-19T23:12:00,482,VOICE,BOM-702,19.076246,72.877271,BOM-244,19.098559,72.849189
08628944,+91-88200-71764,+91-70420-40470,2025-01-27T22:00:00,892,VOICE,BOM-103,18.963458,72.833826,BOM-103,18.962996,72.833741
9D56FAEB,+91-89120-20398,+91-70420-55857,2025-01-27T18:40:00,1533,VOICE,BOM-901,19.02917,72.855663,BOM-103,18.963628,72.834112
961D1FD2,+91-93400-16124,+91-75300-97116,2025-03-21T19:49:00,553,VOICE,BOM-103,18.963009,72.833931,BOM-103,18.963362,72.834125
CC536659,+91-80720-82071,+91-88200-61585,2025-02-28T20:31:00,395,VOICE,BOM-621,19.135607,72.829611,BOM-702,19.076128,72.877899
5A6AD648,+91-63990-98279,+91-89120-94102,2025-04-13T18:04:00,187,VOICE,BOM-244,19.098622,72.849269,BOM-318,19.119765,72.846748
23ADBD99,+91-77540-75494,+91-87890-50400,2025-01-18T11:36:00,417,VOICE,BOM-519,19.065936,72.878379,BOM-447,19.044761,72.855886
A08B6E08,+91-97300-66666,+91-97300-11111,2025-04-06T19:26:00,22,SMS,BKC-112,19.0656,72.8669,BOM-901,19.029166,72.854829
0FBCFCF0,+91-91761-15666,+91-75300-88298,2025-03-10T15:09:00,606,VOICE,BOM-244,19.09895,72.848553,BOM-621,19.135729,72.829183
90EEAF50,+91-87890-48973,+91-91761-22445,2025-03-17T17:13:00,1430,VOICE,BOM-103,18.963579,72.834116,BOM-702,19.076148,72.877483
EE3D6EAC,+91-87890-75535,+91-89120-68780,2025-04-14T09:02:00,58,VOICE,BOM-318,19.120044,72.847233,BOM-447,19.043939,72.855505
0744D713,+91-89120-47279,+91-75300-31681,2025-02-24T17:56:00,1448,VOICE,BOM-244,19.098885,72.848823,BOM-702,19.075831,72.877472
ED499E0E,+91-87890-95387,+91-89120-57179,2025-02-06T08:28:00,41,SMS,BOM-244,19.099129,72.848577,BOM-318,19.120016,72.84684
1A2DDCA5,+91-87890-35173,+91-63990-34401,2025-02-12T13:05:00,166,VOICE,BOM-318,19.119886,72.847018,BOM-103,18.962924,72.834382
CB1213D8,+91-93400-84604,+91-93400-59982,2025-04-19T08:58:00,1443,VOICE,BOM-901,19.029248,72.85556,BOM-901,19.029301,72.854871
004C7FDE,+91-80720-97356,+91-75300-12375,2025-03-07T23:50:00,198,VOICE,BOM-212,19.041443,72.863841,BOM-212,19.041281,72.863983
1AC2331F,+91-80720-36829,+91-89120-56849,2025-02-25T15:14:00,131,VOICE,BOM-702,19.075668,72.877858,BOM-212,19.041302,72.864193
670BB04A,+91-91761-80038,+91-89120-27962,2025-03-02T22:27:00,695,VOICE,BOM-702,19.076306,72.877463,BOM-702,19.076007,72.877706
039D9F7A,+91-75300-77881,+91-91761-33688,2025-01-23T10:52:00,187,VOICE,BOM-901,19.029192,72.855404,BOM-447,19.044351,72.855326
49733171,+91-91761-38919,+91-77540-64796,2025-01-24T16:20:00,1259,VOICE,BOM-621,19.135625,72.829738,BOM-103,18.96297,72.834501
3CDC56A2,+91-97300-77777,+91-91761-45808,2025-04-15T12:18:00,1622,VOICE,BOM-901,19.029778,72.854805,BOM-702,19.075516,72.877893
FD1722F4,+91-70420-74732,+91-89120-65882,2025-04-23T13:13:00,1646,VOICE,BOM-318,19.119358,72.846403,BOM-808,19.054429,72.900836
7E2A017C,+91-63990-93301,+91-75300-94832,2025-01-17T16:48:00,784,VOICE,BOM-244,19.098887,72.849266,BOM-808,19.054931,72.90016
713736B3,+91-88200-11279,+91-70420-42946,2025-01-29T08:11:00,463,VOICE,BOM-808,19.054773,72.900561,BOM-621,19.136438,72.829169
E632D84B,+91-88200-34305,+91-87890-33100,2025-02-16T12:30:00,1617,VOICE,BOM-212,19.041076,72.863739,BOM-901,19.02974,72.85557
65CBB2DE,+91-87890-58015,+91-93400-12548,2025-01-19T21:40:00,590,VOICE,BOM-212,19.04126,72.86368,BOM-318,19.11994,72.847289
FB244691,+91-63990-21986,+91-93400-60084,2025-01-26T17:50:00,32,VOICE,BOM-447,19.044104,72.855558,BOM-244,19.099186,72.848624
C288D942,+91-97300-77777,+91-87890-71646,2025-02-16T13:40:00,1603,VOICE,BOM-901,19.02949,72.855748,BOM-103,18.963382,72.834415
5B90D3B3,+91-75300-12332,+91-88200-66286,2025-02-08T14:30:00,865,VOICE,BOM-621,19.136347,72.829301,BOM-519,19.066295,72.878081
ED9E3383,+91-97300-22222,+91-97300-33333,2025-02-03T16:00:00,24,SMS,BOM-212,19.041538,72.863402,BOM-244,19.099132,72.84892
28FFE2AD,+91-91761-88000,+91-80720-90143,2025-03-02T19:21:00,1377,VOICE,BOM-702,19.076147,72.877481,BOM-621,19.135571,72.829739
8C541FD7,+91-77540-18103,+91-75300-92600,2025-04-12T16:16:00,1627,VOICE,BOM-318,19.119786,72.846671,BOM-318,19.120144,72.84688
727592F4,+91-70420-87658,+91-80720-13526,2025-02-01T21:27:00,1033,VOICE,BOM-212,19.041809,72.863969,BOM-621,19.135687,72.829776
274CC3B2,+91-77540-22277,+91-93400-76378,2025-03-28T10:01:00,1340,VOICE,BOM-447,19.044445,72.856016,BOM-447,19.044075,72.855833
0A32C609,+91-80720-92044,+91-77540-22055,2025-04-15T21:54:00,60,SMS,BOM-212,19.041201,72.863586,BOM-808,19.054139,72.900306
05E757C2,+91-75300-71780,+91-75300-22072,2025-01-18T08:01:00,805,VOICE,BOM-808,19.05475,72.900349,BOM-621,19.135739,72.829879
83C5B389,+91-87890-98055,+91-88200-85895,2025-03-14T13:56:00,816,VOICE,BOM-244,19.098767,72.848592,BOM-519,19.066531,72.878854
D3859B70,+91-70420-39173,+91-77540-18334,2025-03-05T09:58:00,1131,VOICE,BOM-808,19.05448,72.900468,BOM-808,19.054699,72.900949
8E6F4B04,+91-87890-46780,+91-89120-39625,2025-03-17T16:48:00,42,SMS,BOM-447,19.044593,72.855805,BOM-901,19.029843,72.855731
82B69285,+91-63990-23763,+91-89120-66728,2025-03-30T22:47:00,1490,VOICE,BOM-808,19.054529,72.900446,BOM-901,19.029977,72.855065
7D2FBB22,+91-80720-31036,+91-75300-49309,2025-04-14T19:28:00,1590,VOICE,BOM-244,19.098569,72.849079,BOM-244,19.098858,72.849071
FAA1807C,+91-88200-72968,+91-87890-50746,2025-01-25T20:58:00,14,SMS,BOM-212,19.041186,72.863526,BOM-244,19.099015,72.849179
8A915294,+91-97300-77777,+91-77540-11882,2025-02-17T11:02:00,336,VOICE,BOM-519,19.065815,72.878681,BOM-244,19.098977,72.848844
6085DF09,+91-97300-33333,+91-97300-11111,2025-01-24T20:51:00,51,SMS,BOM-901,19.029786,72.855596,BOM-212,19.04162,72.863255
FFB88BBC,+91-77540-65523,+91-88200-15559,2025-04-12T21:06:00,58,SMS,BOM-901,19.029192,72.855068,BOM-244,19.098859,72.84911
85000F8D,+91-63990-24407,+91-75300-60114,2025-03-06T22:45:00,1271,VOICE,BOM-901,19.029854,72.855011,BOM-212,19.041013,72.864146
0EAC24ED,+91-63990-22927,+91-88200-39322,2025-02-24T14:25:00,873,VOICE,BOM-103,18.963087,72.833991,BOM-447,19.044322,72.855996
744E653B,+91-93400-87241,+91-77540-83520,2025-03-16T16:10:00,508,VOICE,BOM-519,19.066521,72.878362,BOM-103,18.963727,72.833956
40CE9AEA,+91-89120-72247,+91-77540-52364,2025-02-12T10:20:00,1654,VOICE,BOM-318,19.120175,72.846925,BOM-621,19.135742,72.829344
84DCF726,+91-63990-62388,+91-75300-84855,2025-04-07T09:18:00,545,VOICE,BOM-702,19.075417,72.877987,BOM-318,19.119911,72.846423
6D1F61F0,+91-63990-50032,+91-77540-64862,2025-03-12T10:16:00,860,VOICE,BOM-621,19.136432,72.829674,BOM-519,19.066644,72.877983
07BA6CDD,+91-91761-53778,+91-93400-65160,2025-01-28T16:17:00,1738,VOICE,BOM-103,18.963469,72.834044,BOM-702,19.076353,72.877793
409799C0,+91-63990-17595,+91-77540-64850,2025-03-31T20:49:00,194,VOICE,BOM-447,19.044455,72.855302,BOM-519,19.066425,72.878642
D3196B1E,+91-97300-22222,+91-97300-33333,2025-04-22T23:59:00,53,SMS,BOM-447,19.044425,72.855392,BOM-447,19.04436,72.855582
41D081BF,+91-70420-93615,+91-91761-46657,2025-04-08T18:41:00,1344,VOICE,BOM-318,19.119575,72.846754,BOM-621,19.135935,72.82978
078F57FE,+91-75300-90300,+91-93400-19421,2025-03-26T18:30:00,1235,VOICE,BOM-901,19.02942,72.854887,BOM-621,19.135752,72.829963
CC6E63A7,+91-89120-98582,+91-93400-11002,2025-02-27T09:59:00,49,SMS,BOM-808,19.054165,72.900282,BOM-621,19.136422,72.829478
C5262D26,+91-91761-52925,+91-77540-62820,2025-01-30T23:11:00,148,VOICE,BOM-621,19.13551,72.829649,BOM-103,18.963267,72.833855
83B70F13,+91-77540-81204,+91-75300-35178,2025-03-02T09:12:00,1048,VOICE,BOM-318,19.119874,72.84655,BOM-621,19.135947,72.830019
0C5857B9,+91-97300-77777,+91-70420-66306,2025-03-28T22:53:00,1528,VOICE,BOM-519,19.066182,72.878142,BOM-244,19.098579,72.849172
5B99B8EC,+91-89120-25183,+91-89120-23267,2025-04-12T19:22:00,660,VOICE,BOM-244,19.098781,72.84904,BOM-808,19.054135,72.900578
C40B63DD,+91-75300-21072,+91-89120-91601,2025-04-04T21:40:00,149,VOICE,BOM-212,19.040969,72.863333,BOM-244,19.098662,72.849252
D285AE91,+91-75300-54222,+91-93400-13512,2025-01-17T09:31:00,227,VOICE,BOM-621,19.135604,72.829571,BOM-702,19.075988,72.877308
F8768237,+91-77540-27929,+91-77540-52943,2025-04-04T07:17:00,872,VOICE,BOM-318,19.119253,72.846939,BOM-519,19.066598,72.878015
2181C9EB,+91-70420-17505,+91-77540-59877,2025-03-08T20:21:00,659,VOICE,BOM-519,19.066422,72.878852,BOM-808,19.054156,72.900876
F413FB44,+91-70420-52938,+91-70420-53005,2025-01-28T17:37:00,1254,VOICE,BOM-447,19.044309,72.855361,BOM-702,19.07582,72.877984
85170CED,+91-63990-53720,+91-75300-63942,2025-01-30T18:42:00,47,SMS,BOM-901,19.029228,72.855611,BOM-519,19.066138,72.878244
65B7B9A6,+91-77540-76174,+91-91761-22616,2025-04-21T08:28:00,59,SMS,BOM-447,19.044224,72.85628,BOM-244,19.099421,72.849392
B46A5CB0,+91-89120-29861,+91-91761-77810,2025-02-23T08:04:00,1506,VOICE,BOM-621,19.136238,72.829716,BOM-901,19.029671,72.855496
932AA468,+91-70420-18276,+91-70420-85862,2025-04-05T22:49:00,554,VOICE,BOM-103,18.963475,72.834319,BOM-621,19.13586,72.829986
4B0D536E,+91-63990-76784,+91-93400-20754,2025-03-26T18:37:00,587,VOICE,BOM-244,19.099136,72.848779,BOM-519,19.066713,72.878387
68AAA8E1,+91-77540-82381,+91-70420-32989,2025-03-14T11:03:00,693,VOICE,BOM-318,19.120102,72.846372,BOM-447,19.044854,72.855831
BB1227E0,+91-91761-92843,+91-89120-94931,2025-01-22T16:13:00,38,SMS,BOM-318,19.119997,72.846627,BOM-103,18.963056,72.83468
BCFF5722,+91-70420-55198,+91-87890-54645,2025-02-07T09:37:00,1617,VOICE,BOM-244,19.098666,72.848974,BOM-318,19.120164,72.846837
F12933B7,+91-91761-27235,+91-89120-76110,2025-02-09T08:37:00,311,VOICE,BOM-212,19.041665,72.863407,BOM-901,19.029131,72.855468
60FD2E5D,+91-93400-46195,+91-63990-91091,2025-04-21T23:56:00,50,SMS,BOM-901,19.02944,72.85535,BOM-244,19.098974,72.848593
ED7B948A,+91-75300-27877,+91-77540-80270,2025-03-16T20:18:00,37,SMS,BOM-103,18.962821,72.834649,BOM-244,19.098525,72.849182
5FDEB841,+91-89120-73661,+91-93400-96155,2025-01-22T17:50:00,16,SMS,BOM-212,19.04141,72.863479,BOM-519,19.065929,72.878336
5C6DEBD2,+91-70420-88659,+91-91761-36111,2025-03-28T14:26:00,1449,VOICE,BOM-621,19.136141,72.829585,BOM-901,19.030073,72.855553
68724BBC,+91-87890-25634,+91-91761-65581,2025-03-09T19:44:00,1360,VOICE,BOM-447,19.044326,72.856193,BOM-808,19.054412,72.900759
5A3ADCE2,+91-80720-22181,+91-77540-16634,2025-04-16T13:46:00,26,SMS,BOM-447,19.044104,72.855336,BOM-808,19.054404,72.900336
ED0F9232,+91-93400-82339,+91-80720-49916,2025-02-13T13:07:00,9,SMS,BOM-808,19.054985,72.900739,BOM-244,19.09938,72.848972
72B979E2,+91-89120-59807,+91-75300-49295,2025-02-26T11:51:00,18,SMS,BOM-901,19.029802,72.854823,BOM-212,19.041336,72.864006
90C3557F,+91-89120-12388,+91-80720-28496,2025-01-26T13:23:00,401,VOICE,BOM-447,19.044018,72.855638,BOM-621,19.136185,72.829299
8F3E09B7,+91-77540-48501,+91-91761-20019,2025-02-14T10:14:00,49,SMS,BOM-244,19.099117,72.848999,BOM-621,19.136027,72.829715
B993E3CE,+91-97300-22222,+91-97300-33333,2025-04-19T14:17:00,1355,VOICE,BOM-212,19.041302,72.86369,BOM-621,19.136081,72.829825
1B35F1AD,+91-89120-56291,+91-91761-30957,2025-02-17T11:48:00,25,SMS,BOM-808,19.054116,72.90045,BOM-519,19.066698,72.878347
E7C704AF,+91-88200-66492,+91-63990-40338,2025-01-21T21:50:00,41,SMS,BOM-244,19.098989,72.848577,BOM-447,19.044483,72.855695
96E28C17,+91-63990-95114,+91-88200-64514,2025-02-08T16:40:00,286,VOICE,BOM-103,18.963125,72.834656,BOM-244,19.099489,72.849368
2C2100FA,+91-97300-11111,+91-97300-33333,2025-04-23T22:18:00,1444,VOICE,BOM-808,19.054594,72.900251,BOM-519,19.066758,72.878315
9C2F278D,+91-93400-47895,+91-93400-16985,2025-04-16T20:30:00,148,VOICE,BOM-808,19.054936,72.900115,BOM-519,19.066393,72.878449
FE765777,+91-77540-44634,+91-88200-47097,2025-02-17T08:03:00,665,VOICE,BOM-621,19.136187,72.82935,BOM-212,19.041874,72.863871
5E5DE5C4,+91-63990-33004,+91-63990-33472,2025-02-12T12:17:00,743,VOICE,BOM-212,19.041141,72.863483,BOM-447,19.043983,72.855574
D5E6A9BB,+91-88200-35645,+91-75300-25039,2025-03-04T14:08:00,1686,VOICE,BOM-318,19.119359,72.847184,BOM-212,19.040983,72.863853
22C7C591,+91-77540-23715,+91-63990-70090,2025-02-16T14:06:00,263,VOICE,BOM-103,18.96298,72.833852,BOM-244,19.09935,72.848955
C9C77E66,+91-88200-91162,+91-75300-70980,2025-04-14T22:05:00,613,VOICE,BOM-244,19.098587,72.849417,BOM-244,19.099343,72.848917
35D88992,+91-97300-66666,+91-97300-22222,2025-04-06T15:49:00,43,SMS,BKC-112,19.0656,72.8669,BOM-212,19.041733,72.863221
7698FB80,+91-75300-55836,+91-91761-15151,2025-03-24T19:11:00,934,VOICE,BOM-808,19.054434,72.90079,BOM-318,19.120134,72.846746
7FCF8ACC,+91-91761-98522,+91-63990-36443,2025-04-11T10:16:00,482,VOICE,BOM-702,19.076143,72.877234,BOM-244,19.098951,72.849473
F658F05C,+91-91761-78238,+91-63990-75316,2025-02-21T13:14:00,1709,VOICE,BOM-244,19.099143,72.849053,BOM-244,19.099399,72.849021
1674891B,+91-87890-57106,+91-77540-84171,2025-03-09T14:45:00,1733,VOICE,BOM-244,19.099428,72.848638,BOM-447,19.04424,72.855339
8CACE698,+91-63990-31214,+91-63990-62553,2025-04-21T09:34:00,1698,VOICE,BOM-702,19.075526,72.878187,BOM-244,19.098649,72.848545
4E83449E,+91-63990-21433,+91-75300-80246,2025-01-28T23:07:00,38,VOICE,BOM-808,19.054699,72.90061,BOM-621,19.136161,72.829251
F0D11CCE,+91-70420-94471,+91-89120-44708,2025-02-21T14:00:00,299,VOICE,BOM-901,19.029588,72.854938,BOM-447,19.044577,72.855636
EAA54A70,+91-97300-11111,+91-97300-22222,2025-03-31T20:30:00,687,VOICE,BOM-901,19.029683,72.854918,BOM-318,19.11923,72.846905
A0E1B9D3,+91-89120-84518,+91-93400-38469,2025-01-19T18:13:00,22,SMS,BOM-447,19.044569,72.855458,BOM-621,19.13564,72.829217
506C32A7,+91-91761-20084,+91-93400-85159,2025-02-06T13:34:00,838,VOICE,BOM-702,19.075485,72.878171,BOM-621,19.135712,72.829705
BB05FE06,+91-91761-76193,+91-77540-13426,2025-01-20T16:38:00,6,SMS,BOM-702,19.075674,72.877764,BOM-702,19.076243,72.877706
2CD775F4,+91-97300-33333,+91-97300-11111,2025-02-22T07:39:00,839,VOICE,BOM-808,19.054366,72.900825,BOM-244,19.098987,72.84853
FD83485D,+91-70420-20732,+91-91761-14512,2025-02-02T10:58:00,1667,VOICE,BOM-318,19.119605,72.847156,BOM-447,19.044384,72.856223
324AF80E,+91-91761-79105,+91-77540-99179,2025-04-05T13:26:00,1007,VOICE,BOM-103,18.963211,72.834425,BOM-702,19.076219,72.877723
48D17752,+91-91761-15126,+91-63990-98216,2025-03-06T07:23:00,1435,VOICE,BOM-103,18.963567,72.834119,BOM-447,19.044653,72.856024
18E6B7DE,+91-91761-11177,+91-89120-64972,2025-04-03T23:49:00,7,SMS,BOM-447,19.044594,72.855796,BOM-702,19.075847,72.877293
915C9F93,+91-75300-99691,+91-91761-22642,2025-03-13T22:11:00,13,SMS,BOM-318,19.119778,72.846527,BOM-621,19.136247,72.829512
3311F25A,+91-91761-32107,+91-89120-26109,2025-03-13T10:10:00,1508,VOICE,BOM-318,19.119253,72.847195,BOM-702,19.076228,72.878085
74927382,+91-89120-22407,+91-93400-51510,2025-02-27T20:23:00,15,SMS,BOM-901,19.029245,72.855292,BOM-103,18.962912,72.834425
623D4D1E,+91-91761-80639,+91-91761-41812,2025-04-23T10:50:00,177,VOICE,BOM-244,19.099407,72.849376,BOM-244,19.099197,72.848595
9DFEB4E7,+91-70420-16639,+91-77540-23928,2025-04-12T07:14:00,158,VOICE,BOM-212,19.041543,72.863212,BOM-702,19.075774,72.877771
FADF9262,+91-91761-56469,+91-87890-93798,2025-03-25T19:07:00,100,VOICE,BOM-103,18.963161,72.833811,BOM-447,19.044761,72.856051
A2F13E9F,+91-89120-57770,+91-70420-36739,2025-04-07T19:53:00,1412,VOICE,BOM-318,19.11963,72.847279,BOM-901,19.029422,72.855135
7E5A2F4A,+91-93400-38584,+91-77540-91156,2025-01-17T12:20:00,1036,VOICE,BOM-212,19.041564,72.863376,BOM-103,18.962805,72.834485
B3C1EA55,+91-88200-74999,+91-88200-53331,2025-02-14T23:48:00,1540,VOICE,BOM-901,19.029894,72.855337,BOM-702,19.07559,72.877475
4D61A2FD,+91-91761-35817,+91-89120-45625,2025-04-03T21:59:00,1125,VOICE,BOM-519,19.066106,72.878335,BOM-808,19.054141,72.900369
2EEE897E,+91-70420-59601,+91-91761-46163,2025-03-14T09:24:00,817,VOICE,BOM-244,19.098694,72.849355,BOM-103,18.963539,72.834593
CA51A5EB,+91-70420-95345,+91-77540-46136,2025-01-29T13:32:00,1614,VOICE,BOM-103,18.963374,72.833798,BOM-901,19.029417,72.854949
0229068A,+91-89120-54355,+91-93400-11100,2025-01-19T11:41:00,1526,VOICE,BOM-702,19.076342,72.877795,BOM-318,19.120066,72.846669
4380155D,+91-70420-70439,+91-88200-60766,2025-03-12T21:42:00,1120,VOICE,BOM-519,19.066777,72.878105,BOM-212,19.041044,72.863689
48F65BDA,+91-93400-77385,+91-91761-79484,2025-02-06T14:10:00,31,SMS,BOM-103,18.962839,72.834079,BOM-519,19.066492,72.878257
32287352,+91-89120-88069,+91-88200-94303,2025-01-31T23:05:00,884,VOICE,BOM-212,19.041088,72.863221,BOM-519,19.066657,72.878683
07A6DD53,+91-91761-65215,+91-70420-32283,2025-03-28T22:41:00,1601,VOICE,BOM-103,18.962824,72.834023,BOM-244,19.098924,72.849324
124A7E16,+91-97300-11111,+91-97300-33333,2025-03-08T23:38:00,1399,VOICE,BOM-447,19.04446,72.855947,BOM-103,18.963295,72.834159
912BE600,+91-77540-88067,+91-80720-64099,2025-04-21T16:02:00,1183,VOICE,BOM-808,19.05424,72.900414,BOM-447,19.04444,72.856144
D21C4B35,+91-88200-44303,+91-88200-30022,2025-04-15T20:49:00,51,SMS,BOM-519,19.065964,72.878285,BOM-103,18.962909,72.834117
DD0C652C,+91-87890-38912,+91-80720-54689,2025-02-05T12:31:00,240,VOICE,BOM-447,19.044579,72.855605,BOM-702,19.075741,72.87724
9EF0BEFA,+91-89120-80648,+91-80720-17138,2025-04-24T11:20:00,1025,VOICE,BOM-103,18.963585,72.833888,BOM-519,19.066513,72.878677
ABBA0EDE,+91-70420-74240,+91-93400-25007,2025-04-17T08:01:00,932,VOICE,BOM-244,19.098971,72.848902,BOM-447,19.043952,72.85546
31636DBB,+91-75300-80867,+91-89120-33445,2025-03-27T13:36:00,671,VOICE,BOM-519,19.066259,72.878018,BOM-519,19.066442,72.878609
E809AA4E,+91-97300-11111,+91-97300-33333,2025-04-06T18:25:00,44,SMS,BOM-808,19.054599,72.900038,BOM-212,19.041501,72.864077
37C564CF,+91-88200-95739,+91-89120-30595,2025-04-01T07:44:00,1465,VOICE,BOM-808,19.054746,72.900953,BOM-244,19.099038,72.849384
C132C9E0,+91-80720-33715,+91-89120-99974,2025-03-02T18:32:00,1382,VOICE,BOM-621,19.135817,72.830028,BOM-702,19.075566,72.877464
49B8E4E5,+91-87890-96445,+91-91761-46696,2025-01-29T12:38:00,19,SMS,BOM-702,19.076211,72.877692,BOM-318,19.119337,72.846996
463478A3,+91-77540-32673,+91-88200-31588,2025-03-07T14:47:00,109,VOICE,BOM-212,19.04168,72.863746,BOM-621,19.136065,72.829911
1E22B49A,+91-63990-91006,+91-63990-82086,2025-02-05T19:51:00,1466,VOICE,BOM-808,19.054604,72.900561,BOM-447,19.044207,72.85575
EFFB5126,+91-87890-24840,+91-63990-78993,2025-03-04T07:22:00,741,VOICE,BOM-901,19.02932,72.855474,BOM-244,19.099065,72.84901
6ABAE810,+91-89120-65479,+91-93400-37518,2025-03-10T07:36:00,1797,VOICE,BOM-447,19.044215,72.855303,BOM-702,19.076005,72.87759
CEE2902B,+91-89120-35396,+91-93400-20835,2025-03-15T18:27:00,403,VOICE,BOM-808,19.054984,72.900855,BOM-212,19.041263,72.864116
1464A17F,+91-63990-45510,+91-63990-28374,2025-04-06T08:42:00,25,SMS,BOM-212,19.041299,72.863285,BOM-808,19.054319,72.900868
45A18490,+91-63990-52326,+91-93400-36419,2025-02-05T14:38:00,58,SMS,BOM-244,19.098571,72.848598,BOM-103,18.963177,72.834009
A4D5671F,+91-63990-81037,+91-87890-92454,2025-03-11T22:06:00,947,VOICE,BOM-212,19.041204,72.864199,BOM-244,19.098872,72.84916
BB917CC5,+91-89120-97414,+91-75300-20829,2025-03-15T18:40:00,126,VOICE,BOM-621,19.135965,72.829123,BOM-621,19.136021,72.829798
DDE30345,+91-91761-73582,+91-93400-53957,2025-03-26T09:03:00,56,SMS,BOM-244,19.09856,72.848793,BOM-702,19.075809,72.878046
F694B8D3,+91-75300-24872,+91-80720-73627,2025-02-24T20:13:00,1696,VOICE,BOM-621,19.135558,72.82915,BOM-212,19.040935,72.863301
3063A119,+91-80720-75147,+91-80720-73394,2025-02-18T22:18:00,1645,VOICE,BOM-901,19.029712,72.855044,BOM-103,18.96317,72.833935
467CCD0F,+91-89120-49210,+91-91761-60427,2025-04-04T10:22:00,1463,VOICE,BOM-103,18.963433,72.834162,BOM-103,18.963344,72.833788
51D8A79A,+91-93400-89574,+91-77540-12663,2025-02-19T21:45:00,326,VOICE,BOM-901,19.029887,72.854983,BOM-621,19.13569,72.83001
8E3D4662,+91-80720-25861,+91-70420-68312,2025-04-06T07:51:00,31,SMS,BOM-808,19.05448,72.900305,BOM-519,19.066787,72.878098
904E6E3D,+91-89120-76499,+91-75300-90584,2025-01-17T10:30:00,364,VOICE,BOM-621,19.135561,72.830084,BOM-212,19.041354,72.863562
1F2A76F7,+91-80720-73112,+91-75300-95695,2025-02-14T08:39:00,15,SMS,BOM-447,19.044159,72.856007,BOM-808,19.054789,72.900814
09CEFB86,+91-75300-20666,+91-87890-19294,2025-02-06T07:53:00,166,VOICE,BOM-244,19.098524,72.848994,BOM-901,19.02933,72.855218
F7378C46,+91-89120-44774,+91-70420-51035,2025-03-28T19:19:00,7,SMS,BOM-519,19.066,72.878721,BOM-318,19.120041,72.847142
4E623A7C,+91-91761-12450,+91-89120-21358,2025-02-22T14:40:00,1729,VOICE,BOM-244,19.098738,72.849308,BOM-621,19.136343,72.829882
07F61575,+91-93400-61477,+91-77540-20301,2025-02-04T17:16:00,616,VOICE,BOM-702,19.076399,72.878134,BOM-901,19.030041,72.855341
6EA6A5FC,+91-77540-46946,+91-93400-87665,2025-02-24T13:54:00,16,SMS,BOM-702,19.076122,72.877213,BOM-702,19.076171,72.877866
4283787A,+91-63990-65406,+91-77540-54376,2025-03-26T20:29:00,38,SMS,BOM-244,19.098833,72.849233,BOM-621,19.136118,72.829866
749D4ADE,+91-63990-24316,+91-87890-33467,2025-02-03T23:58:00,1037,VOICE,BOM-621,19.135885,72.829587,BOM-702,19.076286,72.87741
72BC3A52,+91-89120-92350,+91-91761-50625,2025-04-07T21:26:00,982,VOICE,BOM-318,19.11953,72.846963,BOM-901,19.029456,72.855432
76EC3FE4,+91-77540-47332,+91-70420-38591,2025-04-22T23:16:00,1793,VOICE,BOM-702,19.075953,72.87773,BOM-447,19.044152,72.855913
6B47EDF2,+91-63990-96588,+91-70420-94572,2025-02-01T15:37:00,275,VOICE,BOM-621,19.135909,72.830064,BOM-318,19.119566,72.846961
3AD94A90,+91-87890-45044,+91-89120-25880,2025-02-12T08:40:00,58,SMS,BOM-212,19.0409,72.863571,BOM-901,19.029155,72.854921
93B6D507,+91-93400-51434,+91-77540-44831,2025-03-22T15:09:00,1185,VOICE,BOM-621,19.135593,72.829373,BOM-621,19.136478,72.829812
83501F87,+91-88200-22611,+91-87890-37237,2025-04-21T18:39:00,554,VOICE,BOM-212,19.040936,72.863305,BOM-808,19.054963,72.90001
95E7C9B9,+91-63990-55525,+91-87890-84522,2025-04-18T17:05:00,1329,VOICE,BOM-244,19.098987,72.849154,BOM-702,19.076259,72.877265
D53EA16B,+91-88200-75745,+91-91761-46590,2025-03-21T09:35:00,629,VOICE,BOM-702,19.076343,72.878159,BOM-519,19.066515,72.878762
2166AAE3,+91-88200-76673,+91-75300-24949,2025-02-07T18:38:00,1410,VOICE,BOM-901,19.029279,72.855768,BOM-212,19.041305,72.863491
0D0DB2A4,+91-75300-48900,+91-77540-89842,2025-01-28T07:55:00,1626,VOICE,BOM-212,19.041749,72.863465,BOM-447,19.044779,72.855386
4B57FA22,+91-89120-68397,+91-63990-60127,2025-03-02T20:48:00,1475,VOICE,BOM-447,19.044777,72.856118,BOM-447,19.044767,72.856192
C988FBEE,+91-89120-89998,+91-77540-63286,2025-04-19T17:58:00,546,VOICE,BOM-519,19.066208,72.87833,BOM-244,19.098881,72.849199
EA9C629D,+91-70420-54360,+91-93400-45063,2025-04-22T22:22:00,21,SMS,BOM-621,19.135827,72.829155,BOM-702,19.07597,72.877451
7068F13E,+91-63990-19784,+91-63990-53900,2025-02-18T14:32:00,534,VOICE,BOM-212,19.041858,72.863329,BOM-519,19.065962,72.878676
4145ADE5,+91-80720-77339,+91-88200-23921,2025-03-04T13:18:00,1790,VOICE,BOM-901,19.029918,72.855626,BOM-621,19.136013,72.829668
C7E96B80,+91-63990-70993,+91-70420-66562,2025-04-20T09:36:00,27,SMS,BOM-447,19.043902,72.855824,BOM-621,19.136148,72.829357
2DE06AC9,+91-87890-16433,+91-70420-30466,2025-04-18T22:52:00,1599,VOICE,BOM-103,18.963402,72.83387,BOM-621,19.136437,72.829542
A7624B3B,+91-97300-77777,+91-87890-25501,2025-04-13T16:23:00,688,VOICE,BOM-808,19.054212,72.900196,BOM-447,19.044327,72.85621
AC98C2F8,+91-88200-21245,+91-70420-14527,2025-02-22T10:55:00,894,VOICE,BOM-621,19.136479,72.829336,BOM-103,18.963065,72.834172
F8187EF1,+91-70420-29115,+91-70420-78277,2025-02-21T11:50:00,19,SMS,BOM-702,19.07601,72.877309,BOM-318,19.119293,72.846777
8572F5A8,+91-80720-66779,+91-77540-73889,2025-03-27T13:13:00,792,VOICE,BOM-318,19.119322,72.846323,BOM-103,18.963137,72.834314
3F165868,+91-80720-72147,+91-88200-25495,2025-03-03T18:45:00,893,VOICE,BOM-901,19.029342,72.855508,BOM-621,19.136446,72.829886
4E0899F6,+91-70420-98950,+91-89120-42849,2025-01-25T12:23:00,1005,VOICE,BOM-318,19.119498,72.846504,BOM-447,19.044659,72.855603
8CB7DB4F,+91-80720-81811,+91-91761-17005,2025-04-23T15:58:00,271,VOICE,BOM-244,19.099236,72.848639,BOM-447,19.044865,72.856149
85244A28,+91-70420-62424,+91-63990-21236,2025-02-28T12:44:00,289,VOICE,BOM-447,19.044776,72.855791,BOM-808,19.054701,72.900277
C040FD9D,+91-77540-94635,+91-63990-65111,2025-02-15T10:42:00,1380,VOICE,BOM-519,19.066342,72.877956,BOM-212,19.040964,72.863504
30C31CAD,+91-89120-53637,+91-89120-82977,2025-02-05T19:13:00,1434,VOICE,BOM-244,19.098794,72.849482,BOM-244,19.09945,72.848542
AA62EFEF,+91-75300-30359,+91-75300-82888,2025-03-21T08:19:00,49,SMS,BOM-318,19.119556,72.846655,BOM-702,19.076282,72.877229
6F742BCD,+91-75300-14535,+91-87890-64392,2025-02-04T13:12:00,22,SMS,BOM-212,19.041252,72.863397,BOM-702,19.075953,72.878012
4F2E2370,+91-87890-32807,+91-77540-12044,2025-02-09T10:41:00,1798,VOICE,BOM-103,18.963088,72.834126,BOM-212,19.041344,72.863772
9F2F384F,+91-88200-38375,+91-80720-12681,2025-03-20T08:46:00,1014,VOICE,BOM-212,19.041878,72.864151,BOM-318,19.12002,72.846482
52690A4B,+91-63990-81980,+91-89120-27464,2025-03-05T18:34:00,686,VOICE,BOM-318,19.119672,72.846837,BOM-244,19.09891,72.849001
856A5FDB,+91-63990-17595,+91-70420-42231,2025-02-21T09:00:00,1787,VOICE,BOM-103,18.963742,72.834257,BOM-103,18.963251,72.83454
D4F0A1CF,+91-75300-36031,+91-91761-13075,2025-03-11T17:17:00,302,VOICE,BOM-808,19.054634,72.900295,BOM-519,19.066098,72.877959
4C2D970C,+91-77540-93174,+91-91761-36901,2025-02-19T21:48:00,266,VOICE,BOM-103,18.963069,72.834033,BOM-901,19.029424,72.854988
F4DB2972,+91-77540-87472,+91-87890-59957,2025-02-04T14:06:00,903,VOICE,BOM-808,19.054369,72.900898,BOM-702,19.07579,72.878091
3CA775BF,+91-97300-22222,+91-97300-33333,2025-01-21T16:27:00,591,VOICE,BOM-244,19.098762,72.84927,BOM-103,18.962865,72.833798
0268E921,+91-77540-54412,+91-88200-67870,2025-01-31T20:00:00,454,VOICE,BOM-519,19.066614,72.878759,BOM-447,19.044323,72.855645
02B0B8D7,+91-63990-25182,+91-89120-33977,2025-01-22T11:52:00,1127,VOICE,BOM-702,19.075689,72.877468,BOM-318,19.119603,72.846392
2FFD205F,+91-80720-90640,+91-75300-64054,2025-02-25T15:22:00,5,SMS,BOM-519,19.066149,72.878282,BOM-244,19.098993,72.849076
1946CC00,+91-70420-73179,+91-93400-12278,2025-02-03T22:44:00,1329,VOICE,BOM-103,18.963297,72.833957,BOM-519,19.066679,72.878043
496E1E70,+91-63990-24364,+91-80720-22614,2025-02-23T23:14:00,528,VOICE,BOM-447,19.044499,72.856049,BOM-318,19.120131,72.846711
8E75CCC3,+91-63990-17374,+91-87890-83834,2025-02-21T22:16:00,260,VOICE,BOM-621,19.135676,72.829363,BOM-103,18.962982,72.833799
2872FBBB,+91-75300-55025,+91-88200-88272,2025-03-14T07:46:00,43,SMS,BOM-447,19.044376,72.855742,BOM-447,19.044732,72.855931
D4D1FE7C,+91-97300-33333,+91-97300-11111,2025-03-03T11:13:00,1314,VOICE,BOM-808,19.054369,72.900893,BOM-702,19.075681,72.877948
E106AE75,+91-63990-17178,+91-63990-97472,2025-03-25T23:50:00,33,SMS,BOM-621,19.13623,72.829275,BOM-447,19.044231,72.856003
DCD75C8B,+91-91761-26454,+91-70420-49459,2025-02-22T16:00:00,39,VOICE,BOM-621,19.135855,72.8294,BOM-621,19.135893,72.83003
A9B74D6F,+91-87890-79281,+91-70420-15953,2025-03-01T21:47:00,1788,VOICE,BOM-702,19.076166,72.878017,BOM-621,19.135806,72.82933
6638195A,+91-89120-86123,+91-75300-86861,2025-03-29T11:50:00,52,SMS,BOM-621,19.135547,72.829301,BOM-244,19.098659,72.848572
BA5EB89D,+91-75300-53825,+91-63990-48246,2025-03-22T19:16:00,327,VOICE,BOM-318,19.119913,72.847079,BOM-244,19.098886,72.848607
E338F715,+91-63990-72335,+91-93400-90553,2025-01-22T13:06:00,41,SMS,BOM-901,19.029878,72.855639,BOM-212,19.041845,72.863974
B9EE332C,+91-70420-68767,+91-75300-60662,2025-03-03T11:21:00,549,VOICE,BOM-103,18.963538,72.834206,BOM-103,18.963546,72.834609
4BBA2D93,+91-75300-24268,+91-63990-50767,2025-03-31T23:30:00,391,VOICE,BOM-901,19.029749,72.854828,BOM-212,19.0416,72.863816
C27D4F22,+91-80720-10438,+91-80720-41515,2025-02-12T13:00:00,589,VOICE,BOM-447,19.043947,72.85579,BOM-808,19.054345,72.900309
82B4B682,+91-91761-55247,+91-89120-68164,2025-03-08T17:31:00,391,VOICE,BOM-702,19.075657,72.878075,BOM-103,18.963101,72.834685
6669E439,+91-91761-42736,+91-75300-49949,2025-02-12T13:44:00,51,SMS,BOM-621,19.135819,72.829918,BOM-702,19.075799,72.877991
0C51BA03,+91-63990-80273,+91-63990-66080,2025-03-14T21:22:00,23,SMS,BOM-808,19.054895,72.900967,BOM-103,18.963572,72.833901
91EF26B1,+91-97300-77777,+91-91761-87902,2025-02-23T11:42:00,18,SMS,BOM-702,19.075938,72.878052,BOM-621,19.136084,72.829803
65D04BB2,+91-91761-83319,+91-88200-76717,2025-02-12T13:10:00,1652,VOICE,BOM-808,19.054822,72.900649,BOM-901,19.029804,72.854887
15E8C629,+91-75300-55156,+91-93400-25818,2025-03-13T17:20:00,548,VOICE,BOM-808,19.054838,72.900434,BOM-621,19.136206,72.829642
9DB2F9B1,+91-75300-74447,+91-93400-79324,2025-04-12T17:14:00,25,SMS,BOM-212,19.041076,72.863351,BOM-901,19.029237,72.855624
3E834B13,+91-70420-66530,+91-70420-80761,2025-04-23T11:15:00,38,VOICE,BOM-447,19.043914,72.855936,BOM-244,19.098973,72.848509
0B3FE27A,+91-97300-33333,+91-97300-11111,2025-02-16T23:11:00,40,VOICE,BOM-447,19.04447,72.85574,BOM-702,19.075657,72.878014
05EDD88A,+91-89120-14492,+91-87890-66436,2025-01-15T23:18:00,48,SMS,BOM-901,19.030075,72.854834,BOM-318,19.119488,72.847077
23377D0F,+91-91761-17231,+91-91761-85023,2025-02-16T18:57:00,1411,VOICE,BOM-621,19.135935,72.829849,BOM-318,19.119631,72.846564
6DE023F8,+91-91761-22353,+91-75300-37505,2025-01-21T23:51:00,1670,VOICE,BOM-621,19.135555,72.829559,BOM-808,19.054072,72.900892
EB91923A,+91-80720-84611,+91-63990-55659,2025-02-04T20:41:00,1760,VOICE,BOM-447,19.044066,72.856136,BOM-808,19.054614,72.900046
D746B392,+91-77540-98801,+91-70420-98310,2025-04-12T08:26:00,46,SMS,BOM-447,19.044255,72.856149,BOM-901,19.02958,72.855597
5A66F853,+91-77540-19756,+91-88200-93426,2025-02-07T22:06:00,153,VOICE,BOM-212,19.041581,72.863943,BOM-318,19.119528,72.846839
D777B389,+91-70420-64978,+91-63990-16707,2025-04-18T18:31:00,25,SMS,BOM-318,19.119673,72.846878,BOM-103,18.963046,72.833771
2B9D4320,+91-70420-61356,+91-63990-37882,2025-01-31T17:27:00,27,SMS,BOM-901,19.02941,72.855742,BOM-244,19.099262,72.849474
8D3A334E,+91-77540-69340,+91-77540-59781,2025-03-19T22:29:00,167,VOICE,BOM-447,19.044771,72.85616,BOM-244,19.098743,72.848698
D006E52F,+91-91761-13030,+91-93400-82964,2025-03-03T11:41:00,973,VOICE,BOM-244,19.098799,72.84856,BOM-702,19.076348,72.877488
8AE77DFD,+91-63990-18954,+91-87890-61251,2025-01-18T09:31:00,1583,VOICE,BOM-212,19.041495,72.863507,BOM-447,19.043961,72.856028
189EEF39,+91-77540-56393,+91-80720-37552,2025-03-05T23:17:00,679,VOICE,BOM-621,19.13634,72.829815,BOM-702,19.075565,72.87743
DE8C4571,+91-91761-33619,+91-77540-29066,2025-01-30T07:08:00,1779,VOICE,BOM-702,19.07633,72.877396,BOM-103,18.963105,72.833822
2147FA7F,+91-91761-27757,+91-91761-21351,2025-02-17T21:43:00,225,VOICE,BOM-244,19.098858,72.848909,BOM-808,19.054348,72.900201
D37ABEB2,+91-93400-68047,+91-70420-19350,2025-01-31T15:31:00,137,VOICE,BOM-212,19.040948,72.863425,BOM-519,19.066448,72.878115
223DD7B2,+91-93400-57173,+91-89120-75647,2025-02-19T23:58:00,30,SMS,BOM-244,19.099163,72.849038,BOM-808,19.054283,72.900765
4AF885D6,+91-97300-33333,+91-97300-11111,2025-02-02T23:19:00,28,SMS,BOM-808,19.054797,72.900733,BOM-901,19.029646,72.85502
FF834385,+91-80720-19110,+91-88200-28795,2025-01-25T14:30:00,385,VOICE,BOM-808,19.054724,72.900383,BOM-212,19.041286,72.86389
35376EDA,+91-89120-38604,+91-80720-18586,2025-02-23T12:54:00,177,VOICE,BOM-212,19.041262,72.864183,BOM-901,19.029918,72.855382
5ED39439,+91-97300-22222,+91-97300-33333,2025-02-12T07:32:00,39,SMS,BOM-103,18.963111,72.834169,BOM-244,19.099039,72.849406
E6179C66,+91-70420-69326,+91-88200-18602,2025-03-24T21:11:00,8,SMS,BOM-519,19.06606,72.877955,BOM-702,19.075945,72.878044
3FA8E994,+91-97300-11111,+91-97300-22222,2025-03-21T09:18:00,486,VOICE,BOM-808,19.054867,72.900975,BOM-702,19.075858,72.878047
DD008490,+91-89120-84660,+91-77540-31201,2025-02-09T13:53:00,194,VOICE,BOM-702,19.075606,72.877866,BOM-103,18.96367,72.833883
3D1FF4D1,+91-77540-53143,+91-70420-67079,2025-01-24T19:04:00,256,VOICE,BOM-318,19.120139,72.846759,BOM-103,18.963334,72.834422
D2BCF4B7,+91-75300-80906,+91-91761-42164,2025-04-24T18:21:00,818,VOICE,BOM-519,19.06626,72.878145,BOM-447,19.04489,72.855683
40B46E7F,+91-80720-19072,+91-93400-14046,2025-01-19T09:02:00,1145,VOICE,BOM-244,19.09923,72.84924,BOM-212,19.041756,72.863454
9792D144,+91-80720-58355,+91-91761-11352,2025-03-26T12:23:00,1329,VOICE,BOM-318,19.120172,72.84689,BOM-318,19.119531,72.847075
7824DD66,+91-70420-69044,+91-88200-15110,2025-04-06T11:13:00,39,SMS,BOM-212,19.041572,72.86392,BOM-621,19.13637,72.829884
606AA651,+91-87890-69832,+91-77540-77123,2025-03-29T10:51:00,1639,VOICE,BOM-702,19.076023,72.877823,BOM-244,19.098966,72.849444
707DF8AC,+91-63990-63237,+91-93400-13081,2025-04-13T13:24:00,491,VOICE,BOM-103,18.963212,72.834008,BOM-808,19.054333,72.900055
53B481D8,+91-77540-73745,+91-93400-60287,2025-03-26T08:55:00,16,SMS,BOM-244,19.098894,72.849226,BOM-103,18.96285,72.833957
E2811EEB,+91-77540-87674,+91-91761-13842,2025-04-17T22:39:00,1336,VOICE,BOM-621,19.136149,72.829485,BOM-808,19.054097,72.900741
41299175,+91-80720-44412,+91-89120-87294,2025-02-28T11:20:00,704,VOICE,BOM-244,19.098865,72.849444,BOM-212,19.041674,72.863588
947CA360,+91-80720-54848,+91-91761-23395,2025-04-23T12:52:00,52,SMS,BOM-244,19.099385,72.84892,BOM-244,19.099088,72.848539
D77162EE,+91-63990-33668,+91-88200-56777,2025-03-12T22:28:00,40,SMS,BOM-519,19.065968,72.878538,BOM-103,18.963544,72.834153
E0278F43,+91-97300-11111,+91-97300-33333,2025-01-30T12:24:00,35,SMS,BOM-702,19.076202,72.877481,BOM-212,19.041785,72.863848
C2E9E4C9,+91-88200-51370,+91-77540-22828,2025-01-28T20:08:00,1189,VOICE,BOM-808,19.054919,72.900614,BOM-901,19.030041,72.855304
83A1E4C3,+91-93400-74683,+91-93400-87583,2025-01-31T19:52:00,32,SMS,BOM-244,19.098874,72.849458,BOM-244,19.099009,72.84915
DD194294,+91-91761-39709,+91-89120-24449,2025-03-17T19:04:00,40,SMS,BOM-318,19.120081,72.846646,BOM-103,18.963141,72.834647
06EDCABF,+91-77540-19457,+91-93400-71895,2025-03-25T17:24:00,428,VOICE,BOM-702,19.075695,72.877426,BOM-212,19.041063,72.864182
174E2B1F,+91-97300-66666,+91-97300-22222,2025-03-17T11:05:00,288,VOICE,BKC-112,19.0656,72.8669,BOM-901,19.029207,72.855205
352AAAEA,+91-97300-77777,+91-77540-89820,2025-01-27T20:05:00,732,VOICE,BOM-702,19.07636,72.877755,BOM-702,19.075608,72.877898
2F2207B3,+91-77540-43049,+91-75300-46335,2025-02-25T14:26:00,41,SMS,BOM-519,19.066452,72.878072,BOM-808,19.05419,72.900261
909E8481,+91-89120-47828,+91-70420-49416,2025-02-15T21:35:00,1792,VOICE,BOM-621,19.13557,72.829684,BOM-103,18.963267,72.834627
A134C6C7,+91-63990-48157,+91-70420-93991,2025-03-10T16:02:00,704,VOICE,BOM-103,18.963565,72.834444,BOM-621,19.136456,72.829447
F36A39F0,+91-88200-62673,+91-70420-44149,2025-01-23T12:57:00,994,VOICE,BOM-901,19.02921,72.85489,BOM-244,19.09909,72.849342
C6DA12ED,+91-63990-64952,+91-77540-93223,2025-01-20T19:21:00,229,VOICE,BOM-244,19.099049,72.849251,BOM-103,18.963354,72.833986
1826CCF7,+91-87890-68193,+91-88200-92686,2025-02-21T09:31:00,472,VOICE,BOM-519,19.066215,72.878841,BOM-212,19.040953,72.86367
6800362F,+91-91761-60326,+91-75300-23941,2025-04-08T14:46:00,313,VOICE,BOM-447,19.044212,72.855636,BOM-901,19.029616,72.854911
3744CF05,+91-88200-79766,+91-93400-12708,2025-04-05T09:28:00,1407,VOICE,BOM-318,19.119916,72.847116,BOM-519,19.066527,72.878652
D8630A9E,+91-89120-79181,+91-91761-89023,2025-04-07T15:22:00,1558,VOICE,BOM-212,19.041408,72.863399,BOM-901,19.02966,72.854908
46F0AA7A,+91-87890-43566,+91-70420-52803,2025-03-03T21:09:00,1035,VOICE,BOM-901,19.029271,72.855591,BOM-244,19.09891,72.848696
6ABCBE15,+91-80720-48662,+91-87890-51868,2025-02-09T22:06:00,1338,VOICE,BOM-447,19.044167,72.855425,BOM-244,19.098893,72.849044
9FB4DCA7,+91-89120-80713,+91-63990-37612,2025-03-29T10:40:00,874,VOICE,BOM-318,19.119231,72.847251,BOM-901,19.029662,72.855711
16E9EFA8,+91-91761-79855,+91-88200-42504,2025-02-22T18:42:00,29,SMS,BOM-519,19.066476,72.878265,BOM-901,19.029293,72.854887
F5CD2E1C,+91-80720-53216,+91-93400-12620,2025-02-04T14:13:00,808,VOICE,BOM-901,19.029549,72.855146,BOM-244,19.098993,72.848637
8AA68F85,+91-91761-52638,+91-91761-70017,2025-04-09T14:38:00,29,SMS,BOM-901,19.030075,72.855059,BOM-103,18.962889,72.834649
24AB3E4E,+91-87890-74397,+91-88200-66160,2025-01-15T13:35:00,1664,VOICE,BOM-103,18.962859,72.834662,BOM-447,19.043949,72.855555
B3AC89A5,+91-75300-59666,+91-87890-42963,2025-01-25T17:35:00,40,SMS,BOM-244,19.099441,72.848985,BOM-621,19.136021,72.829757
28CA0598,+91-75300-56669,+91-88200-66383,2025-02-08T11:38:00,1344,VOICE,BOM-212,19.041293,72.863614,BOM-212,19.041776,72.863891
C14E65CD,+91-80720-62693,+91-75300-54138,2025-03-23T19:22:00,182,VOICE,BOM-702,19.076375,72.877229,BOM-702,19.075764,72.877752
DA08AACB,+91-77540-50926,+91-80720-17157,2025-01-27T18:51:00,341,VOICE,BOM-318,19.119465,72.846478,BOM-621,19.135755,72.829957
E3008C41,+91-87890-23453,+91-75300-43407,2025-03-11T15:11:00,760,VOICE,BOM-702,19.075968,72.878072,BOM-901,19.029174,72.855424
F9C50C89,+91-87890-30218,+91-70420-29881,2025-01-16T21:25:00,1013,VOICE,BOM-244,19.098931,72.848895,BOM-901,19.029449,72.854881
F4B1041A,+91-93400-50290,+91-77540-82522,2025-04-02T09:39:00,66,VOICE,BOM-447,19.044824,72.855468,BOM-318,19.119222,72.84709
8148E624,+91-77540-71413,+91-88200-66612,2025-04-11T20:05:00,32,SMS,BOM-103,18.963238,72.833887,BOM-808,19.054125,72.900869
BD4E5A45,+91-70420-57113,+91-93400-66639,2025-01-15T19:20:00,37,SMS,BOM-212,19.041653,72.863461,BOM-447,19.04473,72.855821
0E9DFF78,+91-80720-27061,+91-80720-57235,2025-02-08T12:15:00,142,VOICE,BOM-244,19.099112,72.84887,BOM-447,19.044829,72.855729
7B394B41,+91-97300-77777,+91-70420-52111,2025-02-08T09:08:00,6,SMS,BOM-702,19.075719,72.878046,BOM-621,19.135562,72.830007
06E1A6F3,+91-75300-40674,+91-77540-61186,2025-03-23T11:54:00,674,VOICE,BOM-244,19.09933,72.848967,BOM-447,19.043909,72.855767
AF2F319E,+91-91761-63013,+91-93400-58048,2025-02-17T08:49:00,1034,VOICE,BOM-447,19.043982,72.856042,BOM-519,19.066211,72.87807
B5AD3C94,+91-77540-86518,+91-91761-92393,2025-03-21T23:56:00,351,VOICE,BOM-318,19.119788,72.847117,BOM-702,19.076177,72.878071
7B64B9E2,+91-63990-10490,+91-75300-10244,2025-03-09T23:36:00,1661,VOICE,BOM-318,19.120014,72.847041,BOM-318,19.120062,72.846821
96C9AF6E,+91-75300-66629,+91-91761-50404,2025-04-11T07:55:00,1235,VOICE,BOM-901,19.029143,72.855212,BOM-103,18.963683,72.83403
F5E0F37E,+91-63990-54335,+91-80720-65323,2025-01-15T19:11:00,1721,VOICE,BOM-244,19.099283,72.849379,BOM-519,19.065999,72.878325
6805AB31,+91-77540-44781,+91-88200-81320,2025-04-12T10:35:00,311,VOICE,BOM-318,19.119413,72.847014,BOM-621,19.136134,72.829898
85E46E54,+91-91761-17911,+91-89120-85302,2025-04-05T09:08:00,320,VOICE,BOM-519,19.066111,72.878088,BOM-244,19.099148,72.84933
D1FEE240,+91-93400-70108,+91-70420-88244,2025-04-18T22:59:00,872,VOICE,BOM-519,19.066041,72.878465,BOM-519,19.066465,72.877952
E24CF8CD,+91-70420-75103,+91-89120-99861,2025-04-05T13:08:00,1155,VOICE,BOM-212,19.041286,72.863674,BOM-901,19.029552,72.854894
04C1E2D5,+91-80720-43579,+91-93400-31625,2025-04-08T20:46:00,1316,VOICE,BOM-621,19.135623,72.829108,BOM-621,19.136266,72.830043
2293F0B5,+91-88200-92725,+91-89120-34348,2025-03-08T12:23:00,296,VOICE,BOM-702,19.07586,72.877278,BOM-447,19.044611,72.856216
34404CC0,+91-89120-53806,+91-77540-17688,2025-01-22T20:33:00,167,VOICE,BOM-212,19.041705,72.863627,BOM-318,19.119829,72.847162
E9E58CBF,+91-88200-92563,+91-70420-43762,2025-04-04T23:42:00,175,VOICE,BOM-318,19.119217,72.846961,BOM-702,19.076226,72.877783
68A87901,+91-75300-78652,+91-87890-28455,2025-02-07T07:32:00,27,SMS,BOM-318,19.120006,72.846754,BOM-621,19.136335,72.830074
40D8A27E,+91-80720-32683,+91-87890-36096,2025-01-15T11:21:00,519,VOICE,BOM-447,19.044118,72.855929,BOM-519,19.065935,72.878882
01552206,+91-88200-94078,+91-70420-58858,2025-02-16T23:29:00,1099,VOICE,BOM-901,19.029137,72.855199,BOM-318,19.119425,72.847158
A48720A6,+91-97300-66666,+91-97300-77777,2025-03-28T17:12:00,23,SMS,BKC-112,19.0656,72.8669,BOM-318,19.119543,72.846618
2CDC0169,+91-80720-36367,+91-63990-73251,2025-02-01T16:21:00,1163,VOICE,BOM-244,19.098737,72.849222,BOM-447,19.044428,72.856195
057C9BC1,+91-75300-17849,+91-88200-64981,2025-04-03T22:48:00,49,SMS,BOM-244,19.098743,72.849038,BOM-447,19.044797,72.855408
BB334691,+91-91761-35990,+91-89120-44712,2025-02-22T23:43:00,1314,VOICE,BOM-621,19.136031,72.829312,BOM-447,19.044215,72.856172
3493BCC4,+91-77540-23284,+91-91761-77212,2025-03-31T14:15:00,463,VOICE,BOM-621,19.136437,72.829357,BOM-318,19.119958,72.846506
48D5AA0D,+91-75300-56355,+91-88200-74916,2025-01-23T08:59:00,1408,VOICE,BOM-447,19.044898,72.856073,BOM-901,19.029431,72.855214
D6BF6C2A,+91-75300-98702,+91-88200-81977,2025-03-03T19:52:00,765,VOICE,BOM-212,19.041676,72.863782,BOM-621,19.135638,72.829668
8BE0B85E,+91-70420-97890,+91-70420-22313,2025-03-25T23:54:00,960,VOICE,BOM-702,19.07585,72.877761,BOM-318,19.119263,72.847164
0A136C62,+91-91761-71132,+91-75300-50393,2025-01-25T09:46:00,887,VOICE,BOM-702,19.07555,72.877654,BOM-212,19.04183,72.863544
7F078FD4,+91-93400-25793,+91-75300-35870,2025-04-10T23:40:00,1415,VOICE,BOM-621,19.136058,72.829935,BOM-244,19.099368,72.849213
689C5775,+91-97300-66666,+91-97300-11111,2025-02-17T12:01:00,59,SMS,BKC-112,19.0656,72.8669,BOM-447,19.043902,72.855454
3804F082,+91-93400-65988,+91-87890-52033,2025-02-17T21:23:00,41,SMS,BOM-244,19.099272,72.849211,BOM-621,19.135633,72.829834
52FA0E52,+91-91761-16694,+91-70420-47596,2025-04-07T09:25:00,1150,VOICE,BOM-702,19.076109,72.878061,BOM-702,19.075752,72.878056
781FAE97,+91-87890-48699,+91-93400-74219,2025-01-28T07:43:00,357,VOICE,BOM-702,19.075844,72.877927,BOM-702,19.076398,72.877385
5E44317C,+91-89120-49586,+91-88200-98014,2025-04-08T22:03:00,972,VOICE,BOM-212,19.0415,72.863283,BOM-447,19.044132,72.855489
92BAF521,+91-87890-23073,+91-80720-93911,2025-03-28T13:23:00,1175,VOICE,BOM-212,19.041527,72.863434,BOM-244,19.098574,72.848896
7278B9C5,+91-87890-32161,+91-70420-15404,2025-04-02T17:17:00,94,VOICE,BOM-103,18.963602,72.833994,BOM-244,19.098968,72.849191
3B9C9B24,+91-77540-87518,+91-87890-15217,2025-01-24T09:29:00,1719,VOICE,BOM-519,19.066685,72.87865,BOM-901,19.029128,72.85526
7F89C75F,+91-97300-33333,+91-97300-11111,2025-02-26T21:44:00,1745,VOICE,BOM-519,19.066559,72.878387,BOM-808,19.05427,72.900288
C1F81707,+91-77540-86133,+91-77540-29615,2025-02-28T23:07:00,18,SMS,BOM-103,18.963671,72.834134,BOM-103,18.962902,72.834698
914374FC,+91-80720-86260,+91-63990-96057,2025-03-19T20:31:00,150,VOICE,BOM-808,19.054385,72.900829,BOM-808,19.054266,72.900338
30CF7947,+91-89120-59920,+91-80720-47259,2025-04-20T22:14:00,941,VOICE,BOM-621,19.136421,72.829819,BOM-318,19.119656,72.846798
7877D0C5,+91-80720-95165,+91-77540-99355,2025-03-05T11:40:00,407,VOICE,BOM-808,19.054548,72.900111,BOM-212,19.041196,72.863533
4EEFF947,+91-87890-81769,+91-63990-46006,2025-04-23T09:43:00,457,VOICE,BOM-702,19.076317,72.877771,BOM-621,19.135696,72.829451
FB53A544,+91-77540-47993,+91-89120-64149,2025-02-11T18:23:00,1357,VOICE,BOM-447,19.043968,72.855366,BOM-244,19.099171,72.849067
9F90E4B1,+91-70420-54830,+91-93400-34492,2025-01-29T18:45:00,17,SMS,BOM-808,19.054029,72.900293,BOM-318,19.120158,72.847252
0EC941BA,+91-75300-41901,+91-80720-54505,2025-04-02T20:18:00,49,SMS,BOM-447,19.044459,72.855749,BOM-318,19.120024,72.846639
2961DB07,+91-75300-41023,+91-70420-33527,2025-04-08T07:01:00,39,SMS,BOM-808,19.054791,72.900652,BOM-519,19.065956,72.878203
F5BA49CF,+91-77540-15508,+91-80720-28279,2025-04-18T08:24:00,508,VOICE,BOM-702,19.076334,72.877694,BOM-244,19.099112,72.848977
89A83BC9,+91-75300-40371,+91-91761-53650,2025-03-20T22:58:00,5,SMS,BOM-318,19.119334,72.846441,BOM-621,19.136298,72.829902
E6A27937,+91-89120-55753,+91-80720-45887,2025-01-16T17:03:00,1148,VOICE,BOM-212,19.041143,72.864044,BOM-808,19.054075,72.900879
1107CFC8,+91-75300-67439,+91-87890-55000,2025-04-12T15:53:00,1783,VOICE,BOM-212,19.041899,72.863642,BOM-519,19.066558,72.878094
17362CDE,+91-77540-57590,+91-70420-39779,2025-03-15T16:48:00,803,VOICE,BOM-212,19.041077,72.863266,BOM-318,19.119958,72.84696
430CC514,+91-87890-60583,+91-77540-99315,2025-01-31T18:05:00,27,SMS,BOM-318,19.119384,72.846821,BOM-519,19.066126,72.877986
AEF72B1B,+91-93400-76015,+91-89120-37367,2025-02-22T22:27:00,1288,VOICE,BOM-244,19.098821,72.84921,BOM-519,19.065951,72.878219
ED09960A,+91-89120-67897,+91-75300-20643,2025-04-13T17:10:00,1597,VOICE,BOM-103,18.963481,72.834261,BOM-901,19.029251,72.854821
619BC6F0,+91-75300-22749,+91-63990-84733,2025-04-18T13:10:00,79,VOICE,BOM-702,19.076292,72.877839,BOM-901,19.029857,72.855472
95F427F1,+91-91761-11839,+91-70420-99526,2025-03-26T19:23:00,16,SMS,BOM-519,19.066739,72.87816,BOM-901,19.029624,72.855415
03446D21,+91-88200-95582,+91-80720-86181,2025-02-25T23:34:00,1019,VOICE,BOM-519,19.066591,72.878718,BOM-901,19.029222,72.855181
D4F0DF22,+91-77540-75125,+91-75300-13382,2025-03-22T07:22:00,45,SMS,BOM-212,19.040967,72.864175,BOM-901,19.029629,72.855432
50C8724C,+91-80720-38320,+91-89120-85834,2025-03-28T12:13:00,458,VOICE,BOM-244,19.099181,72.849214,BOM-621,19.13648,72.829778
6CA3DC07,+91-88200-51989,+91-75300-99281,2025-02-14T17:42:00,1280,VOICE,BOM-901,19.029639,72.855247,BOM-244,19.099085,72.848743
B9652689,+91-75300-16037,+91-75300-89550,2025-04-12T19:13:00,129,VOICE,BOM-808,19.054763,72.900424,BOM-103,18.963093,72.834596
B2E5D43A,+91-88200-47150,+91-89120-81630,2025-03-26T22:04:00,744,VOICE,BOM-621,19.136023,72.829137,BOM-519,19.066672,72.878709
7863A6EB,+91-87890-50423,+91-88200-57156,2025-01-23T12:16:00,1019,VOICE,BOM-519,19.066277,72.87847,BOM-103,18.963068,72.834519
16A4346A,+91-88200-91278,+91-80720-86590,2025-01-23T20:58:00,940,VOICE,BOM-244,19.099023,72.849439,BOM-447,19.044169,72.85621
51A932AA,+91-80720-22465,+91-89120-27926,2025-02-26T07:46:00,1061,VOICE,BOM-519,19.066196,72.878421,BOM-318,19.119529,72.846365
101955BA,+91-93400-76748,+91-89120-29625,2025-03-03T12:54:00,1668,VOICE,BOM-621,19.136143,72.829324,BOM-901,19.030056,72.855554
9DDBD8EE,+91-88200-93196,+91-91761-72680,2025-03-01T10:13:00,1611,VOICE,BOM-702,19.07592,72.877579,BOM-447,19.044372,72.856275
43010CC7,+91-63990-98984,+91-80720-12265,2025-04-21T09:54:00,1418,VOICE,BOM-318,19.119413,72.84648,BOM-447,19.044128,72.855699
F5103F2C,+91-88200-30990,+91-91761-98508,2025-01-31T16:21:00,217,VOICE,BOM-244,19.098905,72.849306,BOM-212,19.041284,72.863993
7491E794,+91-89120-49442,+91-80720-52519,2025-02-15T17:16:00,264,VOICE,BOM-103,18.963271,72.834626,BOM-702,19.076153,72.877821
57B2A4A5,+91-77540-42015,+91-93400-78075,2025-04-06T07:31:00,467,VOICE,BOM-519,19.066549,72.878251,BOM-808,19.054969,72.900009
04D14BCB,+91-97300-11111,+91-97300-22222,2025-02-25T20:25:00,1414,VOICE,BOM-212,19.041824,72.863466,BOM-519,19.066108,72.877921
BF14B150,+91-87890-44329,+91-93400-52673,2025-02-06T17:54:00,146,VOICE,BOM-244,19.098588,72.848866,BOM-808,19.05426,72.90002
5EE9870C,+91-97300-66666,+91-97300-22222,2025-03-04T15:17:00,12,SMS,BKC-112,19.0656,72.8669,BOM-447,19.044281,72.856091
A71113B4,+91-77540-99100,+91-77540-80906,2025-04-08T16:50:00,559,VOICE,BOM-318,19.119487,72.846358,BOM-621,19.136233,72.829847
9BF30B2B,+91-87890-86910,+91-63990-20524,2025-04-04T20:44:00,203,VOICE,BOM-244,19.098896,72.848672,BOM-212,19.041176,72.863684
DC173C10,+91-75300-11296,+91-80720-98565,2025-03-31T22:51:00,10,SMS,BOM-447,19.044664,72.855435,BOM-212,19.041292,72.864051
A5341688,+91-87890-57644,+91-91761-24995,2025-03-05T16:57:00,1343,VOICE,BOM-447,19.044593,72.856268,BOM-212,19.041635,72.86325
818A513E,+91-77540-80894,+91-70420-21575,2025-03-01T13:04:00,27,VOICE,BOM-447,19.044652,72.855994,BOM-519,19.066171,72.87809
CB41D76D,+91-63990-26510,+91-89120-42293,2025-04-18T14:25:00,304,VOICE,BOM-621,19.13553,72.829571,BOM-103,18.962885,72.834692
C3AD6356,+91-91761-32705,+91-89120-91898,2025-01-30T15:46:00,1431,VOICE,BOM-901,19.030001,72.855036,BOM-621,19.135719,72.829348
3F6EE9F4,+91-70420-29151,+91-88200-61289,2025-03-13T10:42:00,576,VOICE,BOM-621,19.135508,72.830065,BOM-318,19.119921,72.846525
C2650BD6,+91-87890-73824,+91-63990-88352,2025-03-07T16:47:00,1435,VOICE,BOM-621,19.13643,72.829406,BOM-808,19.054393,72.900955
51152875,+91-75300-91039,+91-89120-15970,2025-02-05T14:17:00,1599,VOICE,BOM-318,19.119433,72.847102,BOM-212,19.041735,72.863381
3BC90B93,+91-93400-78375,+91-63990-65915,2025-02-22T12:36:00,47,SMS,BOM-621,19.13613,72.830045,BOM-621,19.135811,72.829964
DEB25DDD,+91-70420-51985,+91-88200-23452,2025-03-11T12:53:00,1033,VOICE,BOM-702,19.076316,72.877704,BOM-447,19.044638,72.855353
B2C58E65,+91-97300-66666,+91-97300-11111,2025-04-03T09:47:00,44,SMS,BKC-112,19.0656,72.8669,BOM-621,19.136428,72.829993
F4FE606A,+91-75300-29068,+91-63990-98840,2025-03-15T09:47:00,1657,VOICE,BOM-103,18.963301,72.833791,BOM-103,18.963201,72.833985
4F0B4411,+91-75300-82642,+91-87890-16375,2025-01-21T07:54:00,16,SMS,BOM-702,19.075426,72.878197,BOM-621,19.135908,72.829484
C45B41FE,+91-70420-29399,+91-89120-77805,2025-04-06T14:13:00,308,VOICE,BOM-808,19.054326,72.900807,BOM-103,18.962896,72.834693
00F1A22E,+91-80720-88064,+91-80720-33949,2025-04-15T09:09:00,1624,VOICE,BOM-244,19.099316,72.848729,BOM-702,19.075614,72.877335
8BD4DDFB,+91-93400-46523,+91-91761-22264,2025-04-18T10:10:00,1433,VOICE,BOM-103,18.963662,72.834431,BOM-103,18.963325,72.834484
EF2B6067,+91-88200-55504,+91-89120-10973,2025-02-19T15:29:00,1441,VOICE,BOM-212,19.041343,72.863512,BOM-621,19.135769,72.829103
14963765,+91-80720-88892,+91-89120-13950,2025-03-13T14:36:00,1163,VOICE,BOM-103,18.963047,72.8337,BOM-519,19.066401,72.878323
17A26B24,+91-77540-72765,+91-70420-48499,2025-02-01T23:58:00,570,VOICE,BOM-103,18.963698,72.834309,BOM-244,19.098641,72.848792
5C30A7A4,+91-75300-71562,+91-88200-77415,2025-04-13T16:26:00,80,VOICE,BOM-702,19.076239,72.877334,BOM-212,19.04099,72.86362
CD5188AC,+91-75300-68198,+91-63990-97109,2025-03-21T10:07:00,1731,VOICE,BOM-447,19.043936,72.855658,BOM-702,19.076086,72.877546
2D043CA3,+91-80720-15627,+91-77540-49231,2025-02-22T22:26:00,1324,VOICE,BOM-901,19.030069,72.855401,BOM-244,19.099471,72.849063
E650227C,+91-70420-38926,+91-77540-81715,2025-04-05T10:06:00,278,VOICE,BOM-447,19.044132,72.855322,BOM-808,19.054029,72.900227
99F9E817,+91-70420-94539,+91-88200-59630,2025-04-17T10:15:00,1310,VOICE,BOM-103,18.96357,72.834402,BOM-519,19.06646,72.878564
9A247F1A,+91-97300-22222,+91-97300-11111,2025-02-07T12:56:00,14,SMS,BOM-447,19.044794,72.855981,BOM-702,19.076107,72.878139
119869E0,+91-63990-16461,+91-77540-84874,2025-03-23T07:18:00,29,SMS,BOM-212,19.041749,72.863317,BOM-447,19.044764,72.855586
83E1883B,+91-77540-15323,+91-77540-33708,2025-03-17T14:14:00,34,SMS,BOM-244,19.099111,72.849289,BOM-244,19.099272,72.848704
3AA5F526,+91-88200-19752,+91-75300-50925,2025-04-09T12:51:00,1393,VOICE,BOM-244,19.099423,72.849095,BOM-702,19.076203,72.877282
DBC7D2A6,+91-63990-20244,+91-63990-84153,2025-02-11T10:15:00,523,VOICE,BOM-808,19.054201,72.900323,BOM-318,19.119734,72.846569
C7571CE0,+91-75300-39856,+91-63990-92801,2025-04-09T22:52:00,1253,VOICE,BOM-318,19.119759,72.847103,BOM-103,18.963798,72.834663
3F72D95B,+91-93400-62461,+91-87890-31148,2025-02-28T17:00:00,753,VOICE,BOM-519,19.066043,72.878818,BOM-318,19.120015,72.846389
26C55CD2,+91-63990-50124,+91-63990-35657,2025-02-26T09:47:00,680,VOICE,BOM-318,19.119384,72.847055,BOM-318,19.119413,72.847181
5851AC0C,+91-87890-74356,+91-77540-66419,2025-02-03T20:17:00,55,SMS,BOM-212,19.041621,72.863319,BOM-447,19.043967,72.855712
177922AD,+91-88200-90393,+91-88200-15599,2025-03-11T19:54:00,733,VOICE,BOM-212,19.041237,72.863486,BOM-519,19.066592,72.878051
0A3F022A,+91-88200-12660,+91-93400-49479,2025-04-09T21:01:00,1051,VOICE,BOM-318,19.119595,72.846491,BOM-621,19.136172,72.829891
9D74A293,+91-93400-11906,+91-89120-90210,2025-04-22T20:32:00,1243,VOICE,BOM-702,19.075412,72.877896,BOM-808,19.054495,72.900569
F855B5AF,+91-80720-65547,+91-91761-82780,2025-02-07T19:07:00,1766,VOICE,BOM-808,19.054143,72.900234,BOM-621,19.136164,72.829675
DBB94C11,+91-93400-64570,+91-89120-31259,2025-01-20T08:37:00,1605,VOICE,BOM-318,19.120191,72.847018,BOM-103,18.963174,72.834564
18BC17FB,+91-87890-81789,+91-93400-58068,2025-04-07T19:55:00,99,VOICE,BOM-103,18.963438,72.834081,BOM-318,19.119865,72.846439
5370F29D,+91-75300-30497,+91-70420-99989,2025-01-28T15:32:00,31,SMS,BOM-447,19.044523,72.855751,BOM-519,19.066239,72.878274
5F6B210C,+91-91761-81451,+91-93400-86886,2025-04-12T09:42:00,27,SMS,BOM-808,19.054486,72.900752,BOM-702,19.075446,72.877733
0E443D18,+91-77540-57522,+91-75300-18331,2025-01-16T23:33:00,1312,VOICE,BOM-212,19.041344,72.864197,BOM-103,18.963464,72.833973
8AF6F949,+91-70420-78552,+91-75300-69219,2025-03-06T16:27:00,432,VOICE,BOM-808,19.054876,72.900203,BOM-318,19.120081,72.84643
65B7D1CC,+91-97300-77777,+91-80720-91641,2025-03-12T15:16:00,32,SMS,BOM-702,19.076115,72.87805,BOM-318,19.119503,72.847145
1CBC1BEE,+91-93400-45985,+91-70420-10726,2025-03-13T21:50:00,1656,VOICE,BOM-808,19.054631,72.9001,BOM-447,19.044462,72.856104
7FF08EBE,+91-70420-86246,+91-63990-24662,2025-04-21T11:29:00,614,VOICE,BOM-103,18.963636,72.834525,BOM-244,19.099268,72.848809
66172B3D,+91-89120-82953,+91-70420-48572,2025-02-24T21:50:00,42,SMS,BOM-318,19.11937,72.846726,BOM-702,19.07626,72.8779
B9A39944,+91-80720-52812,+91-93400-53314,2025-03-16T08:01:00,691,VOICE,BOM-103,18.96325,72.83378,BOM-447,19.0448,72.85531
